timestamp,pred_dir,label,mask,close,next_close,pnl_usdt_1btc,cumulative_pnl_usdt_1btc
2026-01-01 00:00:00,0,1.0,0.0,87742.61,87776.18,-33.56999999999243,-33.56999999999243
2026-01-01 00:15:00,0,0.0,0.0,87776.18,87748.89,27.289999999993597,-6.279999999998836
2026-01-01 00:30:00,1,1.0,1.0,87748.89,87809.23,60.33999999999651,54.05999999999767
2026-01-01 00:45:00,0,1.0,1.0,87809.23,88000.0,-190.77000000000407,-136.7100000000064
2026-01-01 01:00:00,0,0.0,1.0,88000.0,87875.22,124.77999999999884,-11.930000000007567
2026-01-01 01:15:00,1,1.0,0.0,87875.22,87886.0,10.779999999998836,-1.1500000000087311
2026-01-01 01:30:00,0,1.0,1.0,87886.0,87960.0,-74.0,-75.15000000000873
2026-01-01 01:45:00,0,1.0,0.0,87960.0,87990.52,-30.520000000004075,-105.6700000000128
2026-01-01 02:00:00,0,0.0,0.0,87990.52,87957.63,32.88999999999942,-72.78000000001339
2026-01-01 02:15:00,0,0.0,0.0,87957.63,87954.16,3.470000000001164,-69.31000000001222
2026-01-01 02:30:00,1,0.0,1.0,87954.16,87914.0,-40.16000000000349,-109.47000000001572
2026-01-01 02:45:00,1,1.0,1.0,87914.0,87984.25,70.25,-39.220000000015716
2026-01-01 03:00:00,0,0.0,1.0,87984.25,87930.65,53.60000000000582,14.379999999990105
2026-01-01 03:15:00,1,1.0,0.0,87930.65,87937.24,6.5900000000110595,20.970000000001164
2026-01-01 03:30:00,1,0.0,1.0,87937.24,87846.02,-91.22000000000116,-70.25
2026-01-01 03:45:00,1,0.0,1.0,87846.02,87650.01,-196.0100000000093,-266.2600000000093
2026-01-01 04:00:00,1,0.0,0.0,87650.01,87632.26,-17.75,-284.0100000000093
2026-01-01 04:15:00,1,0.0,1.0,87632.26,87550.48,-81.77999999999884,-365.79000000000815
2026-01-01 04:30:00,1,1.0,1.0,87550.48,87590.4,39.919999999998254,-325.8700000000099
2026-01-01 04:45:00,1,1.0,1.0,87590.4,87694.61,104.2100000000064,-221.6600000000035
2026-01-01 05:00:00,0,1.0,0.0,87694.61,87708.11,-13.5,-235.1600000000035
2026-01-01 05:15:00,0,0.0,0.0,87708.11,87700.0,8.110000000000582,-227.0500000000029
2026-01-01 05:30:00,1,1.0,0.0,87700.0,87704.39,4.389999999999418,-222.6600000000035
2026-01-01 05:45:00,0,0.0,1.0,87704.39,87648.18,56.2100000000064,-166.4499999999971
2026-01-01 06:00:00,1,1.0,0.0,87648.18,87656.8,8.620000000009895,-157.8299999999872
2026-01-01 06:15:00,0,1.0,0.0,87656.8,87658.77,-1.9700000000011642,-159.79999999998836
2026-01-01 06:30:00,0,0.0,0.0,87658.77,87658.0,0.7700000000040745,-159.02999999998428
2026-01-01 06:45:00,1,0.0,0.0,87658.0,87642.0,-16.0,-175.02999999998428
2026-01-01 07:00:00,1,0.0,0.0,87642.0,87605.68,-36.320000000006985,-211.34999999999127
2026-01-01 07:15:00,1,1.0,0.0,87605.68,87642.01,36.330000000001746,-175.01999999998952
2026-01-01 07:30:00,1,0.0,0.0,87642.01,87631.88,-10.129999999990105,-185.14999999997963
2026-01-01 07:45:00,1,1.0,1.0,87631.88,87750.39,118.50999999999476,-66.63999999998487
2026-01-01 08:00:00,0,0.0,0.0,87750.39,87739.53,10.860000000000582,-55.779999999984284
2026-01-01 08:15:00,1,0.0,1.0,87739.53,87700.17,-39.36000000000058,-95.13999999998487
2026-01-01 08:30:00,1,1.0,1.0,87700.17,87770.9,70.72999999999593,-24.40999999998894
2026-01-01 08:45:00,0,1.0,1.0,87770.9,87849.26,-78.36000000000058,-102.76999999998952
2026-01-01 09:00:00,0,0.0,0.0,87849.26,87836.02,13.239999999990687,-89.52999999999884
2026-01-01 09:15:00,1,1.0,1.0,87836.02,87876.2,40.179999999993015,-49.35000000000582
2026-01-01 09:30:00,0,1.0,0.0,87876.2,87877.99,-1.790000000008149,-51.14000000001397
2026-01-01 09:45:00,0,0.0,0.0,87877.99,87872.43,5.560000000012224,-45.580000000001746
2026-01-01 10:00:00,1,0.0,0.0,87872.43,87851.26,-21.169999999998254,-66.75
2026-01-01 10:15:00,1,0.0,0.0,87851.26,87840.01,-11.25,-78.0
2026-01-01 10:30:00,1,1.0,0.0,87840.01,87863.76,23.75,-54.25
2026-01-01 10:45:00,0,1.0,1.0,87863.76,87940.0,-76.24000000000524,-130.49000000000524
2026-01-01 11:00:00,0,0.0,0.0,87940.0,87926.18,13.820000000006985,-116.66999999999825
2026-01-01 11:15:00,0,0.0,0.0,87926.18,87915.12,11.059999999997672,-105.61000000000058
2026-01-01 11:30:00,1,1.0,1.0,87915.12,88024.64,109.52000000000407,3.9100000000034925
2026-01-01 11:45:00,0,0.0,0.0,88024.64,88003.79,20.85000000000582,24.760000000009313
2026-01-01 12:00:00,0,1.0,0.0,88003.79,88004.81,-1.0200000000040745,23.74000000000524
2026-01-01 12:15:00,0,0.0,0.0,88004.81,87979.26,25.55000000000291,49.29000000000815
2026-01-01 12:30:00,1,0.0,0.0,87979.26,87950.0,-29.25999999999476,20.030000000013388
2026-01-01 12:45:00,1,1.0,1.0,87950.0,87990.05,40.05000000000291,60.0800000000163
2026-01-01 13:00:00,0,0.0,0.0,87990.05,87987.1,2.9499999999970896,63.03000000001339
2026-01-01 13:15:00,0,1.0,0.0,87987.1,87989.0,-1.8999999999941792,61.13000000001921
2026-01-01 13:30:00,0,0.0,1.0,87989.0,87922.64,66.36000000000058,127.49000000001979
2026-01-01 13:45:00,1,1.0,1.0,87922.64,87957.54,34.89999999999418,162.39000000001397
2026-01-01 14:00:00,0,0.0,1.0,87957.54,87872.25,85.2899999999936,247.68000000000757
2026-01-01 14:15:00,1,1.0,1.0,87872.25,87911.71,39.4600000000064,287.14000000001397
2026-01-01 14:30:00,0,1.0,1.0,87911.71,87967.05,-55.33999999999651,231.80000000001746
2026-01-01 14:45:00,0,1.0,0.0,87967.05,87983.57,-16.520000000004075,215.2800000000134
2026-01-01 15:00:00,0,1.0,0.0,87983.57,88007.12,-23.54999999998836,191.73000000002503
2026-01-01 15:15:00,0,1.0,0.0,88007.12,88020.37,-13.25,178.48000000002503
2026-01-01 15:30:00,0,1.0,0.0,88020.37,88032.18,-11.809999999997672,166.67000000002736
2026-01-01 15:45:00,0,0.0,1.0,88032.18,87943.53,88.64999999999418,255.32000000002154
2026-01-01 16:00:00,0,1.0,0.0,87943.53,87954.34,-10.809999999997672,244.51000000002387
2026-01-01 16:15:00,0,0.0,0.0,87954.34,87940.59,13.75,258.26000000002387
2026-01-01 16:30:00,1,1.0,1.0,87940.59,87988.76,48.169999999998254,306.4300000000221
2026-01-01 16:45:00,0,1.0,1.0,87988.76,88053.83,-65.07000000000698,241.36000000001513
2026-01-01 17:00:00,0,1.0,1.0,88053.83,88255.49,-201.6600000000035,39.70000000001164
2026-01-01 17:15:00,0,1.0,1.0,88255.49,88347.69,-92.19999999999709,-52.49999999998545
2026-01-01 17:30:00,0,0.0,1.0,88347.69,88316.37,31.320000000006985,-21.179999999978463
2026-01-01 17:45:00,0,0.0,1.0,88316.37,88170.38,145.9899999999907,124.81000000001222
2026-01-01 18:00:00,1,0.0,1.0,88170.38,88105.08,-65.30000000000291,59.51000000000931
2026-01-01 18:15:00,1,1.0,1.0,88105.08,88175.29,70.20999999999185,129.72000000000116
2026-01-01 18:30:00,0,1.0,0.0,88175.29,88193.94,-18.65000000000873,111.06999999999243
2026-01-01 18:45:00,0,0.0,1.0,88193.94,88110.78,83.16000000000349,194.22999999999593
2026-01-01 19:00:00,1,1.0,1.0,88110.78,88166.75,55.970000000001164,250.1999999999971
2026-01-01 19:15:00,0,1.0,1.0,88166.75,88330.68,-163.92999999999302,86.27000000000407
2026-01-01 19:30:00,0,1.0,1.0,88330.68,88391.15,-60.470000000001164,25.80000000000291
2026-01-01 19:45:00,0,0.0,1.0,88391.15,88337.59,53.55999999999767,79.36000000000058
2026-01-01 20:00:00,0,1.0,0.0,88337.59,88364.33,-26.74000000000524,52.61999999999534
2026-01-01 20:15:00,0,0.0,1.0,88364.33,88241.73,122.60000000000582,175.22000000000116
2026-01-01 20:30:00,0,1.0,0.0,88241.73,88258.12,-16.389999999999418,158.83000000000175
2026-01-01 20:45:00,0,1.0,1.0,88258.12,88387.32,-129.20000000001164,29.629999999990105
2026-01-01 21:00:00,0,0.0,0.0,88387.32,88377.04,10.280000000013388,39.91000000000349
2026-01-01 21:15:00,0,0.0,1.0,88377.04,88326.24,50.79999999998836,90.70999999999185
2026-01-01 21:30:00,0,1.0,1.0,88326.24,88377.67,-51.429999999993015,39.279999999998836
2026-01-01 21:45:00,0,1.0,1.0,88377.67,88516.19,-138.52000000000407,-99.24000000000524
2026-01-01 22:00:00,0,1.0,0.0,88516.19,88532.74,-16.55000000000291,-115.79000000000815
2026-01-01 22:15:00,0,1.0,1.0,88532.74,88584.26,-51.51999999998952,-167.30999999999767
2026-01-01 22:30:00,0,1.0,1.0,88584.26,88645.57,-61.310000000012224,-228.6200000000099
2026-01-01 22:45:00,0,0.0,1.0,88645.57,88580.0,65.57000000000698,-163.0500000000029
2026-01-01 23:00:00,0,1.0,1.0,88580.0,88735.06,-155.05999999999767,-318.1100000000006
2026-01-01 23:15:00,0,1.0,1.0,88735.06,88875.01,-139.9499999999971,-458.0599999999977
2026-01-01 23:30:00,0,0.0,1.0,88875.01,88839.04,35.970000000001164,-422.0899999999965
2026-01-01 23:45:00,0,0.0,1.0,88839.04,88633.61,205.42999999999302,-216.6600000000035
2026-01-02 00:00:00,0,1.0,1.0,88633.61,88715.27,-81.66000000000349,-298.320000000007
2026-01-02 00:15:00,0,0.0,0.0,88715.27,88697.22,18.05000000000291,-280.2700000000041
2026-01-02 00:30:00,0,1.0,1.0,88697.22,88833.97,-136.75,-417.0200000000041
2026-01-02 00:45:00,0,0.0,1.0,88833.97,88759.85,74.11999999999534,-342.90000000000873
2026-01-02 01:00:00,0,0.0,1.0,88759.85,88690.0,69.85000000000582,-273.0500000000029
2026-01-02 01:15:00,1,0.0,1.0,88690.0,88637.02,-52.979999999995925,-326.02999999999884
2026-01-02 01:30:00,1,1.0,0.0,88637.02,88639.89,2.8699999999953434,-323.1600000000035
2026-01-02 01:45:00,0,0.0,1.0,88639.89,88484.76,155.13000000000466,-168.02999999999884
2026-01-02 02:00:00,0,0.0,1.0,88484.76,88421.94,62.81999999999243,-105.2100000000064
2026-01-02 02:15:00,1,1.0,1.0,88421.94,88488.84,66.89999999999418,-38.310000000012224
2026-01-02 02:30:00,0,1.0,1.0,88488.84,88637.03,-148.19000000000233,-186.50000000001455
2026-01-02 02:45:00,0,1.0,1.0,88637.03,88963.05,-326.0200000000041,-512.5200000000186
2026-01-02 03:00:00,0,0.0,1.0,88963.05,88879.49,83.55999999999767,-428.96000000002095
2026-01-02 03:15:00,0,1.0,1.0,88879.49,88973.49,-94.0,-522.960000000021
2026-01-02 03:30:00,0,0.0,0.0,88973.49,88950.65,22.84000000001106,-500.1200000000099
2026-01-02 03:45:00,0,0.0,1.0,88950.65,88813.01,137.63999999999942,-362.4800000000105
2026-01-02 04:00:00,1,0.0,1.0,88813.01,88736.79,-76.22000000000116,-438.70000000001164
2026-01-02 04:15:00,1,0.0,0.0,88736.79,88720.0,-16.789999999993597,-455.49000000000524
2026-01-02 04:30:00,1,0.0,1.0,88720.0,88637.64,-82.36000000000058,-537.8500000000058
2026-01-02 04:45:00,1,1.0,1.0,88637.64,88670.04,32.39999999999418,-505.45000000001164
2026-01-02 05:00:00,1,0.0,1.0,88670.04,88583.52,-86.51999999998952,-591.9700000000012
2026-01-02 05:15:00,1,1.0,1.0,88583.52,88684.22,100.69999999999709,-491.2700000000041
2026-01-02 05:30:00,0,1.0,1.0,88684.22,88765.2,-80.97999999999593,-572.25
2026-01-02 05:45:00,0,1.0,0.0,88765.2,88791.24,-26.04000000000815,-598.2900000000081
2026-01-02 06:00:00,0,1.0,1.0,88791.24,88922.22,-130.97999999999593,-729.2700000000041
2026-01-02 06:15:00,0,1.0,1.0,88922.22,88978.27,-56.05000000000291,-785.320000000007
2026-01-02 06:30:00,0,0.0,1.0,88978.27,88935.04,43.23000000001048,-742.0899999999965
2026-01-02 06:45:00,0,1.0,1.0,88935.04,89046.13,-111.09000000001106,-853.1800000000076
2026-01-02 07:00:00,0,0.0,1.0,89046.13,88903.35,142.77999999999884,-710.4000000000087
2026-01-02 07:15:00,0,0.0,1.0,88903.35,88858.94,44.41000000000349,-665.9900000000052
2026-01-02 07:30:00,1,0.0,0.0,88858.94,88857.61,-1.3300000000017462,-667.320000000007
2026-01-02 07:45:00,1,1.0,1.0,88857.61,89076.0,218.38999999999942,-448.93000000000757
2026-01-02 08:00:00,0,0.0,0.0,89076.0,89062.45,13.55000000000291,-435.38000000000466
2026-01-02 08:15:00,1,1.0,0.0,89062.45,89091.75,29.30000000000291,-406.08000000000175
2026-01-02 08:30:00,0,1.0,1.0,89091.75,89178.13,-86.38000000000466,-492.4600000000064
2026-01-02 08:45:00,0,1.0,1.0,89178.13,89252.0,-73.86999999999534,-566.3300000000017
2026-01-02 09:00:00,0,0.0,1.0,89252.0,89167.77,84.22999999999593,-482.1000000000058
2026-01-02 09:15:00,0,1.0,1.0,89167.77,89237.9,-70.1299999999901,-552.2299999999959
2026-01-02 09:30:00,0,1.0,1.0,89237.9,89467.32,-229.4200000000128,-781.6500000000087
2026-01-02 09:45:00,0,1.0,1.0,89467.32,89836.09,-368.7699999999895,-1150.4199999999983
2026-01-02 10:00:00,0,0.0,1.0,89836.09,89596.61,239.47999999999593,-910.9400000000023
2026-01-02 10:15:00,1,1.0,1.0,89596.61,89700.74,104.13000000000466,-806.8099999999977
2026-01-02 10:30:00,0,0.0,1.0,89700.74,89666.29,34.45000000001164,-772.359999999986
2026-01-02 10:45:00,1,0.0,1.0,89666.29,89530.13,-136.15999999998894,-908.519999999975
2026-01-02 11:00:00,1,0.0,1.0,89530.13,89366.57,-163.55999999999767,-1072.0799999999726
2026-01-02 11:15:00,1,1.0,1.0,89366.57,89528.0,161.42999999999302,-910.6499999999796
2026-01-02 11:30:00,1,0.0,0.0,89528.0,89502.95,-25.05000000000291,-935.6999999999825
2026-01-02 11:45:00,1,0.0,0.0,89502.95,89484.3,-18.64999999999418,-954.3499999999767
2026-01-02 12:00:00,1,0.0,0.0,89484.3,89462.68,-21.620000000009895,-975.9699999999866
2026-01-02 12:15:00,1,1.0,1.0,89462.68,89521.8,59.120000000009895,-916.8499999999767
2026-01-02 12:30:00,1,0.0,1.0,89521.8,89400.0,-121.80000000000291,-1038.6499999999796
2026-01-02 12:45:00,1,1.0,1.0,89400.0,89462.24,62.24000000000524,-976.4099999999744
2026-01-02 13:00:00,1,1.0,1.0,89462.24,89560.62,98.3799999999901,-878.0299999999843
2026-01-02 13:15:00,0,0.0,1.0,89560.62,89446.97,113.64999999999418,-764.3799999999901
2026-01-02 13:30:00,1,0.0,1.0,89446.97,89348.68,-98.29000000000815,-862.6699999999983
2026-01-02 13:45:00,1,0.0,1.0,89348.68,89133.35,-215.3299999999872,-1077.9999999999854
2026-01-02 14:00:00,1,0.0,1.0,89133.35,88900.01,-233.34000000001106,-1311.3399999999965
2026-01-02 14:15:00,1,1.0,1.0,88900.01,89387.65,487.6399999999994,-823.6999999999971
2026-01-02 14:30:00,1,1.0,1.0,89387.65,89580.0,192.35000000000582,-631.3499999999913
2026-01-02 14:45:00,0,0.0,1.0,89580.0,89170.15,409.8500000000058,-221.49999999998545
2026-01-02 15:00:00,1,0.0,1.0,89170.15,89128.64,-41.50999999999476,-263.0099999999802
2026-01-02 15:15:00,1,1.0,1.0,89128.64,89757.89,629.25,366.2400000000198
2026-01-02 15:30:00,0,0.0,1.0,89757.89,89418.11,339.77999999999884,706.0200000000186
2026-01-02 15:45:00,1,1.0,1.0,89418.11,89771.4,353.2899999999936,1059.3100000000122
2026-01-02 16:00:00,0,1.0,1.0,89771.4,90055.85,-284.45000000001164,774.8600000000006
2026-01-02 16:15:00,0,1.0,1.0,90055.85,90139.77,-83.91999999999825,690.9400000000023
2026-01-02 16:30:00,0,1.0,1.0,90139.77,90376.05,-236.27999999999884,454.6600000000035
2026-01-02 16:45:00,0,1.0,1.0,90376.05,90627.0,-250.9499999999971,203.7100000000064
2026-01-02 17:00:00,0,0.0,0.0,90627.0,90604.51,22.49000000000524,226.20000000001164
2026-01-02 17:15:00,1,0.0,1.0,90604.51,90519.31,-85.19999999999709,141.00000000001455
2026-01-02 17:30:00,1,0.0,1.0,90519.31,90370.52,-148.7899999999936,-7.789999999979045
2026-01-02 17:45:00,1,0.0,0.0,90370.52,90352.41,-18.110000000000582,-25.899999999979627
2026-01-02 18:00:00,1,0.0,1.0,90352.41,90306.0,-46.41000000000349,-72.30999999998312
2026-01-02 18:15:00,1,0.0,1.0,90306.0,90013.14,-292.8600000000006,-365.1699999999837
2026-01-02 18:30:00,1,0.0,1.0,90013.14,89773.1,-240.0399999999936,-605.2099999999773
2026-01-02 18:45:00,1,1.0,1.0,89773.1,89982.72,209.61999999999534,-395.58999999998196
2026-01-02 19:00:00,1,0.0,0.0,89982.72,89960.01,-22.710000000006403,-418.29999999998836
2026-01-02 19:15:00,1,1.0,1.0,89960.01,90001.89,41.88000000000466,-376.4199999999837
2026-01-02 19:30:00,1,0.0,1.0,90001.89,89897.23,-104.66000000000349,-481.0799999999872
2026-01-02 19:45:00,1,1.0,1.0,89897.23,90070.5,173.27000000000407,-307.8099999999831
2026-01-02 20:00:00,0,0.0,1.0,90070.5,89891.67,178.83000000000175,-128.97999999998137
2026-01-02 20:15:00,1,1.0,0.0,89891.67,89901.85,10.180000000007567,-118.7999999999738
2026-01-02 20:30:00,1,0.0,1.0,89901.85,89740.0,-161.85000000000582,-280.6499999999796
2026-01-02 20:45:00,1,1.0,1.0,89740.0,89813.05,73.05000000000291,-207.59999999997672
2026-01-02 21:00:00,1,1.0,1.0,89813.05,89983.31,170.25999999999476,-37.339999999981956
2026-01-02 21:15:00,0,0.0,0.0,89983.31,89953.5,29.80999999999767,-7.529999999984284
2026-01-02 21:30:00,1,1.0,1.0,89953.5,90065.8,112.30000000000291,104.77000000001863
2026-01-02 21:45:00,0,1.0,1.0,90065.8,90124.0,-58.19999999999709,46.57000000002154
2026-01-02 22:00:00,0,1.0,0.0,90124.0,90130.88,-6.880000000004657,39.69000000001688
2026-01-02 22:15:00,0,1.0,1.0,90130.88,90307.61,-176.72999999999593,-137.03999999997905
2026-01-02 22:30:00,0,0.0,1.0,90307.61,90195.37,112.24000000000524,-24.799999999973807
2026-01-02 22:45:00,1,0.0,1.0,90195.37,90088.0,-107.36999999999534,-132.16999999996915
2026-01-02 23:00:00,1,0.0,1.0,90088.0,89942.0,-146.0,-278.16999999996915
2026-01-02 23:15:00,1,1.0,0.0,89942.0,89965.38,23.380000000004657,-254.7899999999645
2026-01-02 23:30:00,1,1.0,0.0,89965.38,89995.13,29.75,-225.0399999999645
2026-01-02 23:45:00,0,1.0,1.0,89995.13,90046.16,-51.029999999998836,-276.06999999996333
2026-01-03 00:00:00,0,1.0,1.0,90046.16,90087.45,-41.2899999999936,-317.3599999999569
2026-01-03 00:15:00,0,0.0,0.0,90087.45,90079.53,7.919999999998254,-309.4399999999587
2026-01-03 00:30:00,0,1.0,1.0,90079.53,90156.19,-76.66000000000349,-386.09999999996217
2026-01-03 00:45:00,0,1.0,1.0,90156.19,90231.83,-75.63999999999942,-461.7399999999616
2026-01-03 01:00:00,0,0.0,1.0,90231.83,90079.95,151.88000000000466,-309.8599999999569
2026-01-03 01:15:00,1,1.0,1.0,90079.95,90165.99,86.04000000000815,-223.81999999994878
2026-01-03 01:30:00,0,1.0,1.0,90165.99,90282.69,-116.69999999999709,-340.51999999994587
2026-01-03 01:45:00,0,0.0,1.0,90282.69,90166.38,116.30999999999767,-224.2099999999482
2026-01-03 02:00:00,0,1.0,1.0,90166.38,90261.48,-95.09999999999127,-319.30999999993946
2026-01-03 02:15:00,0,1.0,1.0,90261.48,90300.0,-38.520000000004075,-357.82999999994354
2026-01-03 02:30:00,0,1.0,1.0,90300.0,90340.0,-40.0,-397.82999999994354
2026-01-03 02:45:00,0,0.0,1.0,90340.0,90211.5,128.5,-269.32999999994354
2026-01-03 03:00:00,0,1.0,0.0,90211.5,90218.43,-6.929999999993015,-276.25999999993655
2026-01-03 03:15:00,0,1.0,1.0,90218.43,90269.99,-51.560000000012224,-327.8199999999488
2026-01-03 03:30:00,0,1.0,1.0,90269.99,90321.22,-51.229999999995925,-379.0499999999447
2026-01-03 03:45:00,0,0.0,1.0,90321.22,90252.0,69.22000000000116,-309.82999999994354
2026-01-03 04:00:00,0,0.0,0.0,90252.0,90252.0,0.0,-309.82999999994354
2026-01-03 04:15:00,0,0.0,1.0,90252.0,90075.99,176.00999999999476,-133.81999999994878
2026-01-03 04:30:00,1,1.0,1.0,90075.99,90170.0,94.00999999999476,-39.809999999954016
2026-01-03 04:45:00,0,0.0,1.0,90170.0,90053.54,116.4600000000064,76.65000000005239
2026-01-03 05:00:00,1,0.0,1.0,90053.54,90015.74,-37.79999999998836,38.85000000006403
2026-01-03 05:15:00,1,0.0,1.0,90015.74,89959.15,-56.59000000001106,-17.73999999994703
2026-01-03 05:30:00,1,1.0,1.0,89959.15,90031.1,71.95000000001164,54.21000000006461
2026-01-03 05:45:00,1,1.0,1.0,90031.1,90077.27,46.169999999998254,100.38000000006286
2026-01-03 06:00:00,1,0.0,1.0,90077.27,89978.01,-99.26000000000931,1.120000000053551
2026-01-03 06:15:00,1,0.0,1.0,89978.01,89888.0,-90.00999999999476,-88.88999999994121
2026-01-03 06:30:00,1,0.0,0.0,89888.0,89871.05,-16.94999999999709,-105.8399999999383
2026-01-03 06:45:00,1,0.0,1.0,89871.05,89766.8,-104.25,-210.0899999999383
2026-01-03 07:00:00,1,0.0,1.0,89766.8,89416.0,-350.8000000000029,-560.8899999999412
2026-01-03 07:15:00,1,1.0,1.0,89416.0,89558.5,142.5,-418.3899999999412
2026-01-03 07:30:00,1,1.0,0.0,89558.5,89577.13,18.630000000004657,-399.75999999993655
2026-01-03 07:45:00,1,0.0,1.0,89577.13,89530.0,-47.13000000000466,-446.8899999999412
2026-01-03 08:00:00,1,1.0,1.0,89530.0,89733.07,203.07000000000698,-243.81999999993423
2026-01-03 08:15:00,0,1.0,1.0,89733.07,89785.65,-52.579999999987194,-296.3999999999214
2026-01-03 08:30:00,0,0.0,1.0,89785.65,89670.51,115.13999999999942,-181.259999999922
2026-01-03 08:45:00,1,1.0,0.0,89670.51,89682.57,12.060000000012224,-169.19999999990978
2026-01-03 09:00:00,0,1.0,1.0,89682.57,89810.01,-127.43999999998778,-296.63999999989755
2026-01-03 09:15:00,0,1.0,1.0,89810.01,89933.63,-123.6200000000099,-420.25999999990745
2026-01-03 09:30:00,0,0.0,1.0,89933.63,89791.99,141.63999999999942,-278.61999999990803
2026-01-03 09:45:00,0,0.0,1.0,89791.99,89729.07,62.919999999998254,-215.69999999990978
2026-01-03 10:00:00,1,1.0,1.0,89729.07,89797.01,67.93999999998778,-147.759999999922
2026-01-03 10:15:00,0,1.0,1.0,89797.01,89830.94,-33.93000000000757,-181.68999999992957
2026-01-03 10:30:00,0,0.0,1.0,89830.94,89754.47,76.47000000000116,-105.2199999999284
2026-01-03 10:45:00,1,0.0,1.0,89754.47,89695.05,-59.419999999998254,-164.63999999992666
2026-01-03 11:00:00,1,1.0,0.0,89695.05,89724.26,29.20999999999185,-135.4299999999348
2026-01-03 11:15:00,1,1.0,1.0,89724.26,89766.36,42.10000000000582,-93.32999999992899
2026-01-03 11:30:00,0,0.0,0.0,89766.36,89752.74,13.619999999995343,-79.70999999993364
2026-01-03 11:45:00,1,0.0,1.0,89752.74,89672.1,-80.63999999999942,-160.34999999993306
2026-01-03 12:00:00,1,1.0,1.0,89672.1,89795.59,123.48999999999069,-36.859999999942374
2026-01-03 12:15:00,1,0.0,0.0,89795.59,89793.57,-2.0199999999895226,-38.8799999999319
2026-01-03 12:30:00,1,1.0,1.0,89793.57,90039.13,245.55999999999767,206.68000000006577
2026-01-03 12:45:00,0,0.0,1.0,90039.13,89922.25,116.88000000000466,323.56000000007043
2026-01-03 13:00:00,1,1.0,1.0,89922.25,89967.14,44.88999999999942,368.45000000006985
2026-01-03 13:15:00,0,0.0,0.0,89967.14,89960.01,7.130000000004657,375.5800000000745
2026-01-03 13:30:00,1,1.0,1.0,89960.01,90004.96,44.95000000001164,420.53000000008615
2026-01-03 13:45:00,0,1.0,1.0,90004.96,90047.16,-42.19999999999709,378.33000000008906
2026-01-03 14:00:00,0,1.0,1.0,90047.16,90192.1,-144.94000000000233,233.39000000008673
2026-01-03 14:15:00,0,0.0,1.0,90192.1,90160.0,32.10000000000582,265.49000000009255
2026-01-03 14:30:00,1,0.0,1.0,90160.0,90126.02,-33.979999999995925,231.51000000009662
2026-01-03 14:45:00,1,0.0,1.0,90126.02,90015.72,-110.30000000000291,121.21000000009371
2026-01-03 15:00:00,1,1.0,1.0,90015.72,90073.68,57.95999999999185,179.17000000008557
2026-01-03 15:15:00,1,0.0,1.0,90073.68,90000.0,-73.67999999999302,105.49000000009255
2026-01-03 15:30:00,1,0.0,0.0,90000.0,89969.31,-30.69000000000233,74.80000000009022
2026-01-03 15:45:00,1,1.0,1.0,89969.31,90026.71,57.40000000000873,132.20000000009895
2026-01-03 16:00:00,1,1.0,0.0,90026.71,90053.54,26.829999999987194,159.03000000008615
2026-01-03 16:15:00,0,1.0,1.0,90053.54,90128.23,-74.69000000000233,84.34000000008382
2026-01-03 16:30:00,0,0.0,0.0,90128.23,90105.24,22.989999999990687,107.3300000000745
2026-01-03 16:45:00,1,0.0,1.0,90105.24,90067.99,-37.25,70.0800000000745
2026-01-03 17:00:00,1,0.0,0.0,90067.99,90066.02,-1.9700000000011642,68.11000000007334
2026-01-03 17:15:00,1,1.0,1.0,90066.02,90115.58,49.55999999999767,117.67000000007101
2026-01-03 17:30:00,1,0.0,0.0,90115.58,90093.99,-21.589999999996508,96.0800000000745
2026-01-03 17:45:00,1,0.0,1.0,90093.99,90063.21,-30.779999999998836,65.30000000007567
2026-01-03 18:00:00,1,1.0,1.0,90063.21,90178.63,115.41999999999825,180.72000000007392
2026-01-03 18:15:00,1,0.0,1.0,90178.63,90138.04,-40.59000000001106,140.13000000006286
2026-01-03 18:30:00,1,1.0,0.0,90138.04,90138.87,0.8300000000017462,140.9600000000646
2026-01-03 18:45:00,1,0.0,1.0,90138.87,90063.89,-74.97999999999593,65.98000000006869
2026-01-03 19:00:00,1,1.0,1.0,90063.89,90151.98,88.08999999999651,154.0700000000652
2026-01-03 19:15:00,1,0.0,0.0,90151.98,90125.63,-26.34999999999127,127.72000000007392
2026-01-03 19:30:00,1,0.0,0.0,90125.63,90123.77,-1.860000000000582,125.86000000007334
2026-01-03 19:45:00,1,0.0,1.0,90123.77,90065.2,-58.570000000006985,67.29000000006636
2026-01-03 20:00:00,1,1.0,1.0,90065.2,90123.76,58.55999999999767,125.85000000006403
2026-01-03 20:15:00,1,1.0,1.0,90123.76,90261.97,138.2100000000064,264.06000000007043
2026-01-03 20:30:00,0,1.0,1.0,90261.97,90372.39,-110.41999999999825,153.64000000007218
2026-01-03 20:45:00,0,0.0,0.0,90372.39,90361.5,10.889999999999418,164.5300000000716
2026-01-03 21:00:00,1,1.0,1.0,90361.5,90473.22,111.72000000000116,276.25000000007276
2026-01-03 21:15:00,0,1.0,1.0,90473.22,90604.26,-131.0399999999936,145.21000000007916
2026-01-03 21:30:00,0,0.0,1.0,90604.26,90564.31,39.94999999999709,185.16000000007625
2026-01-03 21:45:00,1,0.0,1.0,90564.31,90520.54,-43.770000000004075,141.39000000007218
2026-01-03 22:00:00,1,1.0,1.0,90520.54,90621.01,100.47000000000116,241.86000000007334
2026-01-03 22:15:00,0,1.0,0.0,90621.01,90622.0,-0.9900000000052387,240.8700000000681
2026-01-03 22:30:00,0,0.0,1.0,90622.0,90590.04,31.960000000006403,272.8300000000745
2026-01-03 22:45:00,1,0.0,1.0,90590.04,90538.0,-52.0399999999936,220.7900000000809
2026-01-03 23:00:00,1,1.0,1.0,90538.0,90634.58,96.58000000000175,317.37000000008265
2026-01-03 23:15:00,1,1.0,0.0,90634.58,90662.02,27.44000000000233,344.810000000085
2026-01-03 23:30:00,0,0.0,1.0,90662.02,90628.01,34.01000000000931,378.8200000000943
2026-01-03 23:45:00,1,1.0,1.0,90628.01,91399.99,771.9800000000105,1150.8000000001048
2026-01-04 00:00:00,1,0.0,1.0,91399.99,91098.32,-301.66999999999825,849.1300000001065
2026-01-04 00:15:00,1,1.0,1.0,91098.32,91165.87,67.54999999998836,916.6800000000949
2026-01-04 00:30:00,1,1.0,1.0,91165.87,91341.47,175.60000000000582,1092.2800000001007
2026-01-04 00:45:00,0,0.0,1.0,91341.47,91284.31,57.16000000000349,1149.4400000001042
2026-01-04 01:00:00,1,0.0,1.0,91284.31,91132.01,-152.3000000000029,997.1400000001013
2026-01-04 01:15:00,1,0.0,1.0,91132.01,91081.52,-50.48999999999069,946.6500000001106
2026-01-04 01:30:00,1,1.0,1.0,91081.52,91235.37,153.84999999999127,1100.5000000001019
2026-01-04 01:45:00,1,0.0,1.0,91235.37,91125.88,-109.48999999999069,991.0100000001112
2026-01-04 02:00:00,1,1.0,1.0,91125.88,91207.6,81.72000000000116,1072.7300000001123
2026-01-04 02:15:00,1,0.0,1.0,91207.6,91163.52,-44.080000000001746,1028.6500000001106
2026-01-04 02:30:00,1,0.0,1.0,91163.52,91124.0,-39.520000000004075,989.1300000001065
2026-01-04 02:45:00,1,1.0,1.0,91124.0,91338.6,214.60000000000582,1203.7300000001123
2026-01-04 03:00:00,0,0.0,1.0,91338.6,91168.07,170.52999999999884,1374.2600000001112
2026-01-04 03:15:00,1,1.0,1.0,91168.07,91250.21,82.13999999999942,1456.4000000001106
2026-01-04 03:30:00,1,0.0,0.0,91250.21,91236.78,-13.430000000007567,1442.970000000103
2026-01-04 03:45:00,1,1.0,1.0,91236.78,91319.79,83.00999999999476,1525.9800000000978
2026-01-04 04:00:00,1,1.0,1.0,91319.79,91376.01,56.220000000001164,1582.200000000099
2026-01-04 04:15:00,0,1.0,1.0,91376.01,91509.55,-133.54000000000815,1448.6600000000908
2026-01-04 04:30:00,0,0.0,1.0,91509.55,91400.0,109.55000000000291,1558.2100000000937
2026-01-04 04:45:00,1,0.0,0.0,91400.0,91387.01,-12.990000000005239,1545.2200000000885
2026-01-04 05:00:00,1,1.0,1.0,91387.01,91460.01,73.0,1618.2200000000885
2026-01-04 05:15:00,0,0.0,1.0,91460.01,91394.75,65.25999999999476,1683.4800000000832
2026-01-04 05:30:00,1,1.0,1.0,91394.75,91480.04,85.2899999999936,1768.7700000000768
2026-01-04 05:45:00,0,1.0,1.0,91480.04,91670.01,-189.97000000000116,1578.8000000000757
2026-01-04 06:00:00,0,0.0,1.0,91670.01,91544.14,125.86999999999534,1704.670000000071
2026-01-04 06:15:00,1,0.0,1.0,91544.14,91286.23,-257.9100000000035,1446.7600000000675
2026-01-04 06:30:00,1,0.0,1.0,91286.23,91237.55,-48.679999999993015,1398.0800000000745
2026-01-04 06:45:00,1,1.0,1.0,91237.55,91323.82,86.27000000000407,1484.3500000000786
2026-01-04 07:00:00,1,0.0,0.0,91323.82,91308.0,-15.820000000006985,1468.5300000000716
2026-01-04 07:15:00,1,1.0,1.0,91308.0,91490.67,182.66999999999825,1651.2000000000698
2026-01-04 07:30:00,0,1.0,1.0,91490.67,91532.0,-41.330000000001746,1609.870000000068
2026-01-04 07:45:00,0,0.0,1.0,91532.0,91312.39,219.61000000000058,1829.4800000000687
2026-01-04 08:00:00,1,0.0,1.0,91312.39,91234.36,-78.02999999999884,1751.4500000000698
2026-01-04 08:15:00,1,1.0,1.0,91234.36,91400.0,165.63999999999942,1917.0900000000693
2026-01-04 08:30:00,1,0.0,0.0,91400.0,91374.99,-25.00999999999476,1892.0800000000745
2026-01-04 08:45:00,1,0.0,1.0,91374.99,91333.73,-41.26000000000931,1850.8200000000652
2026-01-04 09:00:00,1,0.0,0.0,91333.73,91314.36,-19.369999999995343,1831.4500000000698
2026-01-04 09:15:00,1,1.0,1.0,91314.36,91446.57,132.2100000000064,1963.6600000000763
2026-01-04 09:30:00,1,1.0,0.0,91446.57,91468.28,21.70999999999185,1985.370000000068
2026-01-04 09:45:00,0,1.0,1.0,91468.28,91544.72,-76.44000000000233,1908.9300000000658
2026-01-04 10:00:00,0,0.0,1.0,91544.72,91480.0,64.72000000000116,1973.650000000067
2026-01-04 10:15:00,1,1.0,1.0,91480.0,91591.5,111.5,2085.150000000067
2026-01-04 10:30:00,0,1.0,0.0,91591.5,91600.62,-9.119999999995343,2076.0300000000716
2026-01-04 10:45:00,0,0.0,1.0,91600.62,91360.1,240.51999999998952,2316.550000000061
2026-01-04 11:00:00,1,1.0,0.0,91360.1,91380.58,20.479999999995925,2337.030000000057
2026-01-04 11:15:00,0,1.0,0.0,91380.58,91380.59,-0.00999999999476131,2337.0200000000623
2026-01-04 11:30:00,0,0.0,1.0,91380.59,91300.0,80.58999999999651,2417.610000000059
2026-01-04 11:45:00,1,0.0,1.0,91300.0,91255.62,-44.38000000000466,2373.230000000054
2026-01-04 12:00:00,1,1.0,1.0,91255.62,91341.13,85.51000000000931,2458.7400000000634
2026-01-04 12:15:00,1,0.0,1.0,91341.13,91096.28,-244.85000000000582,2213.8900000000576
2026-01-04 12:30:00,1,1.0,1.0,91096.28,91150.98,54.69999999999709,2268.5900000000547
2026-01-04 12:45:00,1,1.0,1.0,91150.98,91188.41,37.43000000000757,2306.0200000000623
2026-01-04 13:00:00,0,1.0,0.0,91188.41,91191.16,-2.75,2303.2700000000623
2026-01-04 13:15:00,0,1.0,0.0,91191.16,91224.01,-32.84999999999127,2270.420000000071
2026-01-04 13:30:00,0,1.0,1.0,91224.01,91264.0,-39.99000000000524,2230.430000000066
2026-01-04 13:45:00,0,1.0,1.0,91264.0,91398.06,-134.05999999999767,2096.370000000068
2026-01-04 14:00:00,0,0.0,1.0,91398.06,91241.29,156.77000000000407,2253.140000000072
2026-01-04 14:15:00,1,0.0,1.0,91241.29,91204.33,-36.95999999999185,2216.1800000000803
2026-01-04 14:30:00,1,1.0,1.0,91204.33,91336.39,132.05999999999767,2348.240000000078
2026-01-04 14:45:00,0,0.0,0.0,91336.39,91313.76,22.630000000004657,2370.8700000000827
2026-01-04 15:00:00,1,0.0,1.0,91313.76,91233.33,-80.42999999999302,2290.4400000000896
2026-01-04 15:15:00,1,0.0,0.0,91233.33,91206.77,-26.55999999999767,2263.880000000092
2026-01-04 15:30:00,1,1.0,1.0,91206.77,91334.94,128.16999999999825,2392.05000000009
2026-01-04 15:45:00,1,0.0,1.0,91334.94,91282.27,-52.669999999998254,2339.380000000092
2026-01-04 16:00:00,1,1.0,1.0,91282.27,91341.5,59.229999999995925,2398.610000000088
2026-01-04 16:15:00,1,0.0,1.0,91341.5,91301.31,-40.19000000000233,2358.4200000000856
2026-01-04 16:30:00,1,1.0,0.0,91301.31,91321.0,19.69000000000233,2378.110000000088
2026-01-04 16:45:00,0,1.0,0.0,91321.0,91349.89,-28.889999999999418,2349.2200000000885
2026-01-04 17:00:00,0,1.0,0.0,91349.89,91362.23,-12.339999999996508,2336.880000000092
2026-01-04 17:15:00,0,1.0,0.0,91362.23,91385.64,-23.410000000003492,2313.4700000000885
2026-01-04 17:30:00,0,0.0,1.0,91385.64,91335.73,49.91000000000349,2363.380000000092
2026-01-04 17:45:00,1,0.0,1.0,91335.73,91236.54,-99.19000000000233,2264.1900000000896
2026-01-04 18:00:00,1,0.0,1.0,91236.54,91179.65,-56.88999999999942,2207.30000000009
2026-01-04 18:15:00,1,1.0,1.0,91179.65,91219.99,40.34000000001106,2247.6400000001013
2026-01-04 18:30:00,1,0.0,0.0,91219.99,91205.39,-14.60000000000582,2233.0400000000955
2026-01-04 18:45:00,1,0.0,1.0,91205.39,91012.94,-192.4499999999971,2040.5900000000984
2026-01-04 19:00:00,1,1.0,1.0,91012.94,91124.1,111.16000000000349,2151.750000000102
2026-01-04 19:15:00,1,0.0,1.0,91124.1,91068.01,-56.09000000001106,2095.660000000091
2026-01-04 19:30:00,1,1.0,1.0,91068.01,91138.07,70.06000000001222,2165.720000000103
2026-01-04 19:45:00,0,1.0,1.0,91138.07,91270.0,-131.92999999999302,2033.79000000011
2026-01-04 20:00:00,0,1.0,1.0,91270.0,91339.99,-69.99000000000524,1963.8000000001048
2026-01-04 20:15:00,0,0.0,1.0,91339.99,91295.61,44.38000000000466,2008.1800000001094
2026-01-04 20:30:00,0,1.0,0.0,91295.61,91313.94,-18.330000000001746,1989.8500000001077
2026-01-04 20:45:00,0,1.0,1.0,91313.94,91360.01,-46.06999999999243,1943.7800000001153
2026-01-04 21:00:00,0,0.0,1.0,91360.01,91312.0,48.00999999999476,1991.79000000011
2026-01-04 21:15:00,1,0.0,1.0,91312.0,91212.0,-100.0,1891.79000000011
2026-01-04 21:30:00,1,1.0,1.0,91212.0,91279.99,67.99000000000524,1959.7800000001153
2026-01-04 21:45:00,0,0.0,1.0,91279.99,91191.59,88.40000000000873,2048.180000000124
2026-01-04 22:00:00,1,1.0,1.0,91191.59,91285.37,93.77999999999884,2141.960000000123
2026-01-04 22:15:00,0,0.0,1.0,91285.37,91203.74,81.6299999999901,2223.590000000113
2026-01-04 22:30:00,1,1.0,0.0,91203.74,91220.01,16.269999999989523,2239.8600000001024
2026-01-04 22:45:00,0,1.0,1.0,91220.01,91333.33,-113.32000000000698,2126.5400000000955
2026-01-04 23:00:00,0,1.0,1.0,91333.33,91372.55,-39.220000000001164,2087.3200000000943
2026-01-04 23:15:00,0,0.0,1.0,91372.55,91320.39,52.16000000000349,2139.480000000098
2026-01-04 23:30:00,0,1.0,1.0,91320.39,91529.73,-209.3399999999965,1930.1400000001013
2026-01-04 23:45:00,0,1.0,1.0,91529.73,91895.35,-365.6200000000099,1564.5200000000914
2026-01-05 00:00:00,0,0.0,1.0,91895.35,91847.38,47.970000000001164,1612.4900000000926
2026-01-05 00:15:00,1,1.0,1.0,91847.38,92043.61,196.22999999999593,1808.7200000000885
2026-01-05 00:30:00,0,1.0,1.0,92043.61,92405.46,-361.8500000000058,1446.8700000000827
2026-01-05 00:45:00,0,1.0,1.0,92405.46,92954.39,-548.929999999993,897.9400000000896
2026-01-05 01:00:00,0,1.0,0.0,92954.39,92978.35,-23.960000000006403,873.9800000000832
2026-01-05 01:15:00,0,1.0,1.0,92978.35,93200.0,-221.64999999999418,652.3300000000891
2026-01-05 01:30:00,0,0.0,1.0,93200.0,92967.28,232.72000000000116,885.0500000000902
2026-01-05 01:45:00,1,0.0,1.0,92967.28,92869.71,-97.56999999999243,787.4800000000978
2026-01-05 02:00:00,1,0.0,1.0,92869.71,92746.2,-123.51000000000931,663.9700000000885
2026-01-05 02:15:00,1,1.0,1.0,92746.2,92922.56,176.36000000000058,840.3300000000891
2026-01-05 02:30:00,1,1.0,1.0,92922.56,93033.11,110.55000000000291,950.880000000092
2026-01-05 02:45:00,1,0.0,0.0,93033.11,93000.0,-33.11000000000058,917.7700000000914
2026-01-05 03:00:00,1,0.0,0.0,93000.0,92994.58,-5.419999999998254,912.3500000000931
2026-01-05 03:15:00,1,0.0,1.0,92994.58,92937.52,-57.05999999999767,855.2900000000955
2026-01-05 03:30:00,1,0.0,1.0,92937.52,92878.22,-59.30000000000291,795.9900000000926
2026-01-05 03:45:00,1,0.0,1.0,92878.22,92763.65,-114.57000000000698,681.4200000000856
2026-01-05 04:00:00,1,0.0,1.0,92763.65,92478.51,-285.1399999999994,396.28000000008615
2026-01-05 04:15:00,1,0.0,1.0,92478.51,92399.29,-79.22000000000116,317.060000000085
2026-01-05 04:30:00,1,1.0,1.0,92399.29,92595.07,195.7800000000134,512.8400000000984
2026-01-05 04:45:00,1,1.0,1.0,92595.07,92647.29,52.21999999998661,565.060000000085
2026-01-05 05:00:00,1,1.0,1.0,92647.29,92709.15,61.86000000000058,626.9200000000856
2026-01-05 05:15:00,0,0.0,1.0,92709.15,92554.6,154.54999999998836,781.4700000000739
2026-01-05 05:30:00,1,0.0,1.0,92554.6,92359.99,-194.61000000000058,586.8600000000733
2026-01-05 05:45:00,1,1.0,1.0,92359.99,92436.24,76.25,663.1100000000733
2026-01-05 06:00:00,1,0.0,1.0,92436.24,92279.88,-156.36000000000058,506.75000000007276
2026-01-05 06:15:00,1,1.0,1.0,92279.88,92427.86,147.97999999999593,654.7300000000687
2026-01-05 06:30:00,1,1.0,1.0,92427.86,92491.81,63.94999999999709,718.6800000000658
2026-01-05 06:45:00,0,1.0,1.0,92491.81,92625.46,-133.65000000000873,585.030000000057
2026-01-05 07:00:00,0,0.0,1.0,92625.46,92563.0,62.4600000000064,647.4900000000634
2026-01-05 07:15:00,0,0.0,0.0,92563.0,92547.4,15.60000000000582,663.0900000000693
2026-01-05 07:30:00,1,0.0,0.0,92547.4,92520.63,-26.769999999989523,636.3200000000797
2026-01-05 07:45:00,1,1.0,1.0,92520.63,92655.64,135.00999999999476,771.3300000000745
2026-01-05 08:00:00,1,1.0,1.0,92655.64,92700.0,44.36000000000058,815.6900000000751
2026-01-05 08:15:00,0,0.0,1.0,92700.0,92485.13,214.86999999999534,1030.5600000000704
2026-01-05 08:30:00,1,0.0,0.0,92485.13,92467.53,-17.60000000000582,1012.9600000000646
2026-01-05 08:45:00,1,0.0,1.0,92467.53,92429.8,-37.729999999995925,975.2300000000687
2026-01-05 09:00:00,1,1.0,1.0,92429.8,92630.3,200.5,1175.7300000000687
2026-01-05 09:15:00,1,1.0,0.0,92630.3,92646.44,16.139999999999418,1191.870000000068
2026-01-05 09:30:00,0,1.0,1.0,92646.44,92688.6,-42.16000000000349,1149.7100000000646
2026-01-05 09:45:00,0,1.0,1.0,92688.6,92915.65,-227.04999999998836,922.6600000000763
2026-01-05 10:00:00,0,0.0,0.0,92915.65,92895.69,19.95999999999185,942.6200000000681
2026-01-05 10:15:00,0,0.0,1.0,92895.69,92853.18,42.51000000000931,985.1300000000774
2026-01-05 10:30:00,1,1.0,1.0,92853.18,93080.0,226.82000000000698,1211.9500000000844
2026-01-05 10:45:00,0,0.0,1.0,93080.0,92892.47,187.52999999999884,1399.4800000000832
2026-01-05 11:00:00,1,1.0,1.0,92892.47,92971.99,79.52000000000407,1479.0000000000873
2026-01-05 11:15:00,1,1.0,1.0,92971.99,93012.37,40.379999999990105,1519.3800000000774
2026-01-05 11:30:00,0,1.0,1.0,93012.37,93134.26,-121.88999999999942,1397.490000000078
2026-01-05 11:45:00,0,1.0,0.0,93134.26,93155.57,-21.310000000012224,1376.1800000000658
2026-01-05 12:00:00,0,0.0,1.0,93155.57,92927.81,227.7600000000093,1603.940000000075
2026-01-05 12:15:00,0,0.0,1.0,92927.81,92816.91,110.89999999999418,1714.8400000000693
2026-01-05 12:30:00,1,1.0,1.0,92816.91,92874.28,57.36999999999534,1772.2100000000646
2026-01-05 12:45:00,0,1.0,1.0,92874.28,92934.81,-60.529999999998836,1711.6800000000658
2026-01-05 13:00:00,0,0.0,1.0,92934.81,92784.52,150.2899999999936,1861.9700000000594
2026-01-05 13:15:00,1,0.0,1.0,92784.52,92607.44,-177.08000000000175,1684.8900000000576
2026-01-05 13:30:00,1,1.0,1.0,92607.44,92742.74,135.3000000000029,1820.1900000000605
2026-01-05 13:45:00,1,1.0,0.0,92742.74,92750.0,7.259999999994761,1827.4500000000553
2026-01-05 14:00:00,1,1.0,0.0,92750.0,92766.9,16.89999999999418,1844.3500000000495
2026-01-05 14:15:00,0,1.0,1.0,92766.9,93283.28,-516.3800000000047,1327.9700000000448
2026-01-05 14:30:00,0,1.0,1.0,93283.28,93428.0,-144.72000000000116,1183.2500000000437
2026-01-05 14:45:00,0,1.0,0.0,93428.0,93438.47,-10.470000000001164,1172.7800000000425
2026-01-05 15:00:00,0,0.0,1.0,93438.47,93394.3,44.169999999998254,1216.9500000000407
2026-01-05 15:15:00,1,1.0,1.0,93394.3,93857.89,463.5899999999965,1680.5400000000373
2026-01-05 15:30:00,0,1.0,1.0,93857.89,93957.73,-99.83999999999651,1580.7000000000407
2026-01-05 15:45:00,0,0.0,0.0,93957.73,93927.14,30.589999999996508,1611.2900000000373
2026-01-05 16:00:00,1,0.0,1.0,93927.14,93837.93,-89.2100000000064,1522.0800000000309
2026-01-05 16:15:00,1,0.0,1.0,93837.93,93725.5,-112.42999999999302,1409.6500000000378
2026-01-05 16:30:00,1,0.0,0.0,93725.5,93701.31,-24.19000000000233,1385.4600000000355
2026-01-05 16:45:00,1,0.0,0.0,93701.31,93673.86,-27.44999999999709,1358.0100000000384
2026-01-05 17:00:00,1,0.0,1.0,93673.86,93446.54,-227.32000000000698,1130.6900000000314
2026-01-05 17:15:00,1,1.0,1.0,93446.54,93794.67,348.13000000000466,1478.820000000036
2026-01-05 17:30:00,1,1.0,1.0,93794.67,94317.84,523.1699999999983,2001.9900000000343
2026-01-05 17:45:00,0,0.0,1.0,94317.84,94216.0,101.83999999999651,2103.830000000031
2026-01-05 18:00:00,1,0.0,1.0,94216.0,94035.87,-180.13000000000466,1923.7000000000262
2026-01-05 18:15:00,1,0.0,0.0,94035.87,94009.96,-25.90999999998894,1897.7900000000373
2026-01-05 18:30:00,1,1.0,1.0,94009.96,94449.62,439.65999999998894,2337.450000000026
2026-01-05 18:45:00,1,0.0,1.0,94449.62,94325.97,-123.64999999999418,2213.800000000032
2026-01-05 19:00:00,1,1.0,1.0,94325.97,94418.58,92.61000000000058,2306.4100000000326
2026-01-05 19:15:00,1,0.0,1.0,94418.58,94270.0,-148.58000000000175,2157.830000000031
2026-01-05 19:30:00,1,1.0,0.0,94270.0,94303.4,33.39999999999418,2191.230000000025
2026-01-05 19:45:00,1,1.0,1.0,94303.4,94415.81,112.41000000000349,2303.6400000000285
2026-01-05 20:00:00,1,1.0,1.0,94415.81,94744.43,328.61999999999534,2632.260000000024
2026-01-05 20:15:00,0,0.0,1.0,94744.43,94184.06,560.3699999999953,3192.630000000019
2026-01-05 20:30:00,1,0.0,0.0,94184.06,94177.99,-6.069999999992433,3186.560000000027
2026-01-05 20:45:00,1,0.0,1.0,94177.99,93992.78,-185.2100000000064,3001.3500000000204
2026-01-05 21:00:00,1,0.0,1.0,93992.78,93839.1,-153.67999999999302,2847.6700000000274
2026-01-05 21:15:00,1,1.0,1.0,93839.1,94082.24,243.13999999999942,3090.810000000027
2026-01-05 21:30:00,1,1.0,0.0,94082.24,94095.78,13.539999999993597,3104.3500000000204
2026-01-05 21:45:00,1,1.0,1.0,94095.78,94181.99,86.2100000000064,3190.560000000027
2026-01-05 22:00:00,1,1.0,1.0,94181.99,94252.65,70.65999999998894,3261.2200000000157
2026-01-05 22:15:00,0,1.0,0.0,94252.65,94273.23,-20.580000000001746,3240.640000000014
2026-01-05 22:30:00,0,0.0,1.0,94273.23,94171.22,102.00999999999476,3342.6500000000087
2026-01-05 22:45:00,1,0.0,1.0,94171.22,94049.83,-121.38999999999942,3221.2600000000093
2026-01-05 23:00:00,1,0.0,1.0,94049.83,93996.97,-52.86000000000058,3168.4000000000087
2026-01-05 23:15:00,1,0.0,1.0,93996.97,93919.72,-77.25,3091.1500000000087
2026-01-05 23:30:00,1,0.0,1.0,93919.72,93859.71,-60.00999999999476,3031.140000000014
2026-01-05 23:45:00,1,0.0,1.0,93859.71,93725.93,-133.7800000000134,2897.3600000000006
2026-01-06 00:00:00,1,1.0,1.0,93725.93,93807.71,81.78000000001339,2979.140000000014
2026-01-06 00:15:00,1,0.0,1.0,93807.71,93650.64,-157.07000000000698,2822.070000000007
2026-01-06 00:30:00,1,1.0,1.0,93650.64,93816.7,166.05999999999767,2988.1300000000047
2026-01-06 00:45:00,1,1.0,1.0,93816.7,93917.31,100.61000000000058,3088.7400000000052
2026-01-06 01:00:00,1,1.0,1.0,93917.31,94116.72,199.4100000000035,3288.1500000000087
2026-01-06 01:15:00,0,0.0,1.0,94116.72,93832.0,284.72000000000116,3572.87000000001
2026-01-06 01:30:00,1,0.0,1.0,93832.0,93771.82,-60.179999999993015,3512.690000000017
2026-01-06 01:45:00,1,0.0,0.0,93771.82,93752.13,-19.69000000000233,3493.0000000000146
2026-01-06 02:00:00,1,0.0,1.0,93752.13,93699.07,-53.05999999999767,3439.940000000017
2026-01-06 02:15:00,1,0.0,1.0,93699.07,93619.43,-79.64000000001397,3360.300000000003
2026-01-06 02:30:00,1,1.0,0.0,93619.43,93620.6,1.1700000000128057,3361.4700000000157
2026-01-06 02:45:00,1,1.0,1.0,93620.6,93757.12,136.51999999998952,3497.9900000000052
2026-01-06 03:00:00,1,1.0,1.0,93757.12,93794.67,37.55000000000291,3535.540000000008
2026-01-06 03:15:00,0,0.0,0.0,93794.67,93776.55,18.119999999995343,3553.6600000000035
2026-01-06 03:30:00,1,0.0,0.0,93776.55,93769.24,-7.309999999997672,3546.350000000006
2026-01-06 03:45:00,1,1.0,1.0,93769.24,93962.98,193.7399999999907,3740.0899999999965
2026-01-06 04:00:00,1,0.0,1.0,93962.98,93866.0,-96.97999999999593,3643.1100000000006
2026-01-06 04:15:00,1,0.0,1.0,93866.0,93823.46,-42.5399999999936,3600.570000000007
2026-01-06 04:30:00,1,0.0,0.0,93823.46,93801.07,-22.389999999999418,3578.1800000000076
2026-01-06 04:45:00,1,0.0,1.0,93801.07,93738.57,-62.5,3515.6800000000076
2026-01-06 05:00:00,1,0.0,0.0,93738.57,93707.81,-30.760000000009313,3484.9199999999983
2026-01-06 05:15:00,1,0.0,1.0,93707.81,93618.6,-89.20999999999185,3395.7100000000064
2026-01-06 05:30:00,1,0.0,0.0,93618.6,93599.99,-18.610000000000582,3377.100000000006
2026-01-06 05:45:00,1,1.0,1.0,93599.99,93756.86,156.86999999999534,3533.970000000001
2026-01-06 06:00:00,1,0.0,0.0,93756.86,93756.86,0.0,3533.970000000001
2026-01-06 06:15:00,1,1.0,1.0,93756.86,93918.84,161.97999999999593,3695.949999999997
2026-01-06 06:30:00,1,0.0,1.0,93918.84,93780.01,-138.83000000000175,3557.1199999999953
2026-01-06 06:45:00,1,0.0,1.0,93780.01,93551.66,-228.34999999999127,3328.770000000004
2026-01-06 07:00:00,1,0.0,1.0,93551.66,93398.38,-153.27999999999884,3175.4900000000052
2026-01-06 07:15:00,1,0.0,1.0,93398.38,93276.99,-121.38999999999942,3054.100000000006
2026-01-06 07:30:00,1,0.0,0.0,93276.99,93255.08,-21.910000000003492,3032.1900000000023
2026-01-06 07:45:00,1,1.0,1.0,93255.08,93380.0,124.91999999999825,3157.1100000000006
2026-01-06 08:00:00,1,0.0,1.0,93380.0,93331.98,-48.020000000004075,3109.0899999999965
2026-01-06 08:15:00,1,0.0,1.0,93331.98,93237.79,-94.19000000000233,3014.899999999994
2026-01-06 08:30:00,1,1.0,0.0,93237.79,93240.17,2.3800000000046566,3017.279999999999
2026-01-06 08:45:00,1,1.0,1.0,93240.17,93358.43,118.25999999999476,3135.5399999999936
2026-01-06 09:00:00,0,1.0,1.0,93358.43,93470.01,-111.58000000000175,3023.959999999992
2026-01-06 09:15:00,0,0.0,0.0,93470.01,93458.0,12.009999999994761,3035.9699999999866
2026-01-06 09:30:00,1,1.0,0.0,93458.0,93462.72,4.720000000001164,3040.689999999988
2026-01-06 09:45:00,0,1.0,1.0,93462.72,93589.45,-126.72999999999593,2913.959999999992
2026-01-06 10:00:00,0,1.0,0.0,93589.45,93595.81,-6.360000000000582,2907.5999999999913
2026-01-06 10:15:00,0,0.0,0.0,93595.81,93580.06,15.75,2923.3499999999913
2026-01-06 10:30:00,0,0.0,0.0,93580.06,93579.56,0.5,2923.8499999999913
2026-01-06 10:45:00,0,1.0,1.0,93579.56,93787.55,-207.99000000000524,2715.859999999986
2026-01-06 11:00:00,0,1.0,1.0,93787.55,93833.57,-46.020000000004075,2669.839999999982
2026-01-06 11:15:00,0,0.0,0.0,93833.57,93804.3,29.270000000004075,2699.109999999986
2026-01-06 11:30:00,1,1.0,0.0,93804.3,93840.0,35.69999999999709,2734.809999999983
2026-01-06 11:45:00,0,1.0,1.0,93840.0,93899.11,-59.11000000000058,2675.6999999999825
2026-01-06 12:00:00,0,0.0,0.0,93899.11,93865.69,33.419999999998254,2709.119999999981
2026-01-06 12:15:00,0,0.0,1.0,93865.69,93821.62,44.070000000006985,2753.189999999988
2026-01-06 12:30:00,1,1.0,1.0,93821.62,93872.16,50.54000000000815,2803.729999999996
2026-01-06 12:45:00,0,0.0,1.0,93872.16,93830.29,41.870000000009895,2845.600000000006
2026-01-06 13:00:00,1,0.0,1.0,93830.29,93729.88,-100.40999999998894,2745.190000000017
2026-01-06 13:15:00,1,0.0,0.0,93729.88,93696.85,-33.029999999998836,2712.160000000018
2026-01-06 13:30:00,1,1.0,0.0,93696.85,93716.53,19.679999999993015,2731.840000000011
2026-01-06 13:45:00,1,1.0,1.0,93716.53,94092.62,376.0899999999965,3107.9300000000076
2026-01-06 14:00:00,0,1.0,1.0,94092.62,94319.85,-227.23000000001048,2880.699999999997
2026-01-06 14:15:00,0,0.0,1.0,94319.85,94087.1,232.75,3113.449999999997
2026-01-06 14:30:00,1,0.0,1.0,94087.1,93836.81,-250.29000000000815,2863.159999999989
2026-01-06 14:45:00,1,0.0,1.0,93836.81,93756.0,-80.80999999999767,2782.3499999999913
2026-01-06 15:00:00,1,1.0,1.0,93756.0,94130.53,374.52999999999884,3156.87999999999
2026-01-06 15:15:00,1,0.0,1.0,94130.53,93497.95,-632.5800000000017,2524.2999999999884
2026-01-06 15:30:00,1,1.0,1.0,93497.95,93648.99,151.04000000000815,2675.3399999999965
2026-01-06 15:45:00,1,0.0,1.0,93648.99,93481.3,-167.69000000000233,2507.649999999994
2026-01-06 16:00:00,1,0.0,1.0,93481.3,92850.61,-630.6900000000023,1876.9599999999919
2026-01-06 16:15:00,1,0.0,1.0,92850.61,92554.53,-296.08000000000175,1580.87999999999
2026-01-06 16:30:00,1,1.0,1.0,92554.53,92692.32,137.79000000000815,1718.6699999999983
2026-01-06 16:45:00,1,0.0,1.0,92692.32,92616.55,-75.77000000000407,1642.8999999999942
2026-01-06 17:00:00,1,0.0,1.0,92616.55,92517.14,-99.41000000000349,1543.4899999999907
2026-01-06 17:15:00,1,0.0,1.0,92517.14,92236.06,-281.08000000000175,1262.409999999989
2026-01-06 17:30:00,1,0.0,1.0,92236.06,91589.24,-646.8199999999924,615.5899999999965
2026-01-06 17:45:00,1,1.0,1.0,91589.24,91827.1,237.86000000000058,853.4499999999971
2026-01-06 18:00:00,1,1.0,1.0,91827.1,92003.86,176.75999999999476,1030.2099999999919
2026-01-06 18:15:00,0,0.0,1.0,92003.86,91939.81,64.05000000000291,1094.2599999999948
2026-01-06 18:30:00,1,1.0,1.0,91939.81,92034.09,94.27999999999884,1188.5399999999936
2026-01-06 18:45:00,0,1.0,1.0,92034.09,92216.9,-182.80999999999767,1005.7299999999959
2026-01-06 19:00:00,0,1.0,0.0,92216.9,92246.89,-29.99000000000524,975.7399999999907
2026-01-06 19:15:00,0,0.0,1.0,92246.89,92113.59,133.3000000000029,1109.0399999999936
2026-01-06 19:30:00,0,0.0,0.0,92113.59,92104.5,9.089999999996508,1118.12999999999
2026-01-06 19:45:00,1,1.0,1.0,92104.5,92424.97,320.47000000000116,1438.5999999999913
2026-01-06 20:00:00,0,1.0,1.0,92424.97,92500.0,-75.02999999999884,1363.5699999999924
2026-01-06 20:15:00,0,1.0,1.0,92500.0,92632.58,-132.58000000000175,1230.9899999999907
2026-01-06 20:30:00,0,0.0,1.0,92632.58,92505.32,127.25999999999476,1358.2499999999854
2026-01-06 20:45:00,0,1.0,1.0,92505.32,92896.54,-391.2199999999866,967.0299999999988
2026-01-06 21:00:00,0,1.0,1.0,92896.54,93520.42,-623.8800000000047,343.1499999999942
2026-01-06 21:15:00,0,1.0,1.0,93520.42,93620.97,-100.55000000000291,242.59999999999127
2026-01-06 21:30:00,0,0.0,1.0,93620.97,93258.05,362.91999999999825,605.5199999999895
2026-01-06 21:45:00,0,0.0,1.0,93258.05,93108.68,149.3700000000099,754.8899999999994
2026-01-06 22:00:00,1,1.0,1.0,93108.68,93171.13,62.45000000001164,817.3400000000111
2026-01-06 22:15:00,0,0.0,1.0,93171.13,93048.46,122.66999999999825,940.0100000000093
2026-01-06 22:30:00,1,1.0,1.0,93048.46,93362.68,314.2199999999866,1254.229999999996
2026-01-06 22:45:00,0,1.0,1.0,93362.68,93479.51,-116.83000000000175,1137.3999999999942
2026-01-06 23:00:00,0,1.0,1.0,93479.51,93528.43,-48.919999999998254,1088.479999999996
2026-01-06 23:15:00,0,1.0,0.0,93528.43,93548.1,-19.670000000012806,1068.8099999999831
2026-01-06 23:30:00,0,1.0,1.0,93548.1,93747.97,-199.86999999999534,868.9399999999878
2026-01-06 23:45:00,0,0.0,1.0,93747.97,93564.09,183.88000000000466,1052.8199999999924
2026-01-07 00:00:00,0,0.0,1.0,93564.09,93350.03,214.05999999999767,1266.87999999999
2026-01-07 00:15:00,1,0.0,1.0,93350.03,93187.76,-162.27000000000407,1104.609999999986
2026-01-07 00:30:00,1,0.0,1.0,93187.76,92709.52,-478.2399999999907,626.3699999999953
2026-01-07 00:45:00,1,1.0,1.0,92709.52,92794.77,85.25,711.6199999999953
2026-01-07 01:00:00,1,0.0,1.0,92794.77,92543.27,-251.5,460.11999999999534
2026-01-07 01:15:00,1,0.0,1.0,92543.27,92433.01,-110.26000000000931,349.85999999998603
2026-01-07 01:30:00,1,1.0,0.0,92433.01,92435.35,2.3400000000110595,352.1999999999971
2026-01-07 01:45:00,1,1.0,1.0,92435.35,92658.38,223.02999999999884,575.2299999999959
2026-01-07 02:00:00,1,1.0,0.0,92658.38,92693.07,34.69000000000233,609.9199999999983
2026-01-07 02:15:00,0,1.0,1.0,92693.07,92925.06,-231.9899999999907,377.93000000000757
2026-01-07 02:30:00,0,1.0,0.0,92925.06,92949.77,-24.710000000006403,353.22000000000116
2026-01-07 02:45:00,0,1.0,0.0,92949.77,92962.01,-12.239999999990687,340.9800000000105
2026-01-07 03:00:00,0,1.0,0.0,92962.01,93002.08,-40.070000000006985,300.9100000000035
2026-01-07 03:15:00,0,0.0,1.0,93002.08,92858.25,143.83000000000175,444.74000000000524
2026-01-07 03:30:00,0,0.0,0.0,92858.25,92815.83,42.419999999998254,487.1600000000035
2026-01-07 03:45:00,1,0.0,0.0,92815.83,92794.88,-20.94999999999709,466.2100000000064
2026-01-07 04:00:00,1,0.0,0.0,92794.88,92782.33,-12.55000000000291,453.6600000000035
2026-01-07 04:15:00,1,0.0,0.0,92782.33,92770.0,-12.330000000001746,441.33000000000175
2026-01-07 04:30:00,1,0.0,1.0,92770.0,92670.29,-99.7100000000064,341.61999999999534
2026-01-07 04:45:00,1,1.0,1.0,92670.29,92748.82,78.53000000001339,420.15000000000873
2026-01-07 05:00:00,1,0.0,0.0,92748.82,92718.51,-30.310000000012224,389.8399999999965
2026-01-07 05:15:00,1,1.0,0.0,92718.51,92750.0,31.49000000000524,421.33000000000175
2026-01-07 05:30:00,1,0.0,1.0,92750.0,92529.54,-220.4600000000064,200.86999999999534
2026-01-07 05:45:00,1,1.0,1.0,92529.54,92670.21,140.6700000000128,341.54000000000815
2026-01-07 06:00:00,0,1.0,1.0,92670.21,92836.99,-166.77999999999884,174.7600000000093
2026-01-07 06:15:00,0,0.0,1.0,92836.99,92669.84,167.15000000000873,341.91000000001804
2026-01-07 06:30:00,0,0.0,1.0,92669.84,92614.84,55.0,396.91000000001804
2026-01-07 06:45:00,1,1.0,1.0,92614.84,92760.16,145.32000000000698,542.230000000025
2026-01-07 07:00:00,0,1.0,1.0,92760.16,92811.38,-51.220000000001164,491.01000000002387
2026-01-07 07:15:00,0,1.0,0.0,92811.38,92832.09,-20.70999999999185,470.300000000032
2026-01-07 07:30:00,0,1.0,1.0,92832.09,92879.13,-47.04000000000815,423.26000000002387
2026-01-07 07:45:00,0,1.0,1.0,92879.13,92933.42,-54.2899999999936,368.97000000003027
2026-01-07 08:00:00,0,0.0,1.0,92933.42,92860.05,73.36999999999534,442.3400000000256
2026-01-07 08:15:00,0,0.0,1.0,92860.05,92768.6,91.44999999999709,533.7900000000227
2026-01-07 08:30:00,1,0.0,1.0,92768.6,92718.9,-49.70000000001164,484.09000000001106
2026-01-07 08:45:00,1,0.0,1.0,92718.9,92286.81,-432.0899999999965,52.00000000001455
2026-01-07 09:00:00,1,0.0,1.0,92286.81,91956.96,-329.84999999999127,-277.8499999999767
2026-01-07 09:15:00,1,0.0,1.0,91956.96,91745.22,-211.74000000000524,-489.58999999998196
2026-01-07 09:30:00,1,0.0,0.0,91745.22,91716.14,-29.080000000001746,-518.6699999999837
2026-01-07 09:45:00,1,1.0,1.0,91716.14,91837.79,121.64999999999418,-397.0199999999895
2026-01-07 10:00:00,1,0.0,1.0,91837.79,91785.55,-52.23999999999069,-449.2599999999802
2026-01-07 10:15:00,1,1.0,1.0,91785.55,91874.01,88.45999999999185,-360.79999999998836
2026-01-07 10:30:00,0,1.0,1.0,91874.01,91975.31,-101.30000000000291,-462.09999999999127
2026-01-07 10:45:00,0,1.0,1.0,91975.31,92121.26,-145.9499999999971,-608.0499999999884
2026-01-07 11:00:00,0,1.0,1.0,92121.26,92168.39,-47.13000000000466,-655.179999999993
2026-01-07 11:15:00,0,1.0,0.0,92168.39,92194.69,-26.30000000000291,-681.4799999999959
2026-01-07 11:30:00,0,0.0,1.0,92194.69,92087.21,107.47999999999593,-574.0
2026-01-07 11:45:00,0,0.0,0.0,92087.21,92050.0,37.2100000000064,-536.7899999999936
2026-01-07 12:00:00,1,1.0,0.0,92050.0,92068.0,18.0,-518.7899999999936
2026-01-07 12:15:00,0,0.0,1.0,92068.0,92016.17,51.830000000001746,-466.95999999999185
2026-01-07 12:30:00,1,0.0,0.0,92016.17,91997.86,-18.30999999999767,-485.2699999999895
2026-01-07 12:45:00,1,0.0,1.0,91997.86,91898.72,-99.13999999999942,-584.4099999999889
2026-01-07 13:00:00,1,1.0,1.0,91898.72,92228.11,329.3899999999994,-255.01999999998952
2026-01-07 13:15:00,0,0.0,1.0,92228.11,92152.21,75.89999999999418,-179.11999999999534
2026-01-07 13:30:00,0,0.0,1.0,92152.21,92044.67,107.54000000000815,-71.5799999999872
2026-01-07 13:45:00,1,0.0,1.0,92044.67,91701.85,-342.81999999999243,-414.3999999999796
2026-01-07 14:00:00,1,0.0,1.0,91701.85,91552.1,-149.75,-564.1499999999796
2026-01-07 14:15:00,1,1.0,1.0,91552.1,91842.39,290.2899999999936,-273.85999999998603
2026-01-07 14:30:00,0,1.0,1.0,91842.39,91959.04,-116.64999999999418,-390.5099999999802
2026-01-07 14:45:00,0,0.0,1.0,91959.04,91671.29,287.75,-102.75999999998021
2026-01-07 15:00:00,1,0.0,1.0,91671.29,91278.98,-392.3099999999977,-495.0699999999779
2026-01-07 15:15:00,1,1.0,1.0,91278.98,91367.1,88.1200000000099,-406.949999999968
2026-01-07 15:30:00,1,0.0,0.0,91367.1,91349.96,-17.139999999999418,-424.0899999999674
2026-01-07 15:45:00,1,1.0,1.0,91349.96,91596.14,246.17999999999302,-177.9099999999744
2026-01-07 16:00:00,0,1.0,0.0,91596.14,91600.16,-4.0200000000040745,-181.92999999997846
2026-01-07 16:15:00,1,0.0,1.0,91600.16,91460.23,-139.93000000000757,-321.85999999998603
2026-01-07 16:30:00,1,0.0,1.0,91460.23,91264.54,-195.69000000000233,-517.5499999999884
2026-01-07 16:45:00,1,0.0,0.0,91264.54,91264.32,-0.21999999998661224,-517.769999999975
2026-01-07 17:00:00,1,1.0,1.0,91264.32,91606.43,342.10999999998603,-175.65999999998894
2026-01-07 17:15:00,0,0.0,0.0,91606.43,91604.2,2.2299999999959255,-173.42999999999302
2026-01-07 17:30:00,1,0.0,1.0,91604.2,91252.14,-352.0599999999977,-525.4899999999907
2026-01-07 17:45:00,1,1.0,0.0,91252.14,91267.4,15.259999999994761,-510.2299999999959
2026-01-07 18:00:00,1,1.0,0.0,91267.4,91289.87,22.470000000001164,-487.75999999999476
2026-01-07 18:15:00,0,0.0,1.0,91289.87,91159.99,129.8799999999901,-357.88000000000466
2026-01-07 18:30:00,1,0.0,1.0,91159.99,90901.39,-258.6000000000058,-616.4800000000105
2026-01-07 18:45:00,1,0.0,1.0,90901.39,90787.34,-114.05000000000291,-730.5300000000134
2026-01-07 19:00:00,1,1.0,1.0,90787.34,90909.0,121.66000000000349,-608.8700000000099
2026-01-07 19:15:00,1,1.0,1.0,90909.0,91095.77,186.77000000000407,-422.1000000000058
2026-01-07 19:30:00,0,1.0,1.0,91095.77,91186.07,-90.30000000000291,-512.4000000000087
2026-01-07 19:45:00,0,0.0,1.0,91186.07,90999.11,186.9600000000064,-325.4400000000023
2026-01-07 20:00:00,1,0.0,1.0,90999.11,90901.08,-98.02999999999884,-423.47000000000116
2026-01-07 20:15:00,1,1.0,1.0,90901.08,91028.49,127.41000000000349,-296.0599999999977
2026-01-07 20:30:00,1,1.0,0.0,91028.49,91047.49,19.0,-277.0599999999977
2026-01-07 20:45:00,0,1.0,1.0,91047.49,91177.2,-129.70999999999185,-406.7699999999895
2026-01-07 21:00:00,0,1.0,0.0,91177.2,91179.48,-2.279999999998836,-409.04999999998836
2026-01-07 21:15:00,0,0.0,1.0,91179.48,91118.19,61.2899999999936,-347.75999999999476
2026-01-07 21:30:00,1,0.0,0.0,91118.19,91089.5,-28.69000000000233,-376.4499999999971
2026-01-07 21:45:00,1,0.0,1.0,91089.5,90982.37,-107.13000000000466,-483.58000000000175
2026-01-07 22:00:00,1,1.0,1.0,90982.37,91076.16,93.79000000000815,-389.7899999999936
2026-01-07 22:15:00,1,0.0,0.0,91076.16,91060.43,-15.730000000010477,-405.5200000000041
2026-01-07 22:30:00,1,1.0,1.0,91060.43,91180.85,120.4200000000128,-285.09999999999127
2026-01-07 22:45:00,0,1.0,0.0,91180.85,91224.0,-43.14999999999418,-328.24999999998545
2026-01-07 23:00:00,0,1.0,1.0,91224.0,91309.45,-85.44999999999709,-413.69999999998254
2026-01-07 23:15:00,0,0.0,1.0,91309.45,91223.57,85.8799999999901,-327.81999999999243
2026-01-07 23:30:00,1,1.0,1.0,91223.57,91364.16,140.5899999999965,-187.22999999999593
2026-01-07 23:45:00,0,0.0,1.0,91364.16,91219.19,144.97000000000116,-42.25999999999476
2026-01-08 00:00:00,1,0.0,1.0,91219.19,91111.99,-107.19999999999709,-149.45999999999185
2026-01-08 00:15:00,1,1.0,1.0,91111.99,91231.9,119.90999999998894,-29.55000000000291
2026-01-08 00:30:00,0,1.0,1.0,91231.9,91394.71,-162.81000000001222,-192.36000000001513
2026-01-08 00:45:00,0,1.0,0.0,91394.71,91429.1,-34.38999999999942,-226.75000000001455
2026-01-08 01:00:00,0,1.0,1.0,91429.1,91518.0,-88.89999999999418,-315.65000000000873
2026-01-08 01:15:00,0,0.0,1.0,91518.0,91362.4,155.60000000000582,-160.0500000000029
2026-01-08 01:30:00,1,1.0,1.0,91362.4,91428.4,66.0,-94.05000000000291
2026-01-08 01:45:00,0,0.0,0.0,91428.4,91425.68,2.720000000001164,-91.33000000000175
2026-01-08 02:00:00,1,0.0,1.0,91425.68,91222.24,-203.43999999998778,-294.7699999999895
2026-01-08 02:15:00,1,0.0,1.0,91222.24,90893.62,-328.6200000000099,-623.3899999999994
2026-01-08 02:30:00,1,1.0,1.0,90893.62,90956.49,62.870000000009895,-560.5199999999895
2026-01-08 02:45:00,1,1.0,1.0,90956.49,91072.33,115.83999999999651,-444.679999999993
2026-01-08 03:00:00,1,0.0,1.0,91072.33,90949.88,-122.44999999999709,-567.1299999999901
2026-01-08 03:15:00,1,0.0,1.0,90949.88,90808.86,-141.02000000000407,-708.1499999999942
2026-01-08 03:30:00,1,1.0,0.0,90808.86,90813.4,4.539999999993597,-703.6100000000006
2026-01-08 03:45:00,1,0.0,0.0,90813.4,90812.99,-0.40999999998894054,-704.0199999999895
2026-01-08 04:00:00,1,1.0,1.0,90812.99,91096.85,283.8600000000006,-420.15999999998894
2026-01-08 04:15:00,0,0.0,1.0,91096.85,91051.46,45.38999999999942,-374.7699999999895
2026-01-08 04:30:00,1,0.0,0.0,91051.46,91022.75,-28.710000000006403,-403.4799999999959
2026-01-08 04:45:00,1,1.0,1.0,91022.75,91090.04,67.2899999999936,-336.1900000000023
2026-01-08 05:00:00,1,0.0,1.0,91090.04,91008.7,-81.33999999999651,-417.52999999999884
2026-01-08 05:15:00,1,0.0,1.0,91008.7,90894.56,-114.13999999999942,-531.6699999999983
2026-01-08 05:30:00,1,0.0,1.0,90894.56,90829.58,-64.97999999999593,-596.6499999999942
2026-01-08 05:45:00,1,0.0,1.0,90829.58,90516.54,-313.04000000000815,-909.6900000000023
2026-01-08 06:00:00,1,0.0,1.0,90516.54,90276.86,-239.67999999999302,-1149.3699999999953
2026-01-08 06:15:00,1,1.0,1.0,90276.86,90376.95,100.08999999999651,-1049.2799999999988
2026-01-08 06:30:00,1,0.0,1.0,90376.95,89898.01,-478.9400000000023,-1528.2200000000012
2026-01-08 06:45:00,1,1.0,1.0,89898.01,90047.88,149.8700000000099,-1378.3499999999913
2026-01-08 07:00:00,1,1.0,1.0,90047.88,90266.66,218.77999999999884,-1159.5699999999924
2026-01-08 07:15:00,1,1.0,1.0,90266.66,90456.51,189.84999999999127,-969.7200000000012
2026-01-08 07:30:00,0,1.0,1.0,90456.51,90548.02,-91.51000000000931,-1061.2300000000105
2026-01-08 07:45:00,0,1.0,1.0,90548.02,90627.29,-79.26999999998952,-1140.5
2026-01-08 08:00:00,0,1.0,1.0,90627.29,90708.26,-80.97000000000116,-1221.4700000000012
2026-01-08 08:15:00,0,0.0,1.0,90708.26,90431.61,276.6499999999942,-944.820000000007
2026-01-08 08:30:00,1,0.0,1.0,90431.61,90227.25,-204.36000000000058,-1149.1800000000076
2026-01-08 08:45:00,1,1.0,1.0,90227.25,90327.61,100.36000000000058,-1048.820000000007
2026-01-08 09:00:00,1,0.0,1.0,90327.61,90027.02,-300.5899999999965,-1349.4100000000035
2026-01-08 09:15:00,1,1.0,0.0,90027.02,90066.89,39.86999999999534,-1309.5400000000081
2026-01-08 09:30:00,1,0.0,1.0,90066.89,90010.0,-56.88999999999942,-1366.4300000000076
2026-01-08 09:45:00,1,0.0,1.0,90010.0,89937.01,-72.99000000000524,-1439.4200000000128
2026-01-08 10:00:00,1,1.0,1.0,89937.01,90200.9,263.8899999999994,-1175.5300000000134
2026-01-08 10:15:00,0,0.0,0.0,90200.9,90167.69,33.20999999999185,-1142.3200000000215
2026-01-08 10:30:00,1,1.0,1.0,90167.69,90410.1,242.4100000000035,-899.910000000018
2026-01-08 10:45:00,0,0.0,1.0,90410.1,90280.93,129.1700000000128,-770.7400000000052
2026-01-08 11:00:00,1,0.0,1.0,90280.93,90218.61,-62.31999999999243,-833.0599999999977
2026-01-08 11:15:00,1,0.0,1.0,90218.61,90084.07,-134.5399999999936,-967.5999999999913
2026-01-08 11:30:00,1,1.0,1.0,90084.07,90226.77,142.6999999999971,-824.8999999999942
2026-01-08 11:45:00,1,0.0,1.0,90226.77,89884.59,-342.18000000000757,-1167.0800000000017
2026-01-08 12:00:00,1,1.0,1.0,89884.59,89953.03,68.44000000000233,-1098.6399999999994
2026-01-08 12:15:00,1,1.0,1.0,89953.03,90002.2,49.169999999998254,-1049.4700000000012
2026-01-08 12:30:00,1,0.0,0.0,90002.2,89989.21,-12.989999999990687,-1062.4599999999919
2026-01-08 12:45:00,1,0.0,0.0,89989.21,89973.71,-15.5,-1077.9599999999919
2026-01-08 13:00:00,1,1.0,1.0,89973.71,90067.75,94.0399999999936,-983.9199999999983
2026-01-08 13:15:00,1,0.0,1.0,90067.75,90021.29,-46.4600000000064,-1030.3800000000047
2026-01-08 13:30:00,1,0.0,1.0,90021.29,89962.14,-59.14999999999418,-1089.5299999999988
2026-01-08 13:45:00,1,0.0,1.0,89962.14,89853.88,-108.25999999999476,-1197.7899999999936
2026-01-08 14:00:00,1,0.0,1.0,89853.88,89643.89,-209.99000000000524,-1407.7799999999988
2026-01-08 14:15:00,1,0.0,1.0,89643.89,89429.49,-214.39999999999418,-1622.179999999993
2026-01-08 14:30:00,1,1.0,1.0,89429.49,90024.01,594.5199999999895,-1027.6600000000035
2026-01-08 14:45:00,0,1.0,1.0,90024.01,90328.77,-304.7600000000093,-1332.4200000000128
2026-01-08 15:00:00,0,1.0,1.0,90328.77,90584.67,-255.89999999999418,-1588.320000000007
2026-01-08 15:15:00,0,0.0,1.0,90584.67,90460.73,123.94000000000233,-1464.3800000000047
2026-01-08 15:30:00,0,1.0,1.0,90460.73,90781.57,-320.84000000001106,-1785.2200000000157
2026-01-08 15:45:00,0,0.0,1.0,90781.57,90700.48,81.09000000001106,-1704.1300000000047
2026-01-08 16:00:00,1,0.0,0.0,90700.48,90667.67,-32.80999999999767,-1736.9400000000023
2026-01-08 16:15:00,1,1.0,0.0,90667.67,90712.08,44.41000000000349,-1692.5299999999988
2026-01-08 16:30:00,0,1.0,1.0,90712.08,90926.84,-214.75999999999476,-1907.2899999999936
2026-01-08 16:45:00,0,1.0,1.0,90926.84,91114.23,-187.38999999999942,-2094.679999999993
2026-01-08 17:00:00,0,0.0,1.0,91114.23,90865.59,248.63999999999942,-1846.0399999999936
2026-01-08 17:15:00,1,1.0,1.0,90865.59,91206.0,340.4100000000035,-1505.62999999999
2026-01-08 17:30:00,0,1.0,1.0,91206.0,91366.39,-160.38999999999942,-1666.0199999999895
2026-01-08 17:45:00,0,0.0,1.0,91366.39,91172.64,193.75,-1472.2699999999895
2026-01-08 18:00:00,0,1.0,1.0,91172.64,91257.36,-84.72000000000116,-1556.9899999999907
2026-01-08 18:15:00,0,0.0,1.0,91257.36,91010.0,247.36000000000058,-1309.62999999999
2026-01-08 18:30:00,1,1.0,1.0,91010.0,91117.35,107.35000000000582,-1202.2799999999843
2026-01-08 18:45:00,0,1.0,1.0,91117.35,91231.9,-114.54999999998836,-1316.8299999999726
2026-01-08 19:00:00,0,0.0,1.0,91231.9,91090.81,141.0899999999965,-1175.7399999999761
2026-01-08 19:15:00,1,1.0,1.0,91090.81,91172.0,81.19000000000233,-1094.5499999999738
2026-01-08 19:30:00,0,0.0,1.0,91172.0,90937.41,234.5899999999965,-859.9599999999773
2026-01-08 19:45:00,1,0.0,1.0,90937.41,90691.7,-245.7100000000064,-1105.6699999999837
2026-01-08 20:00:00,1,0.0,1.0,90691.7,90593.25,-98.44999999999709,-1204.1199999999808
2026-01-08 20:15:00,1,1.0,1.0,90593.25,90793.9,200.64999999999418,-1003.4699999999866
2026-01-08 20:30:00,1,1.0,1.0,90793.9,90927.62,133.72000000000116,-869.7499999999854
2026-01-08 20:45:00,0,1.0,1.0,90927.62,91133.26,-205.63999999999942,-1075.3899999999849
2026-01-08 21:00:00,0,0.0,0.0,91133.26,91115.95,17.30999999999767,-1058.0799999999872
2026-01-08 21:15:00,1,1.0,1.0,91115.95,91275.23,159.27999999999884,-898.7999999999884
2026-01-08 21:30:00,0,0.0,0.0,91275.23,91272.96,2.2699999999895226,-896.5299999999988
2026-01-08 21:45:00,0,1.0,1.0,91272.96,91442.11,-169.14999999999418,-1065.679999999993
2026-01-08 22:00:00,0,0.0,1.0,91442.11,91284.5,157.61000000000058,-908.0699999999924
2026-01-08 22:15:00,1,0.0,1.0,91284.5,91141.85,-142.64999999999418,-1050.7199999999866
2026-01-08 22:30:00,1,1.0,1.0,91141.85,91231.9,90.04999999998836,-960.6699999999983
2026-01-08 22:45:00,0,1.0,0.0,91231.9,91271.23,-39.330000000001746,-1000.0
2026-01-08 23:00:00,0,1.0,0.0,91271.23,91283.05,-11.820000000006985,-1011.820000000007
2026-01-08 23:15:00,0,0.0,1.0,91283.05,91111.64,171.4100000000035,-840.4100000000035
2026-01-08 23:30:00,1,0.0,0.0,91111.64,91099.99,-11.64999999999418,-852.0599999999977
2026-01-08 23:45:00,1,1.0,1.0,91099.99,91145.61,45.61999999999534,-806.4400000000023
2026-01-09 00:00:00,0,0.0,1.0,91145.61,91066.72,78.88999999999942,-727.5500000000029
2026-01-09 00:15:00,1,1.0,1.0,91066.72,91225.87,159.14999999999418,-568.4000000000087
2026-01-09 00:30:00,0,1.0,1.0,91225.87,91290.33,-64.4600000000064,-632.8600000000151
2026-01-09 00:45:00,0,0.0,0.0,91290.33,91270.74,19.589999999996508,-613.2700000000186
2026-01-09 01:00:00,1,1.0,1.0,91270.74,91498.0,227.25999999999476,-386.01000000002387
2026-01-09 01:15:00,0,0.0,1.0,91498.0,90949.99,548.0099999999948,161.9999999999709
2026-01-09 01:30:00,1,1.0,1.0,90949.99,91056.19,106.19999999999709,268.199999999968
2026-01-09 01:45:00,0,1.0,1.0,91056.19,91441.34,-385.1499999999942,-116.9500000000262
2026-01-09 02:00:00,0,0.0,1.0,91441.34,91296.17,145.16999999999825,28.21999999997206
2026-01-09 02:15:00,1,0.0,1.0,91296.17,91216.05,-80.11999999999534,-51.90000000002328
2026-01-09 02:30:00,1,0.0,1.0,91216.05,91038.38,-177.66999999999825,-229.57000000002154
2026-01-09 02:45:00,1,1.0,1.0,91038.38,91150.08,111.69999999999709,-117.87000000002445
2026-01-09 03:00:00,0,0.0,1.0,91150.08,91022.64,127.44000000000233,9.569999999977881
2026-01-09 03:15:00,1,1.0,1.0,91022.64,91190.73,168.0899999999965,177.6599999999744
2026-01-09 03:30:00,0,1.0,0.0,91190.73,91220.23,-29.5,148.1599999999744
2026-01-09 03:45:00,0,0.0,1.0,91220.23,91056.32,163.90999999998894,312.06999999996333
2026-01-09 04:00:00,1,1.0,1.0,91056.32,91127.17,70.84999999999127,382.9199999999546
2026-01-09 04:15:00,0,0.0,1.0,91127.17,91020.48,106.69000000000233,489.6099999999569
2026-01-09 04:30:00,1,0.0,0.0,91020.48,91012.8,-7.679999999993015,481.9299999999639
2026-01-09 04:45:00,1,1.0,1.0,91012.8,91084.16,71.36000000000058,553.2899999999645
2026-01-09 05:00:00,0,0.0,1.0,91084.16,91022.44,61.720000000001164,615.0099999999657
2026-01-09 05:15:00,1,0.0,0.0,91022.44,91000.0,-22.44000000000233,592.5699999999633
2026-01-09 05:30:00,1,1.0,1.0,91000.0,91091.82,91.82000000000698,684.3899999999703
2026-01-09 05:45:00,0,0.0,1.0,91091.82,91028.34,63.48000000001048,747.8699999999808
2026-01-09 06:00:00,1,0.0,0.0,91028.34,90989.29,-39.05000000000291,708.8199999999779
2026-01-09 06:15:00,1,1.0,1.0,90989.29,91117.38,128.09000000001106,836.9099999999889
2026-01-09 06:30:00,0,1.0,0.0,91117.38,91137.58,-20.19999999999709,816.7099999999919
2026-01-09 06:45:00,0,0.0,1.0,91137.58,91071.01,66.57000000000698,883.2799999999988
2026-01-09 07:00:00,1,0.0,0.0,91071.01,91029.3,-41.70999999999185,841.570000000007
2026-01-09 07:15:00,1,0.0,1.0,91029.3,90980.86,-48.44000000000233,793.1300000000047
2026-01-09 07:30:00,1,0.0,1.0,90980.86,90741.84,-239.02000000000407,554.1100000000006
2026-01-09 07:45:00,1,0.0,1.0,90741.84,90676.0,-65.83999999999651,488.2700000000041
2026-01-09 08:00:00,1,1.0,0.0,90676.0,90677.91,1.9100000000034925,490.18000000000757
2026-01-09 08:15:00,1,0.0,1.0,90677.91,90314.65,-363.2600000000093,126.91999999999825
2026-01-09 08:30:00,1,0.0,1.0,90314.65,90033.52,-281.1299999999901,-154.20999999999185
2026-01-09 08:45:00,1,1.0,1.0,90033.52,90158.09,124.56999999999243,-29.639999999999418
2026-01-09 09:00:00,1,1.0,1.0,90158.09,90414.34,256.25,226.61000000000058
2026-01-09 09:15:00,0,0.0,1.0,90414.34,90363.84,50.5,277.1100000000006
2026-01-09 09:30:00,1,0.0,0.0,90363.84,90338.46,-25.379999999990105,251.73000000001048
2026-01-09 09:45:00,1,1.0,1.0,90338.46,90406.28,67.81999999999243,319.5500000000029
2026-01-09 10:00:00,1,1.0,0.0,90406.28,90438.85,32.570000000006985,352.1200000000099
2026-01-09 10:15:00,0,1.0,1.0,90438.85,90506.65,-67.79999999998836,284.32000000002154
2026-01-09 10:30:00,0,0.0,0.0,90506.65,90485.87,20.779999999998836,305.1000000000204
2026-01-09 10:45:00,1,1.0,1.0,90485.87,90593.6,107.73000000001048,412.83000000003085
2026-01-09 11:00:00,1,0.0,0.0,90593.6,90568.02,-25.580000000001746,387.2500000000291
2026-01-09 11:15:00,1,0.0,0.0,90568.02,90528.24,-39.779999999998836,347.47000000003027
2026-01-09 11:30:00,1,0.0,1.0,90528.24,90463.11,-65.13000000000466,282.3400000000256
2026-01-09 11:45:00,1,0.0,0.0,90463.11,90418.77,-44.33999999999651,238.0000000000291
2026-01-09 12:00:00,1,0.0,1.0,90418.77,90342.15,-76.6200000000099,161.3800000000192
2026-01-09 12:15:00,1,1.0,1.0,90342.15,90428.95,86.80000000000291,248.18000000002212
2026-01-09 12:30:00,1,1.0,0.0,90428.95,90449.23,20.279999999998836,268.46000000002095
2026-01-09 12:45:00,0,1.0,1.0,90449.23,90631.31,-182.08000000000175,86.38000000001921
2026-01-09 13:00:00,0,0.0,0.0,90631.31,90591.46,39.84999999999127,126.23000000001048
2026-01-09 13:15:00,1,1.0,0.0,90591.46,90617.32,25.860000000000582,152.09000000001106
2026-01-09 13:30:00,0,0.0,0.0,90617.32,90607.66,9.660000000003492,161.75000000001455
2026-01-09 13:45:00,1,0.0,1.0,90607.66,90343.86,-263.8000000000029,-102.04999999998836
2026-01-09 14:00:00,1,1.0,1.0,90343.86,90556.92,213.05999999999767,111.01000000000931
2026-01-09 14:15:00,0,0.0,1.0,90556.92,90096.61,460.3099999999977,571.320000000007
2026-01-09 14:30:00,1,1.0,1.0,90096.61,90150.0,53.38999999999942,624.7100000000064
2026-01-09 14:45:00,1,1.0,1.0,90150.0,90259.02,109.02000000000407,733.7300000000105
2026-01-09 15:00:00,0,1.0,1.0,90259.02,91680.59,-1421.5699999999924,-687.839999999982
2026-01-09 15:15:00,0,0.0,1.0,91680.59,91236.19,444.3999999999942,-243.43999999998778
2026-01-09 15:30:00,1,0.0,1.0,91236.19,91176.47,-59.720000000001164,-303.15999999998894
2026-01-09 15:45:00,1,1.0,1.0,91176.47,91763.99,587.5200000000041,284.36000000001513
2026-01-09 16:00:00,0,0.0,1.0,91763.99,91379.41,384.58000000000175,668.9400000000169
2026-01-09 16:15:00,1,1.0,1.0,91379.41,91468.55,89.13999999999942,758.0800000000163
2026-01-09 16:30:00,0,1.0,1.0,91468.55,91623.89,-155.3399999999965,602.7400000000198
2026-01-09 16:45:00,0,0.0,1.0,91623.89,91351.71,272.179999999993,874.9200000000128
2026-01-09 17:00:00,1,0.0,1.0,91351.71,91133.76,-217.95000000001164,656.9700000000012
2026-01-09 17:15:00,1,1.0,0.0,91133.76,91163.35,29.59000000001106,686.5600000000122
2026-01-09 17:30:00,1,1.0,1.0,91163.35,91422.23,258.8799999999901,945.4400000000023
2026-01-09 17:45:00,0,0.0,1.0,91422.23,91283.29,138.94000000000233,1084.3800000000047
2026-01-09 18:00:00,1,0.0,1.0,91283.29,90603.53,-679.7599999999948,404.6200000000099
2026-01-09 18:15:00,1,1.0,1.0,90603.53,90812.99,209.4600000000064,614.0800000000163
2026-01-09 18:30:00,1,1.0,0.0,90812.99,90820.31,7.319999999992433,621.4000000000087
2026-01-09 18:45:00,0,0.0,1.0,90820.31,90552.0,268.3099999999977,889.7100000000064
2026-01-09 19:00:00,1,0.0,1.0,90552.0,90328.34,-223.6600000000035,666.0500000000029
2026-01-09 19:15:00,1,1.0,0.0,90328.34,90343.59,15.25,681.3000000000029
2026-01-09 19:30:00,1,0.0,0.0,90343.59,90332.15,-11.440000000002328,669.8600000000006
2026-01-09 19:45:00,1,1.0,1.0,90332.15,90404.42,72.27000000000407,742.1300000000047
2026-01-09 20:00:00,1,1.0,1.0,90404.42,90472.86,68.44000000000233,810.570000000007
2026-01-09 20:15:00,1,0.0,1.0,90472.86,90263.69,-209.16999999999825,601.4000000000087
2026-01-09 20:30:00,1,1.0,0.0,90263.69,90303.36,39.669999999998254,641.070000000007
2026-01-09 20:45:00,1,1.0,1.0,90303.36,90362.04,58.679999999993015,699.75
2026-01-09 21:00:00,1,1.0,1.0,90362.04,90562.62,200.58000000000175,900.3300000000017
2026-01-09 21:15:00,0,0.0,1.0,90562.62,90447.37,115.25,1015.5800000000017
2026-01-09 21:30:00,1,1.0,1.0,90447.37,90541.97,94.60000000000582,1110.1800000000076
2026-01-09 21:45:00,0,0.0,1.0,90541.97,90392.52,149.4499999999971,1259.6300000000047
2026-01-09 22:00:00,1,1.0,1.0,90392.52,90603.52,211.0,1470.6300000000047
2026-01-09 22:15:00,0,0.0,1.0,90603.52,90552.99,50.529999999998836,1521.1600000000035
2026-01-09 22:30:00,1,1.0,1.0,90552.99,90630.08,77.08999999999651,1598.25
2026-01-09 22:45:00,1,1.0,1.0,90630.08,90708.05,77.97000000000116,1676.2200000000012
2026-01-09 23:00:00,0,1.0,0.0,90708.05,90721.0,-12.94999999999709,1663.270000000004
2026-01-09 23:15:00,0,0.0,0.0,90721.0,90684.22,36.779999999998836,1700.050000000003
2026-01-09 23:30:00,1,0.0,0.0,90684.22,90641.28,-42.94000000000233,1657.1100000000006
2026-01-09 23:45:00,1,0.0,1.0,90641.28,90580.61,-60.669999999998254,1596.4400000000023
2026-01-10 00:00:00,1,1.0,0.0,90580.61,90621.43,40.81999999999243,1637.2599999999948
2026-01-10 00:15:00,1,0.0,0.0,90621.43,90605.48,-15.94999999999709,1621.3099999999977
2026-01-10 00:30:00,1,0.0,0.0,90605.48,90600.0,-5.4799999999959255,1615.8300000000017
2026-01-10 00:45:00,1,1.0,1.0,90600.0,90647.78,47.779999999998836,1663.6100000000006
2026-01-10 01:00:00,1,1.0,0.0,90647.78,90666.43,18.64999999999418,1682.2599999999948
2026-01-10 01:15:00,1,1.0,1.0,90666.43,90724.55,58.120000000009895,1740.3800000000047
2026-01-10 01:30:00,0,0.0,0.0,90724.55,90688.0,36.55000000000291,1776.9300000000076
2026-01-10 01:45:00,1,1.0,1.0,90688.0,90739.61,51.61000000000058,1828.5400000000081
2026-01-10 02:00:00,0,1.0,0.0,90739.61,90782.16,-42.55000000000291,1785.9900000000052
2026-01-10 02:15:00,0,0.0,1.0,90782.16,90607.02,175.13999999999942,1961.1300000000047
2026-01-10 02:30:00,1,1.0,1.0,90607.02,90697.17,90.14999999999418,2051.279999999999
2026-01-10 02:45:00,0,0.0,1.0,90697.17,90576.01,121.16000000000349,2172.4400000000023
2026-01-10 03:00:00,1,1.0,1.0,90576.01,90631.55,55.54000000000815,2227.9800000000105
2026-01-10 03:15:00,1,0.0,0.0,90631.55,90594.0,-37.55000000000291,2190.4300000000076
2026-01-10 03:30:00,1,1.0,0.0,90594.0,90626.14,32.13999999999942,2222.570000000007
2026-01-10 03:45:00,1,0.0,1.0,90626.14,90533.43,-92.7100000000064,2129.8600000000006
2026-01-10 04:00:00,1,0.0,0.0,90533.43,90525.5,-7.929999999993015,2121.9300000000076
2026-01-10 04:15:00,1,0.0,0.0,90525.5,90508.48,-17.020000000004075,2104.9100000000035
2026-01-10 04:30:00,1,0.0,1.0,90508.48,90448.3,-60.179999999993015,2044.7300000000105
2026-01-10 04:45:00,1,1.0,1.0,90448.3,90532.17,83.86999999999534,2128.600000000006
2026-01-10 05:00:00,1,1.0,0.0,90532.17,90568.63,36.4600000000064,2165.060000000012
2026-01-10 05:15:00,0,1.0,0.0,90568.63,90609.41,-40.779999999998836,2124.2800000000134
2026-01-10 05:30:00,0,0.0,0.0,90609.41,90603.52,5.889999999999418,2130.170000000013
2026-01-10 05:45:00,1,0.0,0.0,90603.52,90580.0,-23.520000000004075,2106.6500000000087
2026-01-10 06:00:00,1,0.0,1.0,90580.0,90526.45,-53.55000000000291,2053.100000000006
2026-01-10 06:15:00,1,1.0,0.0,90526.45,90540.81,14.360000000000582,2067.4600000000064
2026-01-10 06:30:00,1,0.0,0.0,90540.81,90505.47,-35.33999999999651,2032.12000000001
2026-01-10 06:45:00,1,1.0,1.0,90505.47,90606.63,101.16000000000349,2133.2800000000134
2026-01-10 07:00:00,0,1.0,0.0,90606.63,90606.67,-0.03999999999359716,2133.24000000002
2026-01-10 07:15:00,0,1.0,0.0,90606.67,90612.26,-5.5899999999965075,2127.6500000000233
2026-01-10 07:30:00,0,1.0,1.0,90612.26,90678.5,-66.24000000000524,2061.410000000018
2026-01-10 07:45:00,0,1.0,0.0,90678.5,90708.26,-29.75999999999476,2031.6500000000233
2026-01-10 08:00:00,0,0.0,0.0,90708.26,90696.01,12.25,2043.9000000000233
2026-01-10 08:15:00,1,0.0,1.0,90696.01,90646.03,-49.979999999995925,1993.9200000000274
2026-01-10 08:30:00,1,1.0,0.0,90646.03,90661.95,15.919999999998254,2009.8400000000256
2026-01-10 08:45:00,1,0.0,0.0,90661.95,90645.25,-16.69999999999709,1993.1400000000285
2026-01-10 09:00:00,1,1.0,0.0,90645.25,90683.02,37.770000000004075,2030.9100000000326
2026-01-10 09:15:00,1,1.0,0.0,90683.02,90693.53,10.509999999994761,2041.4200000000274
2026-01-10 09:30:00,0,1.0,1.0,90693.53,90768.96,-75.43000000000757,1965.9900000000198
2026-01-10 09:45:00,0,0.0,0.0,90768.96,90753.15,15.810000000012224,1981.800000000032
2026-01-10 10:00:00,1,1.0,0.0,90753.15,90761.69,8.540000000008149,1990.3400000000402
2026-01-10 10:15:00,0,1.0,0.0,90761.69,90779.86,-18.169999999998254,1972.170000000042
2026-01-10 10:30:00,0,1.0,1.0,90779.86,90828.0,-48.13999999999942,1924.0300000000425
2026-01-10 10:45:00,0,0.0,1.0,90828.0,90779.41,48.58999999999651,1972.620000000039
2026-01-10 11:00:00,1,1.0,0.0,90779.41,90781.85,2.4400000000023283,1975.0600000000413
2026-01-10 11:15:00,0,0.0,0.0,90781.85,90780.0,1.8500000000058208,1976.9100000000471
2026-01-10 11:30:00,1,0.0,1.0,90780.0,90723.86,-56.13999999999942,1920.7700000000477
2026-01-10 11:45:00,1,1.0,0.0,90723.86,90736.48,12.619999999995343,1933.390000000043
2026-01-10 12:00:00,1,0.0,0.0,90736.48,90719.32,-17.15999999998894,1916.2300000000541
2026-01-10 12:15:00,1,0.0,0.0,90719.32,90706.66,-12.660000000003492,1903.5700000000506
2026-01-10 12:30:00,1,1.0,0.0,90706.66,90733.71,27.05000000000291,1930.6200000000536
2026-01-10 12:45:00,0,0.0,0.0,90733.71,90708.26,25.45000000001164,1956.0700000000652
2026-01-10 13:00:00,1,1.0,0.0,90708.26,90727.56,19.30000000000291,1975.370000000068
2026-01-10 13:15:00,0,0.0,0.0,90727.56,90718.28,9.279999999998836,1984.650000000067
2026-01-10 13:30:00,1,0.0,1.0,90718.28,90656.51,-61.770000000004075,1922.8800000000629
2026-01-10 13:45:00,1,0.0,1.0,90656.51,90609.31,-47.19999999999709,1875.6800000000658
2026-01-10 14:00:00,1,1.0,0.0,90609.31,90619.51,10.19999999999709,1885.8800000000629
2026-01-10 14:15:00,0,0.0,1.0,90619.51,90558.77,60.73999999999069,1946.6200000000536
2026-01-10 14:30:00,1,1.0,0.0,90558.77,90591.01,32.23999999999069,1978.8600000000442
2026-01-10 14:45:00,0,1.0,0.0,90591.01,90634.57,-43.560000000012224,1935.300000000032
2026-01-10 15:00:00,0,0.0,0.0,90634.57,90595.76,38.810000000012224,1974.1100000000442
2026-01-10 15:15:00,1,1.0,1.0,90595.76,90641.27,45.51000000000931,2019.6200000000536
2026-01-10 15:30:00,0,1.0,0.0,90641.27,90665.75,-24.479999999995925,1995.1400000000576
2026-01-10 15:45:00,0,1.0,0.0,90665.75,90681.0,-15.25,1979.8900000000576
2026-01-10 16:00:00,0,0.0,0.0,90681.0,90646.29,34.7100000000064,2014.600000000064
2026-01-10 16:15:00,1,1.0,1.0,90646.29,90706.39,60.10000000000582,2074.70000000007
2026-01-10 16:30:00,0,0.0,0.0,90706.39,90676.66,29.729999999995925,2104.430000000066
2026-01-10 16:45:00,1,1.0,0.0,90676.66,90720.93,44.26999999998952,2148.7000000000553
2026-01-10 17:00:00,0,1.0,0.0,90720.93,90745.99,-25.060000000012224,2123.640000000043
2026-01-10 17:15:00,0,0.0,1.0,90745.99,90663.79,82.20000000001164,2205.8400000000547
2026-01-10 17:30:00,1,0.0,1.0,90663.79,90544.96,-118.8299999999872,2087.0100000000675
2026-01-10 17:45:00,1,0.0,0.0,90544.96,90530.32,-14.639999999999418,2072.370000000068
2026-01-10 18:00:00,1,1.0,1.0,90530.32,90580.15,49.829999999987194,2122.2000000000553
2026-01-10 18:15:00,0,1.0,0.0,90580.15,90588.89,-8.740000000005239,2113.46000000005
2026-01-10 18:30:00,0,1.0,0.0,90588.89,90595.62,-6.7299999999959255,2106.730000000054
2026-01-10 18:45:00,0,0.0,0.0,90595.62,90580.61,15.009999999994761,2121.740000000049
2026-01-10 19:00:00,1,1.0,0.0,90580.61,90596.91,16.30000000000291,2138.040000000052
2026-01-10 19:15:00,0,1.0,0.0,90596.91,90631.05,-34.13999999999942,2103.9000000000524
2026-01-10 19:30:00,0,0.0,0.0,90631.05,90626.54,4.510000000009313,2108.4100000000617
2026-01-10 19:45:00,1,1.0,0.0,90626.54,90659.03,32.49000000000524,2140.900000000067
2026-01-10 20:00:00,0,0.0,0.0,90659.03,90642.1,16.929999999993015,2157.83000000006
2026-01-10 20:15:00,1,0.0,1.0,90642.1,90584.53,-57.570000000006985,2100.260000000053
2026-01-10 20:30:00,1,0.0,0.0,90584.53,90572.86,-11.669999999998254,2088.5900000000547
2026-01-10 20:45:00,1,0.0,1.0,90572.86,90527.01,-45.85000000000582,2042.740000000049
2026-01-10 21:00:00,1,1.0,0.0,90527.01,90568.26,41.25,2083.990000000049
2026-01-10 21:15:00,0,0.0,0.0,90568.26,90535.77,32.48999999999069,2116.4800000000396
2026-01-10 21:30:00,1,0.0,0.0,90535.77,90510.74,-25.029999999998836,2091.4500000000407
2026-01-10 21:45:00,1,0.0,1.0,90510.74,90406.01,-104.73000000001048,1986.7200000000303
2026-01-10 22:00:00,1,1.0,1.0,90406.01,90488.43,82.41999999999825,2069.1400000000285
2026-01-10 22:15:00,0,1.0,1.0,90488.43,90593.36,-104.93000000000757,1964.210000000021
2026-01-10 22:30:00,0,0.0,1.0,90593.36,90427.76,165.60000000000582,2129.810000000027
2026-01-10 22:45:00,1,1.0,1.0,90427.76,90511.03,83.27000000000407,2213.080000000031
2026-01-10 23:00:00,0,1.0,0.0,90511.03,90548.4,-37.36999999999534,2175.7100000000355
2026-01-10 23:15:00,0,0.0,0.0,90548.4,90535.2,13.19999999999709,2188.9100000000326
2026-01-10 23:30:00,1,0.0,0.0,90535.2,90504.7,-30.5,2158.4100000000326
2026-01-10 23:45:00,1,1.0,0.0,90504.7,90509.99,5.290000000008149,2163.7000000000407
2026-01-11 00:00:00,1,1.0,1.0,90509.99,90602.51,92.51999999998952,2256.2200000000303
2026-01-11 00:15:00,0,0.0,0.0,90602.51,90565.78,36.729999999995925,2292.950000000026
2026-01-11 00:30:00,1,1.0,1.0,90565.78,90640.44,74.66000000000349,2367.6100000000297
2026-01-11 00:45:00,0,0.0,0.0,90640.44,90622.62,17.820000000006985,2385.4300000000367
2026-01-11 01:00:00,1,0.0,0.0,90622.62,90587.71,-34.90999999998894,2350.5200000000477
2026-01-11 01:15:00,1,1.0,0.0,90587.71,90593.47,5.759999999994761,2356.2800000000425
2026-01-11 01:30:00,0,1.0,0.0,90593.47,90628.23,-34.75999999999476,2321.5200000000477
2026-01-11 01:45:00,0,1.0,1.0,90628.23,90694.14,-65.91000000000349,2255.6100000000442
2026-01-11 02:00:00,0,0.0,0.0,90694.14,90676.48,17.660000000003492,2273.2700000000477
2026-01-11 02:15:00,1,1.0,0.0,90676.48,90691.76,15.279999999998836,2288.5500000000466
2026-01-11 02:30:00,0,1.0,0.0,90691.76,90699.0,-7.240000000005239,2281.3100000000413
2026-01-11 02:45:00,0,0.0,1.0,90699.0,90641.37,57.63000000000466,2338.940000000046
2026-01-11 03:00:00,1,1.0,1.0,90641.37,90708.25,66.88000000000466,2405.8200000000506
2026-01-11 03:15:00,0,0.0,0.0,90708.25,90699.99,8.259999999994761,2414.0800000000454
2026-01-11 03:30:00,1,1.0,0.0,90699.99,90733.5,33.50999999999476,2447.59000000004
2026-01-11 03:45:00,0,0.0,0.0,90733.5,90719.05,14.44999999999709,2462.0400000000373
2026-01-11 04:00:00,1,0.0,0.0,90719.05,90708.27,-10.779999999998836,2451.2600000000384
2026-01-11 04:15:00,1,1.0,1.0,90708.27,90758.07,49.80000000000291,2501.0600000000413
2026-01-11 04:30:00,0,1.0,0.0,90758.07,90785.48,-27.40999999998894,2473.6500000000524
2026-01-11 04:45:00,0,0.0,0.0,90785.48,90783.88,1.5999999999912689,2475.2500000000437
2026-01-11 05:00:00,1,0.0,0.0,90783.88,90757.5,-26.380000000004657,2448.870000000039
2026-01-11 05:15:00,1,1.0,1.0,90757.5,90812.98,55.479999999995925,2504.350000000035
2026-01-11 05:30:00,0,0.0,0.0,90812.98,90774.43,38.55000000000291,2542.900000000038
2026-01-11 05:45:00,1,1.0,0.0,90774.43,90789.61,15.180000000007567,2558.0800000000454
2026-01-11 06:00:00,0,0.0,1.0,90789.61,90666.52,123.08999999999651,2681.170000000042
2026-01-11 06:15:00,1,0.0,0.0,90666.52,90661.93,-4.5900000000110595,2676.580000000031
2026-01-11 06:30:00,1,1.0,1.0,90661.93,90744.0,82.07000000000698,2758.650000000038
2026-01-11 06:45:00,0,0.0,1.0,90744.0,90679.46,64.5399999999936,2823.1900000000314
2026-01-11 07:00:00,1,1.0,1.0,90679.46,90727.17,47.70999999999185,2870.9000000000233
2026-01-11 07:15:00,0,0.0,0.0,90727.17,90710.77,16.39999999999418,2887.3000000000175
2026-01-11 07:30:00,1,1.0,0.0,90710.77,90710.79,0.01999999998952262,2887.320000000007
2026-01-11 07:45:00,1,0.0,0.0,90710.79,90677.75,-33.0399999999936,2854.2800000000134
2026-01-11 08:00:00,1,1.0,1.0,90677.75,90729.3,51.55000000000291,2905.8300000000163
2026-01-11 08:15:00,0,0.0,0.0,90729.3,90722.98,6.320000000006985,2912.1500000000233
2026-01-11 08:30:00,1,1.0,1.0,90722.98,90790.01,67.02999999999884,2979.180000000022
2026-01-11 08:45:00,0,0.0,0.0,90790.01,90767.85,22.15999999998894,3001.340000000011
2026-01-11 09:00:00,1,0.0,0.0,90767.85,90755.05,-12.80000000000291,2988.540000000008
2026-01-11 09:15:00,1,0.0,0.0,90755.05,90746.34,-8.710000000006403,2979.8300000000017
2026-01-11 09:30:00,1,0.0,0.0,90746.34,90740.02,-6.319999999992433,2973.5100000000093
2026-01-11 09:45:00,1,0.0,0.0,90740.02,90733.76,-6.260000000009313,2967.25
2026-01-11 10:00:00,1,0.0,0.0,90733.76,90720.44,-13.319999999992433,2953.9300000000076
2026-01-11 10:15:00,1,0.0,0.0,90720.44,90694.19,-26.25,2927.6800000000076
2026-01-11 10:30:00,1,1.0,1.0,90694.19,90736.67,42.479999999995925,2970.1600000000035
2026-01-11 10:45:00,0,0.0,0.0,90736.67,90708.25,28.419999999998254,2998.5800000000017
2026-01-11 11:00:00,1,1.0,0.0,90708.25,90714.4,6.149999999994179,3004.729999999996
2026-01-11 11:15:00,0,1.0,0.0,90714.4,90726.15,-11.75,2992.979999999996
2026-01-11 11:30:00,0,1.0,0.0,90726.15,90754.99,-28.84000000001106,2964.139999999985
2026-01-11 11:45:00,0,1.0,0.0,90754.99,90794.08,-39.08999999999651,2925.0499999999884
2026-01-11 12:00:00,0,1.0,1.0,90794.08,90871.65,-77.56999999999243,2847.479999999996
2026-01-11 12:15:00,0,1.0,0.0,90871.65,90898.78,-27.130000000004657,2820.3499999999913
2026-01-11 12:30:00,0,1.0,0.0,90898.78,90938.13,-39.35000000000582,2780.9999999999854
2026-01-11 12:45:00,0,1.0,0.0,90938.13,90942.9,-4.769999999989523,2776.229999999996
2026-01-11 13:00:00,0,0.0,1.0,90942.9,90892.04,50.86000000000058,2827.0899999999965
2026-01-11 13:15:00,0,0.0,1.0,90892.04,90827.31,64.72999999999593,2891.8199999999924
2026-01-11 13:30:00,1,1.0,0.0,90827.31,90849.45,22.139999999999418,2913.959999999992
2026-01-11 13:45:00,0,1.0,1.0,90849.45,90936.07,-86.6200000000099,2827.339999999982
2026-01-11 14:00:00,0,1.0,1.0,90936.07,90987.68,-51.60999999998603,2775.729999999996
2026-01-11 14:15:00,0,1.0,1.0,90987.68,91037.41,-49.73000000001048,2725.9999999999854
2026-01-11 14:30:00,0,1.0,1.0,91037.41,91127.16,-89.75,2636.2499999999854
2026-01-11 14:45:00,0,0.0,1.0,91127.16,90907.03,220.13000000000466,2856.37999999999
2026-01-11 15:00:00,1,1.0,1.0,90907.03,90960.25,53.220000000001164,2909.5999999999913
2026-01-11 15:15:00,0,0.0,1.0,90960.25,90844.2,116.05000000000291,3025.649999999994
2026-01-11 15:30:00,1,1.0,0.0,90844.2,90875.79,31.589999999996508,3057.2399999999907
2026-01-11 15:45:00,0,1.0,0.0,90875.79,90886.22,-10.430000000007567,3046.809999999983
2026-01-11 16:00:00,0,1.0,1.0,90886.22,91034.57,-148.35000000000582,2898.4599999999773
2026-01-11 16:15:00,0,1.0,1.0,91034.57,91119.55,-84.97999999999593,2813.4799999999814
2026-01-11 16:30:00,0,0.0,1.0,91119.55,91039.15,80.40000000000873,2893.87999999999
2026-01-11 16:45:00,0,1.0,0.0,91039.15,91058.65,-19.5,2874.37999999999
2026-01-11 17:00:00,0,0.0,0.0,91058.65,91055.17,3.4799999999959255,2877.859999999986
2026-01-11 17:15:00,1,0.0,1.0,91055.17,90990.17,-65.0,2812.859999999986
2026-01-11 17:30:00,1,0.0,0.0,90990.17,90986.68,-3.4900000000052387,2809.369999999981
2026-01-11 17:45:00,1,0.0,1.0,90986.68,90899.09,-87.58999999999651,2721.7799999999843
2026-01-11 18:00:00,1,1.0,0.0,90899.09,90930.81,31.720000000001164,2753.4999999999854
2026-01-11 18:15:00,0,0.0,1.0,90930.81,90852.2,78.61000000000058,2832.109999999986
2026-01-11 18:30:00,1,1.0,0.0,90852.2,90886.68,34.479999999995925,2866.589999999982
2026-01-11 18:45:00,0,1.0,0.0,90886.68,90922.07,-35.39000000001397,2831.199999999968
2026-01-11 19:00:00,0,0.0,0.0,90922.07,90894.98,27.09000000001106,2858.289999999979
2026-01-11 19:15:00,1,0.0,1.0,90894.98,90781.02,-113.95999999999185,2744.329999999987
2026-01-11 19:30:00,1,0.0,1.0,90781.02,90690.8,-90.22000000000116,2654.109999999986
2026-01-11 19:45:00,1,0.0,1.0,90690.8,90558.84,-131.9600000000064,2522.1499999999796
2026-01-11 20:00:00,1,0.0,0.0,90558.84,90533.24,-25.59999999999127,2496.5499999999884
2026-01-11 20:15:00,1,1.0,1.0,90533.24,90606.24,73.0,2569.5499999999884
2026-01-11 20:30:00,1,1.0,1.0,90606.24,90708.26,102.01999999998952,2671.569999999978
2026-01-11 20:45:00,0,0.0,1.0,90708.26,90664.61,43.64999999999418,2715.219999999972
2026-01-11 21:00:00,1,0.0,0.0,90664.61,90636.15,-28.460000000006403,2686.7599999999657
2026-01-11 21:15:00,1,1.0,1.0,90636.15,90689.09,52.94000000000233,2739.699999999968
2026-01-11 21:30:00,1,1.0,1.0,90689.09,90757.06,67.97000000000116,2807.669999999969
2026-01-11 21:45:00,0,0.0,1.0,90757.06,90555.62,201.44000000000233,3009.1099999999715
2026-01-11 22:00:00,1,1.0,1.0,90555.62,90685.54,129.91999999999825,3139.0299999999697
2026-01-11 22:15:00,0,1.0,0.0,90685.54,90708.25,-22.710000000006403,3116.3199999999633
2026-01-11 22:30:00,0,0.0,1.0,90708.25,90526.02,182.22999999999593,3298.5499999999593
2026-01-11 22:45:00,1,1.0,1.0,90526.02,90717.11,191.0899999999965,3489.6399999999558
2026-01-11 23:00:00,0,1.0,1.0,90717.11,90756.87,-39.75999999999476,3449.879999999961
2026-01-11 23:15:00,0,1.0,1.0,90756.87,90920.37,-163.5,3286.379999999961
2026-01-11 23:30:00,0,1.0,1.0,90920.37,91013.65,-93.27999999999884,3193.099999999962
2026-01-11 23:45:00,0,0.0,1.0,91013.65,90917.71,95.93999999998778,3289.03999999995
2026-01-12 00:00:00,1,1.0,1.0,90917.71,91150.08,232.36999999999534,3521.4099999999453
2026-01-12 00:15:00,0,0.0,1.0,91150.08,90826.61,323.47000000000116,3844.8799999999464
2026-01-12 00:30:00,1,1.0,1.0,90826.61,91258.65,432.0399999999936,4276.91999999994
2026-01-12 00:45:00,0,1.0,1.0,91258.65,91534.92,-276.2700000000041,4000.649999999936
2026-01-12 01:00:00,0,0.0,0.0,91534.92,91513.1,21.819999999992433,4022.4699999999284
2026-01-12 01:15:00,0,0.0,1.0,91513.1,91386.65,126.45000000001164,4148.91999999994
2026-01-12 01:30:00,1,1.0,0.0,91386.65,91412.44,25.79000000000815,4174.709999999948
2026-01-12 01:45:00,0,1.0,1.0,91412.44,91731.66,-319.22000000000116,3855.489999999947
2026-01-12 02:00:00,0,1.0,1.0,91731.66,91783.23,-51.56999999999243,3803.9199999999546
2026-01-12 02:15:00,0,1.0,1.0,91783.23,91932.28,-149.0500000000029,3654.8699999999517
2026-01-12 02:30:00,0,1.0,1.0,91932.28,92203.56,-271.27999999999884,3383.589999999953
2026-01-12 02:45:00,0,1.0,1.0,92203.56,92433.32,-229.7600000000093,3153.8299999999435
2026-01-12 03:00:00,0,0.0,1.0,92433.32,92381.9,51.420000000012806,3205.2499999999563
2026-01-12 03:15:00,0,0.0,1.0,92381.9,91984.0,397.8999999999942,3603.1499999999505
2026-01-12 03:30:00,0,0.0,1.0,91984.0,91808.12,175.88000000000466,3779.029999999955
2026-01-12 03:45:00,1,1.0,1.0,91808.12,92100.12,292.0,4071.029999999955
2026-01-12 04:00:00,0,0.0,1.0,92100.12,92047.53,52.58999999999651,4123.619999999952
2026-01-12 04:15:00,1,1.0,1.0,92047.53,92198.45,150.91999999999825,4274.53999999995
2026-01-12 04:30:00,0,0.0,0.0,92198.45,92175.78,22.669999999998254,4297.209999999948
2026-01-12 04:45:00,1,0.0,1.0,92175.78,92133.09,-42.69000000000233,4254.519999999946
2026-01-12 05:00:00,1,1.0,1.0,92133.09,92241.72,108.63000000000466,4363.1499999999505
2026-01-12 05:15:00,0,0.0,1.0,92241.72,92112.79,128.93000000000757,4492.079999999958
2026-01-12 05:30:00,1,0.0,0.0,92112.79,92111.86,-0.9299999999930151,4491.149999999965
2026-01-12 05:45:00,0,1.0,1.0,92111.86,92164.76,-52.89999999999418,4438.249999999971
2026-01-12 06:00:00,0,0.0,1.0,92164.76,91965.0,199.75999999999476,4638.009999999966
2026-01-12 06:15:00,0,0.0,0.0,91965.0,91936.33,28.669999999998254,4666.679999999964
2026-01-12 06:30:00,1,0.0,1.0,91936.33,91836.34,-99.99000000000524,4566.689999999959
2026-01-12 06:45:00,1,0.0,0.0,91836.34,91816.22,-20.119999999995343,4546.569999999963
2026-01-12 07:00:00,1,1.0,1.0,91816.22,91891.1,74.88000000000466,4621.449999999968
2026-01-12 07:15:00,0,0.0,1.0,91891.1,91572.99,318.1100000000006,4939.559999999969
2026-01-12 07:30:00,1,0.0,1.0,91572.99,91408.09,-164.90000000000873,4774.65999999996
2026-01-12 07:45:00,1,1.0,1.0,91408.09,91548.02,139.93000000000757,4914.589999999967
2026-01-12 08:00:00,1,0.0,1.0,91548.02,91449.05,-98.97000000000116,4815.619999999966
2026-01-12 08:15:00,1,0.0,1.0,91449.05,90560.01,-889.0400000000081,3926.579999999958
2026-01-12 08:30:00,1,1.0,1.0,90560.01,90752.27,192.2600000000093,4118.839999999967
2026-01-12 08:45:00,1,1.0,1.0,90752.27,90807.05,54.779999999998836,4173.619999999966
2026-01-12 09:00:00,1,1.0,0.0,90807.05,90810.33,3.279999999998836,4176.899999999965
2026-01-12 09:15:00,1,1.0,0.0,90810.33,90836.98,26.64999999999418,4203.549999999959
2026-01-12 09:30:00,1,0.0,1.0,90836.98,90685.64,-151.3399999999965,4052.2099999999627
2026-01-12 09:45:00,1,1.0,0.0,90685.64,90690.0,4.360000000000582,4056.5699999999633
2026-01-12 10:00:00,1,0.0,1.0,90690.0,90561.27,-128.72999999999593,3927.8399999999674
2026-01-12 10:15:00,1,0.0,0.0,90561.27,90536.85,-24.419999999998254,3903.419999999969
2026-01-12 10:30:00,1,0.0,1.0,90536.85,90433.46,-103.38999999999942,3800.0299999999697
2026-01-12 10:45:00,1,1.0,1.0,90433.46,90588.43,154.9699999999866,3954.9999999999563
2026-01-12 11:00:00,1,1.0,1.0,90588.43,90689.84,101.41000000000349,4056.40999999996
2026-01-12 11:15:00,0,0.0,1.0,90689.84,90589.73,100.11000000000058,4156.51999999996
2026-01-12 11:30:00,1,1.0,0.0,90589.73,90620.96,31.230000000010477,4187.749999999971
2026-01-12 11:45:00,1,1.0,1.0,90620.96,90761.73,140.76999999998952,4328.51999999996
2026-01-12 12:00:00,0,1.0,0.0,90761.73,90780.01,-18.279999999998836,4310.239999999962
2026-01-12 12:15:00,0,0.0,1.0,90780.01,90733.99,46.01999999998952,4356.259999999951
2026-01-12 12:30:00,1,1.0,1.0,90733.99,90789.37,55.379999999990105,4411.639999999941
2026-01-12 12:45:00,0,0.0,1.0,90789.37,90553.96,235.40999999998894,4647.04999999993
2026-01-12 13:00:00,1,1.0,1.0,90553.96,90690.91,136.9499999999971,4783.999999999927
2026-01-12 13:15:00,0,0.0,0.0,90690.91,90653.05,37.86000000000058,4821.859999999928
2026-01-12 13:30:00,1,0.0,0.0,90653.05,90636.01,-17.04000000000815,4804.81999999992
2026-01-12 13:45:00,1,1.0,0.0,90636.01,90651.13,15.120000000009895,4819.93999999993
2026-01-12 14:00:00,1,0.0,1.0,90651.13,90290.2,-360.93000000000757,4459.009999999922
2026-01-12 14:15:00,1,1.0,1.0,90290.2,90805.47,515.2700000000041,4974.279999999926
2026-01-12 14:30:00,0,1.0,1.0,90805.47,90908.95,-103.47999999999593,4870.79999999993
2026-01-12 14:45:00,0,1.0,0.0,90908.95,90927.75,-18.80000000000291,4851.999999999927
2026-01-12 15:00:00,0,1.0,1.0,90927.75,91320.0,-392.25,4459.749999999927
2026-01-12 15:15:00,0,1.0,1.0,91320.0,91529.71,-209.7100000000064,4250.039999999921
2026-01-12 15:30:00,0,1.0,1.0,91529.71,91665.0,-135.2899999999936,4114.749999999927
2026-01-12 15:45:00,0,1.0,1.0,91665.0,91793.7,-128.6999999999971,3986.04999999993
2026-01-12 16:00:00,0,1.0,1.0,91793.7,92217.62,-423.91999999999825,3562.129999999932
2026-01-12 16:15:00,0,0.0,1.0,92217.62,92159.99,57.629999999990105,3619.759999999922
2026-01-12 16:30:00,1,0.0,1.0,92159.99,92123.52,-36.470000000001164,3583.289999999921
2026-01-12 16:45:00,1,0.0,1.0,92123.52,91963.62,-159.90000000000873,3423.389999999912
2026-01-12 17:00:00,1,0.0,1.0,91963.62,91711.52,-252.09999999999127,3171.289999999921
2026-01-12 17:15:00,1,0.0,1.0,91711.52,91339.89,-371.63000000000466,2799.659999999916
2026-01-12 17:30:00,1,1.0,1.0,91339.89,91522.83,182.94000000000233,2982.5999999999185
2026-01-12 17:45:00,1,1.0,1.0,91522.83,91705.7,182.86999999999534,3165.469999999914
2026-01-12 18:00:00,0,1.0,1.0,91705.7,91924.0,-218.3000000000029,2947.169999999911
2026-01-12 18:15:00,0,0.0,1.0,91924.0,91658.12,265.88000000000466,3213.0499999999156
2026-01-12 18:30:00,1,1.0,1.0,91658.12,91691.8,33.68000000000757,3246.729999999923
2026-01-12 18:45:00,0,0.0,0.0,91691.8,91662.63,29.169999999998254,3275.8999999999214
2026-01-12 19:00:00,0,1.0,1.0,91662.63,91825.0,-162.36999999999534,3113.529999999926
2026-01-12 19:15:00,0,0.0,0.0,91825.0,91800.76,24.24000000000524,3137.7699999999313
2026-01-12 19:30:00,1,1.0,1.0,91800.76,91861.27,60.51000000000931,3198.2799999999406
2026-01-12 19:45:00,0,1.0,0.0,91861.27,91868.7,-7.429999999993015,3190.8499999999476
2026-01-12 20:00:00,0,0.0,1.0,91868.7,91734.82,133.8799999999901,3324.7299999999377
2026-01-12 20:15:00,0,0.0,1.0,91734.82,91468.5,266.320000000007,3591.0499999999447
2026-01-12 20:30:00,1,1.0,0.0,91468.5,91484.86,16.360000000000582,3607.4099999999453
2026-01-12 20:45:00,0,0.0,0.0,91484.86,91467.36,17.5,3624.9099999999453
2026-01-12 21:00:00,1,0.0,1.0,91467.36,91338.01,-129.35000000000582,3495.5599999999395
2026-01-12 21:15:00,1,0.0,1.0,91338.01,91291.19,-46.81999999999243,3448.739999999947
2026-01-12 21:30:00,1,0.0,1.0,91291.19,91055.17,-236.02000000000407,3212.719999999943
2026-01-12 21:45:00,1,1.0,1.0,91055.17,91414.05,358.88000000000466,3571.5999999999476
2026-01-12 22:00:00,1,0.0,1.0,91414.05,91269.52,-144.52999999999884,3427.069999999949
2026-01-12 22:15:00,1,1.0,1.0,91269.52,91339.9,70.3799999999901,3497.449999999939
2026-01-12 22:30:00,0,0.0,1.0,91339.9,91244.99,94.90999999998894,3592.359999999928
2026-01-12 22:45:00,1,0.0,1.0,91244.99,91160.07,-84.91999999999825,3507.4399999999296
2026-01-12 23:00:00,1,1.0,1.0,91160.07,91269.34,109.26999999998952,3616.709999999919
2026-01-12 23:15:00,0,1.0,0.0,91269.34,91274.69,-5.350000000005821,3611.3599999999133
2026-01-12 23:30:00,0,1.0,0.0,91274.69,91296.2,-21.50999999999476,3589.8499999999185
2026-01-12 23:45:00,0,1.0,1.0,91296.2,91330.0,-33.80000000000291,3556.0499999999156
2026-01-13 00:00:00,0,1.0,1.0,91330.0,91444.51,-114.50999999999476,3441.539999999921
2026-01-13 00:15:00,0,0.0,1.0,91444.51,91309.95,134.55999999999767,3576.0999999999185
2026-01-13 00:30:00,0,1.0,1.0,91309.95,91482.74,-172.79000000000815,3403.3099999999104
2026-01-13 00:45:00,0,0.0,0.0,91482.74,91478.37,4.370000000009895,3407.6799999999203
2026-01-13 01:00:00,0,0.0,1.0,91478.37,91327.53,150.8399999999965,3558.5199999999168
2026-01-13 01:15:00,1,0.0,1.0,91327.53,91090.0,-237.52999999999884,3320.989999999918
2026-01-13 01:30:00,1,1.0,1.0,91090.0,91185.35,95.35000000000582,3416.3399999999237
2026-01-13 01:45:00,1,1.0,1.0,91185.35,91286.03,100.67999999999302,3517.0199999999168
2026-01-13 02:00:00,0,0.0,0.0,91286.03,91267.68,18.35000000000582,3535.3699999999226
2026-01-13 02:15:00,0,0.0,1.0,91267.68,91110.33,157.34999999999127,3692.719999999914
2026-01-13 02:30:00,1,1.0,0.0,91110.33,91118.3,7.970000000001164,3700.689999999915
2026-01-13 02:45:00,0,1.0,1.0,91118.3,91272.54,-154.2399999999907,3546.4499999999243
2026-01-13 03:00:00,0,1.0,1.0,91272.54,91387.39,-114.85000000000582,3431.5999999999185
2026-01-13 03:15:00,0,0.0,1.0,91387.39,91336.63,50.75999999999476,3482.3599999999133
2026-01-13 03:30:00,0,1.0,1.0,91336.63,91408.91,-72.27999999999884,3410.0799999999144
2026-01-13 03:45:00,0,1.0,1.0,91408.91,91460.09,-51.179999999993015,3358.8999999999214
2026-01-13 04:00:00,0,1.0,0.0,91460.09,91473.1,-13.010000000009313,3345.889999999912
2026-01-13 04:15:00,0,0.0,1.0,91473.1,91360.24,112.86000000000058,3458.7499999999127
2026-01-13 04:30:00,0,1.0,1.0,91360.24,91515.16,-154.91999999999825,3303.8299999999144
2026-01-13 04:45:00,0,1.0,1.0,91515.16,91747.94,-232.77999999999884,3071.0499999999156
2026-01-13 05:00:00,0,1.0,1.0,91747.94,92083.28,-335.3399999999965,2735.709999999919
2026-01-13 05:15:00,0,0.0,1.0,92083.28,91937.25,146.02999999999884,2881.739999999918
2026-01-13 05:30:00,1,0.0,0.0,91937.25,91920.99,-16.25999999999476,2865.479999999923
2026-01-13 05:45:00,1,1.0,0.0,91920.99,91928.38,7.389999999999418,2872.8699999999226
2026-01-13 06:00:00,0,0.0,1.0,91928.38,91879.45,48.93000000000757,2921.79999999993
2026-01-13 06:15:00,1,1.0,1.0,91879.45,91991.32,111.8700000000099,3033.66999999994
2026-01-13 06:30:00,0,1.0,1.0,91991.32,92184.36,-193.0399999999936,2840.6299999999464
2026-01-13 06:45:00,0,0.0,1.0,92184.36,92030.65,153.7100000000064,2994.339999999953
2026-01-13 07:00:00,1,0.0,0.0,92030.65,92029.22,-1.429999999993015,2992.90999999996
2026-01-13 07:15:00,1,0.0,1.0,92029.22,91938.01,-91.2100000000064,2901.6999999999534
2026-01-13 07:30:00,1,1.0,0.0,91938.01,91942.0,3.9900000000052387,2905.6899999999587
2026-01-13 07:45:00,1,1.0,1.0,91942.0,91977.45,35.44999999999709,2941.1399999999558
2026-01-13 08:00:00,0,0.0,0.0,91977.45,91954.7,22.75,2963.8899999999558
2026-01-13 08:15:00,1,1.0,1.0,91954.7,92131.62,176.91999999999825,3140.809999999954
2026-01-13 08:30:00,0,1.0,1.0,92131.62,92165.9,-34.279999999998836,3106.529999999955
2026-01-13 08:45:00,0,1.0,1.0,92165.9,92429.99,-264.09000000001106,2842.439999999944
2026-01-13 09:00:00,0,1.0,1.0,92429.99,92550.78,-120.7899999999936,2721.6499999999505
2026-01-13 09:15:00,0,0.0,1.0,92550.78,92148.66,402.11999999999534,3123.769999999946
2026-01-13 09:30:00,0,1.0,1.0,92148.66,92269.42,-120.75999999999476,3003.009999999951
2026-01-13 09:45:00,0,0.0,0.0,92269.42,92238.62,30.80000000000291,3033.809999999954
2026-01-13 10:00:00,1,1.0,0.0,92238.62,92255.86,17.24000000000524,3051.0499999999593
2026-01-13 10:15:00,0,0.0,1.0,92255.86,92053.71,202.14999999999418,3253.1999999999534
2026-01-13 10:30:00,1,1.0,1.0,92053.71,92128.62,74.90999999998894,3328.1099999999424
2026-01-13 10:45:00,0,1.0,1.0,92128.62,92218.35,-89.73000000001048,3238.379999999932
2026-01-13 11:00:00,0,0.0,0.0,92218.35,92204.62,13.730000000010477,3252.1099999999424
2026-01-13 11:15:00,1,0.0,1.0,92204.62,92071.99,-132.6299999999901,3119.4799999999523
2026-01-13 11:30:00,1,0.0,1.0,92071.99,92000.74,-71.25,3048.2299999999523
2026-01-13 11:45:00,1,0.0,1.0,92000.74,91940.41,-60.330000000001746,2987.8999999999505
2026-01-13 12:00:00,1,1.0,1.0,91940.41,92074.5,134.0899999999965,3121.989999999947
2026-01-13 12:15:00,1,1.0,1.0,92074.5,92137.83,63.330000000001746,3185.319999999949
2026-01-13 12:30:00,1,0.0,0.0,92137.83,92109.35,-28.479999999995925,3156.839999999953
2026-01-13 12:45:00,1,0.0,1.0,92109.35,92006.42,-102.93000000000757,3053.9099999999453
2026-01-13 13:00:00,1,1.0,1.0,92006.42,92139.99,133.57000000000698,3187.4799999999523
2026-01-13 13:15:00,1,1.0,1.0,92139.99,92204.37,64.3799999999901,3251.8599999999424
2026-01-13 13:30:00,0,0.0,1.0,92204.37,92076.12,128.25,3380.1099999999424
2026-01-13 13:45:00,1,0.0,1.0,92076.12,91971.01,-105.11000000000058,3274.999999999942
2026-01-13 14:00:00,1,1.0,1.0,91971.01,92433.63,462.6200000000099,3737.6199999999517
2026-01-13 14:15:00,0,1.0,1.0,92433.63,92700.1,-266.47000000000116,3471.1499999999505
2026-01-13 14:30:00,0,0.0,1.0,92700.1,92462.03,238.07000000000698,3709.2199999999575
2026-01-13 14:45:00,1,1.0,1.0,92462.03,92599.99,137.9600000000064,3847.179999999964
2026-01-13 15:00:00,0,0.0,1.0,92599.99,92397.13,202.86000000000058,4050.0399999999645
2026-01-13 15:15:00,1,1.0,1.0,92397.13,92931.98,534.8499999999913,4584.889999999956
2026-01-13 15:30:00,0,1.0,1.0,92931.98,93449.99,-518.0100000000093,4066.8799999999464
2026-01-13 15:45:00,1,0.0,1.0,93449.99,93289.41,-160.58000000000175,3906.2999999999447
2026-01-13 16:00:00,1,0.0,1.0,93289.41,93199.99,-89.41999999999825,3816.8799999999464
2026-01-13 16:15:00,1,1.0,1.0,93199.99,93555.95,355.95999999999185,4172.839999999938
2026-01-13 16:30:00,1,0.0,1.0,93555.95,93389.63,-166.31999999999243,4006.519999999946
2026-01-13 16:45:00,1,0.0,1.0,93389.63,93332.32,-57.30999999999767,3949.209999999948
2026-01-13 17:00:00,1,1.0,1.0,93332.32,93414.95,82.6299999999901,4031.8399999999383
2026-01-13 17:15:00,1,0.0,0.0,93414.95,93391.69,-23.25999999999476,4008.5799999999435
2026-01-13 17:30:00,1,0.0,1.0,93391.69,93241.99,-149.6999999999971,3858.8799999999464
2026-01-13 17:45:00,1,1.0,1.0,93241.99,93568.61,326.61999999999534,4185.499999999942
2026-01-13 18:00:00,1,1.0,0.0,93568.61,93572.76,4.149999999994179,4189.649999999936
2026-01-13 18:15:00,0,1.0,1.0,93572.76,93632.01,-59.25,4130.399999999936
2026-01-13 18:30:00,0,1.0,0.0,93632.01,93633.71,-1.7000000000116415,4128.699999999924
2026-01-13 18:45:00,0,0.0,1.0,93633.71,93549.98,83.73000000001048,4212.429999999935
2026-01-13 19:00:00,1,1.0,1.0,93549.98,93858.39,308.4100000000035,4520.839999999938
2026-01-13 19:15:00,0,1.0,1.0,93858.39,94033.09,-174.6999999999971,4346.139999999941
2026-01-13 19:30:00,0,1.0,1.0,94033.09,94226.84,-193.75,4152.389999999941
2026-01-13 19:45:00,0,1.0,1.0,94226.84,94353.09,-126.25,4026.139999999941
2026-01-13 20:00:00,0,0.0,0.0,94353.09,94348.55,4.539999999993597,4030.679999999935
2026-01-13 20:15:00,1,0.0,1.0,94348.55,94299.99,-48.55999999999767,3982.119999999937
2026-01-13 20:30:00,1,1.0,1.0,94299.99,94408.7,108.70999999999185,4090.829999999929
2026-01-13 20:45:00,1,0.0,0.0,94408.7,94383.8,-24.89999999999418,4065.929999999935
2026-01-13 21:00:00,1,0.0,1.0,94383.8,94324.84,-58.9600000000064,4006.9699999999284
2026-01-13 21:15:00,1,0.0,1.0,94324.84,94154.42,-170.41999999999825,3836.54999999993
2026-01-13 21:30:00,1,0.0,1.0,94154.42,94087.23,-67.19000000000233,3769.359999999928
2026-01-13 21:45:00,1,1.0,1.0,94087.23,95604.1,1516.87000000001,5286.229999999938
2026-01-13 22:00:00,1,0.0,1.0,95604.1,95316.77,-287.33000000000175,4998.899999999936
2026-01-13 22:15:00,1,1.0,1.0,95316.77,95583.98,267.20999999999185,5266.109999999928
2026-01-13 22:30:00,1,1.0,1.0,95583.98,95757.21,173.23000000001048,5439.339999999938
2026-01-13 22:45:00,0,0.0,0.0,95757.21,95728.22,28.99000000000524,5468.3299999999435
2026-01-13 23:00:00,1,0.0,1.0,95728.22,95386.61,-341.6100000000006,5126.719999999943
2026-01-13 23:15:00,1,0.0,1.0,95386.61,95194.8,-191.80999999999767,4934.909999999945
2026-01-13 23:30:00,1,1.0,1.0,95194.8,95414.0,219.1999999999971,5154.109999999942
2026-01-13 23:45:00,1,1.0,1.0,95414.0,95503.27,89.27000000000407,5243.379999999946
2026-01-14 00:00:00,1,0.0,0.0,95503.27,95466.43,-36.84000000001106,5206.539999999935
2026-01-14 00:15:00,1,0.0,1.0,95466.43,95293.62,-172.80999999999767,5033.729999999938
2026-01-14 00:30:00,1,0.0,1.0,95293.62,95236.84,-56.779999999998836,4976.949999999939
2026-01-14 00:45:00,1,1.0,1.0,95236.84,95485.48,248.63999999999942,5225.589999999938
2026-01-14 01:00:00,1,0.0,0.0,95485.48,95480.57,-4.9099999999889405,5220.679999999949
2026-01-14 01:15:00,1,0.0,1.0,95480.57,95271.63,-208.94000000000233,5011.739999999947
2026-01-14 01:30:00,1,0.0,0.0,95271.63,95245.6,-26.029999999998836,4985.709999999948
2026-01-14 01:45:00,1,1.0,1.0,95245.6,95483.51,237.90999999998894,5223.619999999937
2026-01-14 02:00:00,1,1.0,0.0,95483.51,95526.62,43.11000000000058,5266.729999999938
2026-01-14 02:15:00,1,0.0,0.0,95526.62,95490.76,-35.86000000000058,5230.869999999937
2026-01-14 02:30:00,1,0.0,1.0,95490.76,95347.46,-143.29999999998836,5087.569999999949
2026-01-14 02:45:00,1,1.0,1.0,95347.46,95433.44,85.97999999999593,5173.549999999945
2026-01-14 03:00:00,1,0.0,1.0,95433.44,95372.19,-61.25,5112.299999999945
2026-01-14 03:15:00,1,1.0,1.0,95372.19,95549.73,177.5399999999936,5289.839999999938
2026-01-14 03:30:00,1,1.0,1.0,95549.73,95720.99,171.2600000000093,5461.099999999948
2026-01-14 03:45:00,0,0.0,1.0,95720.99,95420.34,300.65000000000873,5761.749999999956
2026-01-14 04:00:00,1,1.0,0.0,95420.34,95460.37,40.029999999998836,5801.779999999955
2026-01-14 04:15:00,1,0.0,1.0,95460.37,95289.52,-170.84999999999127,5630.929999999964
2026-01-14 04:30:00,1,0.0,0.0,95289.52,95245.16,-44.36000000000058,5586.569999999963
2026-01-14 04:45:00,1,0.0,0.0,95245.16,95234.12,-11.040000000008149,5575.529999999955
2026-01-14 05:00:00,1,0.0,1.0,95234.12,95043.76,-190.36000000000058,5385.169999999955
2026-01-14 05:15:00,1,0.0,0.0,95043.76,95024.55,-19.20999999999185,5365.959999999963
2026-01-14 05:30:00,1,0.0,0.0,95024.55,95005.0,-19.55000000000291,5346.40999999996
2026-01-14 05:45:00,1,0.0,1.0,95005.0,94863.17,-141.83000000000175,5204.579999999958
2026-01-14 06:00:00,1,0.0,1.0,94863.17,94697.04,-166.13000000000466,5038.449999999953
2026-01-14 06:15:00,1,1.0,1.0,94697.04,94889.75,192.7100000000064,5231.15999999996
2026-01-14 06:30:00,1,1.0,1.0,94889.75,95028.87,139.11999999999534,5370.279999999955
2026-01-14 06:45:00,0,1.0,0.0,95028.87,95043.0,-14.130000000004657,5356.1499999999505
2026-01-14 07:00:00,0,0.0,1.0,95043.0,94935.14,107.86000000000058,5464.009999999951
2026-01-14 07:15:00,1,1.0,1.0,94935.14,95018.33,83.19000000000233,5547.199999999953
2026-01-14 07:30:00,0,1.0,1.0,95018.33,95205.1,-186.77000000000407,5360.429999999949
2026-01-14 07:45:00,0,1.0,1.0,95205.1,95267.02,-61.919999999998254,5298.509999999951
2026-01-14 08:00:00,0,0.0,1.0,95267.02,95170.3,96.72000000000116,5395.229999999952
2026-01-14 08:15:00,0,0.0,1.0,95170.3,94954.92,215.38000000000466,5610.609999999957
2026-01-14 08:30:00,1,0.0,1.0,94954.92,94900.01,-54.91000000000349,5555.699999999953
2026-01-14 08:45:00,1,1.0,1.0,94900.01,95086.51,186.5,5742.199999999953
2026-01-14 09:00:00,1,0.0,0.0,95086.51,95066.4,-20.110000000000582,5722.089999999953
2026-01-14 09:15:00,1,0.0,1.0,95066.4,95012.68,-53.720000000001164,5668.369999999952
2026-01-14 09:30:00,1,1.0,1.0,95012.68,95088.24,75.56000000001222,5743.929999999964
2026-01-14 09:45:00,1,1.0,1.0,95088.24,95173.0,84.75999999999476,5828.689999999959
2026-01-14 10:00:00,0,0.0,1.0,95173.0,95039.98,133.02000000000407,5961.709999999963
2026-01-14 10:15:00,1,1.0,1.0,95039.98,95100.0,60.020000000004075,6021.729999999967
2026-01-14 10:30:00,0,0.0,0.0,95100.0,95091.75,8.25,6029.979999999967
2026-01-14 10:45:00,1,0.0,1.0,95091.75,94926.19,-165.55999999999767,5864.419999999969
2026-01-14 11:00:00,1,1.0,1.0,94926.19,94977.16,50.970000000001164,5915.38999999997
2026-01-14 11:15:00,1,0.0,1.0,94977.16,94922.73,-54.43000000000757,5860.959999999963
2026-01-14 11:30:00,1,0.0,1.0,94922.73,94792.99,-129.7399999999907,5731.219999999972
2026-01-14 11:45:00,1,1.0,1.0,94792.99,95019.0,226.00999999999476,5957.229999999967
2026-01-14 12:00:00,1,1.0,1.0,95019.0,95079.53,60.529999999998836,6017.759999999966
2026-01-14 12:15:00,0,0.0,0.0,95079.53,95062.63,16.89999999999418,6034.65999999996
2026-01-14 12:30:00,1,1.0,0.0,95062.63,95077.56,14.929999999993015,6049.589999999953
2026-01-14 12:45:00,1,0.0,1.0,95077.56,94963.76,-113.80000000000291,5935.78999999995
2026-01-14 13:00:00,1,1.0,1.0,94963.76,95190.7,226.94000000000233,6162.729999999952
2026-01-14 13:15:00,0,0.0,1.0,95190.7,95073.04,117.66000000000349,6280.389999999956
2026-01-14 13:30:00,1,0.0,1.0,95073.04,94998.19,-74.84999999999127,6205.5399999999645
2026-01-14 13:45:00,1,1.0,1.0,94998.19,95476.56,478.36999999999534,6683.90999999996
2026-01-14 14:00:00,0,1.0,1.0,95476.56,95628.0,-151.44000000000233,6532.4699999999575
2026-01-14 14:15:00,0,1.0,1.0,95628.0,95862.12,-234.11999999999534,6298.349999999962
2026-01-14 14:30:00,0,1.0,1.0,95862.12,96493.15,-631.0299999999988,5667.319999999963
2026-01-14 14:45:00,0,1.0,1.0,96493.15,96943.01,-449.8600000000006,5217.459999999963
2026-01-14 15:00:00,0,0.0,1.0,96943.01,96745.76,197.25,5414.709999999963
2026-01-14 15:15:00,1,0.0,1.0,96745.76,96428.77,-316.9899999999907,5097.719999999972
2026-01-14 15:30:00,1,1.0,1.0,96428.77,96764.57,335.8000000000029,5433.519999999975
2026-01-14 15:45:00,0,1.0,1.0,96764.57,97374.47,-609.8999999999942,4823.619999999981
2026-01-14 16:00:00,0,0.0,1.0,97374.47,97248.37,126.10000000000582,4949.719999999987
2026-01-14 16:15:00,1,1.0,1.0,97248.37,97510.01,261.6399999999994,5211.359999999986
2026-01-14 16:30:00,0,0.0,1.0,97510.01,97293.24,216.76999999998952,5428.129999999976
2026-01-14 16:45:00,1,1.0,1.0,97293.24,97682.49,389.25,5817.379999999976
2026-01-14 17:00:00,0,0.0,1.0,97682.49,97544.01,138.48000000001048,5955.859999999986
2026-01-14 17:15:00,1,0.0,1.0,97544.01,97174.66,-369.34999999999127,5586.509999999995
2026-01-14 17:30:00,1,0.0,1.0,97174.66,96956.07,-218.5899999999965,5367.919999999998
2026-01-14 17:45:00,1,0.0,1.0,96956.07,96761.71,-194.36000000000058,5173.559999999998
2026-01-14 18:00:00,1,1.0,1.0,96761.71,97040.86,279.1499999999942,5452.709999999992
2026-01-14 18:15:00,1,0.0,1.0,97040.86,96376.8,-664.0599999999977,4788.649999999994
2026-01-14 18:30:00,1,1.0,1.0,96376.8,96806.55,429.75,5218.399999999994
2026-01-14 18:45:00,1,1.0,1.0,96806.55,96994.11,187.55999999999767,5405.959999999992
2026-01-14 19:00:00,0,1.0,1.0,96994.11,97561.58,-567.4700000000012,4838.489999999991
2026-01-14 19:15:00,0,0.0,1.0,97561.58,97356.01,205.57000000000698,5044.059999999998
2026-01-14 19:30:00,1,0.0,1.0,97356.01,97267.42,-88.58999999999651,4955.470000000001
2026-01-14 19:45:00,1,1.0,1.0,97267.42,97627.37,359.9499999999971,5315.419999999998
2026-01-14 20:00:00,0,0.0,1.0,97627.37,97338.51,288.8600000000006,5604.279999999999
2026-01-14 20:15:00,1,1.0,1.0,97338.51,97556.14,217.63000000000466,5821.9100000000035
2026-01-14 20:30:00,1,1.0,1.0,97556.14,97655.28,99.13999999999942,5921.050000000003
2026-01-14 20:45:00,0,0.0,1.0,97655.28,97496.19,159.0899999999965,6080.139999999999
2026-01-14 21:00:00,1,1.0,1.0,97496.19,97584.32,88.13000000000466,6168.270000000004
2026-01-14 21:15:00,1,0.0,1.0,97584.32,97507.28,-77.04000000000815,6091.229999999996
2026-01-14 21:30:00,1,1.0,1.0,97507.28,97564.0,56.720000000001164,6147.949999999997
2026-01-14 21:45:00,1,0.0,1.0,97564.0,97335.71,-228.2899999999936,5919.6600000000035
2026-01-14 22:00:00,1,0.0,0.0,97335.71,97324.28,-11.430000000007567,5908.229999999996
2026-01-14 22:15:00,1,0.0,1.0,97324.28,97028.01,-296.2700000000041,5611.959999999992
2026-01-14 22:30:00,1,0.0,1.0,97028.01,96878.34,-149.66999999999825,5462.289999999994
2026-01-14 22:45:00,1,1.0,1.0,96878.34,97246.0,367.6600000000035,5829.949999999997
2026-01-14 23:00:00,1,0.0,1.0,97246.0,96992.83,-253.16999999999825,5576.779999999999
2026-01-14 23:15:00,1,1.0,0.0,96992.83,97045.64,52.80999999999767,5629.5899999999965
2026-01-14 23:30:00,1,0.0,1.0,97045.64,96951.78,-93.86000000000058,5535.729999999996
2026-01-14 23:45:00,1,1.0,0.0,96951.78,96980.76,28.979999999995925,5564.709999999992
2026-01-15 00:00:00,1,0.0,1.0,96980.76,96724.74,-256.0199999999895,5308.690000000002
2026-01-15 00:15:00,1,0.0,1.0,96724.74,96596.43,-128.31000000001222,5180.37999999999
2026-01-15 00:30:00,1,1.0,1.0,96596.43,96658.03,61.60000000000582,5241.979999999996
2026-01-15 00:45:00,1,1.0,1.0,96658.03,96750.39,92.36000000000058,5334.3399999999965
2026-01-15 01:00:00,1,0.0,1.0,96750.39,96390.36,-360.02999999999884,4974.309999999998
2026-01-15 01:15:00,1,1.0,1.0,96390.36,96482.18,91.81999999999243,5066.12999999999
2026-01-15 01:30:00,1,0.0,0.0,96482.18,96445.31,-36.86999999999534,5029.259999999995
2026-01-15 01:45:00,1,0.0,1.0,96445.31,96382.89,-62.419999999998254,4966.8399999999965
2026-01-15 02:00:00,1,1.0,1.0,96382.89,96527.45,144.55999999999767,5111.399999999994
2026-01-15 02:15:00,1,0.0,1.0,96527.45,96325.28,-202.16999999999825,4909.229999999996
2026-01-15 02:30:00,1,1.0,0.0,96325.28,96339.91,14.630000000004657,4923.860000000001
2026-01-15 02:45:00,1,0.0,1.0,96339.91,96282.52,-57.38999999999942,4866.470000000001
2026-01-15 03:00:00,1,0.0,1.0,96282.52,95919.86,-362.6600000000035,4503.809999999998
2026-01-15 03:15:00,1,0.0,0.0,95919.86,95907.36,-12.5,4491.309999999998
2026-01-15 03:30:00,1,1.0,1.0,95907.36,95985.1,77.74000000000524,4569.050000000003
2026-01-15 03:45:00,1,1.0,1.0,95985.1,96074.3,89.19999999999709,4658.25
2026-01-15 04:00:00,1,1.0,1.0,96074.3,96244.04,169.7399999999907,4827.989999999991
2026-01-15 04:15:00,0,0.0,0.0,96244.04,96235.58,8.459999999991851,4836.4499999999825
2026-01-15 04:30:00,0,1.0,1.0,96235.58,96316.27,-80.69000000000233,4755.75999999998
2026-01-15 04:45:00,0,0.0,0.0,96316.27,96267.93,48.34000000001106,4804.099999999991
2026-01-15 05:00:00,1,0.0,0.0,96267.93,96249.9,-18.029999999998836,4786.069999999992
2026-01-15 05:15:00,1,1.0,1.0,96249.9,96435.05,185.15000000000873,4971.220000000001
2026-01-15 05:30:00,1,0.0,0.0,96435.05,96429.71,-5.3399999999965075,4965.880000000005
2026-01-15 05:45:00,1,1.0,0.0,96429.71,96446.09,16.379999999990105,4982.259999999995
2026-01-15 06:00:00,1,1.0,1.0,96446.09,96501.11,55.020000000004075,5037.279999999999
2026-01-15 06:15:00,0,0.0,1.0,96501.11,96201.48,299.63000000000466,5336.9100000000035
2026-01-15 06:30:00,1,1.0,0.0,96201.48,96243.78,42.30000000000291,5379.210000000006
2026-01-15 06:45:00,0,0.0,0.0,96243.78,96214.04,29.74000000000524,5408.950000000012
2026-01-15 07:00:00,1,1.0,1.0,96214.04,96478.28,264.24000000000524,5673.190000000017
2026-01-15 07:15:00,0,1.0,1.0,96478.28,96595.26,-116.97999999999593,5556.210000000021
2026-01-15 07:30:00,0,1.0,0.0,96595.26,96630.48,-35.220000000001164,5520.99000000002
2026-01-15 07:45:00,0,0.0,1.0,96630.48,96474.41,156.06999999999243,5677.060000000012
2026-01-15 08:00:00,1,0.0,1.0,96474.41,96370.14,-104.27000000000407,5572.790000000008
2026-01-15 08:15:00,1,1.0,1.0,96370.14,96433.66,63.520000000004075,5636.310000000012
2026-01-15 08:30:00,1,1.0,1.0,96433.66,96643.0,209.3399999999965,5845.650000000009
2026-01-15 08:45:00,0,0.0,1.0,96643.0,96587.88,55.11999999999534,5900.770000000004
2026-01-15 09:00:00,1,1.0,1.0,96587.88,96754.27,166.38999999999942,6067.1600000000035
2026-01-15 09:15:00,1,1.0,1.0,96754.27,97080.4,326.1299999999901,6393.289999999994
2026-01-15 09:30:00,0,0.0,0.0,97080.4,97040.75,39.64999999999418,6432.939999999988
2026-01-15 09:45:00,1,0.0,1.0,97040.75,96861.07,-179.67999999999302,6253.259999999995
2026-01-15 10:00:00,1,0.0,1.0,96861.07,96786.74,-74.33000000000175,6178.929999999993
2026-01-15 10:15:00,1,0.0,0.0,96786.74,96772.91,-13.830000000001746,6165.099999999991
2026-01-15 10:30:00,1,1.0,0.0,96772.91,96818.68,45.76999999998952,6210.869999999981
2026-01-15 10:45:00,1,0.0,1.0,96818.68,96756.97,-61.70999999999185,6149.159999999989
2026-01-15 11:00:00,1,1.0,1.0,96756.97,96875.14,118.16999999999825,6267.329999999987
2026-01-15 11:15:00,1,0.0,1.0,96875.14,96690.68,-184.4600000000064,6082.869999999981
2026-01-15 11:30:00,1,0.0,1.0,96690.68,96581.08,-109.59999999999127,5973.2699999999895
2026-01-15 11:45:00,1,1.0,1.0,96581.08,96674.64,93.55999999999767,6066.829999999987
2026-01-15 12:00:00,1,0.0,0.0,96674.64,96636.14,-38.5,6028.329999999987
2026-01-15 12:15:00,1,1.0,1.0,96636.14,96746.99,110.85000000000582,6139.179999999993
2026-01-15 12:30:00,1,1.0,1.0,96746.99,96981.65,234.65999999998894,6373.839999999982
2026-01-15 12:45:00,0,0.0,1.0,96981.65,96865.95,115.69999999999709,6489.539999999979
2026-01-15 13:00:00,1,1.0,1.0,96865.95,96927.36,61.41000000000349,6550.9499999999825
2026-01-15 13:15:00,1,0.0,1.0,96927.36,96774.92,-152.44000000000233,6398.50999999998
2026-01-15 13:30:00,1,1.0,1.0,96774.92,96846.75,71.83000000000175,6470.339999999982
2026-01-15 13:45:00,1,1.0,1.0,96846.75,97139.27,292.5200000000041,6762.859999999986
2026-01-15 14:00:00,0,0.0,1.0,97139.27,96788.27,351.0,7113.859999999986
2026-01-15 14:15:00,1,0.0,1.0,96788.27,95825.51,-962.7600000000093,6151.099999999977
2026-01-15 14:30:00,1,1.0,1.0,95825.51,96063.43,237.91999999999825,6389.019999999975
2026-01-15 14:45:00,1,1.0,1.0,96063.43,96260.23,196.8000000000029,6585.819999999978
2026-01-15 15:00:00,1,0.0,1.0,96260.23,95894.83,-365.3999999999942,6220.419999999984
2026-01-15 15:15:00,1,0.0,0.0,95894.83,95880.69,-14.139999999999418,6206.279999999984
2026-01-15 15:30:00,1,1.0,1.0,95880.69,96737.04,856.3499999999913,7062.629999999976
2026-01-15 15:45:00,1,0.0,1.0,96737.04,96377.92,-359.11999999999534,6703.50999999998
2026-01-15 16:00:00,1,1.0,0.0,96377.92,96427.08,49.16000000000349,6752.669999999984
2026-01-15 16:15:00,1,1.0,1.0,96427.08,96793.52,366.4400000000023,7119.109999999986
2026-01-15 16:30:00,1,0.0,0.0,96793.52,96738.51,-55.01000000000931,7064.099999999977
2026-01-15 16:45:00,1,0.0,1.0,96738.51,96502.6,-235.90999999998894,6828.189999999988
2026-01-15 17:00:00,1,1.0,1.0,96502.6,96742.61,240.00999999999476,7068.1999999999825
2026-01-15 17:15:00,1,1.0,1.0,96742.61,96953.4,210.7899999999936,7278.989999999976
2026-01-15 17:30:00,0,0.0,1.0,96953.4,96636.35,317.04999999998836,7596.0399999999645
2026-01-15 17:45:00,1,0.0,1.0,96636.35,96258.36,-377.99000000000524,7218.049999999959
2026-01-15 18:00:00,1,0.0,1.0,96258.36,96174.11,-84.25,7133.799999999959
2026-01-15 18:15:00,1,0.0,1.0,96174.11,96022.46,-151.64999999999418,6982.149999999965
2026-01-15 18:30:00,1,0.0,1.0,96022.46,95835.0,-187.4600000000064,6794.689999999959
2026-01-15 18:45:00,1,0.0,0.0,95835.0,95789.45,-45.55000000000291,6749.139999999956
2026-01-15 19:00:00,1,0.0,1.0,95789.45,95505.35,-284.09999999999127,6465.0399999999645
2026-01-15 19:15:00,1,0.0,1.0,95505.35,95408.01,-97.34000000001106,6367.699999999953
2026-01-15 19:30:00,1,1.0,1.0,95408.01,95516.01,108.0,6475.699999999953
2026-01-15 19:45:00,1,1.0,0.0,95516.01,95547.52,31.510000000009313,6507.209999999963
2026-01-15 20:00:00,1,0.0,1.0,95547.52,95198.86,-348.6600000000035,6158.549999999959
2026-01-15 20:15:00,1,1.0,1.0,95198.86,95270.44,71.58000000000175,6230.129999999961
2026-01-15 20:30:00,1,0.0,0.0,95270.44,95260.67,-9.770000000004075,6220.359999999957
2026-01-15 20:45:00,1,1.0,1.0,95260.67,95327.25,66.58000000000175,6286.939999999959
2026-01-15 21:00:00,1,1.0,1.0,95327.25,95439.06,111.80999999999767,6398.749999999956
2026-01-15 21:15:00,0,1.0,1.0,95439.06,95495.57,-56.51000000000931,6342.239999999947
2026-01-15 21:30:00,0,1.0,1.0,95495.57,95584.35,-88.77999999999884,6253.459999999948
2026-01-15 21:45:00,0,0.0,0.0,95584.35,95562.76,21.59000000001106,6275.049999999959
2026-01-15 22:00:00,1,1.0,1.0,95562.76,95706.59,143.83000000000175,6418.879999999961
2026-01-15 22:15:00,0,0.0,0.0,95706.59,95668.96,37.629999999990105,6456.509999999951
2026-01-15 22:30:00,1,0.0,1.0,95668.96,95583.87,-85.09000000001106,6371.41999999994
2026-01-15 22:45:00,1,1.0,0.0,95583.87,95602.07,18.20000000001164,6389.619999999952
2026-01-15 23:00:00,1,0.0,0.0,95602.07,95567.99,-34.080000000001746,6355.53999999995
2026-01-15 23:15:00,1,0.0,0.0,95567.99,95513.54,-54.45000000001164,6301.089999999938
2026-01-15 23:30:00,1,1.0,1.0,95513.54,95604.8,91.26000000000931,6392.349999999948
2026-01-15 23:45:00,1,1.0,1.0,95604.8,95671.96,67.16000000000349,6459.509999999951
2026-01-16 00:00:00,0,1.0,0.0,95671.96,95694.0,-22.039999999993597,6437.4699999999575
2026-01-16 00:15:00,0,1.0,1.0,95694.0,95813.06,-119.05999999999767,6318.40999999996
2026-01-16 00:30:00,0,0.0,1.0,95813.06,95633.5,179.55999999999767,6497.9699999999575
2026-01-16 00:45:00,1,0.0,1.0,95633.5,95473.58,-159.91999999999825,6338.049999999959
2026-01-16 01:00:00,1,1.0,1.0,95473.58,95646.83,173.25,6511.299999999959
2026-01-16 01:15:00,1,0.0,0.0,95646.83,95644.23,-2.6000000000058208,6508.699999999953
2026-01-16 01:30:00,1,1.0,0.0,95644.23,95664.18,19.94999999999709,6528.6499999999505
2026-01-16 01:45:00,1,0.0,1.0,95664.18,95473.28,-190.89999999999418,6337.749999999956
2026-01-16 02:00:00,1,1.0,1.0,95473.28,95676.63,203.35000000000582,6541.099999999962
2026-01-16 02:15:00,1,0.0,1.0,95676.63,95480.66,-195.97000000000116,6345.129999999961
2026-01-16 02:30:00,1,1.0,0.0,95480.66,95504.4,23.739999999990687,6368.869999999952
2026-01-16 02:45:00,1,1.0,1.0,95504.4,95571.08,66.68000000000757,6435.549999999959
2026-01-16 03:00:00,0,0.0,1.0,95571.08,95505.01,66.07000000000698,6501.619999999966
2026-01-16 03:15:00,1,0.0,0.0,95505.01,95453.24,-51.76999999998952,6449.849999999977
2026-01-16 03:30:00,1,0.0,1.0,95453.24,95354.69,-98.55000000000291,6351.299999999974
2026-01-16 03:45:00,1,1.0,1.0,95354.69,95434.93,80.23999999999069,6431.5399999999645
2026-01-16 04:00:00,1,0.0,0.0,95434.93,95400.03,-34.89999999999418,6396.63999999997
2026-01-16 04:15:00,1,0.0,1.0,95400.03,95232.6,-167.42999999999302,6229.209999999977
2026-01-16 04:30:00,1,1.0,0.0,95232.6,95261.29,28.689999999987776,6257.899999999965
2026-01-16 04:45:00,1,1.0,1.0,95261.29,95409.59,148.3000000000029,6406.199999999968
2026-01-16 05:00:00,0,0.0,1.0,95409.59,95299.71,109.8799999999901,6516.079999999958
2026-01-16 05:15:00,1,1.0,1.0,95299.71,95592.59,292.8799999999901,6808.959999999948
2026-01-16 05:30:00,1,1.0,1.0,95592.59,95660.37,67.77999999999884,6876.739999999947
2026-01-16 05:45:00,0,0.0,0.0,95660.37,95607.35,53.01999999998952,6929.759999999937
2026-01-16 06:00:00,1,1.0,0.0,95607.35,95657.67,50.31999999999243,6980.079999999929
2026-01-16 06:15:00,0,1.0,0.0,95657.67,95704.75,-47.080000000001746,6932.999999999927
2026-01-16 06:30:00,0,1.0,0.0,95704.75,95741.21,-36.4600000000064,6896.539999999921
2026-01-16 06:45:00,0,0.0,0.0,95741.21,95691.42,49.79000000000815,6946.329999999929
2026-01-16 07:00:00,1,0.0,1.0,95691.42,95587.64,-103.77999999999884,6842.54999999993
2026-01-16 07:15:00,1,0.0,1.0,95587.64,95489.61,-98.02999999999884,6744.519999999931
2026-01-16 07:30:00,1,1.0,1.0,95489.61,95653.16,163.5500000000029,6908.069999999934
2026-01-16 07:45:00,1,1.0,1.0,95653.16,95712.25,59.08999999999651,6967.159999999931
2026-01-16 08:00:00,0,1.0,1.0,95712.25,95806.75,-94.5,6872.659999999931
2026-01-16 08:15:00,0,0.0,0.0,95806.75,95781.43,25.320000000006985,6897.979999999938
2026-01-16 08:30:00,1,0.0,1.0,95781.43,95676.0,-105.42999999999302,6792.549999999945
2026-01-16 08:45:00,1,1.0,0.0,95676.0,95700.0,24.0,6816.549999999945
2026-01-16 09:00:00,0,1.0,0.0,95700.0,95718.95,-18.94999999999709,6797.599999999948
2026-01-16 09:15:00,0,0.0,1.0,95718.95,95662.13,56.81999999999243,6854.41999999994
2026-01-16 09:30:00,1,0.0,0.0,95662.13,95613.53,-48.60000000000582,6805.819999999934
2026-01-16 09:45:00,1,0.0,0.0,95613.53,95564.73,-48.80000000000291,6757.019999999931
2026-01-16 10:00:00,1,0.0,1.0,95564.73,95431.06,-133.66999999999825,6623.349999999933
2026-01-16 10:15:00,1,0.0,0.0,95431.06,95385.45,-45.61000000000058,6577.7399999999325
2026-01-16 10:30:00,1,0.0,1.0,95385.45,95307.35,-78.09999999999127,6499.639999999941
2026-01-16 10:45:00,1,1.0,0.0,95307.35,95311.69,4.3399999999965075,6503.979999999938
2026-01-16 11:00:00,1,1.0,0.0,95311.69,95351.38,39.69000000000233,6543.66999999994
2026-01-16 11:15:00,1,0.0,0.0,95351.38,95317.04,-34.34000000001106,6509.329999999929
2026-01-16 11:30:00,1,1.0,1.0,95317.04,95429.09,112.05000000000291,6621.379999999932
2026-01-16 11:45:00,1,1.0,0.0,95429.09,95477.81,48.720000000001164,6670.099999999933
2026-01-16 12:00:00,0,1.0,1.0,95477.81,95568.98,-91.16999999999825,6578.929999999935
2026-01-16 12:15:00,0,0.0,1.0,95568.98,95497.73,71.25,6650.179999999935
2026-01-16 12:30:00,1,0.0,0.0,95497.73,95458.55,-39.179999999993015,6610.999999999942
2026-01-16 12:45:00,1,1.0,1.0,95458.55,95530.0,71.44999999999709,6682.449999999939
2026-01-16 13:00:00,0,1.0,0.0,95530.0,95533.25,-3.25,6679.199999999939
2026-01-16 13:15:00,0,0.0,1.0,95533.25,95421.75,111.5,6790.699999999939
2026-01-16 13:30:00,1,1.0,0.0,95421.75,95448.87,27.119999999995343,6817.819999999934
2026-01-16 13:45:00,0,1.0,0.0,95448.87,95459.44,-10.570000000006985,6807.249999999927
2026-01-16 14:00:00,0,1.0,1.0,95459.44,95714.1,-254.6600000000035,6552.589999999924
2026-01-16 14:15:00,0,0.0,1.0,95714.1,95232.6,481.5,7034.089999999924
2026-01-16 14:30:00,1,0.0,0.0,95232.6,95192.36,-40.24000000000524,6993.8499999999185
2026-01-16 14:45:00,1,1.0,1.0,95192.36,95574.91,382.5500000000029,7376.399999999921
2026-01-16 15:00:00,0,0.0,1.0,95574.91,94721.91,853.0,8229.399999999921
2026-01-16 15:15:00,1,0.0,1.0,94721.91,94535.16,-186.75,8042.649999999921
2026-01-16 15:30:00,1,1.0,0.0,94535.16,94585.98,50.81999999999243,8093.469999999914
2026-01-16 15:45:00,0,1.0,1.0,94585.98,94789.96,-203.98000000001048,7889.489999999903
2026-01-16 16:00:00,0,1.0,1.0,94789.96,94870.05,-80.08999999999651,7809.399999999907
2026-01-16 16:15:00,0,1.0,0.0,94870.05,94900.0,-29.94999999999709,7779.44999999991
2026-01-16 16:30:00,0,0.0,0.0,94900.0,94872.55,27.44999999999709,7806.899999999907
2026-01-16 16:45:00,0,0.0,1.0,94872.55,94796.01,76.54000000000815,7883.439999999915
2026-01-16 17:00:00,1,0.0,0.0,94796.01,94761.66,-34.34999999999127,7849.089999999924
2026-01-16 17:15:00,1,1.0,1.0,94761.66,94923.06,161.39999999999418,8010.489999999918
2026-01-16 17:30:00,0,1.0,1.0,94923.06,95076.08,-153.02000000000407,7857.469999999914
2026-01-16 17:45:00,0,0.0,0.0,95076.08,95063.03,13.05000000000291,7870.519999999917
2026-01-16 18:00:00,0,1.0,1.0,95063.03,95209.27,-146.24000000000524,7724.2799999999115
2026-01-16 18:15:00,0,0.0,1.0,95209.27,95137.24,72.02999999999884,7796.30999999991
2026-01-16 18:30:00,0,0.0,1.0,95137.24,95001.19,136.0500000000029,7932.359999999913
2026-01-16 18:45:00,1,0.0,0.0,95001.19,94980.99,-20.19999999999709,7912.159999999916
2026-01-16 19:00:00,1,0.0,1.0,94980.99,94861.39,-119.60000000000582,7792.55999999991
2026-01-16 19:15:00,1,1.0,1.0,94861.39,94948.47,87.08000000000175,7879.639999999912
2026-01-16 19:30:00,0,1.0,0.0,94948.47,95002.09,-53.61999999999534,7826.019999999917
2026-01-16 19:45:00,0,0.0,1.0,95002.09,94880.54,121.55000000000291,7947.56999999992
2026-01-16 20:00:00,0,1.0,1.0,94880.54,95118.13,-237.59000000001106,7709.979999999909
2026-01-16 20:15:00,0,1.0,1.0,95118.13,95250.02,-131.88999999999942,7578.089999999909
2026-01-16 20:30:00,0,1.0,1.0,95250.02,95553.6,-303.58000000000175,7274.509999999907
2026-01-16 20:45:00,0,0.0,1.0,95553.6,95416.01,137.59000000001106,7412.0999999999185
2026-01-16 21:00:00,0,1.0,0.0,95416.01,95423.14,-7.130000000004657,7404.969999999914
2026-01-16 21:15:00,0,1.0,1.0,95423.14,95551.1,-127.9600000000064,7277.009999999907
2026-01-16 21:30:00,0,0.0,0.0,95551.1,95523.52,27.580000000001746,7304.589999999909
2026-01-16 21:45:00,0,0.0,1.0,95523.52,95383.94,139.58000000000175,7444.169999999911
2026-01-16 22:00:00,1,0.0,0.0,95383.94,95371.64,-12.30000000000291,7431.869999999908
2026-01-16 22:15:00,1,1.0,0.0,95371.64,95419.54,47.89999999999418,7479.769999999902
2026-01-16 22:30:00,0,1.0,1.0,95419.54,95514.0,-94.4600000000064,7385.309999999896
2026-01-16 22:45:00,0,1.0,0.0,95514.0,95526.16,-12.160000000003492,7373.149999999892
2026-01-16 23:00:00,0,1.0,0.0,95526.16,95557.0,-30.839999999996508,7342.309999999896
2026-01-16 23:15:00,0,0.0,1.0,95557.0,95461.38,95.61999999999534,7437.929999999891
2026-01-16 23:30:00,0,1.0,1.0,95461.38,95550.94,-89.55999999999767,7348.3699999998935
2026-01-16 23:45:00,0,0.0,0.0,95550.94,95538.68,12.260000000009313,7360.629999999903
2026-01-17 00:00:00,0,0.0,1.0,95538.68,95479.43,59.25,7419.879999999903
2026-01-17 00:15:00,1,0.0,0.0,95479.43,95470.95,-8.479999999995925,7411.399999999907
2026-01-17 00:30:00,1,0.0,0.0,95470.95,95465.97,-4.9799999999959255,7406.419999999911
2026-01-17 00:45:00,1,0.0,0.0,95465.97,95453.96,-12.009999999994761,7394.409999999916
2026-01-17 01:00:00,1,1.0,0.0,95453.96,95472.74,18.779999999998836,7413.189999999915
2026-01-17 01:15:00,1,0.0,1.0,95472.74,95402.75,-69.99000000000524,7343.19999999991
2026-01-17 01:30:00,1,0.0,0.0,95402.75,95399.93,-2.820000000006985,7340.379999999903
2026-01-17 01:45:00,1,0.0,1.0,95399.93,95284.56,-115.36999999999534,7225.009999999907
2026-01-17 02:00:00,1,1.0,0.0,95284.56,95290.3,5.740000000005239,7230.749999999913
2026-01-17 02:15:00,1,1.0,0.0,95290.3,95314.57,24.270000000004075,7255.019999999917
2026-01-17 02:30:00,0,1.0,1.0,95314.57,95371.35,-56.779999999998836,7198.239999999918
2026-01-17 02:45:00,0,0.0,1.0,95371.35,95311.64,59.7100000000064,7257.949999999924
2026-01-17 03:00:00,0,1.0,0.0,95311.64,95330.96,-19.320000000006985,7238.629999999917
2026-01-17 03:15:00,0,1.0,0.0,95330.96,95332.85,-1.889999999999418,7236.739999999918
2026-01-17 03:30:00,0,1.0,0.0,95332.85,95372.95,-40.09999999999127,7196.639999999927
2026-01-17 03:45:00,0,0.0,0.0,95372.95,95325.96,46.98999999999069,7243.629999999917
2026-01-17 04:00:00,0,1.0,0.0,95325.96,95334.52,-8.559999999997672,7235.06999999992
2026-01-17 04:15:00,0,0.0,0.0,95334.52,95334.45,0.07000000000698492,7235.139999999927
2026-01-17 04:30:00,0,0.0,0.0,95334.45,95303.64,30.80999999999767,7265.949999999924
2026-01-17 04:45:00,0,0.0,0.0,95303.64,95281.39,22.25,7288.199999999924
2026-01-17 05:00:00,1,1.0,0.0,95281.39,95322.94,41.55000000000291,7329.749999999927
2026-01-17 05:15:00,0,0.0,0.0,95322.94,95314.83,8.110000000000582,7337.859999999928
2026-01-17 05:30:00,0,1.0,0.0,95314.83,95323.67,-8.839999999996508,7329.019999999931
2026-01-17 05:45:00,0,0.0,1.0,95323.67,95240.89,82.77999999999884,7411.79999999993
2026-01-17 06:00:00,1,0.0,0.0,95240.89,95223.23,-17.660000000003492,7394.139999999927
2026-01-17 06:15:00,1,1.0,0.0,95223.23,95268.01,44.779999999998836,7438.9199999999255
2026-01-17 06:30:00,0,0.0,0.0,95268.01,95240.07,27.939999999987776,7466.859999999913
2026-01-17 06:45:00,1,0.0,1.0,95240.07,95125.18,-114.89000000001397,7351.969999999899
2026-01-17 07:00:00,1,1.0,1.0,95125.18,95176.61,51.43000000000757,7403.399999999907
2026-01-17 07:15:00,0,0.0,0.0,95176.61,95142.24,34.36999999999534,7437.769999999902
2026-01-17 07:30:00,1,0.0,0.0,95142.24,95101.67,-40.570000000006985,7397.199999999895
2026-01-17 07:45:00,1,1.0,1.0,95101.67,95172.1,70.43000000000757,7467.629999999903
2026-01-17 08:00:00,1,1.0,0.0,95172.1,95215.3,43.19999999999709,7510.8299999999
2026-01-17 08:15:00,0,1.0,0.0,95215.3,95215.31,-0.00999999999476131,7510.819999999905
2026-01-17 08:30:00,0,1.0,0.0,95215.31,95247.51,-32.19999999999709,7478.619999999908
2026-01-17 08:45:00,0,0.0,0.0,95247.51,95209.79,37.720000000001164,7516.339999999909
2026-01-17 09:00:00,0,1.0,0.0,95209.79,95221.36,-11.570000000006985,7504.769999999902
2026-01-17 09:15:00,0,1.0,0.0,95221.36,95266.72,-45.36000000000058,7459.409999999902
2026-01-17 09:30:00,0,0.0,0.0,95266.72,95260.65,6.070000000006985,7465.479999999909
2026-01-17 09:45:00,0,0.0,0.0,95260.65,95254.25,6.399999999994179,7471.879999999903
2026-01-17 10:00:00,1,0.0,0.0,95254.25,95236.03,-18.220000000001164,7453.659999999902
2026-01-17 10:15:00,1,0.0,1.0,95236.03,95167.98,-68.05000000000291,7385.609999999899
2026-01-17 10:30:00,1,0.0,1.0,95167.98,95116.48,-51.5,7334.109999999899
2026-01-17 10:45:00,1,1.0,0.0,95116.48,95121.79,5.309999999997672,7339.419999999896
2026-01-17 11:00:00,1,1.0,1.0,95121.79,95299.59,177.8000000000029,7517.219999999899
2026-01-17 11:15:00,0,1.0,0.0,95299.59,95319.04,-19.44999999999709,7497.769999999902
2026-01-17 11:30:00,0,1.0,0.0,95319.04,95323.86,-4.820000000006985,7492.949999999895
2026-01-17 11:45:00,0,1.0,0.0,95323.86,95362.25,-38.38999999999942,7454.559999999896
2026-01-17 12:00:00,0,0.0,1.0,95362.25,95270.24,92.00999999999476,7546.569999999891
2026-01-17 12:15:00,0,0.0,0.0,95270.24,95267.5,2.7400000000052387,7549.309999999896
2026-01-17 12:30:00,0,0.0,0.0,95267.5,95251.15,16.35000000000582,7565.659999999902
2026-01-17 12:45:00,1,0.0,0.0,95251.15,95244.54,-6.610000000000582,7559.049999999901
2026-01-17 13:00:00,1,1.0,1.0,95244.54,95369.64,125.10000000000582,7684.149999999907
2026-01-17 13:15:00,0,1.0,1.0,95369.64,95433.12,-63.479999999995925,7620.669999999911
2026-01-17 13:30:00,0,1.0,0.0,95433.12,95438.32,-5.2000000000116415,7615.469999999899
2026-01-17 13:45:00,0,0.0,0.0,95438.32,95432.98,5.3400000000110595,7620.80999999991
2026-01-17 14:00:00,0,1.0,0.0,95432.98,95476.38,-43.40000000000873,7577.409999999902
2026-01-17 14:15:00,0,0.0,0.0,95476.38,95451.03,25.35000000000582,7602.759999999907
2026-01-17 14:30:00,0,1.0,0.0,95451.03,95471.18,-20.14999999999418,7582.609999999913
2026-01-17 14:45:00,0,1.0,0.0,95471.18,95500.01,-28.830000000001746,7553.7799999999115
2026-01-17 15:00:00,0,1.0,0.0,95500.01,95513.6,-13.59000000001106,7540.1899999999005
2026-01-17 15:15:00,0,1.0,1.0,95513.6,95584.24,-70.63999999999942,7469.549999999901
2026-01-17 15:30:00,0,0.0,0.0,95584.24,95573.64,10.60000000000582,7480.149999999907
2026-01-17 15:45:00,0,0.0,1.0,95573.64,95499.82,73.81999999999243,7553.969999999899
2026-01-17 16:00:00,1,0.0,0.0,95499.82,95471.7,-28.120000000009895,7525.849999999889
2026-01-17 16:15:00,1,0.0,1.0,95471.7,95388.08,-83.61999999999534,7442.229999999894
2026-01-17 16:30:00,1,0.0,1.0,95388.08,95315.23,-72.85000000000582,7369.379999999888
2026-01-17 16:45:00,1,1.0,1.0,95315.23,95363.8,48.570000000006985,7417.949999999895
2026-01-17 17:00:00,1,1.0,1.0,95363.8,95412.86,49.05999999999767,7467.009999999893
2026-01-17 17:15:00,0,1.0,0.0,95412.86,95436.32,-23.460000000006403,7443.5499999998865
2026-01-17 17:30:00,0,0.0,1.0,95436.32,95357.24,79.08000000000175,7522.629999999888
2026-01-17 17:45:00,0,1.0,1.0,95357.24,95437.19,-79.94999999999709,7442.679999999891
2026-01-17 18:00:00,0,1.0,0.0,95437.19,95455.2,-18.00999999999476,7424.669999999896
2026-01-17 18:15:00,0,0.0,0.0,95455.2,95440.84,14.360000000000582,7439.029999999897
2026-01-17 18:30:00,0,0.0,0.0,95440.84,95428.25,12.589999999996508,7451.6199999998935
2026-01-17 18:45:00,1,0.0,0.0,95428.25,95393.17,-35.080000000001746,7416.539999999892
2026-01-17 19:00:00,1,0.0,1.0,95393.17,95336.63,-56.5399999999936,7359.999999999898
2026-01-17 19:15:00,1,0.0,0.0,95336.63,95299.7,-36.93000000000757,7323.069999999891
2026-01-17 19:30:00,1,0.0,0.0,95299.7,95291.38,-8.319999999992433,7314.749999999898
2026-01-17 19:45:00,1,0.0,0.0,95291.38,95291.37,-0.010000000009313226,7314.739999999889
2026-01-17 20:00:00,1,1.0,1.0,95291.37,95331.96,40.59000000001106,7355.3299999999
2026-01-17 20:15:00,0,0.0,0.0,95331.96,95316.5,15.460000000006403,7370.789999999906
2026-01-17 20:30:00,1,1.0,1.0,95316.5,95378.18,61.679999999993015,7432.469999999899
2026-01-17 20:45:00,0,0.0,0.0,95378.18,95346.08,32.09999999999127,7464.569999999891
2026-01-17 21:00:00,1,1.0,0.0,95346.08,95368.89,22.80999999999767,7487.379999999888
2026-01-17 21:15:00,0,0.0,1.0,95368.89,95288.26,80.63000000000466,7568.009999999893
2026-01-17 21:30:00,1,1.0,0.0,95288.26,95302.94,14.680000000007567,7582.6899999999005
2026-01-17 21:45:00,0,0.0,1.0,95302.94,95188.0,114.94000000000233,7697.629999999903
2026-01-17 22:00:00,1,0.0,0.0,95188.0,95175.01,-12.990000000005239,7684.639999999898
2026-01-17 22:15:00,1,0.0,0.0,95175.01,95145.34,-29.669999999998254,7654.969999999899
2026-01-17 22:30:00,1,1.0,0.0,95145.34,95170.97,25.630000000004657,7680.599999999904
2026-01-17 22:45:00,0,1.0,0.0,95170.97,95187.45,-16.479999999995925,7664.119999999908
2026-01-17 23:00:00,0,0.0,1.0,95187.45,95134.66,52.7899999999936,7716.909999999902
2026-01-17 23:15:00,1,1.0,0.0,95134.66,95157.07,22.410000000003492,7739.319999999905
2026-01-17 23:30:00,0,0.0,0.0,95157.07,95147.77,9.30000000000291,7748.619999999908
2026-01-17 23:45:00,0,1.0,1.0,95147.77,95190.86,-43.08999999999651,7705.5299999999115
2026-01-18 00:00:00,0,1.0,0.0,95190.86,95199.68,-8.819999999992433,7696.709999999919
2026-01-18 00:15:00,0,0.0,1.0,95199.68,95140.68,59.0,7755.709999999919
2026-01-18 00:30:00,0,0.0,0.0,95140.68,95112.47,28.20999999999185,7783.919999999911
2026-01-18 00:45:00,1,0.0,1.0,95112.47,94950.04,-162.43000000000757,7621.489999999903
2026-01-18 01:00:00,1,1.0,1.0,94950.04,95035.73,85.69000000000233,7707.179999999906
2026-01-18 01:15:00,0,0.0,1.0,95035.73,94988.98,46.75,7753.929999999906
2026-01-18 01:30:00,1,0.0,0.0,94988.98,94966.9,-22.080000000001746,7731.849999999904
2026-01-18 01:45:00,1,1.0,1.0,94966.9,95013.73,46.830000000001746,7778.679999999906
2026-01-18 02:00:00,0,1.0,0.0,95013.73,95016.34,-2.610000000000582,7776.069999999905
2026-01-18 02:15:00,0,0.0,1.0,95016.34,94963.69,52.64999999999418,7828.719999999899
2026-01-18 02:30:00,1,1.0,1.0,94963.69,95022.01,58.31999999999243,7887.039999999892
2026-01-18 02:45:00,0,1.0,1.0,95022.01,95063.29,-41.279999999998836,7845.759999999893
2026-01-18 03:00:00,0,1.0,1.0,95063.29,95135.54,-72.25,7773.509999999893
2026-01-18 03:15:00,0,1.0,0.0,95135.54,95159.07,-23.530000000013388,7749.9799999998795
2026-01-18 03:30:00,0,1.0,1.0,95159.07,95200.29,-41.21999999998661,7708.759999999893
2026-01-18 03:45:00,0,0.0,0.0,95200.29,95168.0,32.2899999999936,7741.0499999998865
2026-01-18 04:00:00,0,0.0,1.0,95168.0,95103.49,64.50999999999476,7805.559999999881
2026-01-18 04:15:00,1,1.0,0.0,95103.49,95105.1,1.610000000000582,7807.169999999882
2026-01-18 04:30:00,0,0.0,0.0,95105.1,95095.68,9.420000000012806,7816.589999999895
2026-01-18 04:45:00,0,1.0,0.0,95095.68,95096.0,-0.3200000000069849,7816.269999999888
2026-01-18 05:00:00,0,1.0,1.0,95096.0,95142.55,-46.55000000000291,7769.719999999885
2026-01-18 05:15:00,0,1.0,0.0,95142.55,95178.36,-35.80999999999767,7733.909999999887
2026-01-18 05:30:00,0,1.0,0.0,95178.36,95188.55,-10.190000000002328,7723.719999999885
2026-01-18 05:45:00,0,0.0,0.0,95188.55,95178.33,10.220000000001164,7733.939999999886
2026-01-18 06:00:00,0,1.0,0.0,95178.33,95187.63,-9.30000000000291,7724.639999999883
2026-01-18 06:15:00,0,0.0,0.0,95187.63,95186.3,1.3300000000017462,7725.969999999885
2026-01-18 06:30:00,0,0.0,0.0,95186.3,95171.43,14.870000000009895,7740.839999999895
2026-01-18 06:45:00,0,0.0,1.0,95171.43,95080.51,90.91999999999825,7831.759999999893
2026-01-18 07:00:00,1,1.0,0.0,95080.51,95101.99,21.480000000010477,7853.239999999903
2026-01-18 07:15:00,0,0.0,1.0,95101.99,95035.08,66.91000000000349,7920.149999999907
2026-01-18 07:30:00,1,0.0,0.0,95035.08,95028.27,-6.809999999997672,7913.339999999909
2026-01-18 07:45:00,1,1.0,0.0,95028.27,95048.26,19.989999999990687,7933.3299999999
2026-01-18 08:00:00,1,1.0,1.0,95048.26,95109.0,60.74000000000524,7994.069999999905
2026-01-18 08:15:00,0,1.0,1.0,95109.0,95162.73,-53.729999999995925,7940.339999999909
2026-01-18 08:30:00,0,1.0,0.0,95162.73,95183.93,-21.19999999999709,7919.139999999912
2026-01-18 08:45:00,0,1.0,0.0,95183.93,95185.0,-1.070000000006985,7918.069999999905
2026-01-18 09:00:00,0,1.0,0.0,95185.0,95186.3,-1.3000000000029104,7916.769999999902
2026-01-18 09:15:00,0,1.0,1.0,95186.3,95238.62,-52.31999999999243,7864.44999999991
2026-01-18 09:30:00,0,1.0,1.0,95238.62,95275.73,-37.11000000000058,7827.339999999909
2026-01-18 09:45:00,0,0.0,1.0,95275.73,95141.6,134.1299999999901,7961.469999999899
2026-01-18 10:00:00,0,0.0,0.0,95141.6,95127.34,14.260000000009313,7975.729999999909
2026-01-18 10:15:00,1,1.0,1.0,95127.34,95179.27,51.93000000000757,8027.659999999916
2026-01-18 10:30:00,0,1.0,0.0,95179.27,95180.66,-1.389999999999418,8026.269999999917
2026-01-18 10:45:00,0,0.0,1.0,95180.66,95122.84,57.820000000006985,8084.089999999924
2026-01-18 11:00:00,1,0.0,0.0,95122.84,95113.12,-9.720000000001164,8074.369999999923
2026-01-18 11:15:00,1,1.0,0.0,95113.12,95129.42,16.30000000000291,8090.6699999999255
2026-01-18 11:30:00,1,1.0,1.0,95129.42,95168.06,38.63999999999942,8129.309999999925
2026-01-18 11:45:00,0,0.0,1.0,95168.06,95117.99,50.06999999999243,8179.379999999917
2026-01-18 12:00:00,1,1.0,0.0,95117.99,95141.01,23.019999999989523,8202.399999999907
2026-01-18 12:15:00,0,1.0,0.0,95141.01,95164.19,-23.180000000007567,8179.219999999899
2026-01-18 12:30:00,0,0.0,1.0,95164.19,95113.25,50.94000000000233,8230.159999999902
2026-01-18 12:45:00,1,0.0,1.0,95113.25,95051.34,-61.91000000000349,8168.249999999898
2026-01-18 13:00:00,1,0.0,1.0,95051.34,94969.95,-81.38999999999942,8086.859999999899
2026-01-18 13:15:00,1,1.0,1.0,94969.95,95166.29,196.3399999999965,8283.199999999895
2026-01-18 13:30:00,0,0.0,0.0,95166.29,95146.82,19.469999999986612,8302.669999999882
2026-01-18 13:45:00,1,1.0,1.0,95146.82,95237.49,90.66999999999825,8393.33999999988
2026-01-18 14:00:00,0,0.0,1.0,95237.49,95165.0,72.49000000000524,8465.829999999885
2026-01-18 14:15:00,1,0.0,0.0,95165.0,95134.39,-30.610000000000582,8435.219999999885
2026-01-18 14:30:00,1,0.0,1.0,95134.39,94955.79,-178.60000000000582,8256.619999999879
2026-01-18 14:45:00,1,1.0,1.0,94955.79,95009.31,53.520000000004075,8310.139999999883
2026-01-18 15:00:00,1,1.0,1.0,95009.31,95054.27,44.9600000000064,8355.09999999989
2026-01-18 15:15:00,0,0.0,0.0,95054.27,95045.28,8.990000000005239,8364.089999999895
2026-01-18 15:30:00,1,1.0,1.0,95045.28,95119.28,74.0,8438.089999999895
2026-01-18 15:45:00,0,1.0,1.0,95119.28,95153.13,-33.85000000000582,8404.239999999889
2026-01-18 16:00:00,0,0.0,1.0,95153.13,95089.23,63.90000000000873,8468.139999999898
2026-01-18 16:15:00,1,1.0,1.0,95089.23,95183.54,94.30999999999767,8562.449999999895
2026-01-18 16:30:00,0,0.0,0.0,95183.54,95169.35,14.189999999987776,8576.639999999883
2026-01-18 16:45:00,1,0.0,1.0,95169.35,95141.64,-27.710000000006403,8548.929999999877
2026-01-18 17:00:00,1,1.0,1.0,95141.64,95268.28,126.63999999999942,8675.569999999876
2026-01-18 17:15:00,0,0.0,1.0,95268.28,95195.28,73.0,8748.569999999876
2026-01-18 17:30:00,1,1.0,1.0,95195.28,95274.36,79.08000000000175,8827.649999999878
2026-01-18 17:45:00,0,0.0,1.0,95274.36,95228.06,46.30000000000291,8873.94999999988
2026-01-18 18:00:00,1,1.0,1.0,95228.06,95363.31,135.25,9009.19999999988
2026-01-18 18:15:00,0,0.0,0.0,95363.31,95340.2,23.110000000000582,9032.309999999881
2026-01-18 18:30:00,0,1.0,1.0,95340.2,95439.6,-99.40000000000873,8932.909999999873
2026-01-18 18:45:00,0,0.0,0.0,95439.6,95430.77,8.830000000001746,8941.739999999874
2026-01-18 19:00:00,0,1.0,0.0,95430.77,95451.06,-20.289999999993597,8921.44999999988
2026-01-18 19:15:00,0,0.0,1.0,95451.06,95412.87,38.19000000000233,8959.639999999883
2026-01-18 19:30:00,1,0.0,1.0,95412.87,95380.99,-31.879999999990105,8927.759999999893
2026-01-18 19:45:00,1,0.0,1.0,95380.99,95292.98,-88.01000000000931,8839.749999999884
2026-01-18 20:00:00,1,1.0,1.0,95292.98,95441.22,148.24000000000524,8987.989999999889
2026-01-18 20:15:00,0,0.0,1.0,95441.22,95337.53,103.69000000000233,9091.679999999891
2026-01-18 20:30:00,1,0.0,1.0,95337.53,95304.01,-33.520000000004075,9058.159999999887
2026-01-18 20:45:00,1,1.0,1.0,95304.01,95347.52,43.51000000000931,9101.669999999896
2026-01-18 21:00:00,0,0.0,1.0,95347.52,95303.29,44.23000000001048,9145.899999999907
2026-01-18 21:15:00,1,1.0,1.0,95303.29,95399.86,96.57000000000698,9242.469999999914
2026-01-18 21:30:00,0,1.0,1.0,95399.86,95430.44,-30.580000000001746,9211.889999999912
2026-01-18 21:45:00,0,1.0,1.0,95430.44,95521.74,-91.30000000000291,9120.58999999991
2026-01-18 22:00:00,0,0.0,1.0,95521.74,95465.97,55.770000000004075,9176.359999999913
2026-01-18 22:15:00,0,1.0,0.0,95465.97,95483.15,-17.179999999993015,9159.17999999992
2026-01-18 22:30:00,0,1.0,0.0,95483.15,95498.61,-15.460000000006403,9143.719999999914
2026-01-18 22:45:00,0,0.0,1.0,95498.61,95073.01,425.6000000000058,9569.31999999992
2026-01-18 23:00:00,1,0.0,1.0,95073.01,94607.18,-465.83000000000175,9103.489999999918
2026-01-18 23:15:00,1,0.0,1.0,94607.18,94485.69,-121.48999999999069,8981.999999999927
2026-01-18 23:30:00,1,0.0,1.0,94485.69,93673.14,-812.5500000000029,8169.449999999924
2026-01-18 23:45:00,1,0.0,1.0,93673.14,92448.61,-1224.5299999999988,6944.9199999999255
2026-01-19 00:00:00,1,1.0,1.0,92448.61,92638.36,189.75,7134.6699999999255
2026-01-19 00:15:00,1,1.0,1.0,92638.36,92977.88,339.5200000000041,7474.18999999993
2026-01-19 00:30:00,1,0.0,1.0,92977.88,92711.02,-266.8600000000006,7207.329999999929
2026-01-19 00:45:00,1,1.0,1.0,92711.02,92757.79,46.76999999998952,7254.0999999999185
2026-01-19 01:00:00,1,0.0,1.0,92757.79,92564.42,-193.36999999999534,7060.729999999923
2026-01-19 01:15:00,1,0.0,1.0,92564.42,92518.54,-45.88000000000466,7014.8499999999185
2026-01-19 01:30:00,1,1.0,1.0,92518.54,92586.65,68.11000000000058,7082.959999999919
2026-01-19 01:45:00,1,0.0,1.0,92586.65,92421.83,-164.81999999999243,6918.139999999927
2026-01-19 02:00:00,1,1.0,1.0,92421.83,92496.55,74.72000000000116,6992.859999999928
2026-01-19 02:15:00,1,1.0,1.0,92496.55,92568.01,71.45999999999185,7064.31999999992
2026-01-19 02:30:00,0,0.0,0.0,92568.01,92566.8,1.209999999991851,7065.5299999999115
2026-01-19 02:45:00,0,1.0,1.0,92566.8,92735.99,-169.19000000000233,6896.339999999909
2026-01-19 03:00:00,0,0.0,1.0,92735.99,92548.12,187.8700000000099,7084.209999999919
2026-01-19 03:15:00,1,1.0,1.0,92548.12,92643.66,95.54000000000815,7179.749999999927
2026-01-19 03:30:00,1,1.0,1.0,92643.66,92690.09,46.429999999993015,7226.17999999992
2026-01-19 03:45:00,0,0.0,1.0,92690.09,92613.99,76.09999999999127,7302.2799999999115
2026-01-19 04:00:00,1,1.0,1.0,92613.99,92684.0,70.00999999999476,7372.289999999906
2026-01-19 04:15:00,1,1.0,0.0,92684.0,92687.43,3.429999999993015,7375.719999999899
2026-01-19 04:30:00,0,0.0,0.0,92687.43,92665.0,22.429999999993015,7398.149999999892
2026-01-19 04:45:00,1,0.0,0.0,92665.0,92658.48,-6.5200000000040745,7391.629999999888
2026-01-19 05:00:00,1,1.0,0.0,92658.48,92658.49,0.010000000009313226,7391.639999999898
2026-01-19 05:15:00,0,0.0,1.0,92658.49,92613.0,45.49000000000524,7437.129999999903
2026-01-19 05:30:00,1,0.0,1.0,92613.0,92511.77,-101.22999999999593,7335.899999999907
2026-01-19 05:45:00,1,1.0,0.0,92511.77,92543.22,31.44999999999709,7367.349999999904
2026-01-19 06:00:00,1,0.0,0.0,92543.22,92535.52,-7.69999999999709,7359.649999999907
2026-01-19 06:15:00,1,1.0,0.0,92535.52,92545.59,10.069999999992433,7369.719999999899
2026-01-19 06:30:00,0,1.0,1.0,92545.59,92583.27,-37.68000000000757,7332.039999999892
2026-01-19 06:45:00,0,1.0,1.0,92583.27,92622.0,-38.729999999995925,7293.309999999896
2026-01-19 07:00:00,0,1.0,0.0,92622.0,92628.11,-6.110000000000582,7287.199999999895
2026-01-19 07:15:00,0,1.0,1.0,92628.11,92715.7,-87.58999999999651,7199.609999999899
2026-01-19 07:30:00,0,1.0,1.0,92715.7,92841.62,-125.91999999999825,7073.6899999999005
2026-01-19 07:45:00,0,0.0,1.0,92841.62,92769.61,72.00999999999476,7145.699999999895
2026-01-19 08:00:00,1,1.0,1.0,92769.61,92974.99,205.38000000000466,7351.0799999999
2026-01-19 08:15:00,1,1.0,1.0,92974.99,93153.63,178.63999999999942,7529.719999999899
2026-01-19 08:30:00,0,1.0,1.0,93153.63,93259.09,-105.45999999999185,7424.259999999907
2026-01-19 08:45:00,0,0.0,1.0,93259.09,93041.56,217.52999999999884,7641.789999999906
2026-01-19 09:00:00,1,1.0,0.0,93041.56,93070.01,28.44999999999709,7670.239999999903
2026-01-19 09:15:00,1,0.0,1.0,93070.01,92966.06,-103.94999999999709,7566.289999999906
2026-01-19 09:30:00,1,1.0,1.0,92966.06,93060.06,94.0,7660.289999999906
2026-01-19 09:45:00,1,0.0,1.0,93060.06,92968.03,-92.02999999999884,7568.259999999907
2026-01-19 10:00:00,1,1.0,0.0,92968.03,93000.02,31.99000000000524,7600.249999999913
2026-01-19 10:15:00,1,1.0,0.0,93000.02,93018.49,18.470000000001164,7618.719999999914
2026-01-19 10:30:00,0,1.0,1.0,93018.49,93064.88,-46.38999999999942,7572.329999999914
2026-01-19 10:45:00,0,0.0,1.0,93064.88,92998.43,66.45000000001164,7638.779999999926
2026-01-19 11:00:00,1,1.0,1.0,92998.43,93129.95,131.52000000000407,7770.29999999993
2026-01-19 11:15:00,0,1.0,1.0,93129.95,93232.6,-102.65000000000873,7667.649999999921
2026-01-19 11:30:00,0,0.0,1.0,93232.6,93191.96,40.63999999999942,7708.289999999921
2026-01-19 11:45:00,1,0.0,1.0,93191.96,93060.04,-131.9200000000128,7576.369999999908
2026-01-19 12:00:00,1,0.0,1.0,93060.04,93017.99,-42.04999999998836,7534.31999999992
2026-01-19 12:15:00,1,1.0,1.0,93017.99,93159.03,141.0399999999936,7675.359999999913
2026-01-19 12:30:00,0,0.0,1.0,93159.03,93070.6,88.42999999999302,7763.789999999906
2026-01-19 12:45:00,1,0.0,1.0,93070.6,92991.52,-79.08000000000175,7684.7099999999045
2026-01-19 13:00:00,1,0.0,1.0,92991.52,92950.0,-41.520000000004075,7643.1899999999005
2026-01-19 13:15:00,1,1.0,1.0,92950.0,93069.99,119.99000000000524,7763.179999999906
2026-01-19 13:30:00,0,0.0,1.0,93069.99,93031.86,38.13000000000466,7801.30999999991
2026-01-19 13:45:00,1,0.0,1.0,93031.86,92882.62,-149.24000000000524,7652.069999999905
2026-01-19 14:00:00,1,0.0,0.0,92882.62,92871.24,-11.379999999990105,7640.689999999915
2026-01-19 14:15:00,1,0.0,1.0,92871.24,92800.0,-71.24000000000524,7569.44999999991
2026-01-19 14:30:00,1,1.0,0.0,92800.0,92812.43,12.429999999993015,7581.879999999903
2026-01-19 14:45:00,1,1.0,1.0,92812.43,93032.38,219.95000000001164,7801.829999999914
2026-01-19 15:00:00,0,0.0,1.0,93032.38,92920.67,111.7100000000064,7913.539999999921
2026-01-19 15:15:00,1,1.0,1.0,92920.67,92986.74,66.07000000000698,7979.609999999928
2026-01-19 15:30:00,1,1.0,1.0,92986.74,93068.62,81.8799999999901,8061.489999999918
2026-01-19 15:45:00,0,0.0,0.0,93068.62,93046.44,22.179999999993015,8083.669999999911
2026-01-19 16:00:00,1,1.0,1.0,93046.44,93166.93,120.48999999999069,8204.159999999902
2026-01-19 16:15:00,0,1.0,1.0,93166.93,93216.72,-49.79000000000815,8154.3699999998935
2026-01-19 16:30:00,0,1.0,1.0,93216.72,93301.86,-85.13999999999942,8069.229999999894
2026-01-19 16:45:00,0,1.0,1.0,93301.86,93350.0,-48.13999999999942,8021.089999999895
2026-01-19 17:00:00,0,0.0,1.0,93350.0,93301.34,48.66000000000349,8069.749999999898
2026-01-19 17:15:00,0,0.0,1.0,93301.34,93196.39,104.94999999999709,8174.699999999895
2026-01-19 17:30:00,1,1.0,1.0,93196.39,93242.99,46.60000000000582,8221.299999999901
2026-01-19 17:45:00,0,0.0,1.0,93242.99,93100.01,142.98000000001048,8364.279999999912
2026-01-19 18:00:00,1,0.0,1.0,93100.01,92981.46,-118.54999999998836,8245.729999999923
2026-01-19 18:15:00,1,1.0,1.0,92981.46,93120.09,138.6299999999901,8384.359999999913
2026-01-19 18:30:00,1,0.0,1.0,93120.09,93065.84,-54.25,8330.109999999913
2026-01-19 18:45:00,1,1.0,0.0,93065.84,93082.91,17.070000000006985,8347.17999999992
2026-01-19 19:00:00,0,0.0,0.0,93082.91,93073.98,8.930000000007567,8356.109999999928
2026-01-19 19:15:00,0,1.0,1.0,93073.98,93140.1,-66.1200000000099,8289.989999999918
2026-01-19 19:30:00,0,0.0,1.0,93140.1,93105.85,34.25,8324.239999999918
2026-01-19 19:45:00,1,1.0,1.0,93105.85,93166.47,60.61999999999534,8384.859999999913
2026-01-19 20:00:00,0,1.0,1.0,93166.47,93245.08,-78.61000000000058,8306.249999999913
2026-01-19 20:15:00,0,0.0,1.0,93245.08,93131.6,113.47999999999593,8419.729999999909
2026-01-19 20:30:00,1,1.0,0.0,93131.6,93141.94,10.339999999996508,8430.069999999905
2026-01-19 20:45:00,0,0.0,1.0,93141.94,93098.37,43.570000000006985,8473.639999999912
2026-01-19 21:00:00,1,0.0,1.0,93098.37,93039.99,-58.379999999990105,8415.259999999922
2026-01-19 21:15:00,1,1.0,0.0,93039.99,93053.89,13.89999999999418,8429.159999999916
2026-01-19 21:30:00,0,0.0,1.0,93053.89,93003.42,50.470000000001164,8479.629999999917
2026-01-19 21:45:00,1,0.0,1.0,93003.42,92850.19,-153.22999999999593,8326.399999999921
2026-01-19 22:00:00,1,1.0,1.0,92850.19,92983.85,133.6600000000035,8460.059999999925
2026-01-19 22:15:00,1,0.0,1.0,92983.85,92819.61,-164.24000000000524,8295.81999999992
2026-01-19 22:30:00,1,0.0,1.0,92819.61,92565.78,-253.83000000000175,8041.989999999918
2026-01-19 22:45:00,1,0.0,1.0,92565.78,92442.23,-123.55000000000291,7918.439999999915
2026-01-19 23:00:00,1,1.0,1.0,92442.23,92539.47,97.24000000000524,8015.67999999992
2026-01-19 23:15:00,1,1.0,1.0,92539.47,92653.11,113.63999999999942,8129.31999999992
2026-01-19 23:30:00,0,0.0,0.0,92653.11,92631.0,22.110000000000582,8151.42999999992
2026-01-19 23:45:00,1,1.0,1.0,92631.0,92702.46,71.4600000000064,8222.889999999927
2026-01-20 00:00:00,0,0.0,1.0,92702.46,92465.63,236.83000000000175,8459.719999999928
2026-01-20 00:15:00,1,1.0,1.0,92465.63,92723.45,257.81999999999243,8717.53999999992
2026-01-20 00:30:00,1,0.0,0.0,92723.45,92717.9,-5.55000000000291,8711.989999999918
2026-01-20 00:45:00,0,1.0,0.0,92717.9,92726.47,-8.570000000006985,8703.419999999911
2026-01-20 01:00:00,0,1.0,1.0,92726.47,92857.18,-130.70999999999185,8572.70999999992
2026-01-20 01:15:00,0,0.0,1.0,92857.18,92707.19,149.9899999999907,8722.69999999991
2026-01-20 01:30:00,1,1.0,0.0,92707.19,92716.48,9.289999999993597,8731.989999999903
2026-01-20 01:45:00,0,0.0,1.0,92716.48,92480.8,235.67999999999302,8967.669999999896
2026-01-20 02:00:00,1,1.0,0.0,92480.8,92494.59,13.789999999993597,8981.45999999989
2026-01-20 02:15:00,1,1.0,1.0,92494.59,92614.36,119.77000000000407,9101.229999999894
2026-01-20 02:30:00,0,0.0,1.0,92614.36,92552.16,62.19999999999709,9163.429999999891
2026-01-20 02:45:00,1,0.0,1.0,92552.16,92429.23,-122.93000000000757,9040.499999999884
2026-01-20 03:00:00,1,0.0,1.0,92429.23,92377.67,-51.55999999999767,8988.939999999886
2026-01-20 03:15:00,1,1.0,1.0,92377.67,92413.85,36.18000000000757,9025.119999999893
2026-01-20 03:30:00,0,1.0,0.0,92413.85,92434.92,-21.069999999992433,9004.049999999901
2026-01-20 03:45:00,0,0.0,1.0,92434.92,92314.46,120.45999999999185,9124.509999999893
2026-01-20 04:00:00,1,0.0,0.0,92314.46,92311.77,-2.6900000000023283,9121.81999999989
2026-01-20 04:15:00,1,0.0,1.0,92311.77,92230.0,-81.77000000000407,9040.049999999886
2026-01-20 04:30:00,1,0.0,1.0,92230.0,92062.61,-167.38999999999942,8872.659999999887
2026-01-20 04:45:00,1,0.0,1.0,92062.61,91412.07,-650.5399999999936,8222.119999999893
2026-01-20 05:00:00,1,1.0,1.0,91412.07,91730.32,318.25,8540.369999999893
2026-01-20 05:15:00,1,0.0,1.0,91730.32,91640.29,-90.03000000001339,8450.33999999988
2026-01-20 05:30:00,1,0.0,0.0,91640.29,91624.18,-16.110000000000582,8434.22999999988
2026-01-20 05:45:00,1,0.0,1.0,91624.18,91457.4,-166.77999999999884,8267.44999999988
2026-01-20 06:00:00,1,0.0,1.0,91457.4,91275.91,-181.4899999999907,8085.95999999989
2026-01-20 06:15:00,1,0.0,1.0,91275.91,91127.82,-148.0899999999965,7937.8699999998935
2026-01-20 06:30:00,1,0.0,1.0,91127.82,90929.98,-197.84000000001106,7740.029999999882
2026-01-20 06:45:00,1,1.0,1.0,90929.98,91037.98,108.0,7848.029999999882
2026-01-20 07:00:00,1,1.0,0.0,91037.98,91059.12,21.139999999999418,7869.169999999882
2026-01-20 07:15:00,0,1.0,1.0,91059.12,91191.01,-131.88999999999942,7737.279999999882
2026-01-20 07:30:00,0,0.0,0.0,91191.01,91177.98,13.029999999998836,7750.309999999881
2026-01-20 07:45:00,0,0.0,1.0,91177.98,91004.59,173.38999999999942,7923.699999999881
2026-01-20 08:00:00,1,1.0,1.0,91004.59,91203.32,198.73000000001048,8122.429999999891
2026-01-20 08:15:00,1,0.0,1.0,91203.32,90855.29,-348.0300000000134,7774.399999999878
2026-01-20 08:30:00,1,1.0,1.0,90855.29,91116.0,260.7100000000064,8035.109999999884
2026-01-20 08:45:00,1,0.0,1.0,91116.0,91058.34,-57.66000000000349,7977.449999999881
2026-01-20 09:00:00,1,0.0,0.0,91058.34,91046.04,-12.30000000000291,7965.149999999878
2026-01-20 09:15:00,1,0.0,0.0,91046.04,91015.01,-31.029999999998836,7934.119999999879
2026-01-20 09:30:00,1,1.0,0.0,91015.01,91036.25,21.24000000000524,7955.359999999884
2026-01-20 09:45:00,0,1.0,1.0,91036.25,91172.35,-136.10000000000582,7819.259999999878
2026-01-20 10:00:00,0,1.0,1.0,91172.35,91282.79,-110.43999999998778,7708.819999999891
2026-01-20 10:15:00,0,0.0,1.0,91282.79,91233.86,48.929999999993015,7757.749999999884
2026-01-20 10:30:00,1,1.0,1.0,91233.86,91269.58,35.720000000001164,7793.469999999885
2026-01-20 10:45:00,0,1.0,1.0,91269.58,91357.08,-87.5,7705.969999999885
2026-01-20 11:00:00,0,1.0,1.0,91357.08,91401.12,-44.0399999999936,7661.929999999891
2026-01-20 11:15:00,0,0.0,1.0,91401.12,91336.0,65.11999999999534,7727.0499999998865
2026-01-20 11:30:00,1,0.0,1.0,91336.0,91218.99,-117.00999999999476,7610.039999999892
2026-01-20 11:45:00,1,1.0,1.0,91218.99,91284.12,65.1299999999901,7675.169999999882
2026-01-20 12:00:00,1,0.0,1.0,91284.12,91148.82,-135.29999999998836,7539.8699999998935
2026-01-20 12:15:00,1,1.0,0.0,91148.82,91169.24,20.419999999998254,7560.289999999892
2026-01-20 12:30:00,1,1.0,1.0,91169.24,91280.31,111.06999999999243,7671.359999999884
2026-01-20 12:45:00,0,0.0,1.0,91280.31,90920.83,359.4799999999959,8030.83999999988
2026-01-20 13:00:00,1,0.0,1.0,90920.83,90881.45,-39.38000000000466,7991.459999999875
2026-01-20 13:15:00,1,1.0,1.0,90881.45,91024.79,143.3399999999965,8134.799999999872
2026-01-20 13:30:00,0,0.0,1.0,91024.79,90958.88,65.90999999998894,8200.70999999986
2026-01-20 13:45:00,1,1.0,1.0,90958.88,91096.48,137.59999999999127,8338.309999999852
2026-01-20 14:00:00,0,0.0,1.0,91096.48,90990.11,106.36999999999534,8444.679999999847
2026-01-20 14:15:00,1,1.0,1.0,90990.11,91066.14,76.02999999999884,8520.709999999846
2026-01-20 14:30:00,0,0.0,1.0,91066.14,90531.15,534.9900000000052,9055.699999999852
2026-01-20 14:45:00,1,0.0,1.0,90531.15,90304.51,-226.63999999999942,8829.059999999852
2026-01-20 15:00:00,1,1.0,1.0,90304.51,90625.99,321.4800000000105,9150.539999999863
2026-01-20 15:15:00,1,0.0,1.0,90625.99,90551.22,-74.77000000000407,9075.769999999859
2026-01-20 15:30:00,1,1.0,1.0,90551.22,90684.95,133.72999999999593,9209.499999999854
2026-01-20 15:45:00,1,1.0,1.0,90684.95,90757.25,72.30000000000291,9281.799999999857
2026-01-20 16:00:00,0,0.0,1.0,90757.25,90624.58,132.66999999999825,9414.469999999856
2026-01-20 16:15:00,1,0.0,1.0,90624.58,90128.04,-496.54000000000815,8917.929999999847
2026-01-20 16:30:00,1,1.0,1.0,90128.04,90165.51,37.470000000001164,8955.399999999849
2026-01-20 16:45:00,1,1.0,1.0,90165.51,90456.09,290.58000000000175,9245.97999999985
2026-01-20 17:00:00,0,0.0,1.0,90456.09,90207.17,248.91999999999825,9494.899999999849
2026-01-20 17:15:00,1,0.0,1.0,90207.17,89688.01,-519.1600000000035,8975.739999999845
2026-01-20 17:30:00,1,1.0,1.0,89688.01,89775.46,87.45000000001164,9063.189999999857
2026-01-20 17:45:00,1,1.0,1.0,89775.46,89908.03,132.56999999999243,9195.75999999985
2026-01-20 18:00:00,0,0.0,1.0,89908.03,89733.13,174.89999999999418,9370.659999999843
2026-01-20 18:15:00,1,0.0,1.0,89733.13,89512.65,-220.48000000001048,9150.179999999833
2026-01-20 18:30:00,1,0.0,0.0,89512.65,89501.0,-11.64999999999418,9138.529999999839
2026-01-20 18:45:00,1,1.0,1.0,89501.0,89575.8,74.80000000000291,9213.329999999842
2026-01-20 19:00:00,0,0.0,1.0,89575.8,89483.41,92.38999999999942,9305.719999999841
2026-01-20 19:15:00,1,0.0,1.0,89483.41,89444.68,-38.73000000001048,9266.98999999983
2026-01-20 19:30:00,1,1.0,1.0,89444.68,89725.76,281.08000000000175,9548.069999999832
2026-01-20 19:45:00,1,0.0,1.0,89725.76,89400.01,-325.75,9222.319999999832
2026-01-20 20:00:00,1,1.0,1.0,89400.01,89768.57,368.5600000000122,9590.879999999845
2026-01-20 20:15:00,1,0.0,1.0,89768.57,89651.46,-117.11000000000058,9473.769999999844
2026-01-20 20:30:00,1,1.0,1.0,89651.46,89733.99,82.52999999999884,9556.299999999843
2026-01-20 20:45:00,1,1.0,1.0,89733.99,89803.79,69.79999999998836,9626.099999999831
2026-01-20 21:00:00,0,0.0,1.0,89803.79,89626.97,176.81999999999243,9802.919999999824
2026-01-20 21:15:00,1,0.0,1.0,89626.97,89538.9,-88.07000000000698,9714.849999999817
2026-01-20 21:30:00,1,0.0,1.0,89538.9,89476.01,-62.88999999999942,9651.959999999817
2026-01-20 21:45:00,1,1.0,1.0,89476.01,89635.11,159.10000000000582,9811.059999999823
2026-01-20 22:00:00,1,0.0,1.0,89635.11,89510.67,-124.44000000000233,9686.61999999982
2026-01-20 22:15:00,1,0.0,1.0,89510.67,88579.02,-931.6499999999942,8754.969999999827
2026-01-20 22:30:00,1,0.0,1.0,88579.02,88509.18,-69.84000000001106,8685.129999999815
2026-01-20 22:45:00,1,0.0,1.0,88509.18,88212.01,-297.16999999999825,8387.959999999817
2026-01-20 23:00:00,1,0.0,1.0,88212.01,88120.02,-91.98999999999069,8295.969999999827
2026-01-20 23:15:00,1,1.0,1.0,88120.02,88492.58,372.5599999999977,8668.529999999824
2026-01-20 23:30:00,1,0.0,1.0,88492.58,88427.66,-64.91999999999825,8603.609999999826
2026-01-20 23:45:00,1,0.0,0.0,88427.66,88419.03,-8.630000000004657,8594.979999999821
2026-01-21 00:00:00,1,1.0,1.0,88419.03,88561.23,142.1999999999971,8737.179999999818
2026-01-21 00:15:00,0,1.0,1.0,88561.23,88851.18,-289.9499999999971,8447.229999999821
2026-01-21 00:30:00,0,1.0,1.0,88851.18,88936.01,-84.83000000000175,8362.39999999982
2026-01-21 00:45:00,0,1.0,1.0,88936.01,89092.91,-156.90000000000873,8205.49999999981
2026-01-21 01:00:00,0,0.0,0.0,89092.91,89078.34,14.570000000006985,8220.069999999818
2026-01-21 01:15:00,0,0.0,0.0,89078.34,89037.37,40.970000000001164,8261.039999999819
2026-01-21 01:30:00,1,0.0,0.0,89037.37,89020.91,-16.45999999999185,8244.579999999827
2026-01-21 01:45:00,1,1.0,1.0,89020.91,89271.69,250.77999999999884,8495.359999999826
2026-01-21 02:00:00,0,0.0,1.0,89271.69,89117.04,154.65000000000873,8650.009999999835
2026-01-21 02:15:00,1,0.0,0.0,89117.04,89089.99,-27.04999999998836,8622.959999999846
2026-01-21 02:30:00,1,0.0,0.0,89089.99,89048.57,-41.419999999998254,8581.539999999848
2026-01-21 02:45:00,1,1.0,1.0,89048.57,89225.34,176.76999999998952,8758.309999999838
2026-01-21 03:00:00,1,1.0,1.0,89225.34,89278.93,53.58999999999651,8811.899999999834
2026-01-21 03:15:00,0,1.0,1.0,89278.93,89554.48,-275.5500000000029,8536.349999999831
2026-01-21 03:30:00,0,0.0,1.0,89554.48,89432.33,122.14999999999418,8658.499999999825
2026-01-21 03:45:00,1,0.0,1.0,89432.33,89362.55,-69.77999999999884,8588.719999999827
2026-01-21 04:00:00,1,1.0,1.0,89362.55,89500.0,137.4499999999971,8726.169999999824
2026-01-21 04:15:00,0,1.0,1.0,89500.0,89579.23,-79.22999999999593,8646.939999999828
2026-01-21 04:30:00,0,0.0,1.0,89579.23,89448.89,130.3399999999965,8777.279999999824
2026-01-21 04:45:00,1,1.0,1.0,89448.89,89583.72,134.83000000000175,8912.109999999826
2026-01-21 05:00:00,0,1.0,0.0,89583.72,89598.28,-14.559999999997672,8897.549999999828
2026-01-21 05:15:00,0,1.0,1.0,89598.28,89928.79,-330.50999999999476,8567.039999999834
2026-01-21 05:30:00,0,1.0,0.0,89928.79,89950.04,-21.25,8545.789999999834
2026-01-21 05:45:00,0,0.0,0.0,89950.04,89908.02,42.01999999998952,8587.809999999823
2026-01-21 06:00:00,1,0.0,0.0,89908.02,89885.39,-22.630000000004657,8565.179999999818
2026-01-21 06:15:00,1,0.0,1.0,89885.39,89616.78,-268.6100000000006,8296.569999999818
2026-01-21 06:30:00,1,1.0,0.0,89616.78,89649.62,32.83999999999651,8329.409999999814
2026-01-21 06:45:00,1,0.0,1.0,89649.62,89527.11,-122.50999999999476,8206.89999999982
2026-01-21 07:00:00,1,1.0,1.0,89527.11,89628.97,101.86000000000058,8308.75999999982
2026-01-21 07:15:00,0,0.0,1.0,89628.97,89228.16,400.8099999999977,8709.569999999818
2026-01-21 07:30:00,1,0.0,0.0,89228.16,89213.95,-14.210000000006403,8695.359999999811
2026-01-21 07:45:00,1,0.0,1.0,89213.95,89163.12,-50.830000000001746,8644.52999999981
2026-01-21 08:00:00,1,1.0,1.0,89163.12,89256.88,93.76000000000931,8738.289999999819
2026-01-21 08:15:00,1,0.0,1.0,89256.88,89035.36,-221.52000000000407,8516.769999999815
2026-01-21 08:30:00,1,1.0,1.0,89035.36,89197.35,161.99000000000524,8678.75999999982
2026-01-21 08:45:00,1,1.0,1.0,89197.35,89296.44,99.08999999999651,8777.849999999817
2026-01-21 09:00:00,0,1.0,1.0,89296.44,89409.42,-112.97999999999593,8664.86999999982
2026-01-21 09:15:00,0,1.0,0.0,89409.42,89414.67,-5.25,8659.61999999982
2026-01-21 09:30:00,0,0.0,1.0,89414.67,89112.3,302.36999999999534,8961.989999999816
2026-01-21 09:45:00,1,1.0,1.0,89112.3,89303.77,191.47000000000116,9153.459999999817
2026-01-21 10:00:00,1,1.0,0.0,89303.77,89338.12,34.34999999999127,9187.809999999808
2026-01-21 10:15:00,0,0.0,0.0,89338.12,89310.63,27.489999999990687,9215.2999999998
2026-01-21 10:30:00,1,0.0,1.0,89310.63,89248.99,-61.63999999999942,9153.6599999998
2026-01-21 10:45:00,1,1.0,1.0,89248.99,89308.44,59.44999999999709,9213.109999999797
2026-01-21 11:00:00,0,1.0,0.0,89308.44,89325.55,-17.110000000000582,9195.999999999796
2026-01-21 11:15:00,0,0.0,1.0,89325.55,89281.49,44.05999999999767,9240.059999999794
2026-01-21 11:30:00,1,0.0,1.0,89281.49,88789.99,-491.5,8748.559999999794
2026-01-21 11:45:00,1,0.0,1.0,88789.99,88384.03,-405.9600000000064,8342.599999999788
2026-01-21 12:00:00,1,0.0,0.0,88384.03,88356.73,-27.30000000000291,8315.299999999785
2026-01-21 12:15:00,1,1.0,1.0,88356.73,88626.57,269.84000000001106,8585.139999999796
2026-01-21 12:30:00,0,1.0,1.0,88626.57,88736.31,-109.73999999999069,8475.399999999805
2026-01-21 12:45:00,0,1.0,1.0,88736.31,88943.0,-206.69000000000233,8268.709999999803
2026-01-21 13:00:00,0,0.0,1.0,88943.0,88850.12,92.88000000000466,8361.589999999807
2026-01-21 13:15:00,1,0.0,1.0,88850.12,88715.45,-134.66999999999825,8226.919999999809
2026-01-21 13:30:00,1,0.0,0.0,88715.45,88672.64,-42.80999999999767,8184.109999999811
2026-01-21 13:45:00,1,1.0,1.0,88672.64,89578.8,906.1600000000035,9090.269999999815
2026-01-21 14:00:00,0,1.0,0.0,89578.8,89594.54,-15.739999999990687,9074.529999999824
2026-01-21 14:15:00,0,1.0,1.0,89594.54,89670.01,-75.47000000000116,8999.059999999823
2026-01-21 14:30:00,0,1.0,1.0,89670.01,89805.43,-135.41999999999825,8863.639999999825
2026-01-21 14:45:00,0,1.0,1.0,89805.43,90344.43,-539.0,8324.639999999825
2026-01-21 15:00:00,0,0.0,1.0,90344.43,90013.52,330.90999999998894,8655.549999999814
2026-01-21 15:15:00,0,1.0,1.0,90013.52,90113.2,-99.67999999999302,8555.86999999982
2026-01-21 15:30:00,0,1.0,1.0,90113.2,90288.04,-174.8399999999965,8381.029999999824
2026-01-21 15:45:00,0,0.0,1.0,90288.04,89742.57,545.4699999999866,8926.49999999981
2026-01-21 16:00:00,1,0.0,1.0,89742.57,89584.1,-158.47000000000116,8768.02999999981
2026-01-21 16:15:00,1,0.0,1.0,89584.1,88157.41,-1426.6900000000023,7341.339999999807
2026-01-21 16:30:00,1,0.0,1.0,88157.41,87602.4,-555.0100000000093,6786.329999999798
2026-01-21 16:45:00,1,0.0,1.0,87602.4,87323.05,-279.34999999999127,6506.979999999807
2026-01-21 17:00:00,1,1.0,1.0,87323.05,87780.0,456.9499999999971,6963.929999999804
2026-01-21 17:15:00,1,1.0,1.0,87780.0,87925.56,145.55999999999767,7109.4899999998015
2026-01-21 17:30:00,0,1.0,0.0,87925.56,87932.38,-6.820000000006985,7102.6699999997945
2026-01-21 17:45:00,0,0.0,0.0,87932.38,87905.8,26.580000000001746,7129.249999999796
2026-01-21 18:00:00,1,1.0,1.0,87905.8,88015.67,109.86999999999534,7239.119999999792
2026-01-21 18:15:00,0,1.0,1.0,88015.67,88124.56,-108.88999999999942,7130.229999999792
2026-01-21 18:30:00,0,1.0,1.0,88124.56,88485.43,-360.86999999999534,6769.359999999797
2026-01-21 18:45:00,0,0.0,1.0,88485.43,88400.01,85.41999999999825,6854.779999999795
2026-01-21 19:00:00,1,1.0,1.0,88400.01,89646.66,1246.6500000000087,8101.429999999804
2026-01-21 19:15:00,0,1.0,1.0,89646.66,90039.21,-392.5500000000029,7708.879999999801
2026-01-21 19:30:00,0,1.0,1.0,90039.21,90355.56,-316.34999999999127,7392.52999999981
2026-01-21 19:45:00,0,0.0,1.0,90355.56,89912.7,442.8600000000006,7835.38999999981
2026-01-21 20:00:00,0,0.0,1.0,89912.7,89743.32,169.3799999999901,8004.7699999998
2026-01-21 20:15:00,1,1.0,1.0,89743.32,89904.01,160.68999999998778,8165.459999999788
2026-01-21 20:30:00,0,1.0,1.0,89904.01,90214.01,-310.0,7855.459999999788
2026-01-21 20:45:00,0,0.0,1.0,90214.01,90105.01,109.0,7964.459999999788
2026-01-21 21:00:00,1,0.0,0.0,90105.01,90072.26,-32.75,7931.709999999788
2026-01-21 21:15:00,1,1.0,1.0,90072.26,90258.82,186.56000000001222,8118.2699999998
2026-01-21 21:30:00,0,0.0,0.0,90258.82,90249.18,9.64000000001397,8127.909999999814
2026-01-21 21:45:00,1,0.0,0.0,90249.18,90217.74,-31.439999999987776,8096.4699999998265
2026-01-21 22:00:00,1,0.0,1.0,90217.74,89992.91,-224.83000000000175,7871.639999999825
2026-01-21 22:15:00,1,0.0,0.0,89992.91,89962.36,-30.55000000000291,7841.089999999822
2026-01-21 22:30:00,1,0.0,1.0,89962.36,89763.51,-198.85000000000582,7642.239999999816
2026-01-21 22:45:00,1,1.0,1.0,89763.51,90190.48,426.97000000000116,8069.209999999817
2026-01-21 23:00:00,0,0.0,1.0,90190.48,90030.34,160.13999999999942,8229.349999999817
2026-01-21 23:15:00,1,0.0,1.0,90030.34,89547.89,-482.4499999999971,7746.89999999982
2026-01-21 23:30:00,1,0.0,1.0,89547.89,89454.73,-93.16000000000349,7653.739999999816
2026-01-21 23:45:00,1,1.0,1.0,89454.73,89710.4,255.66999999999825,7909.409999999814
2026-01-22 00:00:00,1,1.0,1.0,89710.4,89839.15,128.75,8038.159999999814
2026-01-22 00:15:00,0,1.0,1.0,89839.15,89939.99,-100.84000000001106,7937.319999999803
2026-01-22 00:30:00,0,0.0,0.0,89939.99,89908.49,31.5,7968.819999999803
2026-01-22 00:45:00,1,1.0,1.0,89908.49,90006.25,97.75999999999476,8066.579999999798
2026-01-22 01:00:00,0,1.0,1.0,90006.25,90135.07,-128.82000000000698,7937.759999999791
2026-01-22 01:15:00,0,0.0,1.0,90135.07,89992.84,142.23000000001048,8079.9899999998015
2026-01-22 01:30:00,1,1.0,1.0,89992.84,90113.19,120.35000000000582,8200.339999999807
2026-01-22 01:45:00,0,1.0,1.0,90113.19,90183.96,-70.77000000000407,8129.569999999803
2026-01-22 02:00:00,0,1.0,1.0,90183.96,90291.83,-107.86999999999534,8021.699999999808
2026-01-22 02:15:00,0,0.0,1.0,90291.83,90115.45,176.38000000000466,8198.079999999813
2026-01-22 02:30:00,1,0.0,1.0,90115.45,89938.3,-177.14999999999418,8020.929999999818
2026-01-22 02:45:00,1,1.0,1.0,89938.3,90100.6,162.3000000000029,8183.229999999821
2026-01-22 03:00:00,1,0.0,1.0,90100.6,89936.49,-164.11000000000058,8019.119999999821
2026-01-22 03:15:00,1,0.0,1.0,89936.49,89839.29,-97.20000000001164,7921.919999999809
2026-01-22 03:30:00,1,1.0,1.0,89839.29,89899.51,60.220000000001164,7982.13999999981
2026-01-22 03:45:00,0,0.0,0.0,89899.51,89876.77,22.739999999990687,8004.879999999801
2026-01-22 04:00:00,1,1.0,1.0,89876.77,89975.96,99.19000000000233,8104.069999999803
2026-01-22 04:15:00,0,1.0,0.0,89975.96,89998.6,-22.639999999999418,8081.429999999804
2026-01-22 04:30:00,0,1.0,0.0,89998.6,89998.91,-0.3099999999976717,8081.119999999806
2026-01-22 04:45:00,0,1.0,0.0,89998.91,90045.97,-47.05999999999767,8034.0599999998085
2026-01-22 05:00:00,0,0.0,1.0,90045.97,89977.81,68.16000000000349,8102.219999999812
2026-01-22 05:15:00,1,1.0,0.0,89977.81,90010.62,32.80999999999767,8135.02999999981
2026-01-22 05:30:00,0,1.0,0.0,90010.62,90026.3,-15.680000000007567,8119.349999999802
2026-01-22 05:45:00,0,1.0,0.0,90026.3,90037.83,-11.529999999998836,8107.819999999803
2026-01-22 06:00:00,0,0.0,0.0,90037.83,90004.63,33.19999999999709,8141.0199999998
2026-01-22 06:15:00,1,1.0,1.0,90004.63,90157.99,153.36000000000058,8294.379999999801
2026-01-22 06:30:00,0,1.0,0.0,90157.99,90172.11,-14.119999999995343,8280.259999999806
2026-01-22 06:45:00,0,0.0,1.0,90172.11,90062.21,109.89999999999418,8390.1599999998
2026-01-22 07:00:00,1,0.0,1.0,90062.21,89971.71,-90.5,8299.6599999998
2026-01-22 07:15:00,1,0.0,0.0,89971.71,89943.22,-28.49000000000524,8271.169999999795
2026-01-22 07:30:00,1,0.0,1.0,89943.22,89818.79,-124.43000000000757,8146.739999999787
2026-01-22 07:45:00,1,0.0,0.0,89818.79,89770.01,-48.779999999998836,8097.959999999788
2026-01-22 08:00:00,1,1.0,1.0,89770.01,89876.05,106.04000000000815,8203.999999999796
2026-01-22 08:15:00,1,0.0,0.0,89876.05,89821.16,-54.88999999999942,8149.109999999797
2026-01-22 08:30:00,1,1.0,1.0,89821.16,89920.16,99.0,8248.109999999797
2026-01-22 08:45:00,0,1.0,1.0,89920.16,90043.69,-123.52999999999884,8124.579999999798
2026-01-22 09:00:00,0,0.0,0.0,90043.69,89993.25,50.44000000000233,8175.0199999998
2026-01-22 09:15:00,1,1.0,1.0,89993.25,90103.24,109.99000000000524,8285.009999999806
2026-01-22 09:30:00,0,0.0,1.0,90103.24,90033.02,70.22000000000116,8355.229999999807
2026-01-22 09:45:00,1,0.0,0.0,90033.02,90031.11,-1.9100000000034925,8353.319999999803
2026-01-22 10:00:00,1,0.0,0.0,90031.11,90029.37,-1.7400000000052387,8351.579999999798
2026-01-22 10:15:00,1,1.0,0.0,90029.37,90058.5,29.130000000004657,8380.709999999803
2026-01-22 10:30:00,0,1.0,0.0,90058.5,90078.77,-20.270000000004075,8360.439999999799
2026-01-22 10:45:00,0,0.0,1.0,90078.77,89987.17,91.60000000000582,8452.039999999804
2026-01-22 11:00:00,1,0.0,0.0,89987.17,89952.81,-34.36000000000058,8417.679999999804
2026-01-22 11:15:00,1,1.0,0.0,89952.81,89983.47,30.660000000003492,8448.339999999807
2026-01-22 11:30:00,1,0.0,0.0,89983.47,89941.26,-42.2100000000064,8406.129999999801
2026-01-22 11:45:00,1,1.0,1.0,89941.26,90008.46,67.20000000001164,8473.329999999813
2026-01-22 12:00:00,0,1.0,0.0,90008.46,90020.02,-11.559999999997672,8461.769999999815
2026-01-22 12:15:00,0,1.0,0.0,90020.02,90037.83,-17.80999999999767,8443.959999999817
2026-01-22 12:30:00,0,0.0,0.0,90037.83,90021.09,16.74000000000524,8460.699999999822
2026-01-22 12:45:00,1,1.0,0.0,90021.09,90053.07,31.980000000010477,8492.679999999833
2026-01-22 13:00:00,0,1.0,1.0,90053.07,90197.16,-144.0899999999965,8348.589999999836
2026-01-22 13:15:00,0,0.0,1.0,90197.16,89622.76,574.4000000000087,8922.989999999845
2026-01-22 13:30:00,1,0.0,0.0,89622.76,89619.81,-2.9499999999970896,8920.039999999848
2026-01-22 13:45:00,1,1.0,1.0,89619.81,89702.84,83.02999999999884,9003.069999999847
2026-01-22 14:00:00,0,0.0,1.0,89702.84,89574.08,128.75999999999476,9131.829999999842
2026-01-22 14:15:00,1,0.0,1.0,89574.08,89486.1,-87.97999999999593,9043.849999999846
2026-01-22 14:30:00,1,0.0,1.0,89486.1,89088.59,-397.5100000000093,8646.339999999836
2026-01-22 14:45:00,1,1.0,1.0,89088.59,89258.84,170.25,8816.589999999836
2026-01-22 15:00:00,1,0.0,1.0,89258.84,88658.05,-600.7899999999936,8215.799999999843
2026-01-22 15:15:00,1,1.0,1.0,88658.05,89150.07,492.0200000000041,8707.819999999847
2026-01-22 15:30:00,0,0.0,1.0,89150.07,89000.01,150.06000000001222,8857.87999999986
2026-01-22 15:45:00,1,0.0,1.0,89000.01,88843.79,-156.22000000000116,8701.659999999858
2026-01-22 16:00:00,1,1.0,1.0,88843.79,88992.1,148.31000000001222,8849.96999999987
2026-01-22 16:15:00,0,0.0,0.0,88992.1,88972.45,19.65000000000873,8869.619999999879
2026-01-22 16:30:00,1,1.0,1.0,88972.45,89054.06,81.61000000000058,8951.22999999988
2026-01-22 16:45:00,0,1.0,1.0,89054.06,89228.33,-174.27000000000407,8776.959999999875
2026-01-22 17:00:00,0,0.0,1.0,89228.33,89148.33,80.0,8856.959999999875
2026-01-22 17:15:00,1,1.0,1.0,89148.33,89230.71,82.38000000000466,8939.33999999988
2026-01-22 17:30:00,0,1.0,1.0,89230.71,89550.01,-319.29999999998836,8620.039999999892
2026-01-22 17:45:00,0,0.0,1.0,89550.01,89474.03,75.97999999999593,8696.019999999888
2026-01-22 18:00:00,1,1.0,1.0,89474.03,89616.04,142.00999999999476,8838.029999999882
2026-01-22 18:15:00,0,1.0,0.0,89616.04,89668.6,-52.560000000012224,8785.46999999987
2026-01-22 18:30:00,0,0.0,1.0,89668.6,89333.94,334.6600000000035,9120.129999999874
2026-01-22 18:45:00,1,1.0,1.0,89333.94,89399.12,65.17999999999302,9185.309999999867
2026-01-22 19:00:00,0,1.0,1.0,89399.12,89504.99,-105.8700000000099,9079.439999999857
2026-01-22 19:15:00,0,1.0,1.0,89504.99,89845.71,-340.72000000000116,8738.719999999856
2026-01-22 19:30:00,0,0.0,1.0,89845.71,89777.9,67.81000000001222,8806.529999999868
2026-01-22 19:45:00,1,1.0,1.0,89777.9,89924.0,146.10000000000582,8952.629999999874
2026-01-22 20:00:00,0,0.0,1.0,89924.0,89574.44,349.5599999999977,9302.189999999871
2026-01-22 20:15:00,1,0.0,1.0,89574.44,89507.7,-66.74000000000524,9235.449999999866
2026-01-22 20:30:00,1,0.0,1.0,89507.7,89409.72,-97.97999999999593,9137.46999999987
2026-01-22 20:45:00,1,1.0,1.0,89409.72,89540.01,130.2899999999936,9267.759999999864
2026-01-22 21:00:00,1,1.0,0.0,89540.01,89571.54,31.529999999998836,9299.289999999863
2026-01-22 21:15:00,0,0.0,1.0,89571.54,89392.01,179.52999999999884,9478.819999999861
2026-01-22 21:30:00,1,0.0,1.0,89392.01,89268.66,-123.34999999999127,9355.46999999987
2026-01-22 21:45:00,1,1.0,1.0,89268.66,89490.7,222.0399999999936,9577.509999999864
2026-01-22 22:00:00,0,0.0,1.0,89490.7,89422.77,67.92999999999302,9645.439999999857
2026-01-22 22:15:00,1,0.0,1.0,89422.77,89265.5,-157.27000000000407,9488.169999999853
2026-01-22 22:30:00,1,1.0,1.0,89265.5,89346.99,81.49000000000524,9569.659999999858
2026-01-22 22:45:00,0,0.0,0.0,89346.99,89302.4,44.59000000001106,9614.249999999869
2026-01-22 23:00:00,1,1.0,1.0,89302.4,89440.0,137.60000000000582,9751.849999999875
2026-01-22 23:15:00,1,1.0,1.0,89440.0,89505.7,65.69999999999709,9817.549999999872
2026-01-22 23:30:00,0,1.0,0.0,89505.7,89559.67,-53.970000000001164,9763.57999999987
2026-01-22 23:45:00,0,0.0,0.0,89559.67,89537.0,22.669999999998254,9786.249999999869
2026-01-23 00:00:00,1,1.0,1.0,89537.0,89615.71,78.7100000000064,9864.959999999875
2026-01-23 00:15:00,0,0.0,1.0,89615.71,89552.51,63.20000000001164,9928.159999999887
2026-01-23 00:30:00,1,0.0,0.0,89552.51,89520.01,-32.5,9895.659999999887
2026-01-23 00:45:00,1,1.0,1.0,89520.01,89607.82,87.81000000001222,9983.4699999999
2026-01-23 01:00:00,0,1.0,1.0,89607.82,89693.16,-85.33999999999651,9898.129999999903
2026-01-23 01:15:00,0,1.0,1.0,89693.16,89827.81,-134.64999999999418,9763.479999999909
2026-01-23 01:30:00,0,1.0,1.0,89827.81,89939.38,-111.57000000000698,9651.909999999902
2026-01-23 01:45:00,0,1.0,0.0,89939.38,89950.34,-10.959999999991851,9640.94999999991
2026-01-23 02:00:00,0,0.0,1.0,89950.34,89769.13,181.20999999999185,9822.159999999902
2026-01-23 02:15:00,1,1.0,0.0,89769.13,89788.7,19.569999999992433,9841.729999999894
2026-01-23 02:30:00,0,0.0,1.0,89788.7,89663.48,125.22000000000116,9966.949999999895
2026-01-23 02:45:00,1,1.0,1.0,89663.48,89805.44,141.9600000000064,10108.909999999902
2026-01-23 03:00:00,0,1.0,1.0,89805.44,89897.74,-92.30000000000291,10016.609999999899
2026-01-23 03:15:00,0,0.0,0.0,89897.74,89894.28,3.460000000006403,10020.069999999905
2026-01-23 03:30:00,1,1.0,0.0,89894.28,89924.78,30.5,10050.569999999905
2026-01-23 03:45:00,0,1.0,1.0,89924.78,90076.9,-152.11999999999534,9898.44999999991
2026-01-23 04:00:00,0,0.0,1.0,90076.9,89985.48,91.41999999999825,9989.869999999908
2026-01-23 04:15:00,1,0.0,0.0,89985.48,89983.04,-2.4400000000023283,9987.429999999906
2026-01-23 04:30:00,1,0.0,0.0,89983.04,89965.42,-17.619999999995343,9969.80999999991
2026-01-23 04:45:00,1,0.0,1.0,89965.42,89886.16,-79.25999999999476,9890.549999999916
2026-01-23 05:00:00,1,0.0,1.0,89886.16,89646.22,-239.94000000000233,9650.609999999913
2026-01-23 05:15:00,1,0.0,0.0,89646.22,89643.52,-2.6999999999970896,9647.909999999916
2026-01-23 05:30:00,1,0.0,0.0,89643.52,89616.03,-27.49000000000524,9620.419999999911
2026-01-23 05:45:00,1,1.0,1.0,89616.03,89733.5,117.47000000000116,9737.889999999912
2026-01-23 06:00:00,0,0.0,1.0,89733.5,89473.16,260.3399999999965,9998.229999999909
2026-01-23 06:15:00,1,1.0,1.0,89473.16,89655.74,182.58000000000175,10180.80999999991
2026-01-23 06:30:00,0,0.0,1.0,89655.74,89509.59,146.15000000000873,10326.95999999992
2026-01-23 06:45:00,1,1.0,0.0,89509.59,89550.59,41.0,10367.95999999992
2026-01-23 07:00:00,1,1.0,1.0,89550.59,89642.22,91.63000000000466,10459.589999999924
2026-01-23 07:15:00,0,0.0,1.0,89642.22,89580.98,61.24000000000524,10520.829999999929
2026-01-23 07:30:00,1,0.0,0.0,89580.98,89549.45,-31.529999999998836,10489.29999999993
2026-01-23 07:45:00,1,1.0,0.0,89549.45,89552.21,2.7600000000093132,10492.05999999994
2026-01-23 08:00:00,1,0.0,1.0,89552.21,89332.78,-219.43000000000757,10272.629999999932
2026-01-23 08:15:00,1,1.0,0.0,89332.78,89359.76,26.979999999995925,10299.609999999928
2026-01-23 08:30:00,1,0.0,1.0,89359.76,89221.46,-138.29999999998836,10161.30999999994
2026-01-23 08:45:00,1,1.0,0.0,89221.46,89238.57,17.110000000000582,10178.41999999994
2026-01-23 09:00:00,1,0.0,1.0,89238.57,89165.65,-72.9200000000128,10105.499999999927
2026-01-23 09:15:00,1,0.0,1.0,89165.65,89009.73,-155.91999999999825,9949.579999999929
2026-01-23 09:30:00,1,0.0,0.0,89009.73,88977.72,-32.00999999999476,9917.569999999934
2026-01-23 09:45:00,1,1.0,1.0,88977.72,89049.83,72.11000000000058,9989.679999999935
2026-01-23 10:00:00,1,1.0,0.0,89049.83,89103.0,53.169999999998254,10042.849999999933
2026-01-23 10:15:00,0,1.0,0.0,89103.0,89127.97,-24.970000000001164,10017.879999999932
2026-01-23 10:30:00,0,0.0,1.0,89127.97,89046.49,81.47999999999593,10099.359999999928
2026-01-23 10:45:00,1,1.0,1.0,89046.49,89222.89,176.39999999999418,10275.759999999922
2026-01-23 11:00:00,0,0.0,0.0,89222.89,89219.99,2.8999999999941792,10278.659999999916
2026-01-23 11:15:00,1,1.0,0.0,89219.99,89249.2,29.20999999999185,10307.869999999908
2026-01-23 11:30:00,0,0.0,0.0,89249.2,89202.48,46.720000000001164,10354.58999999991
2026-01-23 11:45:00,1,0.0,0.0,89202.48,89160.01,-42.470000000001164,10312.119999999908
2026-01-23 12:00:00,1,1.0,0.0,89160.01,89163.52,3.5100000000093132,10315.629999999917
2026-01-23 12:15:00,1,1.0,1.0,89163.52,89241.26,77.73999999999069,10393.369999999908
2026-01-23 12:30:00,0,1.0,0.0,89241.26,89267.83,-26.570000000006985,10366.799999999901
2026-01-23 12:45:00,0,1.0,1.0,89267.83,89407.15,-139.31999999999243,10227.479999999909
2026-01-23 13:00:00,0,0.0,1.0,89407.15,89257.43,149.72000000000116,10377.19999999991
2026-01-23 13:15:00,0,1.0,1.0,89257.43,89355.2,-97.77000000000407,10279.429999999906
2026-01-23 13:30:00,0,0.0,0.0,89355.2,89350.81,4.389999999999418,10283.819999999905
2026-01-23 13:45:00,0,1.0,1.0,89350.81,89459.29,-108.47999999999593,10175.33999999991
2026-01-23 14:00:00,0,1.0,1.0,89459.29,89685.93,-226.63999999999942,9948.69999999991
2026-01-23 14:15:00,0,0.0,1.0,89685.93,88965.48,720.4499999999971,10669.149999999907
2026-01-23 14:30:00,1,1.0,0.0,88965.48,89017.85,52.370000000009895,10721.519999999917
2026-01-23 14:45:00,1,0.0,1.0,89017.85,88821.92,-195.93000000000757,10525.58999999991
2026-01-23 15:00:00,1,1.0,1.0,88821.92,88979.61,157.69000000000233,10683.279999999912
2026-01-23 15:15:00,0,1.0,1.0,88979.61,89259.98,-280.36999999999534,10402.909999999916
2026-01-23 15:30:00,0,1.0,1.0,89259.98,89761.61,-501.63000000000466,9901.279999999912
2026-01-23 15:45:00,0,0.0,0.0,89761.61,89752.27,9.339999999996508,9910.619999999908
2026-01-23 16:00:00,0,0.0,1.0,89752.27,89575.45,176.82000000000698,10087.439999999915
2026-01-23 16:15:00,1,1.0,1.0,89575.45,90269.66,694.2100000000064,10781.649999999921
2026-01-23 16:30:00,0,0.0,1.0,90269.66,90124.85,144.80999999999767,10926.45999999992
2026-01-23 16:45:00,1,1.0,1.0,90124.85,90199.99,75.13999999999942,11001.599999999919
2026-01-23 17:00:00,0,1.0,1.0,90199.99,90981.99,-782.0,10219.599999999919
2026-01-23 17:15:00,0,0.0,1.0,90981.99,90831.33,150.6600000000035,10370.259999999922
2026-01-23 17:30:00,0,0.0,1.0,90831.33,90600.0,231.33000000000175,10601.589999999924
2026-01-23 17:45:00,1,1.0,1.0,90600.0,90743.61,143.61000000000058,10745.199999999924
2026-01-23 18:00:00,0,1.0,1.0,90743.61,90871.84,-128.22999999999593,10616.969999999928
2026-01-23 18:15:00,0,0.0,1.0,90871.84,90738.0,133.8399999999965,10750.809999999925
2026-01-23 18:30:00,1,0.0,1.0,90738.0,90530.45,-207.5500000000029,10543.259999999922
2026-01-23 18:45:00,1,0.0,1.0,90530.45,90278.0,-252.4499999999971,10290.809999999925
2026-01-23 19:00:00,1,0.0,1.0,90278.0,89845.83,-432.16999999999825,9858.639999999927
2026-01-23 19:15:00,1,1.0,0.0,89845.83,89879.79,33.95999999999185,9892.599999999919
2026-01-23 19:30:00,1,1.0,1.0,89879.79,89982.79,103.0,9995.599999999919
2026-01-23 19:45:00,0,1.0,1.0,89982.79,90119.01,-136.22000000000116,9859.379999999917
2026-01-23 20:00:00,0,0.0,1.0,90119.01,89814.37,304.6399999999994,10164.019999999917
2026-01-23 20:15:00,1,0.0,1.0,89814.37,89422.27,-392.09999999999127,9771.919999999925
2026-01-23 20:30:00,1,1.0,1.0,89422.27,89503.68,81.40999999998894,9853.329999999914
2026-01-23 20:45:00,0,1.0,1.0,89503.68,89605.43,-101.75,9751.579999999914
2026-01-23 21:00:00,0,0.0,0.0,89605.43,89600.26,5.169999999998254,9756.749999999913
2026-01-23 21:15:00,1,0.0,1.0,89600.26,89438.01,-162.25,9594.499999999913
2026-01-23 21:30:00,1,0.0,1.0,89438.01,89349.99,-88.01999999998952,9506.479999999923
2026-01-23 21:45:00,1,1.0,1.0,89349.99,89622.5,272.50999999999476,9778.989999999918
2026-01-23 22:00:00,1,1.0,1.0,89622.5,89712.22,89.72000000000116,9868.70999999992
2026-01-23 22:15:00,0,0.0,1.0,89712.22,89587.03,125.19000000000233,9993.899999999921
2026-01-23 22:30:00,1,1.0,0.0,89587.03,89624.61,37.580000000001746,10031.479999999923
2026-01-23 22:45:00,0,0.0,0.0,89624.61,89576.22,48.38999999999942,10079.869999999923
2026-01-23 23:00:00,1,0.0,0.0,89576.22,89562.0,-14.220000000001164,10065.649999999921
2026-01-23 23:15:00,1,0.0,0.0,89562.0,89517.1,-44.89999999999418,10020.749999999927
2026-01-23 23:30:00,1,1.0,1.0,89517.1,89600.26,83.15999999998894,10103.909999999916
2026-01-23 23:45:00,0,0.0,1.0,89600.26,89509.51,90.75,10194.659999999916
2026-01-24 00:00:00,1,0.0,0.0,89509.51,89457.87,-51.63999999999942,10143.019999999917
2026-01-24 00:15:00,1,1.0,0.0,89457.87,89481.82,23.95000000001164,10166.969999999928
2026-01-24 00:30:00,1,0.0,0.0,89481.82,89452.83,-28.99000000000524,10137.979999999923
2026-01-24 00:45:00,1,1.0,1.0,89452.83,89515.93,63.09999999999127,10201.079999999914
2026-01-24 01:00:00,0,1.0,1.0,89515.93,89574.23,-58.30000000000291,10142.779999999912
2026-01-24 01:15:00,0,0.0,0.0,89574.23,89540.39,33.83999999999651,10176.619999999908
2026-01-24 01:30:00,1,1.0,0.0,89540.39,89550.24,9.85000000000582,10186.469999999914
2026-01-24 01:45:00,0,1.0,1.0,89550.24,89621.67,-71.42999999999302,10115.03999999992
2026-01-24 02:00:00,0,0.0,0.0,89621.67,89617.41,4.259999999994761,10119.299999999916
2026-01-24 02:15:00,1,1.0,1.0,89617.41,89686.57,69.16000000000349,10188.45999999992
2026-01-24 02:30:00,0,1.0,0.0,89686.57,89702.85,-16.279999999998836,10172.17999999992
2026-01-24 02:45:00,0,1.0,1.0,89702.85,89873.32,-170.47000000000116,10001.70999999992
2026-01-24 03:00:00,0,1.0,1.0,89873.32,89936.25,-62.929999999993015,9938.779999999926
2026-01-24 03:15:00,0,0.0,1.0,89936.25,89834.34,101.91000000000349,10040.68999999993
2026-01-24 03:30:00,1,0.0,1.0,89834.34,89770.02,-64.31999999999243,9976.369999999937
2026-01-24 03:45:00,1,1.0,0.0,89770.02,89803.43,33.40999999998894,10009.779999999926
2026-01-24 04:00:00,0,0.0,1.0,89803.43,89723.13,80.29999999998836,10090.079999999914
2026-01-24 04:15:00,1,1.0,0.0,89723.13,89759.67,36.5399999999936,10126.619999999908
2026-01-24 04:30:00,1,1.0,1.0,89759.67,89829.35,69.68000000000757,10196.299999999916
2026-01-24 04:45:00,0,0.0,0.0,89829.35,89829.1,0.25,10196.549999999916
2026-01-24 05:00:00,0,0.0,0.0,89829.1,89816.12,12.980000000010477,10209.529999999926
2026-01-24 05:15:00,1,0.0,0.0,89816.12,89761.89,-54.229999999995925,10155.29999999993
2026-01-24 05:30:00,1,1.0,0.0,89761.89,89775.2,13.309999999997672,10168.609999999928
2026-01-24 05:45:00,0,0.0,0.0,89775.2,89744.49,30.70999999999185,10199.31999999992
2026-01-24 06:00:00,1,0.0,1.0,89744.49,89649.99,-94.5,10104.81999999992
2026-01-24 06:15:00,1,1.0,0.0,89649.99,89671.76,21.769999999989523,10126.58999999991
2026-01-24 06:30:00,1,0.0,0.0,89671.76,89649.32,-22.439999999987776,10104.149999999921
2026-01-24 06:45:00,1,1.0,0.0,89649.32,89657.77,8.44999999999709,10112.599999999919
2026-01-24 07:00:00,0,0.0,0.0,89657.77,89604.88,52.88999999999942,10165.489999999918
2026-01-24 07:15:00,1,1.0,0.0,89604.88,89657.76,52.879999999990105,10218.369999999908
2026-01-24 07:30:00,1,0.0,0.0,89657.76,89620.1,-37.65999999998894,10180.70999999992
2026-01-24 07:45:00,1,0.0,0.0,89620.1,89615.86,-4.240000000005239,10176.469999999914
2026-01-24 08:00:00,1,0.0,0.0,89615.86,89615.86,0.0,10176.469999999914
2026-01-24 08:15:00,1,1.0,0.0,89615.86,89663.22,47.36000000000058,10223.829999999914
2026-01-24 08:30:00,1,0.0,0.0,89663.22,89660.88,-2.3399999999965075,10221.489999999918
2026-01-24 08:45:00,1,0.0,0.0,89660.88,89640.45,-20.430000000007567,10201.05999999991
2026-01-24 09:00:00,1,0.0,0.0,89640.45,89620.68,-19.770000000004075,10181.289999999906
2026-01-24 09:15:00,1,0.0,0.0,89620.68,89613.66,-7.019999999989523,10174.269999999917
2026-01-24 09:30:00,1,0.0,0.0,89613.66,89600.0,-13.660000000003492,10160.609999999913
2026-01-24 09:45:00,1,1.0,0.0,89600.0,89629.18,29.179999999993015,10189.789999999906
2026-01-24 10:00:00,0,0.0,0.0,89629.18,89620.42,8.759999999994761,10198.549999999901
2026-01-24 10:15:00,1,0.0,0.0,89620.42,89602.24,-18.179999999993015,10180.369999999908
2026-01-24 10:30:00,1,1.0,0.0,89602.24,89626.8,24.55999999999767,10204.929999999906
2026-01-24 10:45:00,0,0.0,0.0,89626.8,89610.05,16.75,10221.679999999906
2026-01-24 11:00:00,1,1.0,0.0,89610.05,89633.87,23.819999999992433,10245.499999999898
2026-01-24 11:15:00,0,1.0,0.0,89633.87,89654.25,-20.380000000004657,10225.119999999893
2026-01-24 11:30:00,0,0.0,1.0,89654.25,89595.4,58.85000000000582,10283.9699999999
2026-01-24 11:45:00,1,0.0,0.0,89595.4,89541.56,-53.83999999999651,10230.129999999903
2026-01-24 12:00:00,1,1.0,0.0,89541.56,89549.99,8.430000000007567,10238.55999999991
2026-01-24 12:15:00,0,0.0,0.0,89549.99,89535.99,14.0,10252.55999999991
2026-01-24 12:30:00,1,1.0,0.0,89535.99,89537.82,1.8300000000017462,10254.389999999912
2026-01-24 12:45:00,1,0.0,0.0,89537.82,89535.59,-2.2300000000104774,10252.159999999902
2026-01-24 13:00:00,1,0.0,0.0,89535.59,89532.3,-3.289999999993597,10248.869999999908
2026-01-24 13:15:00,1,1.0,0.0,89532.3,89536.76,4.459999999991851,10253.3299999999
2026-01-24 13:30:00,0,0.0,1.0,89536.76,89368.22,168.5399999999936,10421.869999999893
2026-01-24 13:45:00,1,1.0,1.0,89368.22,89473.86,105.63999999999942,10527.509999999893
2026-01-24 14:00:00,0,0.0,0.0,89473.86,89472.83,1.0299999999988358,10528.539999999892
2026-01-24 14:15:00,1,1.0,0.0,89472.83,89500.01,27.179999999993015,10555.719999999885
2026-01-24 14:30:00,0,0.0,0.0,89500.01,89450.03,49.979999999995925,10605.69999999988
2026-01-24 14:45:00,1,1.0,0.0,89450.03,89470.53,20.5,10626.19999999988
2026-01-24 15:00:00,0,0.0,1.0,89470.53,89394.43,76.10000000000582,10702.299999999886
2026-01-24 15:15:00,1,0.0,0.0,89394.43,89347.13,-47.29999999998836,10654.999999999898
2026-01-24 15:30:00,1,0.0,1.0,89347.13,89275.77,-71.36000000000058,10583.639999999898
2026-01-24 15:45:00,1,0.0,0.0,89275.77,89247.79,-27.980000000010477,10555.659999999887
2026-01-24 16:00:00,1,1.0,0.0,89247.79,89260.0,12.210000000006403,10567.869999999893
2026-01-24 16:15:00,1,0.0,0.0,89260.0,89219.99,-40.00999999999476,10527.859999999899
2026-01-24 16:30:00,1,1.0,1.0,89219.99,89290.01,70.01999999998952,10597.879999999888
2026-01-24 16:45:00,0,1.0,1.0,89290.01,89371.88,-81.8700000000099,10516.009999999878
2026-01-24 17:00:00,0,1.0,0.0,89371.88,89406.69,-34.80999999999767,10481.19999999988
2026-01-24 17:15:00,0,0.0,1.0,89406.69,89333.53,73.16000000000349,10554.359999999884
2026-01-24 17:30:00,1,1.0,1.0,89333.53,89406.5,72.97000000000116,10627.329999999885
2026-01-24 17:45:00,0,1.0,0.0,89406.5,89415.99,-9.490000000005239,10617.83999999988
2026-01-24 18:00:00,0,1.0,0.0,89415.99,89426.69,-10.69999999999709,10607.139999999883
2026-01-24 18:15:00,0,0.0,0.0,89426.69,89412.73,13.960000000006403,10621.09999999989
2026-01-24 18:30:00,1,0.0,0.0,89412.73,89395.23,-17.5,10603.59999999989
2026-01-24 18:45:00,1,0.0,1.0,89395.23,89316.98,-78.25,10525.34999999989
2026-01-24 19:00:00,1,0.0,0.0,89316.98,89296.03,-20.94999999999709,10504.399999999892
2026-01-24 19:15:00,1,1.0,0.0,89296.03,89334.98,38.94999999999709,10543.34999999989
2026-01-24 19:30:00,0,0.0,0.0,89334.98,89331.36,3.6199999999953434,10546.969999999885
2026-01-24 19:45:00,1,1.0,1.0,89331.36,89373.53,42.169999999998254,10589.139999999883
2026-01-24 20:00:00,0,1.0,0.0,89373.53,89399.99,-26.460000000006403,10562.679999999877
2026-01-24 20:15:00,0,0.0,0.0,89399.99,89383.65,16.34000000001106,10579.019999999888
2026-01-24 20:30:00,1,0.0,0.0,89383.65,89380.01,-3.639999999999418,10575.379999999888
2026-01-24 20:45:00,1,0.0,1.0,89380.01,89287.83,-92.17999999999302,10483.199999999895
2026-01-24 21:00:00,1,1.0,1.0,89287.83,89331.53,43.69999999999709,10526.899999999892
2026-01-24 21:15:00,0,1.0,1.0,89331.53,89370.37,-38.83999999999651,10488.059999999896
2026-01-24 21:30:00,0,1.0,0.0,89370.37,89386.61,-16.24000000000524,10471.81999999989
2026-01-24 21:45:00,0,1.0,1.0,89386.61,89471.51,-84.89999999999418,10386.919999999896
2026-01-24 22:00:00,0,0.0,1.0,89471.51,89401.37,70.13999999999942,10457.059999999896
2026-01-24 22:15:00,1,0.0,1.0,89401.37,89304.85,-96.51999999998952,10360.539999999906
2026-01-24 22:30:00,1,1.0,1.0,89304.85,89430.0,125.14999999999418,10485.6899999999
2026-01-24 22:45:00,0,0.0,1.0,89430.0,89351.79,78.2100000000064,10563.899999999907
2026-01-24 23:00:00,1,1.0,1.0,89351.79,89389.76,37.970000000001164,10601.869999999908
2026-01-24 23:15:00,0,0.0,1.0,89389.76,89316.38,73.3799999999901,10675.249999999898
2026-01-24 23:30:00,1,0.0,1.0,89316.38,89225.34,-91.04000000000815,10584.20999999989
2026-01-24 23:45:00,1,1.0,1.0,89225.34,89265.39,40.05000000000291,10624.259999999893
2026-01-25 00:00:00,0,0.0,1.0,89265.39,89183.5,81.88999999999942,10706.149999999892
2026-01-25 00:15:00,1,1.0,1.0,89183.5,89272.0,88.5,10794.649999999892
2026-01-25 00:30:00,0,1.0,1.0,89272.0,89315.18,-43.179999999993015,10751.4699999999
2026-01-25 00:45:00,0,0.0,1.0,89315.18,89253.18,62.0,10813.4699999999
2026-01-25 01:00:00,1,0.0,1.0,89253.18,89200.0,-53.179999999993015,10760.289999999906
2026-01-25 01:15:00,1,0.0,1.0,89200.0,89140.0,-60.0,10700.289999999906
2026-01-25 01:30:00,1,1.0,0.0,89140.0,89176.31,36.30999999999767,10736.599999999904
2026-01-25 01:45:00,0,1.0,1.0,89176.31,89243.2,-66.88999999999942,10669.709999999905
2026-01-25 02:00:00,0,0.0,1.0,89243.2,89140.08,103.11999999999534,10772.8299999999
2026-01-25 02:15:00,1,1.0,0.0,89140.08,89145.41,5.330000000001746,10778.159999999902
2026-01-25 02:30:00,1,0.0,0.0,89145.41,89139.04,-6.370000000009895,10771.789999999892
2026-01-25 02:45:00,1,1.0,0.0,89139.04,89145.61,6.570000000006985,10778.359999999899
2026-01-25 03:00:00,1,0.0,1.0,89145.61,89035.32,-110.2899999999936,10668.069999999905
2026-01-25 03:15:00,1,0.0,1.0,89035.32,88928.47,-106.85000000000582,10561.2199999999
2026-01-25 03:30:00,1,1.0,0.0,88928.47,88960.35,31.880000000004657,10593.099999999904
2026-01-25 03:45:00,1,1.0,0.0,88960.35,88977.85,17.5,10610.599999999904
2026-01-25 04:00:00,1,0.0,0.0,88977.85,88958.39,-19.460000000006403,10591.139999999898
2026-01-25 04:15:00,1,1.0,1.0,88958.39,89068.04,109.64999999999418,10700.789999999892
2026-01-25 04:30:00,0,0.0,1.0,89068.04,89006.96,61.079999999987194,10761.869999999879
2026-01-25 04:45:00,1,1.0,0.0,89006.96,89040.45,33.48999999999069,10795.35999999987
2026-01-25 05:00:00,0,0.0,1.0,89040.45,88990.0,50.44999999999709,10845.809999999867
2026-01-25 05:15:00,1,0.0,1.0,88990.0,88892.46,-97.5399999999936,10748.269999999873
2026-01-25 05:30:00,1,1.0,1.0,88892.46,88990.9,98.43999999998778,10846.70999999986
2026-01-25 05:45:00,0,0.0,1.0,88990.9,88710.28,280.61999999999534,11127.329999999856
2026-01-25 06:00:00,1,1.0,1.0,88710.28,88788.8,78.52000000000407,11205.84999999986
2026-01-25 06:15:00,1,1.0,1.0,88788.8,88849.59,60.7899999999936,11266.639999999854
2026-01-25 06:30:00,0,0.0,0.0,88849.59,88831.36,18.229999999995925,11284.86999999985
2026-01-25 06:45:00,1,0.0,1.0,88831.36,88730.95,-100.41000000000349,11184.459999999846
2026-01-25 07:00:00,1,1.0,1.0,88730.95,88785.69,54.74000000000524,11239.199999999852
2026-01-25 07:15:00,1,0.0,1.0,88785.69,88722.26,-63.43000000000757,11175.769999999844
2026-01-25 07:30:00,1,0.0,1.0,88722.26,88659.99,-62.26999999998952,11113.499999999854
2026-01-25 07:45:00,1,1.0,1.0,88659.99,88725.16,65.16999999999825,11178.669999999853
2026-01-25 08:00:00,1,0.0,1.0,88725.16,88682.54,-42.620000000009895,11136.049999999843
2026-01-25 08:15:00,1,0.0,1.0,88682.54,88317.02,-365.5199999999895,10770.529999999853
2026-01-25 08:30:00,1,0.0,0.0,88317.02,88300.01,-17.010000000009313,10753.519999999844
2026-01-25 08:45:00,1,1.0,1.0,88300.01,88360.0,59.99000000000524,10813.50999999985
2026-01-25 09:00:00,1,1.0,1.0,88360.0,88464.45,104.44999999999709,10917.959999999846
2026-01-25 09:15:00,0,1.0,0.0,88464.45,88487.99,-23.54000000000815,10894.419999999838
2026-01-25 09:30:00,0,0.0,1.0,88487.99,88398.38,89.61000000000058,10984.029999999839
2026-01-25 09:45:00,1,1.0,1.0,88398.38,88479.88,81.5,11065.529999999839
2026-01-25 10:00:00,0,1.0,1.0,88479.88,88625.7,-145.81999999999243,10919.709999999846
2026-01-25 10:15:00,0,0.0,0.0,88625.7,88615.43,10.270000000004075,10929.97999999985
2026-01-25 10:30:00,1,1.0,1.0,88615.43,88659.51,44.080000000001746,10974.059999999852
2026-01-25 10:45:00,0,0.0,1.0,88659.51,88606.76,52.75,11026.809999999852
2026-01-25 11:00:00,1,1.0,1.0,88606.76,88670.15,63.38999999999942,11090.199999999852
2026-01-25 11:15:00,0,0.0,1.0,88670.15,88609.24,60.90999999998894,11151.10999999984
2026-01-25 11:30:00,1,0.0,1.0,88609.24,88570.17,-39.070000000006985,11112.039999999834
2026-01-25 11:45:00,1,1.0,1.0,88570.17,88638.88,68.7100000000064,11180.74999999984
2026-01-25 12:00:00,1,1.0,1.0,88638.88,88690.0,51.11999999999534,11231.869999999835
2026-01-25 12:15:00,0,1.0,1.0,88690.0,88758.56,-68.55999999999767,11163.309999999838
2026-01-25 12:30:00,0,1.0,0.0,88758.56,88791.99,-33.43000000000757,11129.87999999983
2026-01-25 12:45:00,0,0.0,1.0,88791.99,88742.52,49.470000000001164,11179.349999999831
2026-01-25 13:00:00,1,0.0,1.0,88742.52,88697.45,-45.070000000006985,11134.279999999824
2026-01-25 13:15:00,1,1.0,1.0,88697.45,88846.57,149.1200000000099,11283.399999999834
2026-01-25 13:30:00,0,1.0,1.0,88846.57,88921.0,-74.42999999999302,11208.969999999841
2026-01-25 13:45:00,0,0.0,1.0,88921.0,88883.67,37.330000000001746,11246.299999999843
2026-01-25 14:00:00,0,0.0,1.0,88883.67,88719.99,163.67999999999302,11409.979999999836
2026-01-25 14:15:00,1,0.0,0.0,88719.99,88684.64,-35.35000000000582,11374.62999999983
2026-01-25 14:30:00,1,1.0,0.0,88684.64,88710.1,25.460000000006403,11400.089999999836
2026-01-25 14:45:00,0,1.0,0.0,88710.1,88744.02,-33.919999999998254,11366.169999999838
2026-01-25 15:00:00,0,0.0,0.0,88744.02,88742.64,1.3800000000046566,11367.549999999843
2026-01-25 15:15:00,0,0.0,1.0,88742.64,88682.81,59.830000000001746,11427.379999999845
2026-01-25 15:30:00,1,0.0,1.0,88682.81,88446.5,-236.30999999999767,11191.069999999847
2026-01-25 15:45:00,1,0.0,1.0,88446.5,87904.72,-541.7799999999988,10649.289999999848
2026-01-25 16:00:00,1,1.0,1.0,87904.72,88038.12,133.39999999999418,10782.689999999842
2026-01-25 16:15:00,1,0.0,1.0,88038.12,87930.95,-107.16999999999825,10675.519999999844
2026-01-25 16:30:00,1,1.0,1.0,87930.95,88077.26,146.30999999999767,10821.829999999842
2026-01-25 16:45:00,1,0.0,1.0,88077.26,87863.05,-214.20999999999185,10607.61999999985
2026-01-25 17:00:00,1,1.0,0.0,87863.05,87888.6,25.55000000000291,10633.169999999853
2026-01-25 17:15:00,1,1.0,1.0,87888.6,87998.35,109.75,10742.919999999853
2026-01-25 17:30:00,0,0.0,1.0,87998.35,87892.17,106.18000000000757,10849.09999999986
2026-01-25 17:45:00,1,0.0,1.0,87892.17,87700.58,-191.5899999999965,10657.509999999864
2026-01-25 18:00:00,1,0.0,1.0,87700.58,87528.53,-172.0500000000029,10485.45999999986
2026-01-25 18:15:00,1,0.0,1.0,87528.53,87079.93,-448.6000000000058,10036.859999999855
2026-01-25 18:30:00,1,1.0,1.0,87079.93,87420.01,340.08000000000175,10376.939999999857
2026-01-25 18:45:00,1,0.0,1.0,87420.01,87290.36,-129.64999999999418,10247.289999999863
2026-01-25 19:00:00,1,0.0,1.0,87290.36,86482.18,-808.1800000000076,9439.109999999855
2026-01-25 19:15:00,1,1.0,1.0,86482.18,86706.64,224.4600000000064,9663.569999999861
2026-01-25 19:30:00,1,0.0,1.0,86706.64,86495.16,-211.47999999999593,9452.089999999866
2026-01-25 19:45:00,1,0.0,1.0,86495.16,86440.0,-55.16000000000349,9396.929999999862
2026-01-25 20:00:00,1,1.0,1.0,86440.0,86490.16,50.16000000000349,9447.089999999866
2026-01-25 20:15:00,1,0.0,1.0,86490.16,86332.69,-157.47000000000116,9289.619999999864
2026-01-25 20:30:00,1,1.0,1.0,86332.69,86654.61,321.91999999999825,9611.539999999863
2026-01-25 20:45:00,1,1.0,1.0,86654.61,86934.13,279.5200000000041,9891.059999999867
2026-01-25 21:00:00,0,1.0,1.0,86934.13,86972.89,-38.75999999999476,9852.299999999872
2026-01-25 21:15:00,0,0.0,1.0,86972.89,86541.02,431.86999999999534,10284.169999999867
2026-01-25 21:30:00,1,1.0,0.0,86541.02,86568.5,27.479999999995925,10311.649999999863
2026-01-25 21:45:00,1,0.0,1.0,86568.5,86511.76,-56.74000000000524,10254.909999999858
2026-01-25 22:00:00,1,0.0,1.0,86511.76,86319.08,-192.67999999999302,10062.229999999865
2026-01-25 22:15:00,1,1.0,1.0,86319.08,86634.6,315.5200000000041,10377.749999999869
2026-01-25 22:30:00,1,0.0,1.0,86634.6,86521.39,-113.2100000000064,10264.539999999863
2026-01-25 22:45:00,1,0.0,1.0,86521.39,86383.24,-138.14999999999418,10126.389999999868
2026-01-25 23:00:00,1,1.0,1.0,86383.24,86490.82,107.58000000000175,10233.96999999987
2026-01-25 23:15:00,1,0.0,1.0,86490.82,86423.04,-67.78000000001339,10166.189999999857
2026-01-25 23:30:00,1,1.0,1.0,86423.04,86670.36,247.32000000000698,10413.509999999864
2026-01-25 23:45:00,1,1.0,1.0,86670.36,87051.28,380.91999999999825,10794.429999999862
2026-01-26 00:00:00,0,0.0,1.0,87051.28,86843.23,208.0500000000029,11002.479999999865
2026-01-26 00:15:00,1,0.0,1.0,86843.23,86632.44,-210.7899999999936,10791.689999999871
2026-01-26 00:30:00,1,1.0,1.0,86632.44,86854.86,222.41999999999825,11014.10999999987
2026-01-26 00:45:00,1,1.0,1.0,86854.86,87269.3,414.4400000000023,11428.549999999872
2026-01-26 01:00:00,0,1.0,1.0,87269.3,87649.99,-380.6900000000023,11047.85999999987
2026-01-26 01:15:00,0,1.0,0.0,87649.99,87686.83,-36.83999999999651,11011.019999999873
2026-01-26 01:30:00,0,1.0,0.0,87686.83,87698.73,-11.89999999999418,10999.119999999879
2026-01-26 01:45:00,0,0.0,1.0,87698.73,87509.31,189.41999999999825,11188.539999999877
2026-01-26 02:00:00,1,1.0,1.0,87509.31,87915.62,406.3099999999977,11594.849999999875
2026-01-26 02:15:00,0,0.0,1.0,87915.62,87625.22,290.3999999999942,11885.249999999869
2026-01-26 02:30:00,1,0.0,1.0,87625.22,87563.38,-61.83999999999651,11823.409999999873
2026-01-26 02:45:00,1,1.0,0.0,87563.38,87572.9,9.519999999989523,11832.929999999862
2026-01-26 03:00:00,0,0.0,1.0,87572.9,87446.17,126.72999999999593,11959.659999999858
2026-01-26 03:15:00,1,0.0,1.0,87446.17,87359.12,-87.05000000000291,11872.609999999855
2026-01-26 03:30:00,1,0.0,1.0,87359.12,87282.05,-77.06999999999243,11795.539999999863
2026-01-26 03:45:00,1,1.0,1.0,87282.05,87466.02,183.97000000000116,11979.509999999864
2026-01-26 04:00:00,1,1.0,1.0,87466.02,87859.46,393.4400000000023,12372.949999999866
2026-01-26 04:15:00,0,0.0,1.0,87859.46,87769.79,89.6700000000128,12462.619999999879
2026-01-26 04:30:00,0,0.0,0.0,87769.79,87737.06,32.729999999995925,12495.349999999875
2026-01-26 04:45:00,1,0.0,1.0,87737.06,87693.44,-43.61999999999534,12451.72999999988
2026-01-26 05:00:00,1,1.0,1.0,87693.44,87865.01,171.56999999999243,12623.299999999872
2026-01-26 05:15:00,0,0.0,0.0,87865.01,87838.47,26.539999999993597,12649.839999999866
2026-01-26 05:30:00,1,0.0,0.0,87838.47,87826.01,-12.460000000006403,12637.37999999986
2026-01-26 05:45:00,1,0.0,1.0,87826.01,87764.0,-62.00999999999476,12575.369999999864
2026-01-26 06:00:00,1,1.0,1.0,87764.0,87929.35,165.35000000000582,12740.71999999987
2026-01-26 06:15:00,0,1.0,0.0,87929.35,87962.51,-33.15999999998894,12707.559999999881
2026-01-26 06:30:00,0,0.0,0.0,87962.51,87937.44,25.069999999992433,12732.629999999874
2026-01-26 06:45:00,1,1.0,1.0,87937.44,88008.49,71.05000000000291,12803.679999999877
2026-01-26 07:00:00,0,0.0,1.0,88008.49,87788.2,220.29000000000815,13023.969999999885
2026-01-26 07:15:00,1,1.0,1.0,87788.2,87923.92,135.72000000000116,13159.689999999886
2026-01-26 07:30:00,1,1.0,1.0,87923.92,88000.64,76.72000000000116,13236.409999999887
2026-01-26 07:45:00,0,0.0,1.0,88000.64,87920.02,80.61999999999534,13317.029999999882
2026-01-26 08:00:00,1,1.0,1.0,87920.02,88200.01,279.9899999999907,13597.019999999873
2026-01-26 08:15:00,0,0.0,1.0,88200.01,88056.19,143.81999999999243,13740.839999999866
2026-01-26 08:30:00,0,0.0,1.0,88056.19,87975.39,80.80000000000291,13821.639999999868
2026-01-26 08:45:00,1,0.0,1.0,87975.39,87822.74,-152.64999999999418,13668.989999999874
2026-01-26 09:00:00,1,0.0,0.0,87822.74,87801.85,-20.889999999999418,13648.099999999875
2026-01-26 09:15:00,1,0.0,0.0,87801.85,87766.51,-35.34000000001106,13612.759999999864
2026-01-26 09:30:00,1,0.0,1.0,87766.51,87663.12,-103.38999999999942,13509.369999999864
2026-01-26 09:45:00,1,1.0,1.0,87663.12,87842.47,179.35000000000582,13688.71999999987
2026-01-26 10:00:00,1,1.0,1.0,87842.47,87912.74,70.27000000000407,13758.989999999874
2026-01-26 10:15:00,0,0.0,0.0,87912.74,87889.55,23.19000000000233,13782.179999999877
2026-01-26 10:30:00,1,1.0,0.0,87889.55,87897.55,8.0,13790.179999999877
2026-01-26 10:45:00,0,1.0,1.0,87897.55,87973.0,-75.44999999999709,13714.72999999988
2026-01-26 11:00:00,0,0.0,1.0,87973.0,87794.68,178.32000000000698,13893.049999999886
2026-01-26 11:15:00,1,1.0,1.0,87794.68,87848.75,54.070000000006985,13947.119999999893
2026-01-26 11:30:00,1,1.0,0.0,87848.75,87855.0,6.25,13953.369999999893
2026-01-26 11:45:00,0,1.0,0.0,87855.0,87882.35,-27.35000000000582,13926.019999999888
2026-01-26 12:00:00,0,1.0,0.0,87882.35,87889.11,-6.759999999994761,13919.259999999893
2026-01-26 12:15:00,0,0.0,1.0,87889.11,87767.98,121.13000000000466,14040.389999999898
2026-01-26 12:30:00,1,1.0,0.0,87767.98,87799.45,31.470000000001164,14071.859999999899
2026-01-26 12:45:00,1,1.0,0.0,87799.45,87829.84,30.389999999999418,14102.249999999898
2026-01-26 13:00:00,0,1.0,1.0,87829.84,87893.02,-63.18000000000757,14039.06999999989
2026-01-26 13:15:00,0,1.0,1.0,87893.02,88011.89,-118.86999999999534,13920.199999999895
2026-01-26 13:30:00,0,0.0,1.0,88011.89,87960.01,51.88000000000466,13972.0799999999
2026-01-26 13:45:00,1,0.0,1.0,87960.01,87688.02,-271.9899999999907,13700.08999999991
2026-01-26 14:00:00,1,0.0,0.0,87688.02,87675.71,-12.309999999997672,13687.779999999912
2026-01-26 14:15:00,1,1.0,1.0,87675.71,88144.09,468.3799999999901,14156.159999999902
2026-01-26 14:30:00,0,1.0,0.0,88144.09,88178.1,-34.01000000000931,14122.149999999892
2026-01-26 14:45:00,0,1.0,1.0,88178.1,88721.46,-543.3600000000006,13578.789999999892
2026-01-26 15:00:00,0,0.0,1.0,88721.46,88492.82,228.63999999999942,13807.429999999891
2026-01-26 15:15:00,0,0.0,1.0,88492.82,87476.6,1016.2200000000012,14823.649999999892
2026-01-26 15:30:00,1,1.0,1.0,87476.6,87641.41,164.80999999999767,14988.45999999989
2026-01-26 15:45:00,1,0.0,1.0,87641.41,87410.24,-231.16999999999825,14757.289999999892
2026-01-26 16:00:00,1,1.0,1.0,87410.24,87697.51,287.2699999999895,15044.559999999881
2026-01-26 16:15:00,1,0.0,1.0,87697.51,87471.74,-225.76999999998952,14818.789999999892
2026-01-26 16:30:00,1,1.0,1.0,87471.74,87606.99,135.25,14954.039999999892
2026-01-26 16:45:00,1,0.0,1.0,87606.99,87426.07,-180.91999999999825,14773.119999999893
2026-01-26 17:00:00,1,0.0,0.0,87426.07,87400.0,-26.070000000006985,14747.049999999886
2026-01-26 17:15:00,1,1.0,1.0,87400.0,87537.6,137.60000000000582,14884.649999999892
2026-01-26 17:30:00,1,1.0,1.0,87537.6,87700.62,163.01999999998952,15047.669999999882
2026-01-26 17:45:00,0,1.0,1.0,87700.62,87850.0,-149.38000000000466,14898.289999999877
2026-01-26 18:00:00,0,1.0,1.0,87850.0,88082.84,-232.8399999999965,14665.44999999988
2026-01-26 18:15:00,0,0.0,1.0,88082.84,88009.43,73.41000000000349,14738.859999999884
2026-01-26 18:30:00,1,1.0,1.0,88009.43,88403.72,394.29000000000815,15133.149999999892
2026-01-26 18:45:00,0,0.0,0.0,88403.72,88368.14,35.580000000001746,15168.729999999894
2026-01-26 19:00:00,0,0.0,1.0,88368.14,88189.53,178.61000000000058,15347.339999999895
2026-01-26 19:15:00,1,1.0,1.0,88189.53,88248.83,59.30000000000291,15406.639999999898
2026-01-26 19:30:00,0,0.0,1.0,88248.83,88013.19,235.63999999999942,15642.279999999897
2026-01-26 19:45:00,1,0.0,1.0,88013.19,87922.97,-90.22000000000116,15552.059999999896
2026-01-26 20:00:00,1,0.0,0.0,87922.97,87884.0,-38.970000000001164,15513.089999999895
2026-01-26 20:15:00,1,0.0,1.0,87884.0,87808.8,-75.19999999999709,15437.889999999898
2026-01-26 20:30:00,1,0.0,1.0,87808.8,87629.22,-179.58000000000175,15258.309999999896
2026-01-26 20:45:00,1,1.0,1.0,87629.22,87842.68,213.45999999999185,15471.769999999888
2026-01-26 21:00:00,1,1.0,1.0,87842.68,87939.8,97.1200000000099,15568.889999999898
2026-01-26 21:15:00,0,1.0,1.0,87939.8,88146.38,-206.58000000000175,15362.309999999896
2026-01-26 21:30:00,0,0.0,1.0,88146.38,88064.69,81.69000000000233,15443.999999999898
2026-01-26 21:45:00,1,1.0,0.0,88064.69,88102.36,37.669999999998254,15481.669999999896
2026-01-26 22:00:00,1,0.0,0.0,88102.36,88091.99,-10.369999999995343,15471.299999999901
2026-01-26 22:15:00,1,1.0,0.0,88091.99,88121.15,29.15999999998894,15500.45999999989
2026-01-26 22:30:00,1,1.0,0.0,88121.15,88140.01,18.860000000000582,15519.31999999989
2026-01-26 22:45:00,0,1.0,1.0,88140.01,88189.13,-49.120000000009895,15470.19999999988
2026-01-26 23:00:00,0,1.0,1.0,88189.13,88462.78,-273.6499999999942,15196.549999999886
2026-01-26 23:15:00,0,1.0,1.0,88462.78,88552.42,-89.63999999999942,15106.909999999887
2026-01-26 23:30:00,0,0.0,1.0,88552.42,88347.08,205.3399999999965,15312.249999999884
2026-01-26 23:45:00,0,0.0,1.0,88347.08,88238.08,109.0,15421.249999999884
2026-01-27 00:00:00,1,1.0,1.0,88238.08,88393.8,155.72000000000116,15576.969999999885
2026-01-27 00:15:00,0,0.0,1.0,88393.8,88300.72,93.08000000000175,15670.049999999886
2026-01-27 00:30:00,1,1.0,1.0,88300.72,88353.97,53.25,15723.299999999886
2026-01-27 00:45:00,0,0.0,1.0,88353.97,88265.98,87.99000000000524,15811.289999999892
2026-01-27 01:00:00,1,1.0,1.0,88265.98,88438.97,172.99000000000524,15984.279999999897
2026-01-27 01:15:00,0,1.0,1.0,88438.97,88631.79,-192.81999999999243,15791.459999999905
2026-01-27 01:30:00,0,0.0,1.0,88631.79,88550.61,81.17999999999302,15872.639999999898
2026-01-27 01:45:00,1,1.0,1.0,88550.61,88692.0,141.38999999999942,16014.029999999897
2026-01-27 02:00:00,0,0.0,1.0,88692.0,88558.54,133.4600000000064,16147.489999999903
2026-01-27 02:15:00,0,1.0,1.0,88558.54,88738.71,-180.1700000000128,15967.31999999989
2026-01-27 02:30:00,0,1.0,1.0,88738.71,88831.6,-92.88999999999942,15874.429999999891
2026-01-27 02:45:00,0,0.0,1.0,88831.6,88630.75,200.85000000000582,16075.279999999897
2026-01-27 03:00:00,0,1.0,1.0,88630.75,88739.14,-108.38999999999942,15966.889999999898
2026-01-27 03:15:00,0,1.0,1.0,88739.14,88811.68,-72.5399999999936,15894.349999999904
2026-01-27 03:30:00,0,0.0,0.0,88811.68,88788.0,23.679999999993015,15918.029999999897
2026-01-27 03:45:00,0,1.0,0.0,88788.0,88822.31,-34.30999999999767,15883.7199999999
2026-01-27 04:00:00,0,1.0,0.0,88822.31,88841.61,-19.30000000000291,15864.419999999896
2026-01-27 04:15:00,0,0.0,1.0,88841.61,88690.01,151.60000000000582,16016.019999999902
2026-01-27 04:30:00,0,0.0,1.0,88690.01,88579.58,110.42999999999302,16126.449999999895
2026-01-27 04:45:00,1,0.0,1.0,88579.58,88457.29,-122.29000000000815,16004.159999999887
2026-01-27 05:00:00,1,1.0,0.0,88457.29,88495.24,37.95000000001164,16042.109999999899
2026-01-27 05:15:00,1,0.0,0.0,88495.24,88483.71,-11.529999999998836,16030.5799999999
2026-01-27 05:30:00,1,0.0,0.0,88483.71,88456.3,-27.410000000003492,16003.169999999896
2026-01-27 05:45:00,1,1.0,1.0,88456.3,88498.99,42.69000000000233,16045.859999999899
2026-01-27 06:00:00,1,0.0,1.0,88498.99,88391.99,-107.0,15938.859999999899
2026-01-27 06:15:00,1,0.0,1.0,88391.99,88285.71,-106.27999999999884,15832.5799999999
2026-01-27 06:30:00,1,1.0,1.0,88285.71,88332.67,46.95999999999185,15879.539999999892
2026-01-27 06:45:00,0,1.0,1.0,88332.67,88497.41,-164.74000000000524,15714.799999999886
2026-01-27 07:00:00,0,1.0,0.0,88497.41,88524.71,-27.30000000000291,15687.499999999884
2026-01-27 07:15:00,0,0.0,1.0,88524.71,88451.84,72.8700000000099,15760.369999999893
2026-01-27 07:30:00,1,0.0,1.0,88451.84,88320.41,-131.42999999999302,15628.9399999999
2026-01-27 07:45:00,1,1.0,1.0,88320.41,88366.92,46.50999999999476,15675.449999999895
2026-01-27 08:00:00,0,0.0,1.0,88366.92,88234.72,132.1999999999971,15807.649999999892
2026-01-27 08:15:00,1,0.0,0.0,88234.72,88226.71,-8.009999999994761,15799.639999999898
2026-01-27 08:30:00,1,0.0,1.0,88226.71,88170.82,-55.88999999999942,15743.749999999898
2026-01-27 08:45:00,1,0.0,1.0,88170.82,88004.13,-166.69000000000233,15577.059999999896
2026-01-27 09:00:00,1,0.0,0.0,88004.13,87983.64,-20.49000000000524,15556.56999999989
2026-01-27 09:15:00,1,1.0,0.0,87983.64,88021.73,38.08999999999651,15594.659999999887
2026-01-27 09:30:00,1,0.0,1.0,88021.73,87886.82,-134.90999999998894,15459.749999999898
2026-01-27 09:45:00,1,1.0,1.0,87886.82,87992.12,105.29999999998836,15565.049999999886
2026-01-27 10:00:00,1,0.0,0.0,87992.12,87989.2,-2.9199999999982538,15562.129999999888
2026-01-27 10:15:00,1,0.0,1.0,87989.2,87828.62,-160.58000000000175,15401.549999999886
2026-01-27 10:30:00,1,0.0,1.0,87828.62,87786.53,-42.08999999999651,15359.45999999989
2026-01-27 10:45:00,1,1.0,1.0,87786.53,87885.29,98.75999999999476,15458.219999999885
2026-01-27 11:00:00,1,0.0,0.0,87885.29,87874.66,-10.629999999990105,15447.589999999895
2026-01-27 11:15:00,1,1.0,1.0,87874.66,88055.01,180.34999999999127,15627.939999999886
2026-01-27 11:30:00,0,0.0,1.0,88055.01,87992.74,62.26999999998952,15690.209999999875
2026-01-27 11:45:00,1,1.0,1.0,87992.74,88100.16,107.41999999999825,15797.629999999874
2026-01-27 12:00:00,0,0.0,1.0,88100.16,88050.02,50.13999999999942,15847.769999999873
2026-01-27 12:15:00,1,0.0,1.0,88050.02,88005.89,-44.13000000000466,15803.639999999868
2026-01-27 12:30:00,1,0.0,0.0,88005.89,87986.96,-18.929999999993015,15784.709999999875
2026-01-27 12:45:00,1,0.0,1.0,87986.96,87911.96,-75.0,15709.709999999875
2026-01-27 13:00:00,1,0.0,1.0,87911.96,87824.32,-87.63999999999942,15622.069999999876
2026-01-27 13:15:00,1,1.0,1.0,87824.32,88051.65,227.3299999999872,15849.399999999863
2026-01-27 13:30:00,0,0.0,1.0,88051.65,87982.15,69.5,15918.899999999863
2026-01-27 13:45:00,1,1.0,1.0,87982.15,88296.59,314.4400000000023,16233.339999999866
2026-01-27 14:00:00,0,0.0,0.0,88296.59,88264.54,32.05000000000291,16265.389999999868
2026-01-27 14:15:00,0,0.0,1.0,88264.54,87689.65,574.8899999999994,16840.279999999868
2026-01-27 14:30:00,1,1.0,1.0,87689.65,87745.02,55.370000000009895,16895.649999999878
2026-01-27 14:45:00,1,1.0,1.0,87745.02,87981.87,236.84999999999127,17132.49999999987
2026-01-27 15:00:00,0,0.0,1.0,87981.87,87630.1,351.7699999999895,17484.26999999986
2026-01-27 15:15:00,1,1.0,1.0,87630.1,87701.38,71.27999999999884,17555.549999999857
2026-01-27 15:30:00,1,1.0,1.0,87701.38,88047.46,346.08000000000175,17901.62999999986
2026-01-27 15:45:00,0,1.0,1.0,88047.46,88431.68,-384.2199999999866,17517.409999999873
2026-01-27 16:00:00,0,0.0,1.0,88431.68,88372.9,58.779999999998836,17576.18999999987
2026-01-27 16:15:00,0,1.0,1.0,88372.9,88739.13,-366.2300000000105,17209.95999999986
2026-01-27 16:30:00,0,0.0,1.0,88739.13,88641.44,97.69000000000233,17307.649999999863
2026-01-27 16:45:00,0,0.0,1.0,88641.44,88016.25,625.1900000000023,17932.839999999866
2026-01-27 17:00:00,1,0.0,1.0,88016.25,87894.33,-121.91999999999825,17810.919999999867
2026-01-27 17:15:00,1,0.0,1.0,87894.33,87362.17,-532.1600000000035,17278.759999999864
2026-01-27 17:30:00,1,1.0,1.0,87362.17,87546.58,184.4100000000035,17463.169999999867
2026-01-27 17:45:00,1,1.0,1.0,87546.58,87670.21,123.63000000000466,17586.799999999872
2026-01-27 18:00:00,1,1.0,1.0,87670.21,87868.0,197.7899999999936,17784.589999999866
2026-01-27 18:15:00,0,0.0,0.0,87868.0,87836.38,31.619999999995343,17816.20999999986
2026-01-27 18:30:00,1,1.0,1.0,87836.38,88285.05,448.66999999999825,18264.87999999986
2026-01-27 18:45:00,0,0.0,1.0,88285.05,88218.85,66.19999999999709,18331.079999999856
2026-01-27 19:00:00,1,1.0,0.0,88218.85,88248.68,29.829999999987194,18360.909999999843
2026-01-27 19:15:00,0,1.0,1.0,88248.68,88528.14,-279.4600000000064,18081.449999999837
2026-01-27 19:30:00,0,0.0,1.0,88528.14,88408.77,119.36999999999534,18200.819999999832
2026-01-27 19:45:00,1,1.0,1.0,88408.77,88739.13,330.3600000000006,18531.179999999833
2026-01-27 20:00:00,0,1.0,1.0,88739.13,89149.99,-410.8600000000006,18120.319999999832
2026-01-27 20:15:00,0,0.0,1.0,89149.99,88943.67,206.32000000000698,18326.63999999984
2026-01-27 20:30:00,0,1.0,1.0,88943.67,89396.16,-452.49000000000524,17874.149999999834
2026-01-27 20:45:00,0,0.0,0.0,89396.16,89394.69,1.4700000000011642,17875.619999999835
2026-01-27 21:00:00,0,0.0,1.0,89394.69,89249.75,144.94000000000233,18020.559999999838
2026-01-27 21:15:00,0,0.0,0.0,89249.75,89212.27,37.479999999995925,18058.039999999834
2026-01-27 21:30:00,0,0.0,1.0,89212.27,89081.46,130.80999999999767,18188.84999999983
2026-01-27 21:45:00,1,1.0,1.0,89081.46,89147.78,66.31999999999243,18255.169999999824
2026-01-27 22:00:00,0,1.0,0.0,89147.78,89170.39,-22.610000000000582,18232.559999999823
2026-01-27 22:15:00,0,1.0,1.0,89170.39,89331.35,-160.9600000000064,18071.599999999817
2026-01-27 22:30:00,0,0.0,1.0,89331.35,89243.63,87.72000000000116,18159.319999999818
2026-01-27 22:45:00,0,1.0,1.0,89243.63,89320.31,-76.67999999999302,18082.639999999825
2026-01-27 23:00:00,0,1.0,1.0,89320.31,89502.7,-182.38999999999942,17900.249999999825
2026-01-27 23:15:00,0,0.0,1.0,89502.7,89419.66,83.0399999999936,17983.28999999982
2026-01-27 23:30:00,0,0.0,1.0,89419.66,89250.0,169.6600000000035,18152.949999999822
2026-01-27 23:45:00,1,0.0,0.0,89250.0,89247.75,-2.25,18150.699999999822
2026-01-28 00:00:00,1,1.0,1.0,89247.75,89319.36,71.61000000000058,18222.309999999823
2026-01-28 00:15:00,0,0.0,1.0,89319.36,89203.57,115.7899999999936,18338.099999999817
2026-01-28 00:30:00,0,1.0,1.0,89203.57,89467.72,-264.1499999999942,18073.949999999822
2026-01-28 00:45:00,0,0.0,1.0,89467.72,89382.15,85.57000000000698,18159.51999999983
2026-01-28 01:00:00,0,0.0,1.0,89382.15,89327.68,54.470000000001164,18213.98999999983
2026-01-28 01:15:00,0,1.0,0.0,89327.68,89364.54,-36.86000000000058,18177.12999999983
2026-01-28 01:30:00,0,1.0,0.0,89364.54,89404.57,-40.03000000001339,18137.099999999817
2026-01-28 01:45:00,0,0.0,1.0,89404.57,89285.03,119.54000000000815,18256.639999999825
2026-01-28 02:00:00,0,1.0,1.0,89285.03,89333.8,-48.770000000004075,18207.86999999982
2026-01-28 02:15:00,0,0.0,1.0,89333.8,89153.85,179.9499999999971,18387.819999999818
2026-01-28 02:30:00,1,1.0,1.0,89153.85,89285.77,131.91999999999825,18519.739999999816
2026-01-28 02:45:00,0,0.0,1.0,89285.77,89080.8,204.97000000000116,18724.709999999817
2026-01-28 03:00:00,1,0.0,0.0,89080.8,89069.4,-11.400000000008731,18713.30999999981
2026-01-28 03:15:00,1,1.0,0.0,89069.4,89074.66,5.260000000009313,18718.569999999818
2026-01-28 03:30:00,0,1.0,1.0,89074.66,89126.67,-52.00999999999476,18666.559999999823
2026-01-28 03:45:00,0,0.0,1.0,89126.67,88939.99,186.67999999999302,18853.239999999816
2026-01-28 04:00:00,1,1.0,0.0,88939.99,88947.99,8.0,18861.239999999816
2026-01-28 04:15:00,0,1.0,1.0,88947.99,89017.04,-69.04999999998836,18792.189999999828
2026-01-28 04:30:00,0,0.0,0.0,89017.04,88975.04,42.0,18834.189999999828
2026-01-28 04:45:00,0,0.0,1.0,88975.04,88912.86,62.179999999993015,18896.36999999982
2026-01-28 05:00:00,1,0.0,0.0,88912.86,88892.25,-20.610000000000582,18875.75999999982
2026-01-28 05:15:00,1,0.0,0.0,88892.25,88886.75,-5.5,18870.25999999982
2026-01-28 05:30:00,1,1.0,1.0,88886.75,89084.1,197.35000000000582,19067.609999999826
2026-01-28 05:45:00,0,1.0,1.0,89084.1,89243.85,-159.75,18907.859999999826
2026-01-28 06:00:00,0,0.0,0.0,89243.85,89196.23,47.620000000009895,18955.479999999836
2026-01-28 06:15:00,0,0.0,0.0,89196.23,89182.2,14.029999999998836,18969.509999999835
2026-01-28 06:30:00,0,1.0,1.0,89182.2,89317.47,-135.27000000000407,18834.23999999983
2026-01-28 06:45:00,0,0.0,1.0,89317.47,89223.54,93.93000000000757,18928.16999999984
2026-01-28 07:00:00,0,1.0,1.0,89223.54,89274.9,-51.36000000000058,18876.809999999838
2026-01-28 07:15:00,0,0.0,0.0,89274.9,89250.99,23.90999999998894,18900.719999999827
2026-01-28 07:30:00,0,0.0,1.0,89250.99,89134.35,116.63999999999942,19017.359999999826
2026-01-28 07:45:00,1,1.0,0.0,89134.35,89146.01,11.65999999998894,19029.019999999815
2026-01-28 08:00:00,0,0.0,1.0,89146.01,89026.7,119.30999999999767,19148.329999999813
2026-01-28 08:15:00,1,1.0,1.0,89026.7,89097.6,70.90000000000873,19219.22999999982
2026-01-28 08:30:00,0,0.0,1.0,89097.6,88925.47,172.13000000000466,19391.359999999826
2026-01-28 08:45:00,1,1.0,0.0,88925.47,88944.0,18.529999999998836,19409.889999999825
2026-01-28 09:00:00,0,1.0,1.0,88944.0,88994.87,-50.86999999999534,19359.01999999983
2026-01-28 09:15:00,0,1.0,1.0,88994.87,89319.28,-324.4100000000035,19034.609999999826
2026-01-28 09:30:00,0,1.0,1.0,89319.28,89567.25,-247.97000000000116,18786.639999999825
2026-01-28 09:45:00,0,1.0,0.0,89567.25,89567.26,-0.00999999999476131,18786.62999999983
2026-01-28 10:00:00,0,0.0,1.0,89567.26,89341.07,226.18999999998778,19012.819999999818
2026-01-28 10:15:00,0,1.0,1.0,89341.07,89493.9,-152.8299999999872,18859.98999999983
2026-01-28 10:30:00,0,0.0,1.0,89493.9,89403.77,90.1299999999901,18950.11999999982
2026-01-28 10:45:00,0,0.0,1.0,89403.77,89332.26,71.51000000000931,19021.62999999983
2026-01-28 11:00:00,0,1.0,1.0,89332.26,89456.89,-124.63000000000466,18896.999999999825
2026-01-28 11:15:00,0,1.0,1.0,89456.89,89667.52,-210.63000000000466,18686.36999999982
2026-01-28 11:30:00,0,1.0,1.0,89667.52,90080.0,-412.4799999999959,18273.889999999825
2026-01-28 11:45:00,0,0.0,1.0,90080.0,89928.86,151.13999999999942,18425.029999999824
2026-01-28 12:00:00,0,0.0,1.0,89928.86,89867.7,61.16000000000349,18486.189999999828
2026-01-28 12:15:00,1,1.0,0.0,89867.7,89908.7,41.0,18527.189999999828
2026-01-28 12:30:00,0,1.0,1.0,89908.7,89998.69,-89.99000000000524,18437.199999999822
2026-01-28 12:45:00,0,1.0,1.0,89998.69,90179.26,-180.56999999999243,18256.62999999983
2026-01-28 13:00:00,0,0.0,0.0,90179.26,90140.73,38.529999999998836,18295.15999999983
2026-01-28 13:15:00,0,1.0,1.0,90140.73,90415.58,-274.8500000000058,18020.309999999823
2026-01-28 13:30:00,0,0.0,1.0,90415.58,90257.91,157.66999999999825,18177.97999999982
2026-01-28 13:45:00,1,0.0,1.0,90257.91,90149.73,-108.18000000000757,18069.799999999814
2026-01-28 14:00:00,1,0.0,1.0,90149.73,90010.86,-138.86999999999534,17930.92999999982
2026-01-28 14:15:00,1,0.0,1.0,90010.86,89710.71,-300.1499999999942,17630.779999999824
2026-01-28 14:30:00,1,0.0,1.0,89710.71,89617.27,-93.44000000000233,17537.339999999822
2026-01-28 14:45:00,1,0.0,1.0,89617.27,89101.77,-515.5,17021.839999999822
2026-01-28 15:00:00,1,1.0,1.0,89101.77,89267.94,166.16999999999825,17188.00999999982
2026-01-28 15:15:00,1,1.0,1.0,89267.94,89500.01,232.06999999999243,17420.079999999813
2026-01-28 15:30:00,0,0.0,0.0,89500.01,89479.66,20.34999999999127,17440.429999999804
2026-01-28 15:45:00,1,0.0,1.0,89479.66,89264.94,-214.72000000000116,17225.709999999803
2026-01-28 16:00:00,1,1.0,1.0,89264.94,89748.93,483.9899999999907,17709.699999999793
2026-01-28 16:15:00,0,0.0,1.0,89748.93,89552.1,196.8299999999872,17906.52999999978
2026-01-28 16:30:00,0,1.0,1.0,89552.1,89629.66,-77.55999999999767,17828.969999999783
2026-01-28 16:45:00,0,1.0,1.0,89629.66,89727.9,-98.23999999999069,17730.729999999792
2026-01-28 17:00:00,0,0.0,1.0,89727.9,89593.88,134.01999999998952,17864.74999999978
2026-01-28 17:15:00,0,1.0,1.0,89593.88,89857.68,-263.79999999998836,17600.949999999793
2026-01-28 17:30:00,0,1.0,1.0,89857.68,90169.88,-312.20000000001164,17288.74999999978
2026-01-28 17:45:00,0,0.0,1.0,90169.88,89816.5,353.38000000000466,17642.129999999786
2026-01-28 18:00:00,0,0.0,0.0,89816.5,89770.32,46.179999999993015,17688.30999999978
2026-01-28 18:15:00,1,0.0,1.0,89770.32,89640.01,-130.31000000001222,17557.999999999767
2026-01-28 18:30:00,1,0.0,1.0,89640.01,89546.24,-93.76999999998952,17464.229999999778
2026-01-28 18:45:00,1,0.0,1.0,89546.24,89361.26,-184.98000000001048,17279.249999999767
2026-01-28 19:00:00,1,1.0,0.0,89361.26,89403.69,42.43000000000757,17321.679999999775
2026-01-28 19:15:00,1,0.0,1.0,89403.69,89039.3,-364.3899999999994,16957.289999999775
2026-01-28 19:30:00,1,1.0,1.0,89039.3,89402.58,363.27999999999884,17320.569999999774
2026-01-28 19:45:00,0,1.0,1.0,89402.58,89584.86,-182.27999999999884,17138.289999999775
2026-01-28 20:00:00,0,1.0,1.0,89584.86,89791.55,-206.69000000000233,16931.599999999773
2026-01-28 20:15:00,0,0.0,1.0,89791.55,89234.8,556.75,17488.349999999773
2026-01-28 20:30:00,1,0.0,1.0,89234.8,89130.63,-104.16999999999825,17384.179999999775
2026-01-28 20:45:00,1,1.0,1.0,89130.63,89211.49,80.86000000000058,17465.039999999775
2026-01-28 21:00:00,0,0.0,0.0,89211.49,89178.99,32.5,17497.539999999775
2026-01-28 21:15:00,1,1.0,1.0,89178.99,89426.09,247.09999999999127,17744.639999999767
2026-01-28 21:30:00,0,0.0,0.0,89426.09,89412.17,13.919999999998254,17758.559999999765
2026-01-28 21:45:00,0,0.0,1.0,89412.17,89292.61,119.55999999999767,17878.119999999763
2026-01-28 22:00:00,1,0.0,0.0,89292.61,89285.77,-6.8399999999965075,17871.279999999766
2026-01-28 22:15:00,1,0.0,0.0,89285.77,89259.62,-26.15000000000873,17845.129999999757
2026-01-28 22:30:00,1,1.0,1.0,89259.62,89396.15,136.52999999999884,17981.659999999756
2026-01-28 22:45:00,0,0.0,0.0,89396.15,89350.02,46.129999999990105,18027.789999999746
2026-01-28 23:00:00,0,0.0,1.0,89350.02,89298.18,51.84000000001106,18079.629999999757
2026-01-28 23:15:00,1,1.0,0.0,89298.18,89313.55,15.370000000009895,18094.999999999767
2026-01-28 23:30:00,0,0.0,0.0,89313.55,89299.99,13.559999999997672,18108.559999999765
2026-01-28 23:45:00,0,0.0,1.0,89299.99,89100.01,199.98000000001048,18308.539999999775
2026-01-29 00:00:00,1,0.0,1.0,89100.01,89032.57,-67.43999999998778,18241.099999999788
2026-01-29 00:15:00,1,0.0,1.0,89032.57,88969.86,-62.7100000000064,18178.38999999978
2026-01-29 00:30:00,1,1.0,1.0,88969.86,89143.91,174.0500000000029,18352.439999999784
2026-01-29 00:45:00,0,0.0,0.0,89143.91,89106.05,37.86000000000058,18390.299999999785
2026-01-29 01:00:00,1,0.0,1.0,89106.05,88831.59,-274.4600000000064,18115.83999999978
2026-01-29 01:15:00,1,1.0,0.0,88831.59,88836.0,4.4100000000034925,18120.24999999978
2026-01-29 01:30:00,1,0.0,1.0,88836.0,88603.56,-232.44000000000233,17887.80999999978
2026-01-29 01:45:00,1,1.0,1.0,88603.56,88690.26,86.69999999999709,17974.509999999776
2026-01-29 02:00:00,0,0.0,1.0,88690.26,88611.14,79.11999999999534,18053.629999999772
2026-01-29 02:15:00,1,0.0,1.0,88611.14,88154.64,-456.5,17597.129999999772
2026-01-29 02:30:00,1,0.0,1.0,88154.64,87907.06,-247.58000000000175,17349.54999999977
2026-01-29 02:45:00,1,1.0,1.0,87907.06,88081.77,174.7100000000064,17524.259999999776
2026-01-29 03:00:00,1,0.0,0.0,88081.77,88048.39,-33.38000000000466,17490.879999999772
2026-01-29 03:15:00,1,1.0,1.0,88048.39,88128.34,79.94999999999709,17570.82999999977
2026-01-29 03:30:00,1,0.0,1.0,88128.34,88053.71,-74.6299999999901,17496.19999999978
2026-01-29 03:45:00,1,0.0,1.0,88053.71,87980.02,-73.69000000000233,17422.509999999776
2026-01-29 04:00:00,1,1.0,1.0,87980.02,88070.47,90.44999999999709,17512.959999999774
2026-01-29 04:15:00,1,1.0,1.0,88070.47,88165.24,94.77000000000407,17607.729999999778
2026-01-29 04:30:00,0,1.0,1.0,88165.24,88315.2,-149.95999999999185,17457.769999999786
2026-01-29 04:45:00,0,0.0,0.0,88315.2,88311.47,3.7299999999959255,17461.49999999978
2026-01-29 05:00:00,1,0.0,1.0,88311.47,88206.12,-105.35000000000582,17356.149999999776
2026-01-29 05:15:00,1,1.0,1.0,88206.12,88307.86,101.74000000000524,17457.88999999978
2026-01-29 05:30:00,0,0.0,1.0,88307.86,88186.54,121.32000000000698,17579.209999999788
2026-01-29 05:45:00,1,1.0,1.0,88186.54,88249.38,62.84000000001106,17642.0499999998
2026-01-29 06:00:00,1,1.0,0.0,88249.38,88279.99,30.610000000000582,17672.6599999998
2026-01-29 06:15:00,0,1.0,1.0,88279.99,88328.48,-48.48999999999069,17624.16999999981
2026-01-29 06:30:00,0,0.0,0.0,88328.48,88319.35,9.129999999990105,17633.2999999998
2026-01-29 06:45:00,1,1.0,0.0,88319.35,88329.73,10.379999999990105,17643.67999999979
2026-01-29 07:00:00,0,0.0,1.0,88329.73,88265.89,63.83999999999651,17707.519999999786
2026-01-29 07:15:00,1,1.0,1.0,88265.89,88338.11,72.22000000000116,17779.739999999787
2026-01-29 07:30:00,0,1.0,0.0,88338.11,88352.97,-14.860000000000582,17764.879999999786
2026-01-29 07:45:00,0,0.0,1.0,88352.97,87950.01,402.9600000000064,18167.839999999793
2026-01-29 08:00:00,1,1.0,1.0,87950.01,88452.4,502.3899999999994,18670.229999999792
2026-01-29 08:15:00,0,0.0,1.0,88452.4,88125.19,327.20999999999185,18997.439999999784
2026-01-29 08:30:00,1,0.0,1.0,88125.19,88064.16,-61.029999999998836,18936.409999999785
2026-01-29 08:45:00,1,0.0,1.0,88064.16,87994.29,-69.8700000000099,18866.539999999775
2026-01-29 09:00:00,1,1.0,0.0,87994.29,88033.93,39.63999999999942,18906.179999999775
2026-01-29 09:15:00,1,0.0,0.0,88033.93,88026.96,-6.969999999986612,18899.209999999788
2026-01-29 09:30:00,1,0.0,1.0,88026.96,87892.01,-134.95000000001164,18764.259999999776
2026-01-29 09:45:00,1,1.0,0.0,87892.01,87933.54,41.529999999998836,18805.789999999775
2026-01-29 10:00:00,1,1.0,0.0,87933.54,87956.01,22.470000000001164,18828.259999999776
2026-01-29 10:15:00,1,0.0,0.0,87956.01,87915.58,-40.429999999993015,18787.829999999783
2026-01-29 10:30:00,1,1.0,0.0,87915.58,87946.46,30.880000000004657,18818.709999999788
2026-01-29 10:45:00,1,1.0,1.0,87946.46,88023.31,76.84999999999127,18895.55999999978
2026-01-29 11:00:00,0,0.0,1.0,88023.31,87787.73,235.58000000000175,19131.13999999978
2026-01-29 11:15:00,1,1.0,0.0,87787.73,87792.6,4.870000000009895,19136.00999999979
2026-01-29 11:30:00,1,1.0,1.0,87792.6,87846.5,53.89999999999418,19189.909999999785
2026-01-29 11:45:00,0,1.0,1.0,87846.5,88021.99,-175.49000000000524,19014.41999999978
2026-01-29 12:00:00,0,0.0,1.0,88021.99,87940.69,81.30000000000291,19095.719999999783
2026-01-29 12:15:00,1,1.0,1.0,87940.69,88001.77,61.080000000001746,19156.799999999785
2026-01-29 12:30:00,1,1.0,1.0,88001.77,88121.21,119.44000000000233,19276.239999999787
2026-01-29 12:45:00,0,1.0,0.0,88121.21,88133.39,-12.179999999993015,19264.059999999794
2026-01-29 13:00:00,0,1.0,0.0,88133.39,88167.98,-34.58999999999651,19229.469999999797
2026-01-29 13:15:00,0,0.0,1.0,88167.98,88081.96,86.01999999998952,19315.489999999787
2026-01-29 13:30:00,1,0.0,0.0,88081.96,88052.88,-29.080000000001746,19286.409999999785
2026-01-29 13:45:00,1,0.0,1.0,88052.88,87989.55,-63.330000000001746,19223.079999999783
2026-01-29 14:00:00,1,0.0,1.0,87989.55,87827.48,-162.07000000000698,19061.009999999776
2026-01-29 14:15:00,1,0.0,1.0,87827.48,87682.65,-144.83000000000175,18916.179999999775
2026-01-29 14:30:00,1,0.0,1.0,87682.65,87014.4,-668.25,18247.929999999775
2026-01-29 14:45:00,1,0.0,1.0,87014.4,85338.76,-1675.6399999999994,16572.289999999775
2026-01-29 15:00:00,1,1.0,1.0,85338.76,85454.87,116.11000000000058,16688.399999999776
2026-01-29 15:15:00,1,0.0,1.0,85454.87,84619.99,-834.8799999999901,15853.519999999786
2026-01-29 15:30:00,1,1.0,1.0,84619.99,84934.02,314.02999999999884,16167.549999999785
2026-01-29 15:45:00,1,0.0,1.0,84934.02,84769.56,-164.4600000000064,16003.089999999778
2026-01-29 16:00:00,1,0.0,1.0,84769.56,84504.71,-264.84999999999127,15738.239999999787
2026-01-29 16:15:00,1,1.0,1.0,84504.71,84621.58,116.86999999999534,15855.109999999782
2026-01-29 16:30:00,1,1.0,1.0,84621.58,85270.0,648.4199999999983,16503.52999999978
2026-01-29 16:45:00,0,0.0,0.0,85270.0,85236.58,33.419999999998254,16536.94999999978
2026-01-29 17:00:00,0,0.0,1.0,85236.58,85059.53,177.0500000000029,16713.99999999978
2026-01-29 17:15:00,1,0.0,1.0,85059.53,84880.32,-179.20999999999185,16534.78999999979
2026-01-29 17:30:00,1,0.0,1.0,84880.32,84261.66,-618.6600000000035,15916.129999999786
2026-01-29 17:45:00,1,1.0,1.0,84261.66,84523.51,261.84999999999127,16177.979999999778
2026-01-29 18:00:00,1,0.0,1.0,84523.51,83881.48,-642.0299999999988,15535.949999999779
2026-01-29 18:15:00,1,1.0,1.0,83881.48,84024.01,142.52999999999884,15678.479999999778
2026-01-29 18:30:00,1,0.0,1.0,84024.01,83477.02,-546.9899999999907,15131.489999999787
2026-01-29 18:45:00,1,1.0,1.0,83477.02,83664.86,187.8399999999965,15319.329999999783
2026-01-29 19:00:00,1,1.0,1.0,83664.86,83801.9,137.0399999999936,15456.369999999777
2026-01-29 19:15:00,0,1.0,1.0,83801.9,84166.57,-364.6700000000128,15091.699999999764
2026-01-29 19:30:00,0,0.0,1.0,84166.57,84012.11,154.4600000000064,15246.15999999977
2026-01-29 19:45:00,1,0.0,1.0,84012.11,83918.06,-94.05000000000291,15152.109999999768
2026-01-29 20:00:00,1,1.0,1.0,83918.06,84000.42,82.36000000000058,15234.469999999768
2026-01-29 20:15:00,1,1.0,1.0,84000.42,84100.01,99.58999999999651,15334.059999999765
2026-01-29 20:30:00,0,1.0,1.0,84100.01,84216.91,-116.90000000000873,15217.159999999756
2026-01-29 20:45:00,0,1.0,1.0,84216.91,84427.2,-210.2899999999936,15006.869999999763
2026-01-29 21:00:00,0,0.0,1.0,84427.2,84370.58,56.61999999999534,15063.489999999758
2026-01-29 21:15:00,1,1.0,1.0,84370.58,84448.13,77.55000000000291,15141.03999999976
2026-01-29 21:30:00,1,1.0,1.0,84448.13,84526.57,78.44000000000233,15219.479999999763
2026-01-29 21:45:00,0,0.0,1.0,84526.57,84345.63,180.94000000000233,15400.419999999765
2026-01-29 22:00:00,1,1.0,1.0,84345.63,84445.29,99.65999999998894,15500.079999999754
2026-01-29 22:15:00,1,1.0,0.0,84445.29,84458.9,13.610000000000582,15513.689999999755
2026-01-29 22:30:00,0,1.0,1.0,84458.9,84570.05,-111.15000000000873,15402.539999999746
2026-01-29 22:45:00,0,0.0,1.0,84570.05,84487.38,82.66999999999825,15485.209999999744
2026-01-29 23:00:00,1,1.0,1.0,84487.38,84576.0,88.61999999999534,15573.82999999974
2026-01-29 23:15:00,0,1.0,1.0,84576.0,84687.4,-111.39999999999418,15462.429999999746
2026-01-29 23:30:00,0,0.0,0.0,84687.4,84650.16,37.23999999999069,15499.669999999736
2026-01-29 23:45:00,1,0.0,1.0,84650.16,84542.28,-107.88000000000466,15391.789999999732
2026-01-30 00:00:00,1,0.0,1.0,84542.28,84368.44,-173.8399999999965,15217.949999999735
2026-01-30 00:15:00,1,1.0,0.0,84368.44,84403.62,35.179999999993015,15253.129999999728
2026-01-30 00:30:00,1,0.0,1.0,84403.62,84192.0,-211.61999999999534,15041.509999999733
2026-01-30 00:45:00,1,0.0,0.0,84192.0,84143.3,-48.69999999999709,14992.809999999736
2026-01-30 01:00:00,1,0.0,1.0,84143.3,83772.92,-370.38000000000466,14622.429999999731
2026-01-30 01:15:00,1,0.0,1.0,83772.92,82035.92,-1737.0,12885.429999999731
2026-01-30 01:30:00,1,1.0,1.0,82035.92,82468.02,432.1000000000058,13317.529999999737
2026-01-30 01:45:00,1,0.0,1.0,82468.02,81900.53,-567.4900000000052,12750.039999999732
2026-01-30 02:00:00,1,0.0,1.0,81900.53,81465.36,-435.16999999999825,12314.869999999733
2026-01-30 02:15:00,1,1.0,1.0,81465.36,81984.95,519.5899999999965,12834.45999999973
2026-01-30 02:30:00,1,1.0,1.0,81984.95,82164.88,179.93000000000757,13014.389999999737
2026-01-30 02:45:00,0,1.0,1.0,82164.88,82387.37,-222.4899999999907,12791.899999999747
2026-01-30 03:00:00,0,0.0,0.0,82387.37,82355.67,31.69999999999709,12823.599999999744
2026-01-30 03:15:00,0,1.0,1.0,82355.67,82498.04,-142.36999999999534,12681.229999999749
2026-01-30 03:30:00,0,1.0,1.0,82498.04,82676.43,-178.38999999999942,12502.83999999975
2026-01-30 03:45:00,0,1.0,1.0,82676.43,83030.61,-354.18000000000757,12148.659999999742
2026-01-30 04:00:00,0,1.0,0.0,83030.61,83043.35,-12.740000000005239,12135.919999999736
2026-01-30 04:15:00,0,0.0,1.0,83043.35,82917.47,125.88000000000466,12261.799999999741
2026-01-30 04:30:00,1,1.0,0.0,82917.47,82938.92,21.44999999999709,12283.249999999738
2026-01-30 04:45:00,1,1.0,0.0,82938.92,82971.99,33.070000000006985,12316.319999999745
2026-01-30 05:00:00,0,1.0,1.0,82971.99,83259.54,-287.54999999998836,12028.769999999757
2026-01-30 05:15:00,0,0.0,1.0,83259.54,83108.37,151.16999999999825,12179.939999999755
2026-01-30 05:30:00,1,0.0,1.0,83108.37,82914.19,-194.17999999999302,11985.759999999762
2026-01-30 05:45:00,1,0.0,1.0,82914.19,82792.9,-121.29000000000815,11864.469999999754
2026-01-30 06:00:00,1,0.0,1.0,82792.9,82410.54,-382.3600000000006,11482.109999999753
2026-01-30 06:15:00,1,0.0,1.0,82410.54,82161.57,-248.9699999999866,11233.139999999767
2026-01-30 06:30:00,1,1.0,1.0,82161.57,82602.81,441.2399999999907,11674.379999999757
2026-01-30 06:45:00,1,1.0,1.0,82602.81,82946.04,343.2299999999959,12017.609999999753
2026-01-30 07:00:00,0,0.0,1.0,82946.04,82669.63,276.40999999998894,12294.019999999742
2026-01-30 07:15:00,1,0.0,1.0,82669.63,82567.29,-102.34000000001106,12191.679999999731
2026-01-30 07:30:00,1,1.0,1.0,82567.29,82816.98,249.69000000000233,12441.369999999733
2026-01-30 07:45:00,1,1.0,1.0,82816.98,82904.9,87.91999999999825,12529.289999999732
2026-01-30 08:00:00,0,0.0,1.0,82904.9,82700.0,204.89999999999418,12734.189999999726
2026-01-30 08:15:00,1,0.0,1.0,82700.0,82595.27,-104.72999999999593,12629.45999999973
2026-01-30 08:30:00,1,1.0,1.0,82595.27,82671.7,76.42999999999302,12705.889999999723
2026-01-30 08:45:00,1,0.0,0.0,82671.7,82642.46,-29.239999999990687,12676.649999999732
2026-01-30 09:00:00,0,0.0,1.0,82642.46,82410.93,231.5300000000134,12908.179999999746
2026-01-30 09:15:00,1,1.0,1.0,82410.93,82485.65,74.72000000000116,12982.899999999747
2026-01-30 09:30:00,1,0.0,1.0,82485.65,82363.72,-121.92999999999302,12860.969999999754
2026-01-30 09:45:00,1,0.0,0.0,82363.72,82319.15,-44.570000000006985,12816.399999999747
2026-01-30 10:00:00,1,1.0,1.0,82319.15,82522.67,203.52000000000407,13019.91999999975
2026-01-30 10:15:00,0,1.0,1.0,82522.67,82592.05,-69.38000000000466,12950.539999999746
2026-01-30 10:30:00,0,1.0,1.0,82592.05,82833.92,-241.86999999999534,12708.66999999975
2026-01-30 10:45:00,0,1.0,0.0,82833.92,82860.8,-26.880000000004657,12681.789999999746
2026-01-30 11:00:00,0,0.0,1.0,82860.8,82741.16,119.63999999999942,12801.429999999746
2026-01-30 11:15:00,1,1.0,0.0,82741.16,82793.97,52.80999999999767,12854.239999999743
2026-01-30 11:30:00,1,1.0,1.0,82793.97,83151.36,357.3899999999994,13211.629999999743
2026-01-30 11:45:00,0,0.0,1.0,83151.36,82933.28,218.08000000000175,13429.709999999744
2026-01-30 12:00:00,1,0.0,1.0,82933.28,82747.14,-186.13999999999942,13243.569999999745
2026-01-30 12:15:00,1,0.0,0.0,82747.14,82745.2,-1.9400000000023283,13241.629999999743
2026-01-30 12:30:00,1,1.0,0.0,82745.2,82800.5,55.30000000000291,13296.929999999746
2026-01-30 12:45:00,0,0.0,0.0,82800.5,82755.2,45.30000000000291,13342.229999999749
2026-01-30 13:00:00,1,0.0,0.0,82755.2,82714.0,-41.19999999999709,13301.029999999751
2026-01-30 13:15:00,1,1.0,1.0,82714.0,82930.28,216.27999999999884,13517.30999999975
2026-01-30 13:30:00,0,0.0,1.0,82930.28,82740.92,189.36000000000058,13706.66999999975
2026-01-30 13:45:00,1,1.0,1.0,82740.92,82973.37,232.4499999999971,13939.119999999748
2026-01-30 14:00:00,1,1.0,0.0,82973.37,82980.0,6.630000000004657,13945.749999999753
2026-01-30 14:15:00,0,1.0,1.0,82980.0,83650.86,-670.8600000000006,13274.889999999752
2026-01-30 14:30:00,0,0.0,1.0,83650.86,83098.0,552.8600000000006,13827.749999999753
2026-01-30 14:45:00,1,1.0,1.0,83098.0,83317.32,219.32000000000698,14047.06999999976
2026-01-30 15:00:00,1,0.0,1.0,83317.32,82620.28,-697.0400000000081,13350.029999999751
2026-01-30 15:15:00,1,1.0,1.0,82620.28,83266.4,646.1199999999953,13996.149999999747
2026-01-30 15:30:00,1,0.0,1.0,83266.4,82883.94,-382.45999999999185,13613.689999999755
2026-01-30 15:45:00,1,1.0,1.0,82883.94,83071.61,187.66999999999825,13801.359999999753
2026-01-30 16:00:00,1,1.0,1.0,83071.61,83165.47,93.86000000000058,13895.219999999754
2026-01-30 16:15:00,0,1.0,1.0,83165.47,83390.52,-225.0500000000029,13670.16999999975
2026-01-30 16:30:00,0,0.0,1.0,83390.52,83149.0,241.52000000000407,13911.689999999755
2026-01-30 16:45:00,1,0.0,1.0,83149.0,82755.21,-393.7899999999936,13517.899999999761
2026-01-30 17:00:00,1,1.0,1.0,82755.21,83385.68,630.4699999999866,14148.369999999748
2026-01-30 17:15:00,0,0.0,1.0,83385.68,83158.85,226.8299999999872,14375.199999999735
2026-01-30 17:30:00,1,0.0,1.0,83158.85,82943.23,-215.6200000000099,14159.579999999725
2026-01-30 17:45:00,1,0.0,1.0,82943.23,82871.83,-71.39999999999418,14088.179999999731
2026-01-30 18:00:00,1,0.0,1.0,82871.83,82496.94,-374.8899999999994,13713.289999999732
2026-01-30 18:15:00,1,1.0,1.0,82496.94,83134.78,637.8399999999965,14351.129999999728
2026-01-30 18:30:00,1,1.0,1.0,83134.78,83931.13,796.3500000000058,15147.479999999734
2026-01-30 18:45:00,0,1.0,1.0,83931.13,84141.58,-210.4499999999971,14937.029999999737
2026-01-30 19:00:00,0,1.0,1.0,84141.58,84311.99,-170.4100000000035,14766.619999999733
2026-01-30 19:15:00,0,0.0,0.0,84311.99,84249.99,62.0,14828.619999999733
2026-01-30 19:30:00,0,0.0,0.0,84249.99,84242.99,7.0,14835.619999999733
2026-01-30 19:45:00,1,0.0,1.0,84242.99,83899.57,-343.41999999999825,14492.199999999735
2026-01-30 20:00:00,1,1.0,0.0,83899.57,83954.01,54.439999999987776,14546.639999999723
2026-01-30 20:15:00,1,1.0,0.0,83954.01,83965.15,11.139999999999418,14557.779999999722
2026-01-30 20:30:00,0,0.0,0.0,83965.15,83906.34,58.80999999999767,14616.58999999972
2026-01-30 20:45:00,1,1.0,1.0,83906.34,84050.17,143.83000000000175,14760.419999999722
2026-01-30 21:00:00,0,1.0,1.0,84050.17,84264.38,-214.2100000000064,14546.209999999715
2026-01-30 21:15:00,0,0.0,0.0,84264.38,84222.77,41.61000000000058,14587.819999999716
2026-01-30 21:30:00,1,1.0,0.0,84222.77,84273.7,50.929999999993015,14638.749999999709
2026-01-30 21:45:00,0,0.0,1.0,84273.7,84009.75,263.9499999999971,14902.699999999706
2026-01-30 22:00:00,1,0.0,1.0,84009.75,83941.7,-68.05000000000291,14834.649999999703
2026-01-30 22:15:00,1,1.0,0.0,83941.7,83989.99,48.29000000000815,14882.939999999711
2026-01-30 22:30:00,0,1.0,1.0,83989.99,84219.99,-230.0,14652.939999999711
2026-01-30 22:45:00,0,0.0,1.0,84219.99,84011.6,208.38999999999942,14861.32999999971
2026-01-30 23:00:00,1,1.0,0.0,84011.6,84030.0,18.39999999999418,14879.729999999705
2026-01-30 23:15:00,0,1.0,1.0,84030.0,84231.99,-201.99000000000524,14677.7399999997
2026-01-30 23:30:00,0,1.0,0.0,84231.99,84260.49,-28.5,14649.2399999997
2026-01-30 23:45:00,0,0.0,1.0,84260.49,84174.74,85.75,14734.9899999997
2026-01-31 00:00:00,1,0.0,0.0,84174.74,84173.76,-0.9800000000104774,14734.00999999969
2026-01-31 00:15:00,0,1.0,1.0,84173.76,84245.13,-71.3700000000099,14662.63999999968
2026-01-31 00:30:00,0,0.0,1.0,84245.13,84067.83,177.3000000000029,14839.939999999682
2026-01-31 00:45:00,1,1.0,1.0,84067.83,84215.79,147.95999999999185,14987.899999999674
2026-01-31 01:00:00,0,0.0,1.0,84215.79,84132.26,83.52999999999884,15071.429999999673
2026-01-31 01:15:00,1,0.0,1.0,84132.26,84048.11,-84.14999999999418,14987.279999999679
2026-01-31 01:30:00,1,0.0,0.0,84048.11,83999.99,-48.11999999999534,14939.159999999683
2026-01-31 01:45:00,1,1.0,0.0,83999.99,84021.5,21.50999999999476,14960.669999999678
2026-01-31 02:00:00,1,0.0,1.0,84021.5,83892.92,-128.58000000000175,14832.089999999676
2026-01-31 02:15:00,1,1.0,1.0,83892.92,84138.66,245.74000000000524,15077.829999999682
2026-01-31 02:30:00,0,0.0,0.0,84138.66,84130.01,8.650000000008731,15086.47999999969
2026-01-31 02:45:00,1,1.0,0.0,84130.01,84177.46,47.45000000001164,15133.929999999702
2026-01-31 03:00:00,0,0.0,0.0,84177.46,84152.91,24.55000000000291,15158.479999999705
2026-01-31 03:15:00,1,0.0,1.0,84152.91,84084.52,-68.38999999999942,15090.089999999705
2026-01-31 03:30:00,1,0.0,0.0,84084.52,84022.69,-61.830000000001746,15028.259999999704
2026-01-31 03:45:00,1,1.0,1.0,84022.69,84097.47,74.77999999999884,15103.039999999703
2026-01-31 04:00:00,1,1.0,0.0,84097.47,84146.22,48.75,15151.789999999703
2026-01-31 04:15:00,0,0.0,1.0,84146.22,84061.23,84.99000000000524,15236.779999999708
2026-01-31 04:30:00,1,0.0,1.0,84061.23,83992.45,-68.77999999999884,15167.999999999709
2026-01-31 04:45:00,1,1.0,0.0,83992.45,84020.31,27.860000000000582,15195.85999999971
2026-01-31 05:00:00,1,0.0,0.0,84020.31,83998.59,-21.720000000001164,15174.139999999708
2026-01-31 05:15:00,1,1.0,0.0,83998.59,84017.15,18.55999999999767,15192.699999999706
2026-01-31 05:30:00,1,0.0,0.0,84017.15,84000.01,-17.139999999999418,15175.559999999707
2026-01-31 05:45:00,1,0.0,0.0,84000.01,83990.57,-9.439999999987776,15166.119999999719
2026-01-31 06:00:00,1,0.0,1.0,83990.57,83670.65,-319.9200000000128,14846.199999999706
2026-01-31 06:15:00,1,1.0,1.0,83670.65,83774.72,104.07000000000698,14950.269999999713
2026-01-31 06:30:00,1,1.0,0.0,83774.72,83786.09,11.369999999995343,14961.639999999708
2026-01-31 06:45:00,0,0.0,0.0,83786.09,83749.53,36.55999999999767,14998.199999999706
2026-01-31 07:00:00,1,0.0,0.0,83749.53,83700.16,-49.36999999999534,14948.82999999971
2026-01-31 07:15:00,1,0.0,1.0,83700.16,83482.07,-218.0899999999965,14730.739999999714
2026-01-31 07:30:00,1,1.0,0.0,83482.07,83546.81,64.73999999999069,14795.479999999705
2026-01-31 07:45:00,0,0.0,1.0,83546.81,83351.72,195.0899999999965,14990.569999999701
2026-01-31 08:00:00,1,0.0,1.0,83351.72,83097.99,-253.72999999999593,14736.839999999705
2026-01-31 08:15:00,1,0.0,1.0,83097.99,82789.98,-308.0100000000093,14428.829999999696
2026-01-31 08:30:00,1,1.0,1.0,82789.98,83074.07,284.09000000001106,14712.919999999707
2026-01-31 08:45:00,1,1.0,0.0,83074.07,83140.01,65.93999999998778,14778.859999999695
2026-01-31 09:00:00,0,0.0,1.0,83140.01,83021.63,118.3799999999901,14897.239999999685
2026-01-31 09:15:00,1,1.0,1.0,83021.63,83214.57,192.94000000000233,15090.179999999687
2026-01-31 09:30:00,0,0.0,1.0,83214.57,83109.1,105.47000000000116,15195.649999999689
2026-01-31 09:45:00,1,0.0,1.0,83109.1,83004.38,-104.72000000000116,15090.929999999687
2026-01-31 10:00:00,1,1.0,0.0,83004.38,83055.34,50.95999999999185,15141.88999999968
2026-01-31 10:15:00,0,1.0,1.0,83055.34,83179.99,-124.65000000000873,15017.23999999967
2026-01-31 10:30:00,0,0.0,0.0,83179.99,83160.0,19.99000000000524,15037.229999999676
2026-01-31 10:45:00,1,0.0,1.0,83160.0,83019.99,-140.00999999999476,14897.219999999681
2026-01-31 11:00:00,1,0.0,0.0,83019.99,83000.01,-19.980000000010477,14877.23999999967
2026-01-31 11:15:00,1,0.0,0.0,83000.01,82984.0,-16.00999999999476,14861.229999999676
2026-01-31 11:30:00,1,1.0,0.0,82984.0,83020.0,36.0,14897.229999999676
2026-01-31 11:45:00,1,0.0,1.0,83020.0,82842.66,-177.3399999999965,14719.88999999968
2026-01-31 12:00:00,1,1.0,1.0,82842.66,82994.0,151.3399999999965,14871.229999999676
2026-01-31 12:15:00,0,0.0,1.0,82994.0,82918.77,75.22999999999593,14946.459999999672
2026-01-31 12:30:00,1,0.0,1.0,82918.77,82762.0,-156.77000000000407,14789.689999999668
2026-01-31 12:45:00,1,1.0,0.0,82762.0,82802.27,40.270000000004075,14829.959999999672
2026-01-31 13:00:00,1,1.0,0.0,82802.27,82827.95,25.679999999993015,14855.639999999665
2026-01-31 13:15:00,0,0.0,1.0,82827.95,82649.79,178.1600000000035,15033.799999999668
2026-01-31 13:30:00,1,1.0,1.0,82649.79,82767.99,118.20000000001164,15151.99999999968
2026-01-31 13:45:00,0,0.0,1.0,82767.99,82449.53,318.4600000000064,15470.459999999686
2026-01-31 14:00:00,1,0.0,1.0,82449.53,81588.0,-861.5299999999988,14608.929999999687
2026-01-31 14:15:00,1,0.0,1.0,81588.0,80995.78,-592.2200000000012,14016.709999999686
2026-01-31 14:30:00,1,1.0,1.0,80995.78,81479.99,484.2100000000064,14500.919999999693
2026-01-31 14:45:00,1,0.0,1.0,81479.99,81265.88,-214.11000000000058,14286.809999999692
2026-01-31 15:00:00,1,1.0,0.0,81265.88,81315.28,49.39999999999418,14336.209999999686
2026-01-31 15:15:00,1,1.0,0.0,81315.28,81343.35,28.070000000006985,14364.279999999693
2026-01-31 15:30:00,0,0.0,0.0,81343.35,81302.15,41.20000000001164,14405.479999999705
2026-01-31 15:45:00,1,0.0,1.0,81302.15,80992.49,-309.65999999998894,14095.819999999716
2026-01-31 16:00:00,1,1.0,1.0,80992.49,81113.08,120.58999999999651,14216.409999999712
2026-01-31 16:15:00,1,0.0,1.0,81113.08,80980.76,-132.32000000000698,14084.089999999705
2026-01-31 16:30:00,1,0.0,1.0,80980.76,80365.04,-615.7200000000012,13468.369999999704
2026-01-31 16:45:00,1,0.0,1.0,80365.04,78846.77,-1518.2699999999895,11950.099999999715
2026-01-31 17:00:00,1,1.0,1.0,78846.77,79120.1,273.33000000000175,12223.429999999717
2026-01-31 17:15:00,1,0.0,1.0,79120.1,78907.28,-212.82000000000698,12010.60999999971
2026-01-31 17:30:00,1,0.0,0.0,78907.28,78893.92,-13.360000000000582,11997.249999999709
2026-01-31 17:45:00,1,0.0,1.0,78893.92,78622.96,-270.95999999999185,11726.289999999717
2026-01-31 18:00:00,1,0.0,1.0,78622.96,78436.94,-186.02000000000407,11540.269999999713
2026-01-31 18:15:00,1,0.0,1.0,78436.94,77540.28,-896.6600000000035,10643.60999999971
2026-01-31 18:30:00,1,1.0,1.0,77540.28,78038.38,498.1000000000058,11141.709999999715
2026-01-31 18:45:00,1,1.0,1.0,78038.38,78226.24,187.86000000000058,11329.569999999716
2026-01-31 19:00:00,0,0.0,1.0,78226.24,77982.54,243.70000000001164,11573.269999999728
2026-01-31 19:15:00,1,0.0,1.0,77982.54,77520.01,-462.52999999999884,11110.739999999729
2026-01-31 19:30:00,1,1.0,1.0,77520.01,77750.01,230.0,11340.739999999729
2026-01-31 19:45:00,1,0.0,1.0,77750.01,77532.16,-217.84999999999127,11122.889999999737
2026-01-31 20:00:00,1,0.0,1.0,77532.16,77382.96,-149.1999999999971,10973.68999999974
2026-01-31 20:15:00,1,1.0,1.0,77382.96,77517.04,134.0799999999872,11107.769999999728
2026-01-31 20:30:00,1,1.0,1.0,77517.04,77999.03,481.99000000000524,11589.759999999733
2026-01-31 20:45:00,0,0.0,1.0,77999.03,77670.56,328.47000000000116,11918.229999999734
2026-01-31 21:00:00,1,1.0,1.0,77670.56,77836.34,165.77999999999884,12084.009999999733
2026-01-31 21:15:00,1,1.0,1.0,77836.34,78166.41,330.070000000007,12414.07999999974
2026-01-31 21:30:00,0,1.0,1.0,78166.41,78292.0,-125.58999999999651,12288.489999999743
2026-01-31 21:45:00,0,0.0,1.0,78292.0,78186.56,105.44000000000233,12393.929999999746
2026-01-31 22:00:00,1,1.0,1.0,78186.56,78341.23,154.66999999999825,12548.599999999744
2026-01-31 22:15:00,0,0.0,1.0,78341.23,78097.96,243.26999999998952,12791.869999999733
2026-01-31 22:30:00,1,1.0,0.0,78097.96,78155.17,57.20999999999185,12849.079999999725
2026-01-31 22:45:00,1,1.0,1.0,78155.17,78227.88,72.7100000000064,12921.789999999732
2026-01-31 23:00:00,0,1.0,1.0,78227.88,78975.17,-747.2899999999936,12174.499999999738
2026-01-31 23:15:00,0,0.0,1.0,78975.17,78839.36,135.80999999999767,12310.309999999736
2026-01-31 23:30:00,1,0.0,1.0,78839.36,78741.09,-98.27000000000407,12212.039999999732
2026-01-31 23:45:00,1,1.0,1.0,78741.09,79337.87,596.7799999999988,12808.81999999973
2026-02-01 00:00:00,1,0.0,1.0,79337.87,79089.36,-248.50999999999476,12560.309999999736
2026-02-01 00:15:00,1,0.0,1.0,79089.36,78755.54,-333.820000000007,12226.489999999729
2026-02-01 00:30:00,1,1.0,1.0,78755.54,78902.31,146.77000000000407,12373.259999999733
2026-02-01 00:45:00,1,0.0,1.0,78902.31,78696.13,-206.17999999999302,12167.07999999974
2026-02-01 01:00:00,1,1.0,1.0,78696.13,78834.31,138.17999999999302,12305.259999999733
2026-02-01 01:15:00,1,0.0,1.0,78834.31,78343.5,-490.8099999999977,11814.449999999735
2026-02-01 01:30:00,1,1.0,1.0,78343.5,78532.17,188.66999999999825,12003.119999999733
2026-02-01 01:45:00,1,1.0,1.0,78532.17,78817.97,285.8000000000029,12288.919999999736
2026-02-01 02:00:00,0,0.0,1.0,78817.97,78630.0,187.97000000000116,12476.889999999737
2026-02-01 02:15:00,1,1.0,1.0,78630.0,78749.48,119.47999999999593,12596.369999999733
2026-02-01 02:30:00,0,1.0,1.0,78749.48,78900.01,-150.52999999999884,12445.839999999735
2026-02-01 02:45:00,0,0.0,0.0,78900.01,78864.18,35.830000000001746,12481.669999999736
2026-02-01 03:00:00,0,0.0,1.0,78864.18,78742.93,121.25,12602.919999999736
2026-02-01 03:15:00,1,0.0,0.0,78742.93,78733.27,-9.65999999998894,12593.259999999747
2026-02-01 03:30:00,1,1.0,1.0,78733.27,78868.28,135.00999999999476,12728.269999999742
2026-02-01 03:45:00,0,1.0,1.0,78868.28,78964.13,-95.85000000000582,12632.419999999736
2026-02-01 04:00:00,0,0.0,0.0,78964.13,78931.67,32.4600000000064,12664.879999999743
2026-02-01 04:15:00,0,1.0,1.0,78931.67,79012.99,-81.32000000000698,12583.559999999736
2026-02-01 04:30:00,0,0.0,0.0,79012.99,78971.75,41.24000000000524,12624.799999999741
2026-02-01 04:45:00,1,0.0,1.0,78971.75,78851.34,-120.41000000000349,12504.389999999737
2026-02-01 05:00:00,1,1.0,1.0,78851.34,78950.01,98.66999999999825,12603.059999999736
2026-02-01 05:15:00,1,0.0,1.0,78950.01,78581.34,-368.66999999999825,12234.389999999737
2026-02-01 05:30:00,1,1.0,0.0,78581.34,78620.91,39.570000000006985,12273.959999999744
2026-02-01 05:45:00,1,1.0,1.0,78620.91,78711.25,90.33999999999651,12364.299999999741
2026-02-01 06:00:00,0,0.0,0.0,78711.25,78710.47,0.7799999999988358,12365.07999999974
2026-02-01 06:15:00,0,0.0,1.0,78710.47,78526.02,184.4499999999971,12549.529999999737
2026-02-01 06:30:00,1,0.0,1.0,78526.02,78300.0,-226.02000000000407,12323.509999999733
2026-02-01 06:45:00,1,0.0,1.0,78300.0,78122.9,-177.10000000000582,12146.409999999727
2026-02-01 07:00:00,1,1.0,1.0,78122.9,78212.25,89.35000000000582,12235.759999999733
2026-02-01 07:15:00,0,1.0,1.0,78212.25,78580.11,-367.8600000000006,11867.899999999732
2026-02-01 07:30:00,0,0.0,1.0,78580.11,78343.0,237.11000000000058,12105.009999999733
2026-02-01 07:45:00,1,1.0,1.0,78343.0,78446.06,103.05999999999767,12208.06999999973
2026-02-01 08:00:00,0,1.0,0.0,78446.06,78500.53,-54.470000000001164,12153.59999999973
2026-02-01 08:15:00,0,1.0,1.0,78500.53,78863.0,-362.47000000000116,11791.129999999728
2026-02-01 08:30:00,0,0.0,1.0,78863.0,78604.02,258.9799999999959,12050.109999999724
2026-02-01 08:45:00,1,1.0,1.0,78604.02,78760.51,156.4899999999907,12206.599999999715
2026-02-01 09:00:00,0,0.0,1.0,78760.51,78681.42,79.08999999999651,12285.689999999711
2026-02-01 09:15:00,1,1.0,1.0,78681.42,78867.0,185.58000000000175,12471.269999999713
2026-02-01 09:30:00,0,1.0,1.0,78867.0,79034.45,-167.4499999999971,12303.819999999716
2026-02-01 09:45:00,0,1.0,1.0,79034.45,79175.8,-141.35000000000582,12162.46999999971
2026-02-01 10:00:00,0,0.0,1.0,79175.8,79020.27,155.52999999999884,12317.999999999709
2026-02-01 10:15:00,1,0.0,1.0,79020.27,78384.93,-635.3400000000111,11682.659999999698
2026-02-01 10:30:00,1,0.0,1.0,78384.93,78279.73,-105.19999999999709,11577.4599999997
2026-02-01 10:45:00,1,1.0,1.0,78279.73,78499.99,220.2600000000093,11797.71999999971
2026-02-01 11:00:00,1,0.0,1.0,78499.99,78414.91,-85.08000000000175,11712.639999999708
2026-02-01 11:15:00,1,1.0,1.0,78414.91,78839.52,424.6100000000006,12137.249999999709
2026-02-01 11:30:00,1,0.0,1.0,78839.52,78743.56,-95.9600000000064,12041.289999999703
2026-02-01 11:45:00,1,0.0,1.0,78743.56,78569.8,-173.75999999999476,11867.529999999708
2026-02-01 12:00:00,1,0.0,1.0,78569.8,78446.68,-123.1200000000099,11744.409999999698
2026-02-01 12:15:00,1,0.0,0.0,78446.68,78378.45,-68.22999999999593,11676.179999999702
2026-02-01 12:30:00,1,1.0,1.0,78378.45,78459.67,81.22000000000116,11757.399999999703
2026-02-01 12:45:00,0,1.0,1.0,78459.67,78673.47,-213.8000000000029,11543.5999999997
2026-02-01 13:00:00,0,1.0,0.0,78673.47,78687.14,-13.669999999998254,11529.929999999702
2026-02-01 13:15:00,0,0.0,1.0,78687.14,78526.34,160.8000000000029,11690.729999999705
2026-02-01 13:30:00,1,0.0,1.0,78526.34,78317.51,-208.83000000000175,11481.899999999703
2026-02-01 13:45:00,1,0.0,1.0,78317.51,78188.32,-129.18999999998778,11352.709999999715
2026-02-01 14:00:00,1,0.0,1.0,78188.32,77849.34,-338.9800000000105,11013.729999999705
2026-02-01 14:15:00,1,1.0,0.0,77849.34,77887.62,38.279999999998836,11052.009999999704
2026-02-01 14:30:00,1,1.0,1.0,77887.62,78211.12,323.5,11375.509999999704
2026-02-01 14:45:00,0,0.0,1.0,78211.12,77618.62,592.5,11968.009999999704
2026-02-01 15:00:00,1,0.0,1.0,77618.62,76984.0,-634.6199999999953,11333.389999999708
2026-02-01 15:15:00,1,1.0,1.0,76984.0,77169.8,185.8000000000029,11519.189999999711
2026-02-01 15:30:00,1,1.0,1.0,77169.8,77593.4,423.59999999999127,11942.789999999703
2026-02-01 15:45:00,0,0.0,0.0,77593.4,77571.98,21.419999999998254,11964.2099999997
2026-02-01 16:00:00,0,0.0,0.0,77571.98,77534.17,37.80999999999767,12002.019999999698
2026-02-01 16:15:00,1,0.0,1.0,77534.17,77242.29,-291.88000000000466,11710.139999999694
2026-02-01 16:30:00,1,1.0,1.0,77242.29,77494.77,252.48000000001048,11962.619999999704
2026-02-01 16:45:00,0,1.0,1.0,77494.77,77641.2,-146.42999999999302,11816.189999999711
2026-02-01 17:00:00,0,0.0,1.0,77641.2,77556.45,84.75,11900.939999999711
2026-02-01 17:15:00,1,0.0,1.0,77556.45,77475.73,-80.72000000000116,11820.21999999971
2026-02-01 17:30:00,1,1.0,1.0,77475.73,77745.32,269.59000000001106,12089.809999999721
2026-02-01 17:45:00,0,1.0,1.0,77745.32,78234.0,-488.679999999993,11601.129999999728
2026-02-01 18:00:00,0,0.0,1.0,78234.0,78155.34,78.66000000000349,11679.789999999732
2026-02-01 18:15:00,1,0.0,1.0,78155.34,77990.7,-164.63999999999942,11515.149999999732
2026-02-01 18:30:00,1,1.0,0.0,77990.7,78029.28,38.580000000001746,11553.729999999734
2026-02-01 18:45:00,0,0.0,1.0,78029.28,77736.0,293.27999999999884,11847.009999999733
2026-02-01 19:00:00,1,0.0,0.0,77736.0,77700.0,-36.0,11811.009999999733
2026-02-01 19:15:00,1,0.0,1.0,77700.0,77544.37,-155.63000000000466,11655.379999999728
2026-02-01 19:30:00,1,0.0,1.0,77544.37,77174.78,-369.5899999999965,11285.789999999732
2026-02-01 19:45:00,1,1.0,0.0,77174.78,77193.13,18.35000000000582,11304.139999999737
2026-02-01 20:00:00,1,0.0,1.0,77193.13,76688.74,-504.3899999999994,10799.749999999738
2026-02-01 20:15:00,1,1.0,1.0,76688.74,77416.62,727.8799999999901,11527.629999999728
2026-02-01 20:30:00,1,0.0,1.0,77416.62,77103.04,-313.58000000000175,11214.049999999726
2026-02-01 20:45:00,1,0.0,1.0,77103.04,76742.48,-360.5599999999977,10853.489999999729
2026-02-01 21:00:00,1,1.0,1.0,76742.48,76991.87,249.38999999999942,11102.879999999728
2026-02-01 21:15:00,1,0.0,1.0,76991.87,76841.43,-150.44000000000233,10952.439999999726
2026-02-01 21:30:00,1,0.0,1.0,76841.43,76526.03,-315.3999999999942,10637.039999999732
2026-02-01 21:45:00,1,1.0,1.0,76526.03,77491.44,965.4100000000035,11602.449999999735
2026-02-01 22:00:00,1,0.0,1.0,77491.44,77196.21,-295.2299999999959,11307.21999999974
2026-02-01 22:15:00,1,1.0,1.0,77196.21,77456.14,259.929999999993,11567.149999999732
2026-02-01 22:30:00,0,0.0,1.0,77456.14,77249.31,206.83000000000175,11773.979999999734
2026-02-01 22:45:00,1,0.0,1.0,77249.31,76639.72,-609.5899999999965,11164.389999999737
2026-02-01 23:00:00,1,1.0,1.0,76639.72,76800.9,161.17999999999302,11325.56999999973
2026-02-01 23:15:00,1,1.0,1.0,76800.9,77320.57,519.6700000000128,11845.239999999743
2026-02-01 23:30:00,0,0.0,1.0,77320.57,76968.21,352.3600000000006,12197.599999999744
2026-02-01 23:45:00,1,1.0,1.0,76968.21,77541.03,572.8199999999924,12770.419999999736
2026-02-02 00:00:00,0,1.0,1.0,77541.03,77932.2,-391.16999999999825,12379.249999999738
2026-02-02 00:15:00,0,0.0,0.0,77932.2,77860.01,72.19000000000233,12451.43999999974
2026-02-02 00:30:00,1,0.0,1.0,77860.01,77672.61,-187.39999999999418,12264.039999999746
2026-02-02 00:45:00,1,0.0,1.0,77672.61,76824.0,-848.6100000000006,11415.429999999746
2026-02-02 01:00:00,1,1.0,1.0,76824.0,77773.57,949.570000000007,12364.999999999753
2026-02-02 01:15:00,1,0.0,0.0,77773.57,77710.65,-62.920000000012806,12302.07999999974
2026-02-02 01:30:00,1,0.0,1.0,77710.65,77518.87,-191.77999999999884,12110.299999999741
2026-02-02 01:45:00,1,0.0,1.0,77518.87,77196.0,-322.86999999999534,11787.429999999746
2026-02-02 02:00:00,1,0.0,1.0,77196.0,77124.38,-71.61999999999534,11715.80999999975
2026-02-02 02:15:00,1,0.0,1.0,77124.38,76972.21,-152.16999999999825,11563.639999999752
2026-02-02 02:30:00,1,0.0,1.0,76972.21,76491.17,-481.04000000000815,11082.599999999744
2026-02-02 02:45:00,1,0.0,1.0,76491.17,75890.1,-601.0699999999924,10481.529999999751
2026-02-02 03:00:00,1,0.0,1.0,75890.1,75102.92,-787.1800000000076,9694.349999999744
2026-02-02 03:15:00,1,0.0,1.0,75102.92,74637.6,-465.31999999999243,9229.029999999751
2026-02-02 03:30:00,1,1.0,1.0,74637.6,76292.98,1655.37999999999,10884.409999999742
2026-02-02 03:45:00,1,0.0,1.0,76292.98,75526.74,-766.2399999999907,10118.16999999975
2026-02-02 04:00:00,1,1.0,1.0,75526.74,76481.93,955.1899999999878,11073.359999999739
2026-02-02 04:15:00,1,0.0,1.0,76481.93,76171.91,-310.0199999999895,10763.33999999975
2026-02-02 04:30:00,1,0.0,1.0,76171.91,75894.15,-277.7600000000093,10485.57999999974
2026-02-02 04:45:00,1,0.0,1.0,75894.15,75525.66,-368.4899999999907,10117.08999999975
2026-02-02 05:00:00,1,0.0,1.0,75525.66,75088.0,-437.6600000000035,9679.429999999746
2026-02-02 05:15:00,1,1.0,1.0,75088.0,75251.4,163.39999999999418,9842.82999999974
2026-02-02 05:30:00,1,1.0,1.0,75251.4,75502.1,250.70000000001164,10093.529999999751
2026-02-02 05:45:00,0,1.0,1.0,75502.1,75647.75,-145.64999999999418,9947.879999999757
2026-02-02 06:00:00,0,1.0,0.0,75647.75,75703.59,-55.83999999999651,9892.03999999976
2026-02-02 06:15:00,0,1.0,1.0,75703.59,76507.83,-804.2400000000052,9087.799999999756
2026-02-02 06:30:00,0,1.0,0.0,76507.83,76549.32,-41.49000000000524,9046.30999999975
2026-02-02 06:45:00,0,0.0,0.0,76549.32,76537.52,11.80000000000291,9058.109999999753
2026-02-02 07:00:00,0,0.0,1.0,76537.52,76439.88,97.63999999999942,9155.749999999753
2026-02-02 07:15:00,1,1.0,1.0,76439.88,76569.99,130.11000000000058,9285.859999999753
2026-02-02 07:30:00,0,1.0,1.0,76569.99,76660.79,-90.79999999998836,9195.059999999765
2026-02-02 07:45:00,0,1.0,1.0,76660.79,76870.09,-209.3000000000029,8985.759999999762
2026-02-02 08:00:00,0,0.0,1.0,76870.09,76789.99,80.09999999999127,9065.859999999753
2026-02-02 08:15:00,1,1.0,1.0,76789.99,76920.01,130.01999999998952,9195.879999999743
2026-02-02 08:30:00,0,0.0,0.0,76920.01,76881.28,38.729999999995925,9234.609999999739
2026-02-02 08:45:00,1,0.0,1.0,76881.28,76799.99,-81.2899999999936,9153.319999999745
2026-02-02 09:00:00,1,1.0,1.0,76799.99,77360.64,560.6499999999942,9713.96999999974
2026-02-02 09:15:00,1,1.0,0.0,77360.64,77437.28,76.63999999999942,9790.609999999739
2026-02-02 09:30:00,0,1.0,1.0,77437.28,77725.33,-288.0500000000029,9502.559999999736
2026-02-02 09:45:00,0,0.0,0.0,77725.33,77656.36,68.97000000000116,9571.529999999737
2026-02-02 10:00:00,1,1.0,0.0,77656.36,77664.68,8.319999999992433,9579.84999999973
2026-02-02 10:15:00,0,0.0,0.0,77664.68,77602.23,62.44999999999709,9642.299999999726
2026-02-02 10:30:00,1,0.0,1.0,77602.23,77504.54,-97.69000000000233,9544.609999999724
2026-02-02 10:45:00,1,1.0,1.0,77504.54,77750.0,245.4600000000064,9790.06999999973
2026-02-02 11:00:00,1,1.0,0.0,77750.0,77814.78,64.77999999999884,9854.84999999973
2026-02-02 11:15:00,0,1.0,0.0,77814.78,77840.01,-25.229999999995925,9829.619999999733
2026-02-02 11:30:00,0,0.0,0.0,77840.01,77759.99,80.01999999998952,9909.639999999723
2026-02-02 11:45:00,1,1.0,1.0,77759.99,77971.65,211.65999999998894,10121.299999999712
2026-02-02 12:00:00,0,1.0,1.0,77971.65,78175.43,-203.77999999999884,9917.519999999713
2026-02-02 12:15:00,0,0.0,1.0,78175.43,77854.46,320.9699999999866,10238.4899999997
2026-02-02 12:30:00,1,1.0,1.0,77854.46,77988.51,134.04999999998836,10372.539999999688
2026-02-02 12:45:00,0,1.0,0.0,77988.51,77999.99,-11.480000000010477,10361.059999999678
2026-02-02 13:00:00,0,0.0,1.0,77999.99,77918.32,81.66999999999825,10442.729999999676
2026-02-02 13:15:00,1,0.0,0.0,77918.32,77875.04,-43.28000000001339,10399.449999999662
2026-02-02 13:30:00,1,1.0,1.0,77875.04,78224.79,349.75,10749.199999999662
2026-02-02 13:45:00,0,0.0,1.0,78224.79,77788.63,436.15999999998894,11185.359999999651
2026-02-02 14:00:00,1,1.0,1.0,77788.63,78022.04,233.40999999998894,11418.76999999964
2026-02-02 14:15:00,0,1.0,1.0,78022.04,78504.04,-482.0,10936.76999999964
2026-02-02 14:30:00,0,0.0,1.0,78504.04,77844.79,659.25,11596.01999999964
2026-02-02 14:45:00,1,1.0,1.0,77844.79,78295.36,450.570000000007,12046.589999999647
2026-02-02 15:00:00,0,1.0,1.0,78295.36,78622.0,-326.6399999999994,11719.949999999648
2026-02-02 15:15:00,0,1.0,1.0,78622.0,79021.47,-399.47000000000116,11320.479999999647
2026-02-02 15:30:00,0,0.0,1.0,79021.47,78850.06,171.4100000000035,11491.88999999965
2026-02-02 15:45:00,0,1.0,1.0,78850.06,79066.1,-216.04000000000815,11275.849999999642
2026-02-02 16:00:00,0,1.0,1.0,79066.1,79180.01,-113.90999999998894,11161.939999999653
2026-02-02 16:15:00,0,0.0,1.0,79180.01,79072.16,107.84999999999127,11269.789999999644
2026-02-02 16:30:00,1,0.0,1.0,79072.16,78634.76,-437.40000000000873,10832.389999999636
2026-02-02 16:45:00,1,1.0,1.0,78634.76,78978.92,344.1600000000035,11176.54999999964
2026-02-02 17:00:00,0,0.0,0.0,78978.92,78965.63,13.289999999993597,11189.839999999633
2026-02-02 17:15:00,1,0.0,1.0,78965.63,78875.1,-90.52999999999884,11099.309999999634
2026-02-02 17:30:00,1,1.0,1.0,78875.1,78988.64,113.5399999999936,11212.849999999627
2026-02-02 17:45:00,0,0.0,1.0,78988.64,78711.87,276.7700000000041,11489.619999999632
2026-02-02 18:00:00,1,0.0,1.0,78711.87,78430.36,-281.50999999999476,11208.109999999637
2026-02-02 18:15:00,1,1.0,1.0,78430.36,78578.87,148.50999999999476,11356.619999999632
2026-02-02 18:30:00,1,0.0,0.0,78578.87,78569.84,-9.029999999998836,11347.589999999633
2026-02-02 18:45:00,1,0.0,0.0,78569.84,78520.0,-49.83999999999651,11297.749999999636
2026-02-02 19:00:00,1,0.0,0.0,78520.0,78480.02,-39.979999999995925,11257.76999999964
2026-02-02 19:15:00,1,1.0,0.0,78480.02,78544.85,64.83000000000175,11322.599999999642
2026-02-02 19:30:00,1,0.0,1.0,78544.85,78341.5,-203.35000000000582,11119.249999999636
2026-02-02 19:45:00,1,1.0,1.0,78341.5,78431.28,89.77999999999884,11209.029999999635
2026-02-02 20:00:00,1,0.0,0.0,78431.28,78415.29,-15.990000000005239,11193.03999999963
2026-02-02 20:15:00,1,0.0,1.0,78415.29,78188.73,-226.55999999999767,10966.479999999632
2026-02-02 20:30:00,1,0.0,1.0,78188.73,78008.59,-180.13999999999942,10786.339999999633
2026-02-02 20:45:00,1,1.0,1.0,78008.59,78345.26,336.66999999999825,11123.009999999631
2026-02-02 21:00:00,0,0.0,0.0,78345.26,78291.47,53.7899999999936,11176.799999999625
2026-02-02 21:15:00,1,1.0,0.0,78291.47,78367.53,76.05999999999767,11252.859999999622
2026-02-02 21:30:00,1,1.0,1.0,78367.53,78532.06,164.52999999999884,11417.389999999621
2026-02-02 21:45:00,0,1.0,1.0,78532.06,78765.35,-233.29000000000815,11184.099999999613
2026-02-02 22:00:00,0,0.0,1.0,78765.35,78661.43,103.9200000000128,11288.019999999626
2026-02-02 22:15:00,1,1.0,1.0,78661.43,78831.03,169.60000000000582,11457.619999999632
2026-02-02 22:30:00,0,0.0,0.0,78831.03,78795.2,35.830000000001746,11493.449999999633
2026-02-02 22:45:00,1,0.0,0.0,78795.2,78748.72,-46.479999999995925,11446.969999999637
2026-02-02 23:00:00,1,0.0,1.0,78748.72,78620.73,-127.99000000000524,11318.979999999632
2026-02-02 23:15:00,1,1.0,1.0,78620.73,78892.42,271.6900000000023,11590.669999999634
2026-02-02 23:30:00,0,0.0,1.0,78892.42,78738.61,153.80999999999767,11744.479999999632
2026-02-02 23:45:00,1,0.0,1.0,78738.61,78576.85,-161.75999999999476,11582.719999999637
2026-02-03 00:00:00,1,1.0,1.0,78576.85,78909.49,332.6399999999994,11915.359999999637
2026-02-03 00:15:00,0,1.0,0.0,78909.49,78951.48,-41.98999999999069,11873.369999999646
2026-02-03 00:30:00,0,1.0,1.0,78951.48,79065.24,-113.76000000000931,11759.609999999637
2026-02-03 00:45:00,0,0.0,1.0,79065.24,78930.0,135.24000000000524,11894.849999999642
2026-02-03 01:00:00,1,0.0,0.0,78930.0,78905.59,-24.410000000003492,11870.439999999639
2026-02-03 01:15:00,1,1.0,0.0,78905.59,78940.0,34.41000000000349,11904.849999999642
2026-02-03 01:30:00,0,1.0,0.0,78940.0,79017.63,-77.63000000000466,11827.219999999637
2026-02-03 01:45:00,0,0.0,1.0,79017.63,78527.78,489.8500000000058,12317.069999999643
2026-02-03 02:00:00,1,1.0,1.0,78527.78,78700.0,172.22000000000116,12489.289999999644
2026-02-03 02:15:00,0,0.0,1.0,78700.0,78393.01,306.99000000000524,12796.27999999965
2026-02-03 02:30:00,1,0.0,1.0,78393.01,77808.01,-585.0,12211.27999999965
2026-02-03 02:45:00,1,1.0,1.0,77808.01,78021.53,213.52000000000407,12424.799999999654
2026-02-03 03:00:00,1,1.0,1.0,78021.53,78306.0,284.47000000000116,12709.269999999655
2026-02-03 03:15:00,0,1.0,1.0,78306.0,78560.01,-254.00999999999476,12455.25999999966
2026-02-03 03:30:00,0,1.0,1.0,78560.01,78753.32,-193.31000000001222,12261.949999999648
2026-02-03 03:45:00,0,1.0,0.0,78753.32,78759.99,-6.669999999998254,12255.27999999965
2026-02-03 04:00:00,0,0.0,1.0,78759.99,78509.36,250.63000000000466,12505.909999999654
2026-02-03 04:15:00,1,1.0,1.0,78509.36,78979.63,470.2700000000041,12976.179999999658
2026-02-03 04:30:00,0,0.0,1.0,78979.63,78798.39,181.24000000000524,13157.419999999664
2026-02-03 04:45:00,1,0.0,1.0,78798.39,78504.1,-294.2899999999936,12863.12999999967
2026-02-03 05:00:00,1,0.0,0.0,78504.1,78431.82,-72.27999999999884,12790.849999999671
2026-02-03 05:15:00,1,0.0,0.0,78431.82,78362.35,-69.47000000000116,12721.37999999967
2026-02-03 05:30:00,1,0.0,1.0,78362.35,78240.45,-121.90000000000873,12599.479999999661
2026-02-03 05:45:00,1,0.0,1.0,78240.45,78069.73,-170.72000000000116,12428.75999999966
2026-02-03 06:00:00,1,1.0,1.0,78069.73,78566.97,497.24000000000524,12925.999999999665
2026-02-03 06:15:00,0,0.0,1.0,78566.97,78464.62,102.35000000000582,13028.349999999671
2026-02-03 06:30:00,1,1.0,1.0,78464.62,78594.17,129.5500000000029,13157.899999999674
2026-02-03 06:45:00,0,1.0,1.0,78594.17,78750.0,-155.83000000000175,13002.069999999672
2026-02-03 07:00:00,0,0.0,0.0,78750.0,78670.92,79.08000000000175,13081.149999999674
2026-02-03 07:15:00,1,1.0,1.0,78670.92,78839.99,169.07000000000698,13250.219999999681
2026-02-03 07:30:00,0,0.0,0.0,78839.99,78794.67,45.320000000006985,13295.539999999688
2026-02-03 07:45:00,1,0.0,1.0,78794.67,78488.66,-306.00999999999476,12989.529999999693
2026-02-03 08:00:00,1,1.0,1.0,78488.66,78882.2,393.5399999999936,13383.069999999687
2026-02-03 08:15:00,0,1.0,1.0,78882.2,79005.32,-123.1200000000099,13259.949999999677
2026-02-03 08:30:00,0,0.0,1.0,79005.32,78747.96,257.3600000000006,13517.309999999678
2026-02-03 08:45:00,1,0.0,1.0,78747.96,78180.8,-567.1600000000035,12950.149999999674
2026-02-03 09:00:00,1,0.0,1.0,78180.8,77960.51,-220.29000000000815,12729.859999999666
2026-02-03 09:15:00,1,1.0,1.0,77960.51,78312.15,351.6399999999994,13081.499999999665
2026-02-03 09:30:00,0,1.0,1.0,78312.15,78400.01,-87.86000000000058,12993.639999999665
2026-02-03 09:45:00,0,1.0,1.0,78400.01,78529.83,-129.82000000000698,12863.819999999658
2026-02-03 10:00:00,0,0.0,0.0,78529.83,78466.07,63.75999999999476,12927.579999999653
2026-02-03 10:15:00,1,0.0,1.0,78466.07,78165.48,-300.59000000001106,12626.989999999641
2026-02-03 10:30:00,1,0.0,0.0,78165.48,78120.36,-45.11999999999534,12581.869999999646
2026-02-03 10:45:00,1,1.0,1.0,78120.36,78231.09,110.72999999999593,12692.599999999642
2026-02-03 11:00:00,1,0.0,1.0,78231.09,78058.2,-172.88999999999942,12519.709999999643
2026-02-03 11:15:00,1,1.0,1.0,78058.2,78220.19,161.99000000000524,12681.699999999648
2026-02-03 11:30:00,0,0.0,1.0,78220.19,78079.5,140.69000000000233,12822.38999999965
2026-02-03 11:45:00,1,1.0,1.0,78079.5,78222.2,142.6999999999971,12965.089999999647
2026-02-03 12:00:00,0,1.0,1.0,78222.2,78318.65,-96.44999999999709,12868.63999999965
2026-02-03 12:15:00,0,0.0,0.0,78318.65,78237.41,81.23999999999069,12949.87999999964
2026-02-03 12:30:00,1,1.0,1.0,78237.41,78330.26,92.84999999999127,13042.729999999632
2026-02-03 12:45:00,0,1.0,0.0,78330.26,78410.15,-79.88999999999942,12962.839999999633
2026-02-03 13:00:00,0,1.0,0.0,78410.15,78423.52,-13.370000000009895,12949.469999999623
2026-02-03 13:15:00,0,0.0,1.0,78423.52,78300.92,122.60000000000582,13072.069999999629
2026-02-03 13:30:00,1,1.0,0.0,78300.92,78307.65,6.7299999999959255,13078.799999999625
2026-02-03 13:45:00,0,1.0,0.0,78307.65,78358.47,-50.820000000006985,13027.979999999618
2026-02-03 14:00:00,0,1.0,0.0,78358.47,78425.83,-67.36000000000058,12960.619999999617
2026-02-03 14:15:00,0,0.0,1.0,78425.83,77875.71,550.1199999999953,13510.739999999612
2026-02-03 14:30:00,1,0.0,1.0,77875.71,77201.22,-674.4900000000052,12836.249999999607
2026-02-03 14:45:00,1,0.0,0.0,77201.22,77173.56,-27.660000000003492,12808.589999999604
2026-02-03 15:00:00,1,1.0,1.0,77173.56,77736.2,562.6399999999994,13371.229999999603
2026-02-03 15:15:00,0,0.0,1.0,77736.2,77480.0,256.1999999999971,13627.4299999996
2026-02-03 15:30:00,1,1.0,1.0,77480.0,78132.33,652.3300000000017,14279.759999999602
2026-02-03 15:45:00,0,0.0,1.0,78132.33,77363.77,768.5599999999977,15048.3199999996
2026-02-03 16:00:00,1,0.0,1.0,77363.77,76693.53,-670.2400000000052,14378.079999999594
2026-02-03 16:15:00,1,1.0,0.0,76693.53,76753.45,59.919999999998254,14437.999999999593
2026-02-03 16:30:00,1,0.0,1.0,76753.45,76488.08,-265.36999999999534,14172.629999999597
2026-02-03 16:45:00,1,0.0,1.0,76488.08,75699.08,-789.0,13383.629999999597
2026-02-03 17:00:00,1,1.0,1.0,75699.08,75900.3,201.22000000000116,13584.849999999598
2026-02-03 17:15:00,1,0.0,1.0,75900.3,75147.94,-752.3600000000006,12832.489999999598
2026-02-03 17:30:00,1,0.0,1.0,75147.94,74915.79,-232.15000000000873,12600.339999999589
2026-02-03 17:45:00,1,0.0,1.0,74915.79,74680.42,-235.36999999999534,12364.969999999594
2026-02-03 18:00:00,1,0.0,1.0,74680.42,74088.14,-592.2799999999988,11772.689999999595
2026-02-03 18:15:00,1,0.0,1.0,74088.14,73726.8,-361.3399999999965,11411.349999999598
2026-02-03 18:30:00,1,0.0,1.0,73726.8,73139.13,-587.6699999999983,10823.6799999996
2026-02-03 18:45:00,1,1.0,1.0,73139.13,74582.3,1443.1699999999983,12266.849999999598
2026-02-03 19:00:00,1,1.0,1.0,74582.3,74933.99,351.6900000000023,12618.5399999996
2026-02-03 19:15:00,0,0.0,0.0,74933.99,74912.83,21.160000000003492,12639.699999999604
2026-02-03 19:30:00,1,1.0,0.0,74912.83,74935.0,22.169999999998254,12661.869999999602
2026-02-03 19:45:00,0,0.0,1.0,74935.0,74709.12,225.88000000000466,12887.749999999607
2026-02-03 20:00:00,1,1.0,1.0,74709.12,75662.44,953.320000000007,13841.069999999614
2026-02-03 20:15:00,0,1.0,1.0,75662.44,76388.64,-726.1999999999971,13114.869999999617
2026-02-03 20:30:00,0,1.0,1.0,76388.64,76475.52,-86.88000000000466,13027.989999999612
2026-02-03 20:45:00,0,1.0,1.0,76475.52,76795.01,-319.4899999999907,12708.499999999622
2026-02-03 21:00:00,0,0.0,1.0,76795.01,76497.41,297.59999999999127,13006.099999999613
2026-02-03 21:15:00,1,0.0,1.0,76497.41,76368.51,-128.90000000000873,12877.199999999604
2026-02-03 21:30:00,1,0.0,1.0,76368.51,76239.43,-129.08000000000175,12748.119999999602
2026-02-03 21:45:00,1,0.0,1.0,76239.43,75838.59,-400.8399999999965,12347.279999999606
2026-02-03 22:00:00,1,1.0,1.0,75838.59,76030.42,191.83000000000175,12539.109999999608
2026-02-03 22:15:00,1,0.0,1.0,76030.42,75803.06,-227.36000000000058,12311.749999999607
2026-02-03 22:30:00,1,0.0,1.0,75803.06,75708.83,-94.22999999999593,12217.519999999611
2026-02-03 22:45:00,1,1.0,0.0,75708.83,75770.0,61.169999999998254,12278.68999999961
2026-02-03 23:00:00,1,0.0,0.0,75770.0,75751.64,-18.360000000000582,12260.329999999609
2026-02-03 23:15:00,1,1.0,1.0,75751.64,75859.34,107.69999999999709,12368.029999999606
2026-02-03 23:30:00,1,0.0,1.0,75859.34,75770.21,-89.1299999999901,12278.899999999616
2026-02-03 23:45:00,1,0.0,1.0,75770.21,75467.23,-302.9800000000105,11975.919999999605
2026-02-04 00:00:00,1,1.0,1.0,75467.23,76029.01,561.7799999999988,12537.699999999604
2026-02-04 00:15:00,0,1.0,0.0,76029.01,76056.0,-26.99000000000524,12510.709999999599
2026-02-04 00:30:00,0,0.0,1.0,76056.0,75910.88,145.11999999999534,12655.829999999594
2026-02-04 00:45:00,1,1.0,1.0,75910.88,76535.62,624.7399999999907,13280.569999999585
2026-02-04 01:00:00,0,0.0,0.0,76535.62,76471.1,64.51999999998952,13345.089999999575
2026-02-04 01:15:00,1,1.0,1.0,76471.1,76694.61,223.50999999999476,13568.59999999957
2026-02-04 01:30:00,0,0.0,1.0,76694.61,76423.73,270.88000000000466,13839.479999999574
2026-02-04 01:45:00,1,0.0,0.0,76423.73,76412.98,-10.75,13828.729999999574
2026-02-04 02:00:00,1,0.0,1.0,76412.98,76186.63,-226.34999999999127,13602.379999999583
2026-02-04 02:15:00,1,0.0,1.0,76186.63,75999.91,-186.72000000000116,13415.659999999581
2026-02-04 02:30:00,1,0.0,0.0,75999.91,75963.35,-36.55999999999767,13379.099999999584
2026-02-04 02:45:00,1,1.0,1.0,75963.35,76638.0,674.6499999999942,14053.749999999578
2026-02-04 03:00:00,0,0.0,1.0,76638.0,76390.12,247.88000000000466,14301.629999999583
2026-02-04 03:15:00,1,1.0,1.0,76390.12,76682.88,292.7600000000093,14594.389999999592
2026-02-04 03:30:00,0,1.0,0.0,76682.88,76698.17,-15.289999999993597,14579.099999999598
2026-02-04 03:45:00,0,1.0,0.0,76698.17,76730.69,-32.520000000004075,14546.579999999594
2026-02-04 04:00:00,0,0.0,1.0,76730.69,76595.94,134.75,14681.329999999594
2026-02-04 04:15:00,1,0.0,0.0,76595.94,76594.38,-1.5599999999976717,14679.769999999597
2026-02-04 04:30:00,1,0.0,1.0,76594.38,76479.75,-114.63000000000466,14565.139999999592
2026-02-04 04:45:00,1,0.0,0.0,76479.75,76476.81,-2.9400000000023283,14562.19999999959
2026-02-04 05:00:00,1,0.0,0.0,76476.81,76466.27,-10.539999999993597,14551.659999999596
2026-02-04 05:15:00,1,0.0,1.0,76466.27,76245.3,-220.97000000000116,14330.689999999595
2026-02-04 05:30:00,1,1.0,0.0,76245.3,76279.99,34.69000000000233,14365.379999999597
2026-02-04 05:45:00,1,1.0,1.0,76279.99,76550.62,270.6299999999901,14636.009999999587
2026-02-04 06:00:00,0,0.0,0.0,76550.62,76486.01,64.61000000000058,14700.619999999588
2026-02-04 06:15:00,1,1.0,1.0,76486.01,76711.56,225.5500000000029,14926.16999999959
2026-02-04 06:30:00,0,0.0,0.0,76711.56,76652.68,58.88000000000466,14985.049999999595
2026-02-04 06:45:00,1,0.0,0.0,76652.68,76612.23,-40.44999999999709,14944.599999999598
2026-02-04 07:00:00,1,0.0,1.0,76612.23,76452.28,-159.9499999999971,14784.649999999601
2026-02-04 07:15:00,1,1.0,1.0,76452.28,76554.4,102.11999999999534,14886.769999999597
2026-02-04 07:30:00,1,0.0,0.0,76554.4,76514.3,-40.09999999999127,14846.669999999605
2026-02-04 07:45:00,1,0.0,1.0,76514.3,76408.58,-105.72000000000116,14740.949999999604
2026-02-04 08:00:00,1,0.0,1.0,76408.58,76126.07,-282.50999999999476,14458.43999999961
2026-02-04 08:15:00,1,1.0,1.0,76126.07,76365.9,239.8299999999872,14698.269999999597
2026-02-04 08:30:00,1,1.0,1.0,76365.9,76587.26,221.36000000000058,14919.629999999597
2026-02-04 08:45:00,0,0.0,1.0,76587.26,76319.22,268.0399999999936,15187.66999999959
2026-02-04 09:00:00,1,0.0,1.0,76319.22,76157.86,-161.36000000000058,15026.30999999959
2026-02-04 09:15:00,1,0.0,0.0,76157.86,76097.0,-60.86000000000058,14965.44999999959
2026-02-04 09:30:00,1,1.0,0.0,76097.0,76119.0,22.0,14987.44999999959
2026-02-04 09:45:00,1,1.0,0.0,76119.0,76149.99,30.99000000000524,15018.439999999595
2026-02-04 10:00:00,0,0.0,0.0,76149.99,76115.46,34.529999999998836,15052.969999999594
2026-02-04 10:15:00,1,1.0,1.0,76115.46,76263.73,148.26999999998952,15201.239999999583
2026-02-04 10:30:00,1,1.0,0.0,76263.73,76302.1,38.370000000009895,15239.609999999593
2026-02-04 10:45:00,0,0.0,1.0,76302.1,75817.36,484.74000000000524,15724.349999999598
2026-02-04 11:00:00,1,1.0,0.0,75817.36,75847.2,29.839999999996508,15754.189999999595
2026-02-04 11:15:00,1,1.0,1.0,75847.2,76035.99,188.79000000000815,15942.979999999603
2026-02-04 11:30:00,0,0.0,0.0,76035.99,76017.25,18.74000000000524,15961.719999999608
2026-02-04 11:45:00,1,1.0,1.0,76017.25,76110.88,93.63000000000466,16055.349999999613
2026-02-04 12:00:00,1,0.0,0.0,76110.88,76071.77,-39.11000000000058,16016.239999999612
2026-02-04 12:15:00,1,1.0,1.0,76071.77,76177.4,105.6299999999901,16121.869999999602
2026-02-04 12:30:00,1,1.0,0.0,76177.4,76180.85,3.4500000000116415,16125.319999999614
2026-02-04 12:45:00,0,0.0,0.0,76180.85,76112.01,68.84000000001106,16194.159999999625
2026-02-04 13:00:00,1,0.0,1.0,76112.01,75858.81,-253.1999999999971,15940.959999999628
2026-02-04 13:15:00,1,0.0,1.0,75858.81,75358.07,-500.7399999999907,15440.219999999637
2026-02-04 13:30:00,1,0.0,1.0,75358.07,74867.0,-491.070000000007,14949.14999999963
2026-02-04 13:45:00,1,1.0,1.0,74867.0,75350.76,483.75999999999476,15432.909999999625
2026-02-04 14:00:00,1,0.0,0.0,75350.76,75298.81,-51.94999999999709,15380.959999999628
2026-02-04 14:15:00,1,0.0,1.0,75298.81,75212.01,-86.80000000000291,15294.159999999625
2026-02-04 14:30:00,1,0.0,1.0,75212.01,74359.53,-852.4799999999959,14441.67999999963
2026-02-04 14:45:00,1,1.0,1.0,74359.53,74850.04,490.50999999999476,14932.189999999624
2026-02-04 15:00:00,1,1.0,0.0,74850.04,74911.68,61.63999999999942,14993.829999999623
2026-02-04 15:15:00,0,0.0,1.0,74911.68,74363.46,548.2199999999866,15542.04999999961
2026-02-04 15:30:00,1,0.0,1.0,74363.46,74136.36,-227.10000000000582,15314.949999999604
2026-02-04 15:45:00,1,0.0,1.0,74136.36,73896.34,-240.02000000000407,15074.9299999996
2026-02-04 16:00:00,1,1.0,1.0,73896.34,74150.0,253.6600000000035,15328.589999999604
2026-02-04 16:15:00,1,0.0,1.0,74150.0,73113.02,-1036.979999999996,14291.609999999608
2026-02-04 16:30:00,1,1.0,1.0,73113.02,73636.01,522.9899999999907,14814.599999999598
2026-02-04 16:45:00,1,0.0,0.0,73636.01,73608.88,-27.129999999990105,14787.469999999608
2026-02-04 17:00:00,1,0.0,1.0,73608.88,72473.56,-1135.320000000007,13652.149999999601
2026-02-04 17:15:00,1,1.0,1.0,72473.56,72769.18,295.61999999999534,13947.769999999597
2026-02-04 17:30:00,1,0.0,1.0,72769.18,72576.08,-193.09999999999127,13754.669999999605
2026-02-04 17:45:00,1,1.0,1.0,72576.08,72858.9,282.81999999999243,14037.489999999598
2026-02-04 18:00:00,1,1.0,1.0,72858.9,73416.02,557.1200000000099,14594.609999999608
2026-02-04 18:15:00,0,1.0,1.0,73416.02,74002.0,-585.9799999999959,14008.629999999612
2026-02-04 18:30:00,0,0.0,1.0,74002.0,73425.96,576.0399999999936,14584.669999999605
2026-02-04 18:45:00,1,1.0,1.0,73425.96,73532.36,106.39999999999418,14691.0699999996
2026-02-04 19:00:00,1,0.0,1.0,73532.36,73153.81,-378.5500000000029,14312.519999999597
2026-02-04 19:15:00,1,1.0,1.0,73153.81,73604.47,450.6600000000035,14763.1799999996
2026-02-04 19:30:00,1,1.0,1.0,73604.47,73923.29,318.81999999999243,15081.999999999593
2026-02-04 19:45:00,0,0.0,1.0,73923.29,73535.6,387.6899999999878,15469.68999999958
2026-02-04 20:00:00,1,1.0,0.0,73535.6,73589.27,53.669999999998254,15523.359999999579
2026-02-04 20:15:00,1,1.0,0.0,73589.27,73649.3,60.029999999998836,15583.389999999577
2026-02-04 20:30:00,0,0.0,1.0,73649.3,73516.3,133.0,15716.389999999577
2026-02-04 20:45:00,1,1.0,0.0,73516.3,73569.13,52.830000000001746,15769.21999999958
2026-02-04 21:00:00,0,0.0,1.0,73569.13,73092.2,476.93000000000757,16246.149999999587
2026-02-04 21:15:00,1,0.0,1.0,73092.2,72639.97,-452.2299999999959,15793.91999999959
2026-02-04 21:30:00,1,1.0,1.0,72639.97,72799.99,160.02000000000407,15953.939999999595
2026-02-04 21:45:00,1,0.0,1.0,72799.99,72331.65,-468.34000000001106,15485.599999999584
2026-02-04 22:00:00,1,1.0,1.0,72331.65,73510.02,1178.37000000001,16663.969999999594
2026-02-04 22:15:00,1,0.0,1.0,73510.02,72792.83,-717.1900000000023,15946.779999999591
2026-02-04 22:30:00,1,0.0,1.0,72792.83,72543.38,-249.4499999999971,15697.329999999594
2026-02-04 22:45:00,1,1.0,1.0,72543.38,72849.91,306.52999999999884,16003.859999999593
2026-02-04 23:00:00,1,1.0,1.0,72849.91,73380.95,531.0399999999936,16534.899999999587
2026-02-04 23:15:00,0,1.0,0.0,73380.95,73383.5,-2.5500000000029104,16532.349999999584
2026-02-04 23:30:00,0,0.0,1.0,73383.5,73165.83,217.66999999999825,16750.019999999582
2026-02-04 23:45:00,1,0.0,1.0,73165.83,72778.45,-387.38000000000466,16362.639999999577
2026-02-05 00:00:00,1,1.0,1.0,72778.45,73252.79,474.3399999999965,16836.979999999574
2026-02-05 00:15:00,1,0.0,1.0,73252.79,73103.03,-149.75999999999476,16687.21999999958
2026-02-05 00:30:00,1,0.0,1.0,73103.03,72868.02,-235.00999999999476,16452.209999999584
2026-02-05 00:45:00,1,1.0,1.0,72868.02,73170.71,302.6900000000023,16754.899999999587
2026-02-05 01:00:00,0,0.0,1.0,73170.71,72967.15,203.56000000001222,16958.4599999996
2026-02-05 01:15:00,1,0.0,1.0,72967.15,72635.05,-332.09999999999127,16626.359999999608
2026-02-05 01:30:00,1,0.0,1.0,72635.05,72421.26,-213.79000000000815,16412.5699999996
2026-02-05 01:45:00,1,0.0,1.0,72421.26,72044.96,-376.29999999998836,16036.269999999611
2026-02-05 02:00:00,1,1.0,1.0,72044.96,72325.59,280.6299999999901,16316.899999999601
2026-02-05 02:15:00,1,1.0,1.0,72325.59,72588.0,262.4100000000035,16579.309999999605
2026-02-05 02:30:00,0,0.0,1.0,72588.0,71454.44,1133.5599999999977,17712.869999999602
2026-02-05 02:45:00,1,1.0,0.0,71454.44,71525.52,71.08000000000175,17783.949999999604
2026-02-05 03:00:00,1,0.0,0.0,71525.52,71515.6,-9.919999999998254,17774.029999999606
2026-02-05 03:15:00,1,0.0,0.0,71515.6,71446.0,-69.60000000000582,17704.4299999996
2026-02-05 03:30:00,1,0.0,1.0,71446.0,71223.25,-222.75,17481.6799999996
2026-02-05 03:45:00,1,0.0,1.0,71223.25,70950.65,-272.6000000000058,17209.079999999594
2026-02-05 04:00:00,1,1.0,0.0,70950.65,71028.32,77.6700000000128,17286.749999999607
2026-02-05 04:15:00,1,1.0,1.0,71028.32,71354.81,326.4899999999907,17613.239999999598
2026-02-05 04:30:00,0,0.0,1.0,71354.81,70888.08,466.7299999999959,18079.969999999594
2026-02-05 04:45:00,1,0.0,0.0,70888.08,70843.37,-44.7100000000064,18035.259999999587
2026-02-05 05:00:00,1,0.0,1.0,70843.37,70433.11,-410.25999999999476,17624.999999999593
2026-02-05 05:15:00,1,1.0,1.0,70433.11,71019.55,586.4400000000023,18211.439999999595
2026-02-05 05:30:00,1,0.0,1.0,71019.55,70732.72,-286.83000000000175,17924.609999999593
2026-02-05 05:45:00,1,0.0,0.0,70732.72,70665.79,-66.93000000000757,17857.679999999586
2026-02-05 06:00:00,1,0.0,1.0,70665.79,70527.13,-138.65999999998894,17719.019999999597
2026-02-05 06:15:00,1,1.0,1.0,70527.13,70884.57,357.4400000000023,18076.4599999996
2026-02-05 06:30:00,1,1.0,0.0,70884.57,70951.51,66.93999999998778,18143.399999999587
2026-02-05 06:45:00,0,1.0,1.0,70951.51,71098.99,-147.48000000001048,17995.919999999576
2026-02-05 07:00:00,0,1.0,1.0,71098.99,71416.83,-317.8399999999965,17678.07999999958
2026-02-05 07:15:00,0,0.0,1.0,71416.83,71161.07,255.75999999999476,17933.839999999575
2026-02-05 07:30:00,1,0.0,1.0,71161.07,70756.85,-404.22000000000116,17529.619999999573
2026-02-05 07:45:00,1,1.0,1.0,70756.85,71079.99,323.1399999999994,17852.759999999573
2026-02-05 08:00:00,1,1.0,1.0,71079.99,71344.77,264.77999999999884,18117.53999999957
2026-02-05 08:15:00,0,0.0,1.0,71344.77,71252.73,92.04000000000815,18209.57999999958
2026-02-05 08:30:00,1,0.0,1.0,71252.73,71054.99,-197.7399999999907,18011.83999999959
2026-02-05 08:45:00,1,1.0,1.0,71054.99,71823.45,768.4599999999919,18780.29999999958
2026-02-05 09:00:00,0,0.0,1.0,71823.45,71736.95,86.5,18866.79999999958
2026-02-05 09:15:00,1,0.0,1.0,71736.95,71483.39,-253.55999999999767,18613.239999999583
2026-02-05 09:30:00,1,1.0,0.0,71483.39,71550.0,66.61000000000058,18679.849999999584
2026-02-05 09:45:00,1,0.0,0.0,71550.0,71493.96,-56.0399999999936,18623.80999999959
2026-02-05 10:00:00,1,1.0,1.0,71493.96,71716.42,222.45999999999185,18846.269999999582
2026-02-05 10:15:00,0,0.0,1.0,71716.42,71365.95,350.47000000000116,19196.739999999583
2026-02-05 10:30:00,1,0.0,1.0,71365.95,70858.13,-507.81999999999243,18688.91999999959
2026-02-05 10:45:00,1,0.0,0.0,70858.13,70792.79,-65.34000000001106,18623.57999999958
2026-02-05 11:00:00,1,0.0,1.0,70792.79,70065.4,-727.3899999999994,17896.18999999958
2026-02-05 11:15:00,1,1.0,1.0,70065.4,70493.71,428.3100000000122,18324.499999999593
2026-02-05 11:30:00,1,0.0,1.0,70493.71,70318.35,-175.36000000000058,18149.139999999592
2026-02-05 11:45:00,1,0.0,1.0,70318.35,69918.01,-400.34000000001106,17748.79999999958
2026-02-05 12:00:00,1,0.0,1.0,69918.01,69640.86,-277.1499999999942,17471.649999999587
2026-02-05 12:15:00,1,0.0,1.0,69640.86,69327.77,-313.0899999999965,17158.55999999959
2026-02-05 12:30:00,1,1.0,1.0,69327.77,69563.57,235.8000000000029,17394.359999999593
2026-02-05 12:45:00,1,0.0,0.0,69563.57,69488.08,-75.49000000000524,17318.869999999588
2026-02-05 13:00:00,1,0.0,1.0,69488.08,69294.31,-193.77000000000407,17125.099999999584
2026-02-05 13:15:00,1,1.0,1.0,69294.31,69434.09,139.77999999999884,17264.879999999583
2026-02-05 13:30:00,1,1.0,1.0,69434.09,69688.94,254.85000000000582,17519.72999999959
2026-02-05 13:45:00,0,1.0,0.0,69688.94,69740.76,-51.81999999999243,17467.909999999596
2026-02-05 14:00:00,0,1.0,1.0,69740.76,70129.13,-388.3700000000099,17079.539999999586
2026-02-05 14:15:00,0,1.0,1.0,70129.13,70436.0,-306.86999999999534,16772.66999999959
2026-02-05 14:30:00,0,0.0,1.0,70436.0,69404.76,1031.2400000000052,17803.909999999596
2026-02-05 14:45:00,1,0.0,1.0,69404.76,68014.24,-1390.5199999999895,16413.389999999607
2026-02-05 15:00:00,1,0.0,1.0,68014.24,66851.99,-1162.25,15251.139999999607
2026-02-05 15:15:00,1,1.0,1.0,66851.99,67519.99,668.0,15919.139999999607
2026-02-05 15:30:00,1,0.0,0.0,67519.99,67489.07,-30.919999999998254,15888.219999999608
2026-02-05 15:45:00,1,0.0,1.0,67489.07,67046.11,-442.9600000000064,15445.259999999602
2026-02-05 16:00:00,1,1.0,1.0,67046.11,68175.28,1129.1699999999983,16574.4299999996
2026-02-05 16:15:00,1,0.0,1.0,68175.28,67873.52,-301.75999999999476,16272.669999999605
2026-02-05 16:30:00,1,1.0,1.0,67873.52,68295.15,421.6299999999901,16694.299999999595
2026-02-05 16:45:00,1,0.0,1.0,68295.15,67254.51,-1040.6399999999994,15653.659999999596
2026-02-05 17:00:00,1,1.0,1.0,67254.51,67409.23,154.72000000000116,15808.379999999597
2026-02-05 17:15:00,1,0.0,1.0,67409.23,67109.93,-299.3000000000029,15509.079999999594
2026-02-05 17:30:00,1,0.0,1.0,67109.93,66181.69,-928.2399999999907,14580.839999999604
2026-02-05 17:45:00,1,1.0,1.0,66181.69,66448.92,267.2299999999959,14848.0699999996
2026-02-05 18:00:00,1,0.0,1.0,66448.92,65851.28,-597.6399999999994,14250.4299999996
2026-02-05 18:15:00,1,0.0,1.0,65851.28,65766.86,-84.41999999999825,14166.009999999602
2026-02-05 18:30:00,1,1.0,1.0,65766.86,66347.0,580.1399999999994,14746.149999999601
2026-02-05 18:45:00,1,0.0,0.0,66347.0,66300.03,-46.970000000001164,14699.1799999996
2026-02-05 19:00:00,1,0.0,1.0,66300.03,65864.3,-435.7299999999959,14263.449999999604
2026-02-05 19:15:00,1,0.0,0.0,65864.3,65806.59,-57.7100000000064,14205.739999999598
2026-02-05 19:30:00,1,0.0,1.0,65806.59,65265.65,-540.939999999995,13664.799999999603
2026-02-05 19:45:00,1,0.0,1.0,65265.65,65051.38,-214.27000000000407,13450.529999999599
2026-02-05 20:00:00,1,0.0,1.0,65051.38,63866.59,-1184.7900000000009,12265.739999999598
2026-02-05 20:15:00,1,0.0,1.0,63866.59,63666.94,-199.64999999999418,12066.089999999604
2026-02-05 20:30:00,1,1.0,1.0,63666.94,63775.67,108.72999999999593,12174.8199999996
2026-02-05 20:45:00,1,0.0,1.0,63775.67,63432.34,-343.33000000000175,11831.489999999598
2026-02-05 21:00:00,1,1.0,1.0,63432.34,63969.92,537.5800000000017,12369.0699999996
2026-02-05 21:15:00,1,0.0,1.0,63969.92,63696.29,-273.6299999999974,12095.439999999602
2026-02-05 21:30:00,1,0.0,1.0,63696.29,63213.34,-482.95000000000437,11612.489999999598
2026-02-05 21:45:00,1,1.0,1.0,63213.34,63525.09,311.75,11924.239999999598
2026-02-05 22:00:00,1,1.0,1.0,63525.09,64099.37,574.2800000000061,12498.519999999604
2026-02-05 22:15:00,0,0.0,0.0,64099.37,64035.93,63.44000000000233,12561.959999999606
2026-02-05 22:30:00,0,0.0,1.0,64035.93,63907.86,128.0699999999997,12690.029999999606
2026-02-05 22:45:00,1,1.0,1.0,63907.86,64581.12,673.260000000002,13363.289999999608
2026-02-05 23:00:00,1,0.0,1.0,64581.12,64409.83,-171.29000000000087,13191.999999999607
2026-02-05 23:15:00,1,0.0,1.0,64409.83,63472.08,-937.75,12254.249999999607
2026-02-05 23:30:00,1,0.0,1.0,63472.08,62909.86,-562.2200000000012,11692.029999999606
2026-02-05 23:45:00,1,0.0,1.0,62909.86,60255.65,-2654.209999999999,9037.819999999607
2026-02-06 00:00:00,1,1.0,1.0,60255.65,61373.3,1117.6500000000015,10155.469999999608
2026-02-06 00:15:00,1,1.0,1.0,61373.3,62965.51,1592.2099999999991,11747.679999999607
2026-02-06 00:30:00,0,1.0,1.0,62965.51,63509.39,-543.8799999999974,11203.79999999961
2026-02-06 00:45:00,0,1.0,1.0,63509.39,64325.16,-815.7700000000041,10388.029999999606
2026-02-06 01:00:00,0,0.0,1.0,64325.16,64112.75,212.4100000000035,10600.43999999961
2026-02-06 01:15:00,1,1.0,1.0,64112.75,64731.0,618.25,11218.68999999961
2026-02-06 01:30:00,1,1.0,1.0,64731.0,65714.96,983.9600000000064,12202.649999999616
2026-02-06 01:45:00,0,0.0,1.0,65714.96,64854.12,860.8400000000038,13063.48999999962
2026-02-06 02:00:00,1,0.0,1.0,64854.12,64612.73,-241.38999999999942,12822.09999999962
2026-02-06 02:15:00,1,1.0,1.0,64612.73,65189.82,577.0899999999965,13399.189999999617
2026-02-06 02:30:00,1,0.0,1.0,65189.82,64990.1,-199.72000000000116,13199.469999999616
2026-02-06 02:45:00,1,0.0,1.0,64990.1,64424.31,-565.7900000000009,12633.679999999615
2026-02-06 03:00:00,1,1.0,1.0,64424.31,64700.01,275.70000000000437,12909.379999999619
2026-02-06 03:15:00,1,0.0,1.0,64700.01,64492.28,-207.7300000000032,12701.649999999616
2026-02-06 03:30:00,1,0.0,1.0,64492.28,64168.33,-323.9499999999971,12377.699999999619
2026-02-06 03:45:00,1,1.0,1.0,64168.33,64487.44,319.1100000000006,12696.80999999962
2026-02-06 04:00:00,1,1.0,1.0,64487.44,64911.47,424.02999999999884,13120.839999999618
2026-02-06 04:15:00,0,0.0,1.0,64911.47,64769.63,141.84000000000378,13262.679999999622
2026-02-06 04:30:00,1,1.0,1.0,64769.63,64905.84,136.20999999999913,13398.889999999621
2026-02-06 04:45:00,0,1.0,1.0,64905.84,65526.06,-620.2200000000012,12778.66999999962
2026-02-06 05:00:00,0,0.0,0.0,65526.06,65466.12,59.93999999999505,12838.609999999615
2026-02-06 05:15:00,0,1.0,1.0,65466.12,65978.41,-512.2900000000009,12326.319999999614
2026-02-06 05:30:00,0,1.0,1.0,65978.41,66408.11,-429.6999999999971,11896.619999999617
2026-02-06 05:45:00,0,0.0,1.0,66408.11,66176.69,231.41999999999825,12128.039999999615
2026-02-06 06:00:00,1,0.0,1.0,66176.69,65841.6,-335.0899999999965,11792.949999999619
2026-02-06 06:15:00,1,0.0,1.0,65841.6,65082.62,-758.9800000000032,11033.969999999616
2026-02-06 06:30:00,1,0.0,0.0,65082.62,64988.26,-94.36000000000058,10939.609999999615
2026-02-06 06:45:00,1,1.0,0.0,64988.26,65040.06,51.799999999995634,10991.40999999961
2026-02-06 07:00:00,1,0.0,0.0,65040.06,64998.22,-41.83999999999651,10949.569999999614
2026-02-06 07:15:00,1,1.0,1.0,64998.22,65209.87,211.65000000000146,11161.219999999616
2026-02-06 07:30:00,0,0.0,1.0,65209.87,64856.0,353.8700000000026,11515.089999999618
2026-02-06 07:45:00,1,1.0,1.0,64856.0,65108.9,252.90000000000146,11767.98999999962
2026-02-06 08:00:00,1,0.0,1.0,65108.9,64821.21,-287.6900000000023,11480.299999999617
2026-02-06 08:15:00,1,0.0,0.0,64821.21,64769.27,-51.94000000000233,11428.359999999615
2026-02-06 08:30:00,1,1.0,1.0,64769.27,64895.05,125.78000000000611,11554.139999999621
2026-02-06 08:45:00,0,1.0,1.0,64895.05,65114.44,-219.38999999999942,11334.749999999622
2026-02-06 09:00:00,0,1.0,1.0,65114.44,65631.89,-517.4499999999971,10817.299999999625
2026-02-06 09:15:00,0,1.0,1.0,65631.89,65867.64,-235.75,10581.549999999625
2026-02-06 09:30:00,0,0.0,0.0,65867.64,65799.55,68.08999999999651,10649.639999999621
2026-02-06 09:45:00,1,1.0,0.0,65799.55,65833.57,34.020000000004075,10683.659999999625
2026-02-06 10:00:00,0,1.0,1.0,65833.57,66022.98,-189.40999999998894,10494.249999999636
2026-02-06 10:15:00,0,1.0,0.0,66022.98,66065.99,-43.01000000000931,10451.239999999627
2026-02-06 10:30:00,0,0.0,0.0,66065.99,65967.51,98.48000000001048,10549.719999999637
2026-02-06 10:45:00,1,0.0,0.0,65967.51,65943.34,-24.169999999998254,10525.54999999964
2026-02-06 11:00:00,1,1.0,1.0,65943.34,66066.23,122.88999999999942,10648.439999999639
2026-02-06 11:15:00,0,1.0,1.0,66066.23,66322.23,-256.0,10392.439999999639
2026-02-06 11:30:00,0,1.0,1.0,66322.23,66631.32,-309.09000000001106,10083.349999999627
2026-02-06 11:45:00,0,0.0,1.0,66631.32,66414.94,216.38000000000466,10299.729999999632
2026-02-06 12:00:00,1,0.0,0.0,66414.94,66396.17,-18.770000000004075,10280.959999999628
2026-02-06 12:15:00,1,0.0,0.0,66396.17,66339.44,-56.729999999995925,10224.229999999632
2026-02-06 12:30:00,1,1.0,1.0,66339.44,66557.93,218.4899999999907,10442.719999999623
2026-02-06 12:45:00,0,1.0,1.0,66557.93,67037.01,-479.08000000000175,9963.639999999621
2026-02-06 13:00:00,0,0.0,0.0,67037.01,66935.99,101.01999999998952,10064.65999999961
2026-02-06 13:15:00,1,1.0,1.0,66935.99,67232.01,296.0199999999895,10360.6799999996
2026-02-06 13:30:00,0,1.0,0.0,67232.01,67316.82,-84.81000000001222,10275.869999999588
2026-02-06 13:45:00,0,0.0,1.0,67316.82,67187.02,129.8000000000029,10405.66999999959
2026-02-06 14:00:00,1,0.0,0.0,67187.02,67114.64,-72.38000000000466,10333.289999999586
2026-02-06 14:15:00,1,1.0,1.0,67114.64,68300.0,1185.3600000000006,11518.649999999587
2026-02-06 14:30:00,0,0.0,0.0,68300.0,68194.89,105.11000000000058,11623.759999999587
2026-02-06 14:45:00,1,0.0,1.0,68194.89,67933.43,-261.4600000000064,11362.29999999958
2026-02-06 15:00:00,1,1.0,1.0,67933.43,68170.21,236.7800000000134,11599.079999999594
2026-02-06 15:15:00,0,1.0,1.0,68170.21,68809.87,-639.6599999999889,10959.419999999605
2026-02-06 15:30:00,0,0.0,1.0,68809.87,68626.0,183.86999999999534,11143.2899999996
2026-02-06 15:45:00,1,1.0,1.0,68626.0,69290.0,664.0,11807.2899999996
2026-02-06 16:00:00,0,1.0,1.0,69290.0,69521.42,-231.41999999999825,11575.869999999602
2026-02-06 16:15:00,0,1.0,1.0,69521.42,69802.0,-280.58000000000175,11295.2899999996
2026-02-06 16:30:00,0,1.0,1.0,69802.0,69954.01,-152.00999999999476,11143.279999999606
2026-02-06 16:45:00,0,1.0,1.0,69954.01,70225.14,-271.13000000000466,10872.149999999601
2026-02-06 17:00:00,0,1.0,1.0,70225.14,70924.57,-699.4300000000076,10172.719999999594
2026-02-06 17:15:00,0,1.0,1.0,70924.57,71075.1,-150.52999999999884,10022.189999999595
2026-02-06 17:30:00,0,0.0,1.0,71075.1,70753.53,321.570000000007,10343.759999999602
2026-02-06 17:45:00,0,0.0,1.0,70753.53,70053.52,700.0099999999948,11043.769999999597
2026-02-06 18:00:00,1,0.0,1.0,70053.52,69561.04,-492.4800000000105,10551.289999999586
2026-02-06 18:15:00,1,1.0,1.0,69561.04,70000.01,438.97000000000116,10990.259999999587
2026-02-06 18:30:00,0,0.0,1.0,70000.01,69776.68,223.33000000000175,11213.589999999589
2026-02-06 18:45:00,1,1.0,0.0,69776.68,69829.87,53.19000000000233,11266.779999999591
2026-02-06 19:00:00,1,1.0,1.0,69829.87,70260.92,431.0500000000029,11697.829999999594
2026-02-06 19:15:00,0,1.0,1.0,70260.92,70388.57,-127.65000000000873,11570.179999999586
2026-02-06 19:30:00,0,1.0,1.0,70388.57,70731.46,-342.8899999999994,11227.289999999586
2026-02-06 19:45:00,0,0.0,1.0,70731.46,70510.69,220.77000000000407,11448.05999999959
2026-02-06 20:00:00,1,1.0,0.0,70510.69,70581.56,70.86999999999534,11518.929999999586
2026-02-06 20:15:00,0,0.0,1.0,70581.56,70279.9,301.6600000000035,11820.589999999589
2026-02-06 20:30:00,1,0.0,1.0,70279.9,70000.13,-279.7699999999895,11540.8199999996
2026-02-06 20:45:00,1,1.0,0.0,70000.13,70006.4,6.269999999989523,11547.089999999589
2026-02-06 21:00:00,1,1.0,1.0,70006.4,70401.75,395.3500000000058,11942.439999999595
2026-02-06 21:15:00,0,0.0,1.0,70401.75,70285.99,115.75999999999476,12058.19999999959
2026-02-06 21:30:00,1,1.0,0.0,70285.99,70358.43,72.43999999998778,12130.639999999577
2026-02-06 21:45:00,0,1.0,0.0,70358.43,70438.12,-79.69000000000233,12050.949999999575
2026-02-06 22:00:00,0,1.0,1.0,70438.12,70812.2,-374.08000000000175,11676.869999999573
2026-02-06 22:15:00,0,1.0,1.0,70812.2,71192.17,-379.97000000000116,11296.899999999572
2026-02-06 22:30:00,0,1.0,1.0,71192.17,71354.46,-162.29000000000815,11134.609999999564
2026-02-06 22:45:00,0,0.0,1.0,71354.46,71121.62,232.84000000001106,11367.449999999575
2026-02-06 23:00:00,1,0.0,1.0,71121.62,70576.39,-545.2299999999959,10822.21999999958
2026-02-06 23:15:00,1,1.0,0.0,70576.39,70645.22,68.83000000000175,10891.04999999958
2026-02-06 23:30:00,0,0.0,0.0,70645.22,70580.26,64.9600000000064,10956.009999999587
2026-02-06 23:45:00,1,0.0,1.0,70580.26,70271.66,-308.59999999999127,10647.409999999596
2026-02-07 00:00:00,1,0.0,1.0,70271.66,70111.08,-160.58000000000175,10486.829999999594
2026-02-07 00:15:00,1,0.0,1.0,70111.08,69734.97,-376.1100000000006,10110.719999999594
2026-02-07 00:30:00,1,1.0,1.0,69734.97,69958.0,223.02999999999884,10333.749999999593
2026-02-07 00:45:00,0,0.0,1.0,69958.0,69841.12,116.88000000000466,10450.629999999597
2026-02-07 01:00:00,1,1.0,1.0,69841.12,69982.53,141.4100000000035,10592.0399999996
2026-02-07 01:15:00,0,1.0,1.0,69982.53,70287.56,-305.02999999999884,10287.009999999602
2026-02-07 01:30:00,0,1.0,1.0,70287.56,70471.49,-183.93000000000757,10103.079999999594
2026-02-07 01:45:00,0,0.0,0.0,70471.49,70427.77,43.720000000001164,10146.799999999595
2026-02-07 02:00:00,1,1.0,0.0,70427.77,70441.89,14.119999999995343,10160.91999999959
2026-02-07 02:15:00,0,1.0,0.0,70441.89,70456.7,-14.809999999997672,10146.109999999593
2026-02-07 02:30:00,0,0.0,0.0,70456.7,70361.37,95.33000000000175,10241.439999999595
2026-02-07 02:45:00,1,1.0,1.0,70361.37,70741.07,379.70000000001164,10621.139999999607
2026-02-07 03:00:00,0,1.0,1.0,70741.07,70861.62,-120.54999999998836,10500.589999999618
2026-02-07 03:15:00,0,0.0,1.0,70861.62,70729.59,132.02999999999884,10632.619999999617
2026-02-07 03:30:00,1,1.0,1.0,70729.59,70918.99,189.40000000000873,10822.019999999626
2026-02-07 03:45:00,0,1.0,1.0,70918.99,71219.82,-300.83000000000175,10521.189999999624
2026-02-07 04:00:00,0,0.0,0.0,71219.82,71151.31,68.51000000000931,10589.699999999633
2026-02-07 04:15:00,1,0.0,1.0,71151.31,70705.52,-445.7899999999936,10143.90999999964
2026-02-07 04:30:00,1,1.0,0.0,70705.52,70768.13,62.61000000000058,10206.51999999964
2026-02-07 04:45:00,0,1.0,1.0,70768.13,70916.0,-147.86999999999534,10058.649999999645
2026-02-07 05:00:00,0,0.0,1.0,70916.0,70271.97,644.0299999999988,10702.679999999644
2026-02-07 05:15:00,1,0.0,0.0,70271.97,70236.0,-35.970000000001164,10666.709999999643
2026-02-07 05:30:00,1,0.0,0.0,70236.0,70161.5,-74.5,10592.209999999643
2026-02-07 05:45:00,1,0.0,0.0,70161.5,70104.44,-57.05999999999767,10535.149999999645
2026-02-07 06:00:00,1,1.0,0.0,70104.44,70215.31,110.86999999999534,10646.01999999964
2026-02-07 06:15:00,1,0.0,1.0,70215.31,70063.41,-151.89999999999418,10494.119999999646
2026-02-07 06:30:00,1,0.0,1.0,70063.41,68769.65,-1293.7600000000093,9200.359999999637
2026-02-07 06:45:00,1,0.0,1.0,68769.65,67951.49,-818.1599999999889,8382.199999999648
2026-02-07 07:00:00,1,1.0,0.0,67951.49,68031.2,79.70999999999185,8461.90999999964
2026-02-07 07:15:00,1,1.0,1.0,68031.2,68476.92,445.72000000000116,8907.62999999964
2026-02-07 07:30:00,0,0.0,1.0,68476.92,68087.14,389.77999999999884,9297.40999999964
2026-02-07 07:45:00,1,1.0,1.0,68087.14,68247.69,160.5500000000029,9457.959999999643
2026-02-07 08:00:00,1,1.0,1.0,68247.69,68404.33,156.63999999999942,9614.599999999642
2026-02-07 08:15:00,0,0.0,0.0,68404.33,68352.11,52.220000000001164,9666.819999999643
2026-02-07 08:30:00,1,1.0,1.0,68352.11,68495.01,142.89999999999418,9809.719999999637
2026-02-07 08:45:00,1,1.0,1.0,68495.01,68753.4,258.3899999999994,10068.109999999637
2026-02-07 09:00:00,0,0.0,1.0,68753.4,68464.24,289.15999999998894,10357.269999999626
2026-02-07 09:15:00,1,0.0,1.0,68464.24,68116.99,-347.25,10010.019999999626
2026-02-07 09:30:00,1,1.0,0.0,68116.99,68138.2,21.20999999999185,10031.229999999618
2026-02-07 09:45:00,1,0.0,1.0,68138.2,67960.81,-177.38999999999942,9853.839999999618
2026-02-07 10:00:00,1,0.0,0.0,67960.81,67946.2,-14.610000000000582,9839.229999999618
2026-02-07 10:15:00,1,0.0,1.0,67946.2,67793.87,-152.33000000000175,9686.899999999616
2026-02-07 10:30:00,1,1.0,1.0,67793.87,67987.0,193.13000000000466,9880.02999999962
2026-02-07 10:45:00,1,0.0,0.0,67987.0,67946.06,-40.94000000000233,9839.089999999618
2026-02-07 11:00:00,1,0.0,0.0,67946.06,67926.9,-19.160000000003492,9819.929999999615
2026-02-07 11:15:00,1,0.0,0.0,67926.9,67823.19,-103.70999999999185,9716.219999999623
2026-02-07 11:30:00,1,1.0,1.0,67823.19,67972.65,149.45999999999185,9865.679999999615
2026-02-07 11:45:00,1,1.0,1.0,67972.65,68849.66,877.0100000000093,10742.689999999624
2026-02-07 12:00:00,0,1.0,1.0,68849.66,69328.68,-479.0199999999895,10263.669999999634
2026-02-07 12:15:00,0,0.0,1.0,69328.68,69157.33,171.34999999999127,10435.019999999626
2026-02-07 12:30:00,1,0.0,1.0,69157.33,69024.98,-132.35000000000582,10302.66999999962
2026-02-07 12:45:00,1,0.0,0.0,69024.98,68994.0,-30.979999999995925,10271.689999999624
2026-02-07 13:00:00,1,1.0,1.0,68994.0,69256.58,262.58000000000175,10534.269999999626
2026-02-07 13:15:00,0,0.0,1.0,69256.58,68902.15,354.43000000000757,10888.699999999633
2026-02-07 13:30:00,1,1.0,1.0,68902.15,69093.98,191.83000000000175,11080.529999999635
2026-02-07 13:45:00,0,0.0,0.0,69093.98,69014.88,79.09999999999127,11159.629999999626
2026-02-07 14:00:00,1,0.0,0.0,69014.88,68952.69,-62.19000000000233,11097.439999999624
2026-02-07 14:15:00,1,0.0,1.0,68952.69,68806.71,-145.97999999999593,10951.459999999628
2026-02-07 14:30:00,1,0.0,1.0,68806.71,68645.99,-160.72000000000116,10790.739999999627
2026-02-07 14:45:00,1,1.0,1.0,68645.99,69114.22,468.2299999999959,11258.969999999623
2026-02-07 15:00:00,0,1.0,1.0,69114.22,69268.53,-154.30999999999767,11104.659999999625
2026-02-07 15:15:00,0,1.0,0.0,69268.53,69310.96,-42.43000000000757,11062.229999999618
2026-02-07 15:30:00,0,0.0,1.0,69310.96,69151.5,159.4600000000064,11221.689999999624
2026-02-07 15:45:00,1,1.0,1.0,69151.5,69456.43,304.929999999993,11526.619999999617
2026-02-07 16:00:00,0,0.0,1.0,69456.43,69305.5,150.92999999999302,11677.54999999961
2026-02-07 16:15:00,1,1.0,0.0,69305.5,69332.39,26.889999999999418,11704.43999999961
2026-02-07 16:30:00,0,0.0,1.0,69332.39,68957.16,375.2299999999959,12079.669999999605
2026-02-07 16:45:00,1,0.0,1.0,68957.16,68744.85,-212.30999999999767,11867.359999999608
2026-02-07 17:00:00,1,1.0,1.0,68744.85,69077.29,332.4399999999878,12199.799999999595
2026-02-07 17:15:00,0,1.0,1.0,69077.29,69303.49,-226.20000000001164,11973.599999999584
2026-02-07 17:30:00,0,0.0,1.0,69303.49,69188.81,114.68000000000757,12088.279999999591
2026-02-07 17:45:00,1,0.0,1.0,69188.81,69050.43,-138.38000000000466,11949.899999999587
2026-02-07 18:00:00,1,1.0,1.0,69050.43,69353.65,303.22000000000116,12253.119999999588
2026-02-07 18:15:00,0,1.0,1.0,69353.65,69512.77,-159.1200000000099,12093.999999999578
2026-02-07 18:30:00,0,1.0,0.0,69512.77,69514.11,-1.3399999999965075,12092.659999999581
2026-02-07 18:45:00,0,0.0,1.0,69514.11,69352.83,161.27999999999884,12253.93999999958
2026-02-07 19:00:00,1,1.0,0.0,69352.83,69430.38,77.55000000000291,12331.489999999583
2026-02-07 19:15:00,0,0.0,0.0,69430.38,69348.08,82.30000000000291,12413.789999999586
2026-02-07 19:30:00,1,1.0,0.0,69348.08,69373.61,25.529999999998836,12439.319999999585
2026-02-07 19:45:00,0,0.0,0.0,69373.61,69312.52,61.08999999999651,12500.409999999581
2026-02-07 20:00:00,1,1.0,1.0,69312.52,69443.73,131.20999999999185,12631.619999999573
2026-02-07 20:15:00,0,1.0,0.0,69443.73,69547.1,-103.3700000000099,12528.249999999563
2026-02-07 20:30:00,0,1.0,0.0,69547.1,69631.18,-84.0799999999872,12444.169999999576
2026-02-07 20:45:00,0,0.0,0.0,69631.18,69522.71,108.46999999998661,12552.639999999563
2026-02-07 21:00:00,1,0.0,0.0,69522.71,69500.01,-22.70000000001164,12529.939999999551
2026-02-07 21:15:00,1,0.0,0.0,69500.01,69458.93,-41.080000000001746,12488.85999999955
2026-02-07 21:30:00,1,1.0,0.0,69458.93,69497.99,39.060000000012224,12527.919999999562
2026-02-07 21:45:00,0,1.0,0.0,69497.99,69554.53,-56.5399999999936,12471.379999999568
2026-02-07 22:00:00,0,1.0,0.0,69554.53,69574.37,-19.839999999996508,12451.539999999572
2026-02-07 22:15:00,0,0.0,1.0,69574.37,69400.0,174.36999999999534,12625.909999999567
2026-02-07 22:30:00,1,0.0,0.0,69400.0,69399.34,-0.6600000000034925,12625.249999999563
2026-02-07 22:45:00,1,0.0,1.0,69399.34,69075.56,-323.77999999999884,12301.469999999565
2026-02-07 23:00:00,1,0.0,0.0,69075.56,69040.81,-34.75,12266.719999999565
2026-02-07 23:15:00,1,1.0,1.0,69040.81,69259.35,218.54000000000815,12485.259999999573
2026-02-07 23:30:00,1,1.0,0.0,69259.35,69289.38,30.029999999998836,12515.289999999572
2026-02-07 23:45:00,0,1.0,0.0,69289.38,69357.18,-67.79999999998836,12447.489999999583
2026-02-08 00:00:00,0,0.0,1.0,69357.18,69050.0,307.179999999993,12754.669999999576
2026-02-08 00:15:00,1,0.0,0.0,69050.0,68966.17,-83.83000000000175,12670.839999999575
2026-02-08 00:30:00,1,1.0,1.0,68966.17,69133.79,167.61999999999534,12838.45999999957
2026-02-08 00:45:00,0,1.0,1.0,69133.79,69380.01,-246.22000000000116,12592.239999999569
2026-02-08 01:00:00,0,0.0,1.0,69380.01,69151.49,228.51999999998952,12820.759999999558
2026-02-08 01:15:00,1,1.0,1.0,69151.49,69330.94,179.4499999999971,13000.209999999555
2026-02-08 01:30:00,0,1.0,0.0,69330.94,69379.57,-48.63000000000466,12951.57999999955
2026-02-08 01:45:00,0,1.0,0.0,69379.57,69410.39,-30.819999999992433,12920.759999999558
2026-02-08 02:00:00,0,1.0,0.0,69410.39,69436.99,-26.60000000000582,12894.159999999552
2026-02-08 02:15:00,0,0.0,0.0,69436.99,69330.29,106.70000000001164,13000.859999999564
2026-02-08 02:30:00,1,1.0,0.0,69330.29,69370.7,40.41000000000349,13041.269999999568
2026-02-08 02:45:00,0,0.0,1.0,69370.7,69246.41,124.2899999999936,13165.559999999561
2026-02-08 03:00:00,1,1.0,0.0,69246.41,69341.45,95.0399999999936,13260.599999999555
2026-02-08 03:15:00,0,0.0,0.0,69341.45,69257.6,83.84999999999127,13344.449999999546
2026-02-08 03:30:00,1,0.0,1.0,69257.6,69099.99,-157.61000000000058,13186.839999999545
2026-02-08 03:45:00,1,0.0,0.0,69099.99,69065.74,-34.25,13152.589999999545
2026-02-08 04:00:00,1,1.0,1.0,69065.74,69234.59,168.84999999999127,13321.439999999537
2026-02-08 04:15:00,1,1.0,0.0,69234.59,69236.0,1.4100000000034925,13322.84999999954
2026-02-08 04:30:00,0,1.0,0.0,69236.0,69340.16,-104.16000000000349,13218.689999999537
2026-02-08 04:45:00,0,1.0,0.0,69340.16,69381.57,-41.41000000000349,13177.279999999533
2026-02-08 05:00:00,0,0.0,0.0,69381.57,69276.44,105.13000000000466,13282.409999999538
2026-02-08 05:15:00,1,0.0,0.0,69276.44,69191.08,-85.36000000000058,13197.049999999537
2026-02-08 05:30:00,1,1.0,0.0,69191.08,69220.52,29.44000000000233,13226.48999999954
2026-02-08 05:45:00,0,1.0,1.0,69220.52,69344.71,-124.19000000000233,13102.299999999537
2026-02-08 06:00:00,0,1.0,0.0,69344.71,69372.08,-27.369999999995343,13074.929999999542
2026-02-08 06:15:00,0,0.0,0.0,69372.08,69326.03,46.05000000000291,13120.979999999545
2026-02-08 06:30:00,1,1.0,0.0,69326.03,69361.18,35.14999999999418,13156.129999999539
2026-02-08 06:45:00,0,1.0,0.0,69361.18,69389.48,-28.30000000000291,13127.829999999536
2026-02-08 07:00:00,0,1.0,0.0,69389.48,69473.66,-84.18000000000757,13043.649999999529
2026-02-08 07:15:00,0,1.0,0.0,69473.66,69512.13,-38.470000000001164,13005.179999999527
2026-02-08 07:30:00,0,1.0,1.0,69512.13,69710.69,-198.55999999999767,12806.61999999953
2026-02-08 07:45:00,0,0.0,0.0,69710.69,69622.0,88.69000000000233,12895.309999999532
2026-02-08 08:00:00,1,1.0,1.0,69622.0,70212.08,590.0800000000017,13485.389999999534
2026-02-08 08:15:00,0,1.0,1.0,70212.08,70366.14,-154.05999999999767,13331.329999999536
2026-02-08 08:30:00,0,1.0,1.0,70366.14,70665.59,-299.4499999999971,13031.879999999539
2026-02-08 08:45:00,0,0.0,1.0,70665.59,70403.39,262.1999999999971,13294.079999999536
2026-02-08 09:00:00,0,1.0,0.0,70403.39,70453.59,-50.19999999999709,13243.879999999539
2026-02-08 09:15:00,0,0.0,1.0,70453.59,70131.27,322.31999999999243,13566.199999999531
2026-02-08 09:30:00,1,0.0,0.0,70131.27,70107.19,-24.080000000001746,13542.11999999953
2026-02-08 09:45:00,1,1.0,1.0,70107.19,70325.64,218.4499999999971,13760.569999999527
2026-02-08 10:00:00,0,0.0,1.0,70325.64,70046.13,279.50999999999476,14040.079999999522
2026-02-08 10:15:00,1,1.0,1.0,70046.13,70234.67,188.5399999999936,14228.619999999515
2026-02-08 10:30:00,0,1.0,0.0,70234.67,70266.41,-31.74000000000524,14196.87999999951
2026-02-08 10:45:00,0,1.0,1.0,70266.41,70634.25,-367.8399999999965,13829.039999999513
2026-02-08 11:00:00,0,1.0,0.0,70634.25,70704.0,-69.75,13759.289999999513
2026-02-08 11:15:00,0,1.0,1.0,70704.0,70899.92,-195.91999999999825,13563.369999999515
2026-02-08 11:30:00,0,1.0,0.0,70899.92,70999.98,-100.05999999999767,13463.309999999517
2026-02-08 11:45:00,0,0.0,1.0,70999.98,70873.94,126.0399999999936,13589.349999999511
2026-02-08 12:00:00,0,1.0,0.0,70873.94,70959.88,-85.94000000000233,13503.409999999509
2026-02-08 12:15:00,0,0.0,1.0,70959.88,70756.72,203.1600000000035,13706.569999999512
2026-02-08 12:30:00,0,1.0,1.0,70756.72,71249.95,-493.2299999999959,13213.339999999516
2026-02-08 12:45:00,0,0.0,1.0,71249.95,71116.0,133.9499999999971,13347.289999999513
2026-02-08 13:00:00,0,1.0,1.0,71116.0,71454.66,-338.6600000000035,13008.62999999951
2026-02-08 13:15:00,0,0.0,1.0,71454.66,71222.01,232.65000000000873,13241.279999999519
2026-02-08 13:30:00,0,1.0,1.0,71222.01,71514.77,-292.7600000000093,12948.51999999951
2026-02-08 13:45:00,0,0.0,1.0,71514.77,71386.35,128.41999999999825,13076.939999999508
2026-02-08 14:00:00,0,0.0,1.0,71386.35,71242.85,143.5,13220.439999999508
2026-02-08 14:15:00,1,0.0,0.0,71242.85,71142.66,-100.19000000000233,13120.249999999505
2026-02-08 14:30:00,1,1.0,1.0,71142.66,71262.19,119.52999999999884,13239.779999999504
2026-02-08 14:45:00,0,1.0,0.0,71262.19,71359.35,-97.16000000000349,13142.6199999995
2026-02-08 15:00:00,0,0.0,1.0,71359.35,70906.3,453.0500000000029,13595.669999999503
2026-02-08 15:15:00,0,1.0,1.0,70906.3,71138.01,-231.70999999999185,13363.959999999512
2026-02-08 15:30:00,0,1.0,0.0,71138.01,71188.99,-50.98000000001048,13312.979999999501
2026-02-08 15:45:00,0,0.0,1.0,71188.99,70990.92,198.07000000000698,13511.049999999508
2026-02-08 16:00:00,1,1.0,1.0,70990.92,71150.74,159.82000000000698,13670.869999999515
2026-02-08 16:15:00,0,0.0,1.0,71150.74,70784.36,366.38000000000466,14037.24999999952
2026-02-08 16:30:00,1,0.0,1.0,70784.36,70416.0,-368.3600000000006,13668.88999999952
2026-02-08 16:45:00,1,1.0,1.0,70416.0,70584.95,168.9499999999971,13837.839999999516
2026-02-08 17:00:00,0,0.0,0.0,70584.95,70560.33,24.619999999995343,13862.459999999512
2026-02-08 17:15:00,1,1.0,1.0,70560.33,70813.0,252.66999999999825,14115.12999999951
2026-02-08 17:30:00,0,0.0,0.0,70813.0,70785.99,27.00999999999476,14142.139999999505
2026-02-08 17:45:00,0,1.0,1.0,70785.99,70905.49,-119.5,14022.639999999505
2026-02-08 18:00:00,0,1.0,0.0,70905.49,70984.41,-78.91999999999825,13943.719999999506
2026-02-08 18:15:00,0,1.0,1.0,70984.41,71307.98,-323.56999999999243,13620.149999999514
2026-02-08 18:30:00,0,0.0,1.0,71307.98,71147.25,160.72999999999593,13780.87999999951
2026-02-08 18:45:00,0,1.0,1.0,71147.25,71294.63,-147.38000000000466,13633.499999999505
2026-02-08 19:00:00,0,0.0,0.0,71294.63,71201.49,93.13999999999942,13726.639999999505
2026-02-08 19:15:00,0,1.0,1.0,71201.49,71304.68,-103.18999999998778,13623.449999999517
2026-02-08 19:30:00,0,1.0,1.0,71304.68,71422.97,-118.29000000000815,13505.159999999509
2026-02-08 19:45:00,0,0.0,1.0,71422.97,71081.85,341.11999999999534,13846.279999999504
2026-02-08 20:00:00,0,0.0,0.0,71081.85,71025.69,56.16000000000349,13902.439999999508
2026-02-08 20:15:00,1,1.0,0.0,71025.69,71088.91,63.220000000001164,13965.659999999509
2026-02-08 20:30:00,0,0.0,1.0,71088.91,70835.17,253.74000000000524,14219.399999999514
2026-02-08 20:45:00,1,1.0,1.0,70835.17,71012.15,176.97999999999593,14396.37999999951
2026-02-08 21:00:00,0,0.0,0.0,71012.15,70972.39,39.75999999999476,14436.139999999505
2026-02-08 21:15:00,0,0.0,1.0,70972.39,70766.79,205.60000000000582,14641.73999999951
2026-02-08 21:30:00,1,0.0,0.0,70766.79,70700.0,-66.7899999999936,14574.949999999517
2026-02-08 21:45:00,1,1.0,1.0,70700.0,70835.63,135.63000000000466,14710.579999999522
2026-02-08 22:00:00,0,1.0,0.0,70835.63,70851.43,-15.799999999988358,14694.779999999533
2026-02-08 22:15:00,0,1.0,0.0,70851.43,70911.63,-60.20000000001164,14634.579999999522
2026-02-08 22:30:00,0,1.0,1.0,70911.63,71066.09,-154.45999999999185,14480.11999999953
2026-02-08 22:45:00,0,1.0,1.0,71066.09,71366.0,-299.9100000000035,14180.209999999526
2026-02-08 23:00:00,0,0.0,1.0,71366.0,70514.0,852.0,15032.209999999526
2026-02-08 23:15:00,0,0.0,0.0,70514.0,70469.73,44.270000000004075,15076.47999999953
2026-02-08 23:30:00,1,0.0,1.0,70469.73,70330.38,-139.34999999999127,14937.129999999539
2026-02-08 23:45:00,1,1.0,1.0,70330.38,70609.99,279.6100000000006,15216.73999999954
2026-02-09 00:00:00,0,0.0,1.0,70609.99,70479.39,130.60000000000582,15347.339999999545
2026-02-09 00:15:00,1,0.0,1.0,70479.39,70278.68,-200.7100000000064,15146.629999999539
2026-02-09 00:30:00,1,1.0,1.0,70278.68,70502.38,223.70000000001164,15370.32999999955
2026-02-09 00:45:00,0,0.0,1.0,70502.38,70413.99,88.38999999999942,15458.71999999955
2026-02-09 01:00:00,1,1.0,1.0,70413.99,70715.97,301.9799999999959,15760.699999999546
2026-02-09 01:15:00,0,0.0,1.0,70715.97,70250.01,465.9600000000064,16226.659999999552
2026-02-09 01:30:00,1,1.0,1.0,70250.01,70369.53,119.52000000000407,16346.179999999556
2026-02-09 01:45:00,0,0.0,0.0,70369.53,70342.54,26.99000000000524,16373.169999999562
2026-02-09 02:00:00,0,1.0,1.0,70342.54,70460.0,-117.4600000000064,16255.709999999555
2026-02-09 02:15:00,0,1.0,1.0,70460.0,70875.06,-415.0599999999977,15840.649999999558
2026-02-09 02:30:00,0,0.0,1.0,70875.06,70629.99,245.06999999999243,16085.71999999955
2026-02-09 02:45:00,0,1.0,1.0,70629.99,70761.16,-131.16999999999825,15954.549999999552
2026-02-09 03:00:00,0,1.0,0.0,70761.16,70821.4,-60.23999999999069,15894.309999999561
2026-02-09 03:15:00,0,1.0,1.0,70821.4,71134.96,-313.5600000000122,15580.749999999549
2026-02-09 03:30:00,0,1.0,1.0,71134.96,71307.56,-172.59999999999127,15408.149999999558
2026-02-09 03:45:00,0,0.0,1.0,71307.56,71035.55,272.00999999999476,15680.159999999552
2026-02-09 04:00:00,0,1.0,1.0,71035.55,71251.26,-215.70999999999185,15464.44999999956
2026-02-09 04:15:00,0,0.0,1.0,71251.26,71038.61,212.64999999999418,15677.099999999555
2026-02-09 04:30:00,0,0.0,0.0,71038.61,71005.01,33.60000000000582,15710.69999999956
2026-02-09 04:45:00,0,0.0,1.0,71005.01,70823.5,181.50999999999476,15892.209999999555
2026-02-09 05:00:00,0,1.0,1.0,70823.5,71024.0,-200.5,15691.709999999555
2026-02-09 05:15:00,0,0.0,0.0,71024.0,70975.24,48.75999999999476,15740.46999999955
2026-02-09 05:30:00,0,1.0,1.0,70975.24,71044.51,-69.26999999998952,15671.19999999956
2026-02-09 05:45:00,0,0.0,1.0,71044.51,70895.87,148.63999999999942,15819.83999999956
2026-02-09 06:00:00,0,0.0,1.0,70895.87,70420.35,475.5199999999895,16295.35999999955
2026-02-09 06:15:00,1,1.0,1.0,70420.35,70550.84,130.4899999999907,16425.84999999954
2026-02-09 06:30:00,0,1.0,1.0,70550.84,70667.95,-117.11000000000058,16308.73999999954
2026-02-09 06:45:00,0,1.0,1.0,70667.95,70796.84,-128.88999999999942,16179.84999999954
2026-02-09 07:00:00,0,0.0,1.0,70796.84,70722.16,74.67999999999302,16254.529999999533
2026-02-09 07:15:00,0,0.0,1.0,70722.16,70432.07,290.0899999999965,16544.61999999953
2026-02-09 07:30:00,1,0.0,0.0,70432.07,70422.59,-9.480000000010477,16535.13999999952
2026-02-09 07:45:00,1,1.0,1.0,70422.59,70532.47,109.88000000000466,16645.019999999524
2026-02-09 08:00:00,0,0.0,1.0,70532.47,70087.2,445.2700000000041,17090.289999999528
2026-02-09 08:15:00,1,0.0,1.0,70087.2,69807.99,-279.20999999999185,16811.079999999536
2026-02-09 08:30:00,1,1.0,1.0,69807.99,69873.99,66.0,16877.079999999536
2026-02-09 08:45:00,0,0.0,0.0,69873.99,69866.85,7.139999999999418,16884.219999999536
2026-02-09 09:00:00,1,1.0,0.0,69866.85,69895.38,28.529999999998836,16912.749999999534
2026-02-09 09:15:00,1,0.0,1.0,69895.38,69691.7,-203.68000000000757,16709.069999999527
2026-02-09 09:30:00,1,0.0,0.0,69691.7,69630.35,-61.34999999999127,16647.719999999536
2026-02-09 09:45:00,1,0.0,1.0,69630.35,69540.01,-90.34000000001106,16557.379999999524
2026-02-09 10:00:00,1,0.0,1.0,69540.01,69038.84,-501.16999999999825,16056.209999999526
2026-02-09 10:15:00,1,0.0,1.0,69038.84,68622.43,-416.4100000000035,15639.799999999523
2026-02-09 10:30:00,1,1.0,1.0,68622.43,68727.88,105.45000000001164,15745.249999999534
2026-02-09 10:45:00,1,0.0,1.0,68727.88,68614.44,-113.44000000000233,15631.809999999532
2026-02-09 11:00:00,1,1.0,1.0,68614.44,68866.09,251.64999999999418,15883.459999999526
2026-02-09 11:15:00,1,1.0,0.0,68866.09,68914.94,48.85000000000582,15932.309999999532
2026-02-09 11:30:00,0,1.0,0.0,68914.94,68928.72,-13.779999999998836,15918.529999999533
2026-02-09 11:45:00,0,1.0,1.0,68928.72,69182.59,-253.86999999999534,15664.659999999538
2026-02-09 12:00:00,0,0.0,1.0,69182.59,69042.5,140.0899999999965,15804.749999999534
2026-02-09 12:15:00,1,1.0,1.0,69042.5,69151.5,109.0,15913.749999999534
2026-02-09 12:30:00,0,0.0,0.0,69151.5,69147.01,4.490000000005239,15918.23999999954
2026-02-09 12:45:00,0,1.0,1.0,69147.01,69250.6,-103.59000000001106,15814.649999999529
2026-02-09 13:00:00,0,1.0,0.0,69250.6,69270.0,-19.39999999999418,15795.249999999534
2026-02-09 13:15:00,0,0.0,1.0,69270.0,69074.59,195.4100000000035,15990.659999999538
2026-02-09 13:30:00,1,0.0,1.0,69074.59,68594.57,-480.0199999999895,15510.639999999548
2026-02-09 13:45:00,1,1.0,0.0,68594.57,68608.87,14.299999999988358,15524.939999999537
2026-02-09 14:00:00,1,1.0,1.0,68608.87,68994.7,385.83000000000175,15910.769999999538
2026-02-09 14:15:00,0,1.0,1.0,68994.7,69176.47,-181.77000000000407,15728.999999999534
2026-02-09 14:30:00,0,1.0,1.0,69176.47,69272.0,-95.52999999999884,15633.469999999536
2026-02-09 14:45:00,0,1.0,1.0,69272.0,69483.18,-211.17999999999302,15422.289999999542
2026-02-09 15:00:00,0,0.0,1.0,69483.18,68921.04,562.1399999999994,15984.429999999542
2026-02-09 15:15:00,0,1.0,1.0,68921.04,69542.29,-621.25,15363.179999999542
2026-02-09 15:30:00,0,1.0,0.0,69542.29,69563.37,-21.080000000001746,15342.09999999954
2026-02-09 15:45:00,0,0.0,1.0,69563.37,69205.01,358.3600000000006,15700.45999999954
2026-02-09 16:00:00,1,1.0,1.0,69205.01,69604.0,398.99000000000524,16099.449999999546
2026-02-09 16:15:00,0,1.0,1.0,69604.0,69942.02,-338.0200000000041,15761.429999999542
2026-02-09 16:30:00,0,1.0,1.0,69942.02,70093.01,-150.9899999999907,15610.439999999551
2026-02-09 16:45:00,0,0.0,1.0,70093.01,69926.39,166.61999999999534,15777.059999999547
2026-02-09 17:00:00,0,1.0,1.0,69926.39,70049.31,-122.91999999999825,15654.139999999548
2026-02-09 17:15:00,0,1.0,1.0,70049.31,70853.59,-804.2799999999988,14849.85999999955
2026-02-09 17:30:00,0,0.0,1.0,70853.59,70612.29,241.3000000000029,15091.159999999552
2026-02-09 17:45:00,0,0.0,1.0,70612.29,70540.86,71.42999999999302,15162.589999999545
2026-02-09 18:00:00,0,0.0,1.0,70540.86,70284.03,256.83000000000175,15419.419999999547
2026-02-09 18:15:00,0,1.0,1.0,70284.03,70437.75,-153.72000000000116,15265.699999999546
2026-02-09 18:30:00,0,0.0,0.0,70437.75,70418.68,19.070000000006985,15284.769999999553
2026-02-09 18:45:00,0,1.0,1.0,70418.68,70484.79,-66.11000000000058,15218.659999999552
2026-02-09 19:00:00,0,1.0,1.0,70484.79,70676.47,-191.68000000000757,15026.979999999545
2026-02-09 19:15:00,0,1.0,1.0,70676.47,70928.68,-252.20999999999185,14774.769999999553
2026-02-09 19:30:00,0,1.0,0.0,70928.68,70957.01,-28.330000000001746,14746.439999999551
2026-02-09 19:45:00,0,1.0,0.0,70957.01,70987.99,-30.980000000010477,14715.45999999954
2026-02-09 20:00:00,0,0.0,1.0,70987.99,70550.15,437.84000000001106,15153.299999999552
2026-02-09 20:15:00,0,1.0,1.0,70550.15,70832.0,-281.8500000000058,14871.449999999546
2026-02-09 20:30:00,0,0.0,1.0,70832.0,70738.71,93.2899999999936,14964.73999999954
2026-02-09 20:45:00,0,0.0,1.0,70738.71,70412.02,326.6900000000023,15291.429999999542
2026-02-09 21:00:00,1,0.0,1.0,70412.02,70318.51,-93.51000000000931,15197.919999999533
2026-02-09 21:15:00,1,0.0,1.0,70318.51,70011.42,-307.0899999999965,14890.829999999536
2026-02-09 21:30:00,1,1.0,1.0,70011.42,70400.0,388.58000000000175,15279.409999999538
2026-02-09 21:45:00,0,1.0,1.0,70400.0,70645.28,-245.27999999999884,15034.129999999539
2026-02-09 22:00:00,0,0.0,1.0,70645.28,70442.52,202.75999999999476,15236.889999999534
2026-02-09 22:15:00,0,1.0,1.0,70442.52,70513.55,-71.02999999999884,15165.859999999535
2026-02-09 22:30:00,0,0.0,1.0,70513.55,70372.96,140.5899999999965,15306.449999999531
2026-02-09 22:45:00,0,1.0,1.0,70372.96,70442.67,-69.70999999999185,15236.73999999954
2026-02-09 23:00:00,0,0.0,1.0,70442.67,70287.55,155.11999999999534,15391.859999999535
2026-02-09 23:15:00,0,1.0,1.0,70287.55,70391.49,-103.94000000000233,15287.919999999533
2026-02-09 23:30:00,0,0.0,1.0,70391.49,70138.0,253.49000000000524,15541.409999999538
2026-02-09 23:45:00,1,1.0,0.0,70138.0,70184.8,46.80000000000291,15588.20999999954
2026-02-10 00:00:00,0,0.0,1.0,70184.8,69987.99,196.80999999999767,15785.019999999538
2026-02-10 00:15:00,1,0.0,1.0,69987.99,69784.23,-203.7600000000093,15581.25999999953
2026-02-10 00:30:00,1,1.0,0.0,69784.23,69827.33,43.10000000000582,15624.359999999535
2026-02-10 00:45:00,0,1.0,1.0,69827.33,70115.99,-288.6600000000035,15335.699999999531
2026-02-10 01:00:00,0,1.0,1.0,70115.99,70366.01,-250.01999999998952,15085.679999999542
2026-02-10 01:15:00,0,1.0,1.0,70366.01,70465.6,-99.59000000001106,14986.08999999953
2026-02-10 01:30:00,0,1.0,0.0,70465.6,70486.82,-21.220000000001164,14964.86999999953
2026-02-10 01:45:00,0,0.0,1.0,70486.82,70355.14,131.68000000000757,15096.549999999537
2026-02-10 02:00:00,0,0.0,1.0,70355.14,70248.51,106.63000000000466,15203.179999999542
2026-02-10 02:15:00,0,0.0,1.0,70248.51,70051.69,196.81999999999243,15399.999999999534
2026-02-10 02:30:00,1,1.0,0.0,70051.69,70102.89,51.19999999999709,15451.199999999531
2026-02-10 02:45:00,0,0.0,1.0,70102.89,69844.0,258.8899999999994,15710.08999999953
2026-02-10 03:00:00,1,0.0,1.0,69844.0,69543.94,-300.0599999999977,15410.029999999533
2026-02-10 03:15:00,1,0.0,1.0,69543.94,69378.34,-165.60000000000582,15244.429999999527
2026-02-10 03:30:00,1,1.0,1.0,69378.34,69511.83,133.49000000000524,15377.919999999533
2026-02-10 03:45:00,0,1.0,1.0,69511.83,69792.98,-281.1499999999942,15096.769999999538
2026-02-10 04:00:00,0,1.0,0.0,69792.98,69823.66,-30.680000000007567,15066.08999999953
2026-02-10 04:15:00,0,0.0,1.0,69823.66,69696.9,126.76000000000931,15192.84999999954
2026-02-10 04:30:00,0,1.0,1.0,69696.9,69831.62,-134.72000000000116,15058.129999999539
2026-02-10 04:45:00,0,0.0,0.0,69831.62,69807.35,24.269999999989523,15082.399999999529
2026-02-10 05:00:00,0,0.0,1.0,69807.35,69526.8,280.5500000000029,15362.949999999531
2026-02-10 05:15:00,1,0.0,1.0,69526.8,69366.68,-160.1200000000099,15202.829999999522
2026-02-10 05:30:00,1,1.0,1.0,69366.68,69447.64,80.9600000000064,15283.789999999528
2026-02-10 05:45:00,0,0.0,1.0,69447.64,69340.46,107.17999999999302,15390.969999999521
2026-02-10 06:00:00,1,0.0,1.0,69340.46,69209.14,-131.32000000000698,15259.649999999514
2026-02-10 06:15:00,1,0.0,1.0,69209.14,69031.1,-178.0399999999936,15081.60999999952
2026-02-10 06:30:00,1,0.0,1.0,69031.1,68921.35,-109.75,14971.85999999952
2026-02-10 06:45:00,1,1.0,1.0,68921.35,69119.69,198.3399999999965,15170.199999999517
2026-02-10 07:00:00,0,0.0,0.0,69119.69,69091.99,27.69999999999709,15197.899999999514
2026-02-10 07:15:00,1,0.0,1.0,69091.99,68958.0,-133.99000000000524,15063.909999999509
2026-02-10 07:30:00,1,0.0,0.0,68958.0,68919.66,-38.33999999999651,15025.569999999512
2026-02-10 07:45:00,1,0.0,1.0,68919.66,68838.0,-81.66000000000349,14943.909999999509
2026-02-10 08:00:00,1,1.0,1.0,68838.0,69034.96,196.9600000000064,15140.869999999515
2026-02-10 08:15:00,0,1.0,0.0,69034.96,69071.19,-36.229999999995925,15104.63999999952
2026-02-10 08:30:00,0,1.0,1.0,69071.19,69142.0,-70.80999999999767,15033.829999999522
2026-02-10 08:45:00,0,1.0,1.0,69142.0,69263.6,-121.60000000000582,14912.229999999516
2026-02-10 09:00:00,0,1.0,0.0,69263.6,69280.54,-16.939999999987776,14895.289999999528
2026-02-10 09:15:00,0,0.0,1.0,69280.54,69204.2,76.33999999999651,14971.629999999524
2026-02-10 09:30:00,0,0.0,0.0,69204.2,69151.5,52.69999999999709,15024.329999999522
2026-02-10 09:45:00,1,0.0,0.0,69151.5,69149.92,-1.5800000000017462,15022.74999999952
2026-02-10 10:00:00,1,1.0,0.0,69149.92,69176.09,26.169999999998254,15048.919999999518
2026-02-10 10:15:00,0,0.0,1.0,69176.09,68997.79,178.3000000000029,15227.219999999521
2026-02-10 10:30:00,1,0.0,1.0,68997.79,68921.68,-76.11000000000058,15151.10999999952
2026-02-10 10:45:00,1,0.0,0.0,68921.68,68904.68,-17.0,15134.10999999952
2026-02-10 11:00:00,1,1.0,0.0,68904.68,68931.12,26.44000000000233,15160.549999999523
2026-02-10 11:15:00,1,0.0,1.0,68931.12,68666.41,-264.70999999999185,14895.83999999953
2026-02-10 11:30:00,1,0.0,1.0,68666.41,68535.01,-131.40000000000873,14764.439999999522
2026-02-10 11:45:00,1,1.0,1.0,68535.01,68636.48,101.47000000000116,14865.909999999523
2026-02-10 12:00:00,1,1.0,1.0,68636.48,68761.34,124.86000000000058,14990.769999999524
2026-02-10 12:15:00,0,0.0,1.0,68761.34,68569.8,191.5399999999936,15182.309999999517
2026-02-10 12:30:00,1,1.0,0.0,68569.8,68610.12,40.31999999999243,15222.62999999951
2026-02-10 12:45:00,0,0.0,0.0,68610.12,68587.96,22.15999999998894,15244.789999999499
2026-02-10 13:00:00,1,1.0,1.0,68587.96,68734.86,146.89999999999418,15391.689999999493
2026-02-10 13:15:00,0,1.0,1.0,68734.86,69029.99,-295.13000000000466,15096.559999999488
2026-02-10 13:30:00,0,0.0,0.0,69029.99,69027.95,2.040000000008149,15098.599999999497
2026-02-10 13:45:00,0,1.0,1.0,69027.95,69133.82,-105.8700000000099,14992.729999999487
2026-02-10 14:00:00,0,1.0,1.0,69133.82,69225.14,-91.31999999999243,14901.409999999494
2026-02-10 14:15:00,0,0.0,1.0,69225.14,68229.65,995.4900000000052,15896.8999999995
2026-02-10 14:30:00,0,1.0,1.0,68229.65,68460.4,-230.75,15666.1499999995
2026-02-10 14:45:00,0,1.0,1.0,68460.4,68656.0,-195.60000000000582,15470.549999999494
2026-02-10 15:00:00,0,1.0,1.0,68656.0,69224.17,-568.1699999999983,14902.379999999495
2026-02-10 15:15:00,0,1.0,1.0,69224.17,69286.4,-62.229999999995925,14840.1499999995
2026-02-10 15:30:00,0,1.0,0.0,69286.4,69293.37,-6.970000000001164,14833.179999999498
2026-02-10 15:45:00,0,1.0,1.0,69293.37,69679.8,-386.43000000000757,14446.74999999949
2026-02-10 16:00:00,0,0.0,1.0,69679.8,69425.24,254.55999999999767,14701.309999999488
2026-02-10 16:15:00,0,1.0,1.0,69425.24,69487.98,-62.73999999999069,14638.569999999498
2026-02-10 16:30:00,0,1.0,0.0,69487.98,69517.71,-29.730000000010477,14608.839999999487
2026-02-10 16:45:00,0,0.0,1.0,69517.71,69393.67,124.04000000000815,14732.879999999495
2026-02-10 17:00:00,0,1.0,1.0,69393.67,69671.23,-277.5599999999977,14455.319999999498
2026-02-10 17:15:00,0,1.0,1.0,69671.23,69882.28,-211.0500000000029,14244.269999999495
2026-02-10 17:30:00,0,1.0,0.0,69882.28,69925.31,-43.029999999998836,14201.239999999496
2026-02-10 17:45:00,0,0.0,1.0,69925.31,69584.7,340.6100000000006,14541.849999999497
2026-02-10 18:00:00,1,0.0,1.0,69584.7,68903.74,-680.9599999999919,13860.889999999505
2026-02-10 18:15:00,1,1.0,1.0,68903.74,68993.86,90.11999999999534,13951.0099999995
2026-02-10 18:30:00,0,0.0,1.0,68993.86,68894.36,99.5,14050.5099999995
2026-02-10 18:45:00,1,1.0,0.0,68894.36,68909.66,15.30000000000291,14065.809999999503
2026-02-10 19:00:00,1,1.0,0.0,68909.66,68932.0,22.339999999996508,14088.1499999995
2026-02-10 19:15:00,1,1.0,1.0,68932.0,69205.05,273.0500000000029,14361.199999999502
2026-02-10 19:30:00,0,0.0,1.0,69205.05,69062.01,143.04000000000815,14504.23999999951
2026-02-10 19:45:00,1,0.0,1.0,69062.01,68760.85,-301.15999999998894,14203.079999999522
2026-02-10 20:00:00,1,1.0,0.0,68760.85,68812.75,51.89999999999418,14254.979999999516
2026-02-10 20:15:00,1,1.0,1.0,68812.75,68901.61,88.86000000000058,14343.839999999516
2026-02-10 20:30:00,0,0.0,1.0,68901.61,68753.7,147.9100000000035,14491.74999999952
2026-02-10 20:45:00,1,1.0,1.0,68753.7,68830.97,77.27000000000407,14569.019999999524
2026-02-10 21:00:00,0,0.0,1.0,68830.97,68652.27,178.6999999999971,14747.719999999521
2026-02-10 21:15:00,1,0.0,1.0,68652.27,68462.55,-189.72000000000116,14557.99999999952
2026-02-10 21:30:00,1,1.0,1.0,68462.55,68656.21,193.6600000000035,14751.659999999523
2026-02-10 21:45:00,0,0.0,0.0,68656.21,68612.69,43.520000000004075,14795.179999999527
2026-02-10 22:00:00,1,1.0,1.0,68612.69,68686.95,74.25999999999476,14869.439999999522
2026-02-10 22:15:00,1,0.0,0.0,68686.95,68665.71,-21.239999999990687,14848.199999999531
2026-02-10 22:30:00,1,1.0,0.0,68665.71,68707.18,41.46999999998661,14889.669999999518
2026-02-10 22:45:00,1,1.0,0.0,68707.18,68717.98,10.80000000000291,14900.469999999521
2026-02-10 23:00:00,0,0.0,1.0,68717.98,68663.25,54.729999999995925,14955.199999999517
2026-02-10 23:15:00,1,1.0,1.0,68663.25,68785.35,122.10000000000582,15077.299999999523
2026-02-10 23:30:00,0,1.0,1.0,68785.35,68841.29,-55.939999999987776,15021.359999999535
2026-02-10 23:45:00,0,0.0,0.0,68841.29,68801.85,39.439999999987776,15060.799999999523
2026-02-11 00:00:00,1,1.0,1.0,68801.85,69186.76,384.90999999998894,15445.709999999512
2026-02-11 00:15:00,0,0.0,1.0,69186.76,69068.81,117.94999999999709,15563.659999999509
2026-02-11 00:30:00,0,1.0,1.0,69068.81,69201.14,-132.33000000000175,15431.329999999507
2026-02-11 00:45:00,0,1.0,0.0,69201.14,69229.38,-28.24000000000524,15403.089999999502
2026-02-11 01:00:00,0,0.0,1.0,69229.38,68959.72,269.6600000000035,15672.749999999505
2026-02-11 01:15:00,0,1.0,1.0,68959.72,69073.8,-114.08000000000175,15558.669999999503
2026-02-11 01:30:00,0,0.0,1.0,69073.8,68982.0,91.80000000000291,15650.469999999506
2026-02-11 01:45:00,1,0.0,0.0,68982.0,68941.41,-40.58999999999651,15609.87999999951
2026-02-11 02:00:00,1,1.0,1.0,68941.41,69057.2,115.7899999999936,15725.669999999503
2026-02-11 02:15:00,0,0.0,1.0,69057.2,68869.82,187.3799999999901,15913.049999999494
2026-02-11 02:30:00,1,0.0,1.0,68869.82,68677.33,-192.49000000000524,15720.559999999488
2026-02-11 02:45:00,1,0.0,1.0,68677.33,68525.94,-151.38999999999942,15569.169999999489
2026-02-11 03:00:00,1,0.0,1.0,68525.94,68288.19,-237.75,15331.419999999489
2026-02-11 03:15:00,1,1.0,1.0,68288.19,68427.63,139.44000000000233,15470.859999999491
2026-02-11 03:30:00,1,0.0,1.0,68427.63,68187.99,-239.63999999999942,15231.219999999492
2026-02-11 03:45:00,1,0.0,1.0,68187.99,68034.0,-153.99000000000524,15077.229999999487
2026-02-11 04:00:00,1,0.0,1.0,68034.0,67576.63,-457.36999999999534,14619.859999999491
2026-02-11 04:15:00,1,0.0,1.0,67576.63,67516.13,-60.5,14559.359999999491
2026-02-11 04:30:00,1,1.0,1.0,67516.13,67584.46,68.33000000000175,14627.689999999493
2026-02-11 04:45:00,1,1.0,1.0,67584.46,67717.8,133.3399999999965,14761.02999999949
2026-02-11 05:00:00,1,0.0,1.0,67717.8,67587.43,-130.3700000000099,14630.65999999948
2026-02-11 05:15:00,1,0.0,1.0,67587.43,67440.35,-147.0799999999872,14483.579999999492
2026-02-11 05:30:00,1,0.0,0.0,67440.35,67404.28,-36.070000000006985,14447.509999999485
2026-02-11 05:45:00,1,0.0,1.0,67404.28,66916.36,-487.91999999999825,13959.589999999487
2026-02-11 06:00:00,1,1.0,1.0,66916.36,67120.96,204.60000000000582,14164.189999999493
2026-02-11 06:15:00,1,0.0,1.0,67120.96,66856.01,-264.95000000001164,13899.239999999481
2026-02-11 06:30:00,1,0.0,0.0,66856.01,66820.32,-35.689999999987776,13863.549999999494
2026-02-11 06:45:00,1,0.0,1.0,66820.32,66748.13,-72.19000000000233,13791.359999999491
2026-02-11 07:00:00,1,1.0,1.0,66748.13,67005.98,257.84999999999127,14049.209999999483
2026-02-11 07:15:00,1,1.0,1.0,67005.98,67168.14,162.1600000000035,14211.369999999486
2026-02-11 07:30:00,0,0.0,1.0,67168.14,67032.72,135.41999999999825,14346.789999999484
2026-02-11 07:45:00,1,0.0,1.0,67032.72,66908.09,-124.63000000000466,14222.15999999948
2026-02-11 08:00:00,1,1.0,0.0,66908.09,66926.17,18.080000000001746,14240.239999999481
2026-02-11 08:15:00,1,1.0,1.0,66926.17,67032.6,106.43000000000757,14346.669999999489
2026-02-11 08:30:00,0,0.0,0.0,67032.6,66981.07,51.529999999998836,14398.199999999488
2026-02-11 08:45:00,1,0.0,1.0,66981.07,66923.72,-57.35000000000582,14340.849999999482
2026-02-11 09:00:00,1,1.0,1.0,66923.72,66978.43,54.70999999999185,14395.559999999474
2026-02-11 09:15:00,1,0.0,1.0,66978.43,66849.58,-128.84999999999127,14266.709999999483
2026-02-11 09:30:00,1,1.0,0.0,66849.58,66872.03,22.44999999999709,14289.15999999948
2026-02-11 09:45:00,1,0.0,1.0,66872.03,66748.76,-123.27000000000407,14165.889999999476
2026-02-11 10:00:00,1,1.0,1.0,66748.76,66865.55,116.79000000000815,14282.679999999484
2026-02-11 10:15:00,1,0.0,1.0,66865.55,66732.73,-132.82000000000698,14149.859999999477
2026-02-11 10:30:00,1,0.0,1.0,66732.73,66531.99,-200.7399999999907,13949.119999999486
2026-02-11 10:45:00,1,1.0,1.0,66531.99,66666.67,134.67999999999302,14083.799999999479
2026-02-11 11:00:00,1,1.0,1.0,66666.67,66993.06,326.3899999999994,14410.189999999478
2026-02-11 11:15:00,0,0.0,1.0,66993.06,66926.9,66.16000000000349,14476.349999999482
2026-02-11 11:30:00,1,1.0,1.0,66926.9,67053.03,126.13000000000466,14602.479999999487
2026-02-11 11:45:00,1,1.0,0.0,67053.03,67094.16,41.13000000000466,14643.609999999491
2026-02-11 12:00:00,0,1.0,1.0,67094.16,67220.85,-126.69000000000233,14516.919999999489
2026-02-11 12:15:00,0,0.0,1.0,67220.85,67082.74,138.11000000000058,14655.02999999949
2026-02-11 12:30:00,1,1.0,0.0,67082.74,67133.5,50.75999999999476,14705.789999999484
2026-02-11 12:45:00,0,0.0,1.0,67133.5,66925.14,208.36000000000058,14914.149999999485
2026-02-11 13:00:00,1,1.0,1.0,66925.14,67018.77,93.63000000000466,15007.77999999949
2026-02-11 13:15:00,1,1.0,1.0,67018.77,67222.51,203.7399999999907,15211.51999999948
2026-02-11 13:30:00,0,1.0,1.0,67222.51,67454.49,-231.98000000001048,14979.53999999947
2026-02-11 13:45:00,0,1.0,1.0,67454.49,68458.52,-1004.0299999999988,13975.50999999947
2026-02-11 14:00:00,0,0.0,1.0,68458.52,68000.0,458.5200000000041,14434.029999999475
2026-02-11 14:15:00,0,0.0,1.0,68000.0,67236.43,763.570000000007,15197.599999999482
2026-02-11 14:30:00,1,0.0,1.0,67236.43,66584.6,-651.8299999999872,14545.769999999495
2026-02-11 14:45:00,1,0.0,1.0,66584.6,66113.25,-471.3500000000058,14074.419999999489
2026-02-11 15:00:00,1,1.0,1.0,66113.25,66191.99,78.74000000000524,14153.159999999494
2026-02-11 15:15:00,1,1.0,1.0,66191.99,66759.82,567.8300000000017,14720.989999999496
2026-02-11 15:30:00,0,0.0,1.0,66759.82,66519.73,240.09000000001106,14961.079999999507
2026-02-11 15:45:00,1,1.0,1.0,66519.73,67150.26,630.5299999999988,15591.609999999506
2026-02-11 16:00:00,1,0.0,1.0,67150.26,66602.71,-547.5499999999884,15044.059999999517
2026-02-11 16:15:00,1,0.0,1.0,66602.71,66127.5,-475.2100000000064,14568.849999999511
2026-02-11 16:30:00,1,0.0,1.0,66127.5,66039.09,-88.41000000000349,14480.439999999508
2026-02-11 16:45:00,1,1.0,1.0,66039.09,66263.59,224.5,14704.939999999508
2026-02-11 17:00:00,1,1.0,1.0,66263.59,66655.4,391.8099999999977,15096.749999999505
2026-02-11 17:15:00,0,0.0,0.0,66655.4,66607.22,48.179999999993015,15144.929999999498
2026-02-11 17:30:00,1,0.0,1.0,66607.22,66518.26,-88.9600000000064,15055.969999999492
2026-02-11 17:45:00,1,0.0,0.0,66518.26,66466.0,-52.25999999999476,15003.709999999497
2026-02-11 18:00:00,1,1.0,1.0,66466.0,66917.96,451.9600000000064,15455.669999999503
2026-02-11 18:15:00,1,1.0,1.0,66917.96,67032.43,114.46999999998661,15570.13999999949
2026-02-11 18:30:00,0,1.0,1.0,67032.43,67275.34,-242.9100000000035,15327.229999999487
2026-02-11 18:45:00,0,1.0,1.0,67275.34,67643.0,-367.6600000000035,14959.569999999483
2026-02-11 19:00:00,0,0.0,1.0,67643.0,67436.32,206.67999999999302,15166.249999999476
2026-02-11 19:15:00,1,1.0,1.0,67436.32,67795.22,358.8999999999942,15525.14999999947
2026-02-11 19:30:00,0,0.0,1.0,67795.22,67586.67,208.5500000000029,15733.699999999473
2026-02-11 19:45:00,1,1.0,1.0,67586.67,67654.34,67.66999999999825,15801.369999999471
2026-02-11 20:00:00,0,0.0,1.0,67654.34,67213.3,441.0399999999936,16242.409999999465
2026-02-11 20:15:00,1,1.0,1.0,67213.3,67312.3,99.0,16341.409999999465
2026-02-11 20:30:00,1,1.0,1.0,67312.3,67555.98,243.67999999999302,16585.089999999458
2026-02-11 20:45:00,0,1.0,1.0,67555.98,67689.5,-133.52000000000407,16451.569999999454
2026-02-11 21:00:00,0,1.0,1.0,67689.5,68202.84,-513.3399999999965,15938.229999999458
2026-02-11 21:15:00,0,0.0,1.0,68202.84,67998.02,204.81999999999243,16143.04999999945
2026-02-11 21:30:00,0,0.0,1.0,67998.02,67811.17,186.85000000000582,16329.899999999456
2026-02-11 21:45:00,1,0.0,1.0,67811.17,67667.93,-143.24000000000524,16186.65999999945
2026-02-11 22:00:00,1,0.0,1.0,67667.93,67569.57,-98.35999999998603,16088.299999999464
2026-02-11 22:15:00,1,1.0,1.0,67569.57,67647.55,77.97999999999593,16166.27999999946
2026-02-11 22:30:00,1,0.0,1.0,67647.55,67433.14,-214.4100000000035,15951.869999999457
2026-02-11 22:45:00,1,0.0,1.0,67433.14,67330.55,-102.58999999999651,15849.27999999946
2026-02-11 23:00:00,1,0.0,1.0,67330.55,67016.62,-313.93000000000757,15535.349999999453
2026-02-11 23:15:00,1,1.0,1.0,67016.62,67083.68,67.05999999999767,15602.40999999945
2026-02-11 23:30:00,1,0.0,0.0,67083.68,67082.52,-1.1599999999889405,15601.249999999462
2026-02-11 23:45:00,0,1.0,1.0,67082.52,67365.56,-283.0399999999936,15318.209999999468
2026-02-12 00:00:00,0,1.0,0.0,67365.56,67392.13,-26.570000000006985,15291.639999999461
2026-02-12 00:15:00,0,1.0,1.0,67392.13,67584.0,-191.86999999999534,15099.769999999466
2026-02-12 00:30:00,0,0.0,1.0,67584.0,67460.75,123.25,15223.019999999466
2026-02-12 00:45:00,1,1.0,1.0,67460.75,67699.99,239.24000000000524,15462.25999999947
2026-02-12 01:00:00,0,1.0,1.0,67699.99,67809.42,-109.42999999999302,15352.829999999478
2026-02-12 01:15:00,0,1.0,0.0,67809.42,67859.75,-50.330000000001746,15302.499999999476
2026-02-12 01:30:00,0,0.0,1.0,67859.75,67699.01,160.74000000000524,15463.239999999481
2026-02-12 01:45:00,1,0.0,1.0,67699.01,67498.17,-200.8399999999965,15262.399999999485
2026-02-12 02:00:00,1,1.0,0.0,67498.17,67532.4,34.229999999995925,15296.62999999948
2026-02-12 02:15:00,1,1.0,1.0,67532.4,67740.49,208.09000000001106,15504.719999999492
2026-02-12 02:30:00,0,0.0,1.0,67740.49,67439.14,301.3500000000058,15806.069999999498
2026-02-12 02:45:00,1,1.0,0.0,67439.14,67491.57,52.43000000000757,15858.499999999505
2026-02-12 03:00:00,1,0.0,1.0,67491.57,67382.85,-108.72000000000116,15749.779999999504
2026-02-12 03:15:00,1,1.0,1.0,67382.85,67496.49,113.63999999999942,15863.419999999503
2026-02-12 03:30:00,1,1.0,1.0,67496.49,67580.99,84.5,15947.919999999503
2026-02-12 03:45:00,0,0.0,0.0,67580.99,67577.41,3.5800000000017462,15951.499999999505
2026-02-12 04:00:00,1,0.0,1.0,67577.41,67212.01,-365.40000000000873,15586.099999999497
2026-02-12 04:15:00,1,1.0,0.0,67212.01,67235.48,23.470000000001164,15609.569999999498
2026-02-12 04:30:00,1,0.0,1.0,67235.48,67018.4,-217.08000000000175,15392.489999999496
2026-02-12 04:45:00,1,0.0,1.0,67018.4,66805.97,-212.42999999999302,15180.059999999503
2026-02-12 05:00:00,1,1.0,1.0,66805.97,66877.01,71.0399999999936,15251.099999999497
2026-02-12 05:15:00,1,1.0,1.0,66877.01,67086.86,209.85000000000582,15460.949999999502
2026-02-12 05:30:00,0,1.0,0.0,67086.86,67141.93,-55.06999999999243,15405.87999999951
2026-02-12 05:45:00,0,0.0,0.0,67141.93,67118.0,23.929999999993015,15429.809999999503
2026-02-12 06:00:00,1,1.0,1.0,67118.0,67290.9,172.89999999999418,15602.709999999497
2026-02-12 06:15:00,1,0.0,0.0,67290.9,67237.31,-53.58999999999651,15549.1199999995
2026-02-12 06:30:00,1,0.0,1.0,67237.31,67125.57,-111.73999999999069,15437.37999999951
2026-02-12 06:45:00,1,0.0,1.0,67125.57,66992.17,-133.40000000000873,15303.979999999501
2026-02-12 07:00:00,1,1.0,1.0,66992.17,67228.2,236.02999999999884,15540.0099999995
2026-02-12 07:15:00,1,0.0,1.0,67228.2,67130.01,-98.19000000000233,15441.819999999498
2026-02-12 07:30:00,1,1.0,1.0,67130.01,67217.72,87.7100000000064,15529.529999999504
2026-02-12 07:45:00,0,1.0,0.0,67217.72,67248.48,-30.75999999999476,15498.76999999951
2026-02-12 08:00:00,0,0.0,1.0,67248.48,66932.0,316.4799999999959,15815.249999999505
2026-02-12 08:15:00,1,1.0,0.0,66932.0,66973.75,41.75,15856.999999999505
2026-02-12 08:30:00,1,1.0,1.0,66973.75,67141.15,167.39999999999418,16024.3999999995
2026-02-12 08:45:00,0,1.0,0.0,67141.15,67187.84,-46.69000000000233,15977.709999999497
2026-02-12 09:00:00,0,1.0,1.0,67187.84,67296.77,-108.93000000000757,15868.77999999949
2026-02-12 09:15:00,0,1.0,1.0,67296.77,67422.01,-125.23999999999069,15743.539999999499
2026-02-12 09:30:00,0,1.0,1.0,67422.01,67550.47,-128.4600000000064,15615.079999999492
2026-02-12 09:45:00,0,1.0,0.0,67550.47,67570.54,-20.069999999992433,15595.0099999995
2026-02-12 10:00:00,0,1.0,0.0,67570.54,67609.81,-39.270000000004075,15555.739999999496
2026-02-12 10:15:00,0,1.0,0.0,67609.81,67665.99,-56.18000000000757,15499.559999999488
2026-02-12 10:30:00,0,1.0,1.0,67665.99,68014.01,-348.0199999999895,15151.539999999499
2026-02-12 10:45:00,0,0.0,1.0,68014.01,67906.74,107.26999999998952,15258.809999999488
2026-02-12 11:00:00,1,1.0,1.0,67906.74,68208.64,301.8999999999942,15560.709999999483
2026-02-12 11:15:00,0,0.0,1.0,68208.64,68084.79,123.85000000000582,15684.559999999488
2026-02-12 11:30:00,1,0.0,0.0,68084.79,68076.01,-8.779999999998836,15675.77999999949
2026-02-12 11:45:00,1,0.0,0.0,68076.01,68022.23,-53.779999999998836,15621.99999999949
2026-02-12 12:00:00,1,0.0,0.0,68022.23,67985.12,-37.11000000000058,15584.88999999949
2026-02-12 12:15:00,1,0.0,1.0,67985.12,67872.87,-112.25,15472.63999999949
2026-02-12 12:30:00,1,0.0,0.0,67872.87,67865.31,-7.559999999997672,15465.079999999492
2026-02-12 12:45:00,1,0.0,0.0,67865.31,67844.3,-21.00999999999476,15444.069999999498
2026-02-12 13:00:00,1,0.0,1.0,67844.3,67769.42,-74.88000000000466,15369.189999999493
2026-02-12 13:15:00,1,1.0,1.0,67769.42,68116.83,347.4100000000035,15716.599999999497
2026-02-12 13:30:00,0,1.0,1.0,68116.83,68376.58,-259.75,15456.849999999497
2026-02-12 13:45:00,0,0.0,1.0,68376.58,68016.28,360.3000000000029,15817.1499999995
2026-02-12 14:00:00,1,0.0,0.0,68016.28,67994.9,-21.380000000004657,15795.769999999495
2026-02-12 14:15:00,1,0.0,1.0,67994.9,67625.01,-369.8899999999994,15425.879999999495
2026-02-12 14:30:00,1,0.0,0.0,67625.01,67577.02,-47.98999999999069,15377.889999999505
2026-02-12 14:45:00,1,0.0,1.0,67577.02,67415.99,-161.02999999999884,15216.859999999506
2026-02-12 15:00:00,1,1.0,1.0,67415.99,67855.14,439.1499999999942,15656.0099999995
2026-02-12 15:15:00,0,0.0,1.0,67855.14,67400.41,454.7299999999959,16110.739999999496
2026-02-12 15:30:00,1,0.0,1.0,67400.41,67134.74,-265.66999999999825,15845.069999999498
2026-02-12 15:45:00,1,0.0,1.0,67134.74,66558.41,-576.3300000000017,15268.739999999496
2026-02-12 16:00:00,1,0.0,1.0,66558.41,66065.4,-493.0100000000093,14775.729999999487
2026-02-12 16:15:00,1,1.0,1.0,66065.4,66271.97,206.57000000000698,14982.299999999494
2026-02-12 16:30:00,1,0.0,1.0,66271.97,65863.37,-408.6000000000058,14573.699999999488
2026-02-12 16:45:00,1,0.0,1.0,65863.37,65740.35,-123.01999999998952,14450.679999999498
2026-02-12 17:00:00,1,1.0,1.0,65740.35,66129.25,388.8999999999942,14839.579999999492
2026-02-12 17:15:00,1,0.0,1.0,66129.25,65978.0,-151.25,14688.329999999492
2026-02-12 17:30:00,1,0.0,1.0,65978.0,65413.99,-564.010000000002,14124.31999999949
2026-02-12 17:45:00,1,1.0,1.0,65413.99,65694.08,280.0900000000038,14404.409999999494
2026-02-12 18:00:00,1,0.0,1.0,65694.08,65304.01,-390.0699999999997,14014.339999999494
2026-02-12 18:15:00,1,1.0,1.0,65304.01,65432.8,128.79000000000087,14143.129999999495
2026-02-12 18:30:00,1,1.0,1.0,65432.8,65590.95,158.14999999999418,14301.27999999949
2026-02-12 18:45:00,0,0.0,1.0,65590.95,65448.57,142.37999999999738,14443.659999999487
2026-02-12 19:00:00,1,1.0,1.0,65448.57,65780.0,331.4300000000003,14775.089999999487
2026-02-12 19:15:00,1,1.0,1.0,65780.0,65979.2,199.1999999999971,14974.289999999484
2026-02-12 19:30:00,0,0.0,1.0,65979.2,65788.36,190.8399999999965,15165.12999999948
2026-02-12 19:45:00,1,0.0,1.0,65788.36,65704.14,-84.22000000000116,15080.90999999948
2026-02-12 20:00:00,1,0.0,1.0,65704.14,65505.7,-198.44000000000233,14882.469999999477
2026-02-12 20:15:00,1,1.0,0.0,65505.7,65546.68,40.979999999995925,14923.449999999473
2026-02-12 20:30:00,1,0.0,1.0,65546.68,65428.56,-118.11999999999534,14805.329999999478
2026-02-12 20:45:00,1,1.0,1.0,65428.56,65669.89,241.33000000000175,15046.65999999948
2026-02-12 21:00:00,1,0.0,1.0,65669.89,65603.49,-66.39999999999418,14980.259999999485
2026-02-12 21:15:00,1,1.0,1.0,65603.49,65817.22,213.72999999999593,15193.989999999481
2026-02-12 21:30:00,1,1.0,0.0,65817.22,65849.87,32.64999999999418,15226.639999999476
2026-02-12 21:45:00,0,0.0,0.0,65849.87,65816.45,33.419999999998254,15260.059999999474
2026-02-12 22:00:00,1,1.0,1.0,65816.45,65959.81,143.36000000000058,15403.419999999474
2026-02-12 22:15:00,1,1.0,1.0,65959.81,66199.99,240.18000000000757,15643.599999999482
2026-02-12 22:30:00,0,1.0,1.0,66199.99,66288.0,-88.00999999999476,15555.589999999487
2026-02-12 22:45:00,0,1.0,0.0,66288.0,66313.25,-25.25,15530.339999999487
2026-02-12 23:00:00,0,1.0,1.0,66313.25,66404.21,-90.9600000000064,15439.37999999948
2026-02-12 23:15:00,0,0.0,1.0,66404.21,66247.44,156.77000000000407,15596.149999999485
2026-02-12 23:30:00,1,1.0,0.0,66247.44,66272.17,24.729999999995925,15620.87999999948
2026-02-12 23:45:00,0,1.0,1.0,66272.17,66374.88,-102.7100000000064,15518.169999999474
2026-02-13 00:00:00,0,0.0,1.0,66374.88,66026.92,347.9600000000064,15866.12999999948
2026-02-13 00:15:00,1,0.0,1.0,66026.92,65952.16,-74.75999999999476,15791.369999999486
2026-02-13 00:30:00,1,0.0,0.0,65952.16,65918.6,-33.55999999999767,15757.809999999488
2026-02-13 00:45:00,1,1.0,1.0,65918.6,66251.12,332.5199999999895,16090.329999999478
2026-02-13 01:00:00,1,0.0,0.0,66251.12,66225.43,-25.69000000000233,16064.639999999476
2026-02-13 01:15:00,1,1.0,1.0,66225.43,66420.0,194.57000000000698,16259.209999999483
2026-02-13 01:30:00,1,1.0,0.0,66420.0,66454.95,34.94999999999709,16294.15999999948
2026-02-13 01:45:00,0,1.0,1.0,66454.95,66565.5,-110.55000000000291,16183.609999999477
2026-02-13 02:00:00,0,0.0,0.0,66565.5,66538.05,27.44999999999709,16211.059999999474
2026-02-13 02:15:00,1,1.0,0.0,66538.05,66592.23,54.179999999993015,16265.239999999467
2026-02-13 02:30:00,0,1.0,1.0,66592.23,66663.08,-70.85000000000582,16194.389999999461
2026-02-13 02:45:00,0,0.0,1.0,66663.08,66522.24,140.8399999999965,16335.229999999458
2026-02-13 03:00:00,1,1.0,1.0,66522.24,66679.0,156.75999999999476,16491.989999999452
2026-02-13 03:15:00,0,0.0,0.0,66679.0,66643.69,35.30999999999767,16527.29999999945
2026-02-13 03:30:00,1,0.0,1.0,66643.69,66553.08,-90.61000000000058,16436.68999999945
2026-02-13 03:45:00,1,0.0,0.0,66553.08,66537.6,-15.479999999995925,16421.209999999453
2026-02-13 04:00:00,1,0.0,1.0,66537.6,66450.01,-87.59000000001106,16333.619999999442
2026-02-13 04:15:00,1,0.0,1.0,66450.01,66365.87,-84.13999999999942,16249.479999999443
2026-02-13 04:30:00,1,0.0,0.0,66365.87,66329.22,-36.64999999999418,16212.829999999449
2026-02-13 04:45:00,1,0.0,1.0,66329.22,66246.87,-82.35000000000582,16130.479999999443
2026-02-13 05:00:00,1,1.0,1.0,66246.87,66324.94,78.07000000000698,16208.54999999945
2026-02-13 05:15:00,1,1.0,1.0,66324.94,66470.06,145.11999999999534,16353.669999999445
2026-02-13 05:30:00,0,0.0,1.0,66470.06,66175.79,294.2700000000041,16647.93999999945
2026-02-13 05:45:00,1,1.0,1.0,66175.79,66233.33,57.54000000000815,16705.479999999458
2026-02-13 06:00:00,1,0.0,1.0,66233.33,66123.99,-109.33999999999651,16596.13999999946
2026-02-13 06:15:00,1,0.0,0.0,66123.99,66086.0,-37.99000000000524,16558.149999999456
2026-02-13 06:30:00,1,1.0,1.0,66086.0,66359.28,273.27999999999884,16831.429999999455
2026-02-13 06:45:00,1,1.0,1.0,66359.28,66528.27,168.99000000000524,17000.41999999946
2026-02-13 07:00:00,0,0.0,0.0,66528.27,66514.43,13.84000000001106,17014.25999999947
2026-02-13 07:15:00,1,0.0,1.0,66514.43,66127.51,-386.91999999999825,16627.339999999473
2026-02-13 07:30:00,1,1.0,1.0,66127.51,66208.96,81.45000000001164,16708.789999999484
2026-02-13 07:45:00,1,1.0,0.0,66208.96,66260.28,51.31999999999243,16760.109999999477
2026-02-13 08:00:00,0,1.0,1.0,66260.28,66414.04,-153.75999999999476,16606.349999999482
2026-02-13 08:15:00,0,1.0,1.0,66414.04,66504.63,-90.59000000001106,16515.75999999947
2026-02-13 08:30:00,0,1.0,1.0,66504.63,66699.96,-195.33000000000175,16320.42999999947
2026-02-13 08:45:00,0,0.0,0.0,66699.96,66684.6,15.360000000000582,16335.78999999947
2026-02-13 09:00:00,1,1.0,1.0,66684.6,66820.37,135.76999999998952,16471.55999999946
2026-02-13 09:15:00,0,1.0,0.0,66820.37,66858.77,-38.40000000000873,16433.15999999945
2026-02-13 09:30:00,0,1.0,1.0,66858.77,66959.71,-100.94000000000233,16332.219999999448
2026-02-13 09:45:00,0,0.0,0.0,66959.71,66905.43,54.28000000001339,16386.49999999946
2026-02-13 10:00:00,1,1.0,0.0,66905.43,66911.7,6.2700000000040745,16392.769999999466
2026-02-13 10:15:00,0,1.0,1.0,66911.7,67029.95,-118.25,16274.519999999466
2026-02-13 10:30:00,0,0.0,0.0,67029.95,66977.66,52.2899999999936,16326.80999999946
2026-02-13 10:45:00,1,0.0,1.0,66977.66,66889.36,-88.30000000000291,16238.509999999456
2026-02-13 11:00:00,1,1.0,1.0,66889.36,66982.6,93.24000000000524,16331.749999999462
2026-02-13 11:15:00,0,1.0,0.0,66982.6,66997.1,-14.5,16317.249999999462
2026-02-13 11:30:00,0,1.0,1.0,66997.1,67171.42,-174.31999999999243,16142.92999999947
2026-02-13 11:45:00,0,0.0,1.0,67171.42,66985.84,185.58000000000175,16328.50999999947
2026-02-13 12:00:00,1,1.0,1.0,66985.84,67097.17,111.33000000000175,16439.839999999473
2026-02-13 12:15:00,0,0.0,0.0,67097.17,67094.03,3.139999999999418,16442.979999999472
2026-02-13 12:30:00,0,0.0,0.0,67094.03,67084.0,10.029999999998836,16453.00999999947
2026-02-13 12:45:00,1,0.0,1.0,67084.0,66969.46,-114.5399999999936,16338.469999999477
2026-02-13 13:00:00,1,1.0,1.0,66969.46,67337.21,367.75,16706.219999999477
2026-02-13 13:15:00,0,0.0,0.0,67337.21,67301.39,35.820000000006985,16742.039999999484
2026-02-13 13:30:00,1,0.0,0.0,67301.39,67274.15,-27.24000000000524,16714.79999999948
2026-02-13 13:45:00,1,0.0,1.0,67274.15,67164.48,-109.66999999999825,16605.12999999948
2026-02-13 14:00:00,1,1.0,1.0,67164.48,67311.84,147.36000000000058,16752.48999999948
2026-02-13 14:15:00,0,1.0,0.0,67311.84,67331.47,-19.630000000004657,16732.859999999477
2026-02-13 14:30:00,0,1.0,1.0,67331.47,67733.51,-402.0399999999936,16330.819999999483
2026-02-13 14:45:00,0,1.0,1.0,67733.51,68382.0,-648.4900000000052,15682.329999999478
2026-02-13 15:00:00,0,1.0,1.0,68382.0,68895.88,-513.8800000000047,15168.449999999473
2026-02-13 15:15:00,0,0.0,1.0,68895.88,68730.01,165.8700000000099,15334.319999999483
2026-02-13 15:30:00,0,0.0,0.0,68730.01,68692.12,37.88999999999942,15372.209999999483
2026-02-13 15:45:00,0,1.0,1.0,68692.12,69052.64,-360.5200000000041,15011.689999999478
2026-02-13 16:00:00,0,1.0,0.0,69052.64,69079.39,-26.75,14984.939999999478
2026-02-13 16:15:00,0,1.0,1.0,69079.39,69244.96,-165.57000000000698,14819.369999999471
2026-02-13 16:30:00,0,0.0,1.0,69244.96,68954.69,290.2700000000041,15109.639999999476
2026-02-13 16:45:00,1,1.0,0.0,68954.69,68977.68,22.989999999990687,15132.629999999466
2026-02-13 17:00:00,0,0.0,0.0,68977.68,68975.97,1.709999999991851,15134.339999999458
2026-02-13 17:15:00,0,1.0,1.0,68975.97,69126.8,-150.83000000000175,14983.509999999456
2026-02-13 17:30:00,0,0.0,1.0,69126.8,69047.99,78.80999999999767,15062.319999999454
2026-02-13 17:45:00,0,0.0,0.0,69047.99,69026.03,21.960000000006403,15084.27999999946
2026-02-13 18:00:00,1,1.0,0.0,69026.03,69069.99,43.9600000000064,15128.239999999467
2026-02-13 18:15:00,0,1.0,1.0,69069.99,69272.01,-202.01999999998952,14926.219999999477
2026-02-13 18:30:00,0,0.0,1.0,69272.01,69129.99,142.01999999998952,15068.239999999467
2026-02-13 18:45:00,0,1.0,0.0,69129.99,69165.83,-35.83999999999651,15032.39999999947
2026-02-13 19:00:00,0,0.0,1.0,69165.83,69008.0,157.83000000000175,15190.229999999472
2026-02-13 19:15:00,1,0.0,1.0,69008.0,68933.8,-74.19999999999709,15116.029999999475
2026-02-13 19:30:00,1,1.0,0.0,68933.8,68938.91,5.110000000000582,15121.139999999476
2026-02-13 19:45:00,0,0.0,1.0,68938.91,68805.8,133.11000000000058,15254.249999999476
2026-02-13 20:00:00,1,1.0,0.0,68805.8,68828.52,22.720000000001164,15276.969999999477
2026-02-13 20:15:00,0,1.0,0.0,68828.52,68846.0,-17.479999999995925,15259.489999999481
2026-02-13 20:30:00,0,0.0,1.0,68846.0,68777.12,68.88000000000466,15328.369999999486
2026-02-13 20:45:00,1,1.0,1.0,68777.12,69001.15,224.02999999999884,15552.399999999485
2026-02-13 21:00:00,0,0.0,1.0,69001.15,68903.11,98.0399999999936,15650.439999999478
2026-02-13 21:15:00,0,1.0,0.0,68903.11,68936.48,-33.36999999999534,15617.069999999483
2026-02-13 21:30:00,0,0.0,0.0,68936.48,68902.48,34.0,15651.069999999483
2026-02-13 21:45:00,0,0.0,1.0,68902.48,68737.24,165.2399999999907,15816.309999999474
2026-02-13 22:00:00,1,1.0,1.0,68737.24,68879.6,142.36000000000058,15958.669999999474
2026-02-13 22:15:00,0,1.0,0.0,68879.6,68888.01,-8.40999999998894,15950.259999999485
2026-02-13 22:30:00,0,1.0,1.0,68888.01,68995.28,-107.27000000000407,15842.989999999481
2026-02-13 22:45:00,0,0.0,1.0,68995.28,68924.24,71.0399999999936,15914.029999999475
2026-02-13 23:00:00,0,0.0,0.0,68924.24,68906.01,18.230000000010477,15932.259999999485
2026-02-13 23:15:00,0,0.0,0.0,68906.01,68850.0,56.00999999999476,15988.26999999948
2026-02-13 23:30:00,1,1.0,0.0,68850.0,68853.96,3.960000000006403,15992.229999999487
2026-02-13 23:45:00,0,1.0,0.0,68853.96,68885.45,-31.489999999990687,15960.739999999496
2026-02-14 00:00:00,0,1.0,0.0,68885.45,68903.19,-17.74000000000524,15942.99999999949
2026-02-14 00:15:00,0,1.0,1.0,68903.19,69026.69,-123.5,15819.49999999949
2026-02-14 00:30:00,0,1.0,1.0,69026.69,69090.24,-63.55000000000291,15755.949999999488
2026-02-14 00:45:00,0,1.0,0.0,69090.24,69092.54,-2.2999999999883585,15753.6499999995
2026-02-14 01:00:00,0,0.0,0.0,69092.54,69052.53,40.00999999999476,15793.659999999494
2026-02-14 01:15:00,0,0.0,1.0,69052.53,68980.73,71.80000000000291,15865.459999999497
2026-02-14 01:30:00,0,0.0,0.0,68980.73,68964.51,16.220000000001164,15881.679999999498
2026-02-14 01:45:00,1,1.0,0.0,68964.51,68983.3,18.79000000000815,15900.469999999506
2026-02-14 02:00:00,0,0.0,1.0,68983.3,68907.84,75.4600000000064,15975.929999999513
2026-02-14 02:15:00,1,1.0,0.0,68907.84,68951.99,44.15000000000873,16020.079999999522
2026-02-14 02:30:00,0,0.0,1.0,68951.99,68884.21,67.77999999999884,16087.85999999952
2026-02-14 02:45:00,0,1.0,0.0,68884.21,68911.0,-26.789999999993597,16061.069999999527
2026-02-14 03:00:00,0,1.0,0.0,68911.0,68937.99,-26.99000000000524,16034.079999999522
2026-02-14 03:15:00,0,1.0,0.0,68937.99,68950.46,-12.470000000001164,16021.60999999952
2026-02-14 03:30:00,0,1.0,0.0,68950.46,68981.99,-31.529999999998836,15990.079999999522
2026-02-14 03:45:00,0,0.0,1.0,68981.99,68891.98,90.01000000000931,16080.08999999953
2026-02-14 04:00:00,0,1.0,0.0,68891.98,68907.99,-16.010000000009313,16064.079999999522
2026-02-14 04:15:00,0,0.0,1.0,68907.99,68852.0,55.99000000000524,16120.069999999527
2026-02-14 04:30:00,0,0.0,1.0,68852.0,68790.0,62.0,16182.069999999527
2026-02-14 04:45:00,1,1.0,1.0,68790.0,68862.04,72.0399999999936,16254.10999999952
2026-02-14 05:00:00,0,1.0,0.0,68862.04,68876.16,-14.120000000009895,16239.98999999951
2026-02-14 05:15:00,0,0.0,0.0,68876.16,68829.2,46.9600000000064,16286.949999999517
2026-02-14 05:30:00,0,0.0,1.0,68829.2,68773.42,55.779999999998836,16342.729999999516
2026-02-14 05:45:00,1,1.0,0.0,68773.42,68783.13,9.710000000006403,16352.439999999522
2026-02-14 06:00:00,0,1.0,1.0,68783.13,68893.98,-110.84999999999127,16241.58999999953
2026-02-14 06:15:00,0,0.0,0.0,68893.98,68875.77,18.20999999999185,16259.799999999523
2026-02-14 06:30:00,1,1.0,1.0,68875.77,68936.98,61.20999999999185,16321.009999999515
2026-02-14 06:45:00,0,0.0,0.0,68936.98,68900.12,36.86000000000058,16357.869999999515
2026-02-14 07:00:00,0,1.0,1.0,68900.12,68956.92,-56.80000000000291,16301.069999999512
2026-02-14 07:15:00,0,1.0,1.0,68956.92,69181.6,-224.68000000000757,16076.389999999505
2026-02-14 07:30:00,0,1.0,0.0,69181.6,69219.26,-37.65999999998894,16038.729999999516
2026-02-14 07:45:00,0,1.0,1.0,69219.26,69567.06,-347.8000000000029,15690.929999999513
2026-02-14 08:00:00,0,0.0,1.0,69567.06,69495.5,71.55999999999767,15762.48999999951
2026-02-14 08:15:00,0,1.0,1.0,69495.5,69663.12,-167.61999999999534,15594.869999999515
2026-02-14 08:30:00,0,1.0,1.0,69663.12,69746.2,-83.08000000000175,15511.789999999513
2026-02-14 08:45:00,0,0.0,0.0,69746.2,69716.33,29.869999999995343,15541.659999999509
2026-02-14 09:00:00,0,0.0,1.0,69716.33,69595.11,121.22000000000116,15662.87999999951
2026-02-14 09:15:00,1,1.0,1.0,69595.11,69726.97,131.86000000000058,15794.73999999951
2026-02-14 09:30:00,0,0.0,0.0,69726.97,69714.93,12.040000000008149,15806.779999999519
2026-02-14 09:45:00,1,0.0,1.0,69714.93,69651.11,-63.81999999999243,15742.959999999526
2026-02-14 10:00:00,1,0.0,0.0,69651.11,69619.98,-31.130000000004657,15711.829999999522
2026-02-14 10:15:00,1,0.0,0.0,69619.98,69607.81,-12.169999999998254,15699.659999999523
2026-02-14 10:30:00,1,1.0,1.0,69607.81,69671.86,64.05000000000291,15763.709999999526
2026-02-14 10:45:00,1,1.0,1.0,69671.86,70097.89,426.02999999999884,16189.739999999525
2026-02-14 11:00:00,0,1.0,1.0,70097.89,70194.0,-96.11000000000058,16093.629999999524
2026-02-14 11:15:00,0,1.0,1.0,70194.0,70310.59,-116.58999999999651,15977.039999999528
2026-02-14 11:30:00,0,1.0,1.0,70310.59,70505.74,-195.15000000000873,15781.88999999952
2026-02-14 11:45:00,0,0.0,0.0,70505.74,70488.47,17.270000000004075,15799.159999999523
2026-02-14 12:00:00,0,0.0,1.0,70488.47,70356.38,132.0899999999965,15931.24999999952
2026-02-14 12:15:00,1,0.0,1.0,70356.38,70087.52,-268.8600000000006,15662.38999999952
2026-02-14 12:30:00,1,0.0,1.0,70087.52,69640.2,-447.320000000007,15215.069999999512
2026-02-14 12:45:00,1,1.0,1.0,69640.2,69713.23,73.02999999999884,15288.099999999511
2026-02-14 13:00:00,1,0.0,1.0,69713.23,69270.67,-442.5599999999977,14845.539999999513
2026-02-14 13:15:00,1,1.0,1.0,69270.67,69447.99,177.32000000000698,15022.85999999952
2026-02-14 13:30:00,1,1.0,0.0,69447.99,69460.0,12.009999999994761,15034.869999999515
2026-02-14 13:45:00,0,1.0,0.0,69460.0,69460.1,-0.10000000000582077,15034.76999999951
2026-02-14 14:00:00,0,0.0,0.0,69460.1,69455.6,4.5,15039.26999999951
2026-02-14 14:15:00,0,1.0,1.0,69455.6,69673.6,-218.0,14821.26999999951
2026-02-14 14:30:00,0,1.0,0.0,69673.6,69701.66,-28.05999999999767,14793.209999999512
2026-02-14 14:45:00,0,0.0,1.0,69701.66,69616.19,85.47000000000116,14878.679999999513
2026-02-14 15:00:00,1,1.0,1.0,69616.19,69874.24,258.0500000000029,15136.729999999516
2026-02-14 15:15:00,0,0.0,0.0,69874.24,69867.84,6.400000000008731,15143.129999999524
2026-02-14 15:30:00,0,0.0,1.0,69867.84,69778.28,89.55999999999767,15232.689999999522
2026-02-14 15:45:00,1,0.0,1.0,69778.28,69687.47,-90.80999999999767,15141.879999999524
2026-02-14 16:00:00,1,0.0,1.0,69687.47,69424.93,-262.54000000000815,14879.339999999516
2026-02-14 16:15:00,1,1.0,1.0,69424.93,69651.11,226.18000000000757,15105.519999999524
2026-02-14 16:30:00,1,1.0,1.0,69651.11,69755.1,103.99000000000524,15209.50999999953
2026-02-14 16:45:00,0,1.0,1.0,69755.1,69860.98,-105.8799999999901,15103.629999999539
2026-02-14 17:00:00,0,0.0,0.0,69860.98,69819.16,41.81999999999243,15145.449999999531
2026-02-14 17:15:00,1,0.0,0.0,69819.16,69784.0,-35.16000000000349,15110.289999999528
2026-02-14 17:30:00,1,0.0,0.0,69784.0,69739.38,-44.61999999999534,15065.669999999533
2026-02-14 17:45:00,1,1.0,0.0,69739.38,69764.0,24.619999999995343,15090.289999999528
2026-02-14 18:00:00,0,0.0,0.0,69764.0,69742.19,21.80999999999767,15112.099999999526
2026-02-14 18:15:00,1,0.0,0.0,69742.19,69731.52,-10.669999999998254,15101.429999999527
2026-02-14 18:30:00,1,1.0,0.0,69731.52,69772.31,40.7899999999936,15142.219999999521
2026-02-14 18:45:00,0,0.0,0.0,69772.31,69755.0,17.30999999999767,15159.529999999519
2026-02-14 19:00:00,1,1.0,1.0,69755.0,69840.14,85.13999999999942,15244.669999999518
2026-02-14 19:15:00,0,1.0,1.0,69840.14,69888.92,-48.779999999998836,15195.88999999952
2026-02-14 19:30:00,0,0.0,0.0,69888.92,69873.99,14.929999999993015,15210.819999999512
2026-02-14 19:45:00,1,0.0,1.0,69873.99,69828.0,-45.99000000000524,15164.829999999507
2026-02-14 20:00:00,1,1.0,0.0,69828.0,69830.88,2.8800000000046566,15167.709999999512
2026-02-14 20:15:00,1,1.0,1.0,69830.88,69954.46,123.58000000000175,15291.289999999513
2026-02-14 20:30:00,0,1.0,1.0,69954.46,70023.09,-68.6299999999901,15222.659999999523
2026-02-14 20:45:00,0,1.0,1.0,70023.09,70211.82,-188.73000000001048,15033.929999999513
2026-02-14 21:00:00,0,0.0,1.0,70211.82,69997.74,214.08000000000175,15248.009999999515
2026-02-14 21:15:00,1,0.0,1.0,69997.74,69860.9,-136.84000000001106,15111.169999999503
2026-02-14 21:30:00,1,1.0,1.0,69860.9,69935.86,74.9600000000064,15186.12999999951
2026-02-14 21:45:00,0,1.0,1.0,69935.86,70006.81,-70.94999999999709,15115.179999999513
2026-02-14 22:00:00,0,0.0,1.0,70006.81,69940.72,66.08999999999651,15181.26999999951
2026-02-14 22:15:00,1,1.0,1.0,69940.72,69988.09,47.36999999999534,15228.639999999505
2026-02-14 22:30:00,0,0.0,0.0,69988.09,69959.75,28.339999999996508,15256.979999999501
2026-02-14 22:45:00,1,1.0,0.0,69959.75,69977.27,17.520000000004075,15274.499999999505
2026-02-14 23:00:00,0,0.0,1.0,69977.27,69828.09,149.18000000000757,15423.679999999513
2026-02-14 23:15:00,1,0.0,0.0,69828.09,69816.03,-12.059999999997672,15411.619999999515
2026-02-14 23:30:00,1,1.0,0.0,69816.03,69822.95,6.919999999998254,15418.539999999513
2026-02-14 23:45:00,0,0.0,1.0,69822.95,69681.93,141.02000000000407,15559.559999999517
2026-02-15 00:00:00,1,1.0,0.0,69681.93,69695.77,13.84000000001106,15573.399999999529
2026-02-15 00:15:00,0,0.0,1.0,69695.77,69634.01,61.76000000000931,15635.159999999538
2026-02-15 00:30:00,1,1.0,1.0,69634.01,69777.07,143.06000000001222,15778.21999999955
2026-02-15 00:45:00,0,1.0,1.0,69777.07,69902.69,-125.61999999999534,15652.599999999555
2026-02-15 01:00:00,0,0.0,1.0,69902.69,69529.34,373.3500000000058,16025.94999999956
2026-02-15 01:15:00,1,0.0,1.0,69529.34,69407.22,-122.11999999999534,15903.829999999565
2026-02-15 01:30:00,1,1.0,1.0,69407.22,69717.65,310.429999999993,16214.259999999558
2026-02-15 01:45:00,0,0.0,1.0,69717.65,69548.41,169.2399999999907,16383.499999999549
2026-02-15 02:00:00,1,0.0,1.0,69548.41,69475.48,-72.93000000000757,16310.569999999541
2026-02-15 02:15:00,1,1.0,0.0,69475.48,69510.71,35.23000000001048,16345.799999999552
2026-02-15 02:30:00,1,0.0,0.0,69510.71,69480.01,-30.70000000001164,16315.09999999954
2026-02-15 02:45:00,1,0.0,0.0,69480.01,69466.92,-13.089999999996508,16302.009999999544
2026-02-15 03:00:00,1,0.0,0.0,69466.92,69445.6,-21.319999999992433,16280.689999999551
2026-02-15 03:15:00,1,0.0,1.0,69445.6,69360.11,-85.49000000000524,16195.199999999546
2026-02-15 03:30:00,1,1.0,1.0,69360.11,69954.5,594.3899999999994,16789.589999999545
2026-02-15 03:45:00,1,1.0,1.0,69954.5,70424.5,470.0,17259.589999999545
2026-02-15 04:00:00,0,0.0,1.0,70424.5,70198.17,226.33000000000175,17485.919999999547
2026-02-15 04:15:00,1,1.0,0.0,70198.17,70225.61,27.44000000000233,17513.35999999955
2026-02-15 04:30:00,0,0.0,0.0,70225.61,70183.99,41.61999999999534,17554.979999999545
2026-02-15 04:45:00,1,1.0,0.0,70183.99,70205.38,21.389999999999418,17576.369999999544
2026-02-15 05:00:00,0,1.0,1.0,70205.38,70331.18,-125.79999999998836,17450.569999999556
2026-02-15 05:15:00,0,1.0,0.0,70331.18,70357.27,-26.09000000001106,17424.479999999545
2026-02-15 05:30:00,0,0.0,1.0,70357.27,70267.61,89.66000000000349,17514.13999999955
2026-02-15 05:45:00,1,0.0,0.0,70267.61,70231.5,-36.11000000000058,17478.029999999548
2026-02-15 06:00:00,1,1.0,1.0,70231.5,70375.97,144.47000000000116,17622.49999999955
2026-02-15 06:15:00,0,0.0,0.0,70375.97,70370.3,5.669999999998254,17628.169999999547
2026-02-15 06:30:00,0,1.0,0.0,70370.3,70405.12,-34.81999999999243,17593.349999999555
2026-02-15 06:45:00,0,1.0,0.0,70405.12,70423.67,-18.55000000000291,17574.79999999955
2026-02-15 07:00:00,0,1.0,1.0,70423.67,70674.99,-251.32000000000698,17323.479999999545
2026-02-15 07:15:00,0,1.0,1.0,70674.99,70741.62,-66.6299999999901,17256.849999999555
2026-02-15 07:30:00,0,1.0,1.0,70741.62,70828.42,-86.80000000000291,17170.04999999955
2026-02-15 07:45:00,0,0.0,1.0,70828.42,70741.82,86.59999999999127,17256.649999999543
2026-02-15 08:00:00,0,0.0,1.0,70741.82,70568.02,173.8000000000029,17430.449999999546
2026-02-15 08:15:00,1,0.0,1.0,70568.02,70330.24,-237.77999999999884,17192.669999999547
2026-02-15 08:30:00,1,1.0,1.0,70330.24,70446.52,116.27999999999884,17308.949999999546
2026-02-15 08:45:00,0,1.0,1.0,70446.52,70582.01,-135.4899999999907,17173.459999999555
2026-02-15 09:00:00,0,1.0,1.0,70582.01,70628.82,-46.810000000012224,17126.649999999543
2026-02-15 09:15:00,0,0.0,1.0,70628.82,70504.23,124.59000000001106,17251.239999999554
2026-02-15 09:30:00,1,0.0,1.0,70504.23,70419.11,-85.11999999999534,17166.11999999956
2026-02-15 09:45:00,1,0.0,1.0,70419.11,70304.38,-114.72999999999593,17051.389999999563
2026-02-15 10:00:00,1,1.0,1.0,70304.38,70433.43,129.04999999998836,17180.43999999955
2026-02-15 10:15:00,1,1.0,0.0,70433.43,70456.86,23.430000000007567,17203.86999999956
2026-02-15 10:30:00,0,0.0,0.0,70456.86,70427.02,29.839999999996508,17233.709999999555
2026-02-15 10:45:00,1,0.0,0.0,70427.02,70419.84,-7.180000000007567,17226.529999999548
2026-02-15 11:00:00,1,0.0,0.0,70419.84,70384.09,-35.75,17190.779999999548
2026-02-15 11:15:00,1,0.0,0.0,70384.09,70362.8,-21.289999999993597,17169.489999999554
2026-02-15 11:30:00,1,0.0,1.0,70362.8,70295.22,-67.58000000000175,17101.909999999552
2026-02-15 11:45:00,1,0.0,1.0,70295.22,70224.74,-70.47999999999593,17031.429999999556
2026-02-15 12:00:00,1,1.0,1.0,70224.74,70370.31,145.56999999999243,17176.99999999955
2026-02-15 12:15:00,1,0.0,1.0,70370.31,70260.91,-109.39999999999418,17067.599999999555
2026-02-15 12:30:00,1,0.0,1.0,70260.91,69314.21,-946.6999999999971,16120.899999999558
2026-02-15 12:45:00,1,1.0,1.0,69314.21,69511.1,196.88999999999942,16317.789999999557
2026-02-15 13:00:00,1,0.0,1.0,69511.1,69056.85,-454.25,15863.539999999557
2026-02-15 13:15:00,1,0.0,1.0,69056.85,68925.99,-130.86000000000058,15732.679999999556
2026-02-15 13:30:00,1,1.0,0.0,68925.99,68930.0,4.009999999994761,15736.689999999551
2026-02-15 13:45:00,1,1.0,0.0,68930.0,68957.98,27.979999999995925,15764.669999999547
2026-02-15 14:00:00,0,1.0,1.0,68957.98,69088.5,-130.52000000000407,15634.149999999543
2026-02-15 14:15:00,0,1.0,1.0,69088.5,69167.88,-79.38000000000466,15554.769999999538
2026-02-15 14:30:00,0,1.0,0.0,69167.88,69170.51,-2.6299999999901047,15552.139999999548
2026-02-15 14:45:00,0,1.0,0.0,69170.51,69212.57,-42.060000000012224,15510.079999999536
2026-02-15 15:00:00,0,0.0,1.0,69212.57,68894.5,318.070000000007,15828.149999999543
2026-02-15 15:15:00,1,1.0,1.0,68894.5,69085.97,191.47000000000116,16019.619999999544
2026-02-15 15:30:00,0,1.0,0.0,69085.97,69099.99,-14.020000000004075,16005.59999999954
2026-02-15 15:45:00,0,0.0,1.0,69099.99,68987.81,112.18000000000757,16117.779999999548
2026-02-15 16:00:00,0,1.0,1.0,68987.81,69065.49,-77.68000000000757,16040.09999999954
2026-02-15 16:15:00,0,0.0,0.0,69065.49,69030.69,34.80000000000291,16074.899999999543
2026-02-15 16:30:00,0,0.0,0.0,69030.69,69017.75,12.940000000002328,16087.839999999545
2026-02-15 16:45:00,1,1.0,1.0,69017.75,69069.02,51.270000000004075,16139.10999999955
2026-02-15 17:00:00,0,0.0,1.0,69069.02,68985.99,83.02999999999884,16222.139999999548
2026-02-15 17:15:00,1,0.0,1.0,68985.99,68823.06,-162.93000000000757,16059.20999999954
2026-02-15 17:30:00,1,0.0,1.0,68823.06,68641.21,-181.84999999999127,15877.35999999955
2026-02-15 17:45:00,1,1.0,1.0,68641.21,68692.8,51.58999999999651,15928.949999999546
2026-02-15 18:00:00,1,0.0,1.0,68692.8,68559.92,-132.88000000000466,15796.069999999541
2026-02-15 18:15:00,1,1.0,1.0,68559.92,68700.05,140.13000000000466,15936.199999999546
2026-02-15 18:30:00,1,0.0,1.0,68700.05,68451.44,-248.61000000000058,15687.589999999545
2026-02-15 18:45:00,1,0.0,1.0,68451.44,68177.22,-274.22000000000116,15413.369999999544
2026-02-15 19:00:00,1,1.0,1.0,68177.22,68549.39,372.16999999999825,15785.539999999542
2026-02-15 19:15:00,0,0.0,1.0,68549.39,68246.4,302.99000000000524,16088.529999999548
2026-02-15 19:30:00,1,1.0,0.0,68246.4,68286.63,40.23000000001048,16128.759999999558
2026-02-15 19:45:00,0,1.0,1.0,68286.63,68418.58,-131.9499999999971,15996.809999999561
2026-02-15 20:00:00,0,1.0,1.0,68418.58,68484.94,-66.36000000000058,15930.44999999956
2026-02-15 20:15:00,0,1.0,0.0,68484.94,68509.62,-24.679999999993015,15905.769999999568
2026-02-15 20:30:00,0,0.0,1.0,68509.62,68450.0,59.61999999999534,15965.389999999563
2026-02-15 20:45:00,0,1.0,1.0,68450.0,68739.03,-289.02999999999884,15676.359999999564
2026-02-15 21:00:00,0,1.0,1.0,68739.03,68789.99,-50.9600000000064,15625.399999999558
2026-02-15 21:15:00,0,0.0,1.0,68789.99,68735.73,54.26000000000931,15679.659999999567
2026-02-15 21:30:00,0,1.0,1.0,68735.73,68852.01,-116.27999999999884,15563.379999999568
2026-02-15 21:45:00,0,0.0,1.0,68852.01,68801.96,50.04999999998836,15613.429999999556
2026-02-15 22:00:00,0,1.0,1.0,68801.96,69011.19,-209.22999999999593,15404.19999999956
2026-02-15 22:15:00,0,1.0,0.0,69011.19,69044.29,-33.09999999999127,15371.09999999957
2026-02-15 22:30:00,0,0.0,1.0,69044.29,68999.96,44.329999999987194,15415.429999999556
2026-02-15 22:45:00,0,0.0,1.0,68999.96,68490.8,509.1600000000035,15924.58999999956
2026-02-15 23:00:00,1,1.0,1.0,68490.8,68648.11,157.30999999999767,16081.899999999558
2026-02-15 23:15:00,0,1.0,0.0,68648.11,68682.4,-34.2899999999936,16047.609999999564
2026-02-15 23:30:00,0,1.0,1.0,68682.4,68832.58,-150.18000000000757,15897.429999999556
2026-02-15 23:45:00,0,1.0,1.0,68832.58,68943.37,-110.7899999999936,15786.639999999563
2026-02-16 00:00:00,0,0.0,1.0,68943.37,68850.96,92.40999999998894,15879.049999999552
2026-02-16 00:15:00,0,0.0,1.0,68850.96,68754.01,96.95000000001164,15975.999999999563
2026-02-16 00:30:00,0,1.0,1.0,68754.01,68845.81,-91.80000000000291,15884.19999999956
2026-02-16 00:45:00,0,1.0,0.0,68845.81,68865.2,-19.389999999999418,15864.809999999561
2026-02-16 01:00:00,0,0.0,1.0,68865.2,68722.9,142.3000000000029,16007.109999999564
2026-02-16 01:15:00,1,0.0,1.0,68722.9,68590.12,-132.77999999999884,15874.329999999565
2026-02-16 01:30:00,1,1.0,1.0,68590.12,68630.81,40.69000000000233,15915.019999999568
2026-02-16 01:45:00,0,0.0,1.0,68630.81,68566.13,64.67999999999302,15979.69999999956
2026-02-16 02:00:00,1,0.0,1.0,68566.13,68350.51,-215.6200000000099,15764.07999999955
2026-02-16 02:15:00,1,1.0,1.0,68350.51,68458.17,107.66000000000349,15871.739999999554
2026-02-16 02:30:00,0,0.0,1.0,68458.17,68320.48,137.69000000000233,16009.429999999556
2026-02-16 02:45:00,1,1.0,1.0,68320.48,68382.12,61.63999999999942,16071.069999999556
2026-02-16 03:00:00,0,0.0,1.0,68382.12,68182.59,199.52999999999884,16270.599999999555
2026-02-16 03:15:00,1,1.0,1.0,68182.59,68353.87,171.27999999999884,16441.879999999554
2026-02-16 03:30:00,0,1.0,1.0,68353.87,68424.82,-70.95000000001164,16370.929999999542
2026-02-16 03:45:00,0,1.0,1.0,68424.82,68640.0,-215.17999999999302,16155.749999999549
2026-02-16 04:00:00,0,1.0,1.0,68640.0,68783.05,-143.0500000000029,16012.699999999546
2026-02-16 04:15:00,0,0.0,1.0,68783.05,68694.83,88.22000000000116,16100.919999999547
2026-02-16 04:30:00,0,1.0,1.0,68694.83,68870.07,-175.24000000000524,15925.679999999542
2026-02-16 04:45:00,0,0.0,1.0,68870.07,68473.16,396.9100000000035,16322.589999999545
2026-02-16 05:00:00,1,0.0,0.0,68473.16,68457.98,-15.180000000007567,16307.409999999538
2026-02-16 05:15:00,1,0.0,1.0,68457.98,68340.84,-117.13999999999942,16190.269999999538
2026-02-16 05:30:00,1,1.0,1.0,68340.84,68385.29,44.44999999999709,16234.719999999536
2026-02-16 05:45:00,0,0.0,0.0,68385.29,68360.38,24.90999999998894,16259.629999999524
2026-02-16 06:00:00,1,0.0,0.0,68360.38,68348.37,-12.010000000009313,16247.619999999515
2026-02-16 06:15:00,1,1.0,1.0,68348.37,68474.59,126.22000000000116,16373.839999999516
2026-02-16 06:30:00,0,0.0,0.0,68474.59,68450.8,23.789999999993597,16397.62999999951
2026-02-16 06:45:00,0,1.0,1.0,68450.8,68611.54,-160.7399999999907,16236.88999999952
2026-02-16 07:00:00,0,0.0,0.0,68611.54,68575.14,36.39999999999418,16273.289999999513
2026-02-16 07:15:00,0,0.0,1.0,68575.14,68499.12,76.02000000000407,16349.309999999517
2026-02-16 07:30:00,1,1.0,1.0,68499.12,68587.9,88.77999999999884,16438.089999999516
2026-02-16 07:45:00,0,0.0,0.0,68587.9,68549.91,37.98999999999069,16476.079999999507
2026-02-16 08:00:00,0,1.0,1.0,68549.91,68735.38,-185.47000000000116,16290.609999999506
2026-02-16 08:15:00,0,1.0,0.0,68735.38,68766.18,-30.79999999998836,16259.809999999517
2026-02-16 08:30:00,0,0.0,0.0,68766.18,68762.85,3.3299999999871943,16263.139999999505
2026-02-16 08:45:00,0,1.0,1.0,68762.85,68886.01,-123.15999999998894,16139.979999999516
2026-02-16 09:00:00,0,1.0,1.0,68886.01,68964.62,-78.61000000000058,16061.369999999515
2026-02-16 09:15:00,0,1.0,1.0,68964.62,69029.54,-64.91999999999825,15996.449999999517
2026-02-16 09:30:00,0,0.0,0.0,69029.54,68992.71,36.829999999987194,16033.279999999504
2026-02-16 09:45:00,0,0.0,1.0,68992.71,68945.91,46.80000000000291,16080.079999999507
2026-02-16 10:00:00,0,0.0,1.0,68945.91,68797.39,148.52000000000407,16228.599999999511
2026-02-16 10:15:00,1,0.0,0.0,68797.39,68785.32,-12.069999999992433,16216.529999999519
2026-02-16 10:30:00,1,1.0,0.0,68785.32,68798.22,12.89999999999418,16229.429999999513
2026-02-16 10:45:00,0,0.0,1.0,68798.22,68515.88,282.3399999999965,16511.76999999951
2026-02-16 11:00:00,1,1.0,1.0,68515.88,68666.03,150.14999999999418,16661.919999999503
2026-02-16 11:15:00,0,0.0,1.0,68666.03,68585.81,80.22000000000116,16742.139999999505
2026-02-16 11:30:00,1,1.0,1.0,68585.81,68812.83,227.02000000000407,16969.15999999951
2026-02-16 11:45:00,0,1.0,1.0,68812.83,68897.93,-85.09999999999127,16884.059999999517
2026-02-16 12:00:00,0,1.0,1.0,68897.93,69505.01,-607.0800000000017,16276.979999999516
2026-02-16 12:15:00,0,0.0,1.0,69505.01,69436.93,68.08000000000175,16345.059999999517
2026-02-16 12:30:00,0,1.0,1.0,69436.93,69763.24,-326.3100000000122,16018.749999999505
2026-02-16 12:45:00,0,0.0,1.0,69763.24,69662.0,101.24000000000524,16119.98999999951
2026-02-16 13:00:00,0,0.0,1.0,69662.0,68611.0,1051.0,17170.98999999951
2026-02-16 13:15:00,1,0.0,1.0,68611.0,68430.65,-180.35000000000582,16990.639999999505
2026-02-16 13:30:00,1,0.0,0.0,68430.65,68395.1,-35.54999999998836,16955.089999999516
2026-02-16 13:45:00,1,1.0,0.0,68395.1,68413.82,18.720000000001164,16973.809999999517
2026-02-16 14:00:00,0,0.0,1.0,68413.82,68316.81,97.01000000000931,17070.819999999527
2026-02-16 14:15:00,1,1.0,1.0,68316.81,68504.81,188.0,17258.819999999527
2026-02-16 14:30:00,0,0.0,1.0,68504.81,68427.64,77.16999999999825,17335.989999999525
2026-02-16 14:45:00,0,0.0,1.0,68427.64,68338.8,88.83999999999651,17424.82999999952
2026-02-16 15:00:00,1,0.0,1.0,68338.8,68243.07,-95.72999999999593,17329.099999999526
2026-02-16 15:15:00,1,0.0,1.0,68243.07,67449.07,-794.0,16535.099999999526
2026-02-16 15:30:00,1,1.0,1.0,67449.07,67539.52,90.44999999999709,16625.549999999523
2026-02-16 15:45:00,1,1.0,1.0,67539.52,67739.99,200.47000000000116,16826.019999999524
2026-02-16 16:00:00,0,1.0,0.0,67739.99,67777.47,-37.479999999995925,16788.539999999528
2026-02-16 16:15:00,0,1.0,1.0,67777.47,67927.66,-150.19000000000233,16638.349999999526
2026-02-16 16:30:00,0,0.0,0.0,67927.66,67888.7,38.9600000000064,16677.309999999532
2026-02-16 16:45:00,1,0.0,1.0,67888.7,67749.28,-139.41999999999825,16537.889999999534
2026-02-16 17:00:00,1,1.0,1.0,67749.28,67929.61,180.33000000000175,16718.219999999536
2026-02-16 17:15:00,0,1.0,1.0,67929.61,68027.23,-97.61999999999534,16620.59999999954
2026-02-16 17:30:00,0,0.0,1.0,68027.23,67951.86,75.36999999999534,16695.969999999536
2026-02-16 17:45:00,1,1.0,1.0,67951.86,68131.45,179.5899999999965,16875.559999999532
2026-02-16 18:00:00,0,1.0,0.0,68131.45,68135.43,-3.9799999999959255,16871.579999999536
2026-02-16 18:15:00,0,0.0,1.0,68135.43,68002.04,133.38999999999942,17004.969999999536
2026-02-16 18:30:00,1,0.0,1.0,68002.04,67860.13,-141.90999999998894,16863.059999999547
2026-02-16 18:45:00,1,1.0,1.0,67860.13,67983.2,123.06999999999243,16986.12999999954
2026-02-16 19:00:00,0,0.0,0.0,67983.2,67970.25,12.94999999999709,16999.079999999536
2026-02-16 19:15:00,1,1.0,1.0,67970.25,68096.25,126.0,17125.079999999536
2026-02-16 19:30:00,0,0.0,1.0,68096.25,67913.43,182.82000000000698,17307.899999999543
2026-02-16 19:45:00,1,1.0,0.0,67913.43,67954.09,40.66000000000349,17348.559999999547
2026-02-16 20:00:00,0,1.0,1.0,67954.09,68227.73,-273.6399999999994,17074.919999999547
2026-02-16 20:15:00,0,1.0,0.0,68227.73,68237.99,-10.260000000009313,17064.659999999538
2026-02-16 20:30:00,0,1.0,1.0,68237.99,68530.0,-292.00999999999476,16772.649999999543
2026-02-16 20:45:00,0,1.0,1.0,68530.0,68576.21,-46.2100000000064,16726.439999999537
2026-02-16 21:00:00,0,0.0,1.0,68576.21,68525.99,50.220000000001164,16776.659999999538
2026-02-16 21:15:00,0,1.0,0.0,68525.99,68546.2,-20.20999999999185,16756.449999999546
2026-02-16 21:30:00,0,1.0,1.0,68546.2,68862.88,-316.68000000000757,16439.76999999954
2026-02-16 21:45:00,0,0.0,1.0,68862.88,68758.71,104.16999999999825,16543.939999999537
2026-02-16 22:00:00,0,0.0,1.0,68758.71,68601.0,157.7100000000064,16701.649999999543
2026-02-16 22:15:00,1,0.0,0.0,68601.0,68600.84,-0.16000000000349246,16701.48999999954
2026-02-16 22:30:00,0,0.0,0.0,68600.84,68591.02,9.819999999992433,16711.309999999532
2026-02-16 22:45:00,0,1.0,1.0,68591.02,68741.42,-150.39999999999418,16560.909999999538
2026-02-16 23:00:00,0,0.0,1.0,68741.42,68648.01,93.41000000000349,16654.31999999954
2026-02-16 23:15:00,0,1.0,0.0,68648.01,68684.87,-36.86000000000058,16617.45999999954
2026-02-16 23:30:00,0,1.0,1.0,68684.87,68892.43,-207.55999999999767,16409.899999999543
2026-02-16 23:45:00,0,1.0,0.0,68892.43,68899.99,-7.560000000012224,16402.33999999953
2026-02-17 00:00:00,0,0.0,0.0,68899.99,68880.59,19.40000000000873,16421.73999999954
2026-02-17 00:15:00,0,0.0,0.0,68880.59,68865.99,14.599999999991269,16436.33999999953
2026-02-17 00:30:00,0,1.0,0.0,68865.99,68878.27,-12.279999999998836,16424.059999999532
2026-02-17 00:45:00,0,1.0,1.0,68878.27,68929.57,-51.30000000000291,16372.75999999953
2026-02-17 01:00:00,0,0.0,1.0,68929.57,68865.21,64.36000000000058,16437.11999999953
2026-02-17 01:15:00,0,0.0,0.0,68865.21,68853.12,12.09000000001106,16449.20999999954
2026-02-17 01:30:00,0,0.0,1.0,68853.12,68618.11,235.00999999999476,16684.219999999536
2026-02-17 01:45:00,1,1.0,1.0,68618.11,69124.74,506.63000000000466,17190.84999999954
2026-02-17 02:00:00,0,0.0,1.0,69124.74,69041.6,83.13999999999942,17273.98999999954
2026-02-17 02:15:00,0,0.0,1.0,69041.6,68948.06,93.54000000000815,17367.529999999548
2026-02-17 02:30:00,0,0.0,1.0,68948.06,68838.48,109.58000000000175,17477.10999999955
2026-02-17 02:45:00,1,0.0,1.0,68838.48,68726.0,-112.47999999999593,17364.629999999554
2026-02-17 03:00:00,1,0.0,1.0,68726.0,68652.0,-74.0,17290.629999999554
2026-02-17 03:15:00,1,0.0,1.0,68652.0,68564.78,-87.22000000000116,17203.409999999552
2026-02-17 03:30:00,1,0.0,1.0,68564.78,68474.9,-89.88000000000466,17113.529999999548
2026-02-17 03:45:00,1,1.0,1.0,68474.9,68588.01,113.11000000000058,17226.63999999955
2026-02-17 04:00:00,0,1.0,0.0,68588.01,68603.95,-15.940000000002328,17210.699999999546
2026-02-17 04:15:00,0,0.0,1.0,68603.95,68428.32,175.6299999999901,17386.329999999536
2026-02-17 04:30:00,1,1.0,1.0,68428.32,68481.67,53.34999999999127,17439.679999999527
2026-02-17 04:45:00,0,0.0,1.0,68481.67,68346.01,135.6600000000035,17575.33999999953
2026-02-17 05:00:00,1,0.0,1.0,68346.01,68052.01,-294.0,17281.33999999953
2026-02-17 05:15:00,1,1.0,1.0,68052.01,68164.65,112.63999999999942,17393.97999999953
2026-02-17 05:30:00,1,1.0,1.0,68164.65,68245.71,81.06000000001222,17475.039999999542
2026-02-17 05:45:00,0,1.0,1.0,68245.71,68373.58,-127.86999999999534,17347.169999999547
2026-02-17 06:00:00,0,1.0,1.0,68373.58,68433.58,-60.0,17287.169999999547
2026-02-17 06:15:00,0,1.0,0.0,68433.58,68450.0,-16.419999999998254,17270.74999999955
2026-02-17 06:30:00,0,0.0,1.0,68450.0,68400.0,50.0,17320.74999999955
2026-02-17 06:45:00,1,0.0,1.0,68400.0,68321.41,-78.58999999999651,17242.159999999552
2026-02-17 07:00:00,1,0.0,1.0,68321.41,68211.49,-109.91999999999825,17132.239999999554
2026-02-17 07:15:00,1,1.0,1.0,68211.49,68409.6,198.11000000000058,17330.349999999555
2026-02-17 07:30:00,0,0.0,0.0,68409.6,68388.12,21.480000000010477,17351.829999999565
2026-02-17 07:45:00,0,0.0,0.0,68388.12,68387.99,0.1299999999901047,17351.959999999555
2026-02-17 08:00:00,0,0.0,1.0,68387.99,68299.56,88.43000000000757,17440.389999999563
2026-02-17 08:15:00,1,0.0,1.0,68299.56,68225.4,-74.16000000000349,17366.22999999956
2026-02-17 08:30:00,1,0.0,1.0,68225.4,68177.53,-47.86999999999534,17318.359999999564
2026-02-17 08:45:00,1,0.0,1.0,68177.53,68109.03,-68.5,17249.859999999564
2026-02-17 09:00:00,1,0.0,1.0,68109.03,68031.33,-77.69999999999709,17172.159999999567
2026-02-17 09:15:00,1,1.0,0.0,68031.33,68074.92,43.58999999999651,17215.749999999563
2026-02-17 09:30:00,1,1.0,1.0,68074.92,68126.28,51.36000000000058,17267.109999999564
2026-02-17 09:45:00,0,1.0,0.0,68126.28,68132.98,-6.69999999999709,17260.409999999567
2026-02-17 10:00:00,0,0.0,1.0,68132.98,67916.3,216.67999999999302,17477.08999999956
2026-02-17 10:15:00,1,0.0,1.0,67916.3,67786.85,-129.4499999999971,17347.639999999563
2026-02-17 10:30:00,1,1.0,1.0,67786.85,67845.3,58.44999999999709,17406.08999999956
2026-02-17 10:45:00,1,1.0,1.0,67845.3,67891.15,45.84999999999127,17451.93999999955
2026-02-17 11:00:00,0,1.0,0.0,67891.15,67900.0,-8.85000000000582,17443.089999999545
2026-02-17 11:15:00,0,0.0,1.0,67900.0,67742.05,157.9499999999971,17601.039999999542
2026-02-17 11:30:00,1,1.0,1.0,67742.05,67854.6,112.55000000000291,17713.589999999545
2026-02-17 11:45:00,0,1.0,1.0,67854.6,68068.07,-213.47000000000116,17500.119999999544
2026-02-17 12:00:00,0,1.0,0.0,68068.07,68107.81,-39.73999999999069,17460.379999999554
2026-02-17 12:15:00,0,1.0,1.0,68107.81,68180.14,-72.33000000000175,17388.04999999955
2026-02-17 12:30:00,0,0.0,1.0,68180.14,67919.49,260.6499999999942,17648.699999999546
2026-02-17 12:45:00,0,1.0,1.0,67919.49,68101.08,-181.5899999999965,17467.10999999955
2026-02-17 13:00:00,0,1.0,0.0,68101.08,68122.14,-21.05999999999767,17446.04999999955
2026-02-17 13:15:00,0,0.0,1.0,68122.14,68019.92,102.22000000000116,17548.269999999553
2026-02-17 13:30:00,1,1.0,1.0,68019.92,68136.34,116.41999999999825,17664.68999999955
2026-02-17 13:45:00,0,0.0,0.0,68136.34,68097.67,38.669999999998254,17703.35999999955
2026-02-17 14:00:00,1,0.0,1.0,68097.67,68026.68,-70.99000000000524,17632.369999999544
2026-02-17 14:15:00,1,0.0,1.0,68026.68,67103.87,-922.8099999999977,16709.559999999547
2026-02-17 14:30:00,1,0.0,1.0,67103.87,66875.06,-228.80999999999767,16480.74999999955
2026-02-17 14:45:00,1,0.0,1.0,66875.06,66800.02,-75.0399999999936,16405.709999999555
2026-02-17 15:00:00,1,1.0,1.0,66800.02,66845.0,44.979999999995925,16450.68999999955
2026-02-17 15:15:00,1,1.0,1.0,66845.0,67005.0,160.0,16610.68999999955
2026-02-17 15:30:00,1,1.0,1.0,67005.0,67392.05,387.0500000000029,16997.739999999554
2026-02-17 15:45:00,0,1.0,1.0,67392.05,67743.88,-351.83000000000175,16645.909999999552
2026-02-17 16:00:00,0,0.0,1.0,67743.88,67531.95,211.93000000000757,16857.83999999956
2026-02-17 16:15:00,1,1.0,1.0,67531.95,67701.26,169.30999999999767,17027.149999999558
2026-02-17 16:30:00,0,0.0,1.0,67701.26,67517.36,183.89999999999418,17211.04999999955
2026-02-17 16:45:00,1,0.0,1.0,67517.36,67266.89,-250.47000000000116,16960.57999999955
2026-02-17 17:00:00,1,1.0,1.0,67266.89,67467.46,200.57000000000698,17161.149999999558
2026-02-17 17:15:00,1,0.0,1.0,67467.46,67005.99,-461.47000000000116,16699.679999999556
2026-02-17 17:30:00,1,1.0,1.0,67005.99,67244.22,238.22999999999593,16937.909999999552
2026-02-17 17:45:00,0,1.0,1.0,67244.22,67357.03,-112.80999999999767,16825.099999999555
2026-02-17 18:00:00,0,1.0,1.0,67357.03,67739.4,-382.36999999999534,16442.72999999956
2026-02-17 18:15:00,0,1.0,1.0,67739.4,67974.36,-234.9600000000064,16207.769999999553
2026-02-17 18:30:00,0,1.0,1.0,67974.36,68098.62,-124.25999999999476,16083.509999999558
2026-02-17 18:45:00,0,1.0,1.0,68098.62,68173.47,-74.85000000000582,16008.659999999552
2026-02-17 19:00:00,0,0.0,1.0,68173.47,67880.2,293.2700000000041,16301.929999999556
2026-02-17 19:15:00,0,1.0,1.0,67880.2,67990.79,-110.58999999999651,16191.33999999956
2026-02-17 19:30:00,0,0.0,1.0,67990.79,67793.32,197.4699999999866,16388.809999999547
2026-02-17 19:45:00,1,0.0,1.0,67793.32,67602.0,-191.32000000000698,16197.48999999954
2026-02-17 20:00:00,1,1.0,1.0,67602.0,67735.6,133.60000000000582,16331.089999999545
2026-02-17 20:15:00,1,1.0,1.0,67735.6,67857.97,122.36999999999534,16453.45999999954
2026-02-17 20:30:00,0,0.0,1.0,67857.97,67753.3,104.66999999999825,16558.12999999954
2026-02-17 20:45:00,1,1.0,1.0,67753.3,67885.23,131.92999999999302,16690.059999999532
2026-02-17 21:00:00,0,0.0,1.0,67885.23,67590.85,294.3799999999901,16984.439999999522
2026-02-17 21:15:00,1,0.0,0.0,67590.85,67590.8,-0.05000000000291038,16984.38999999952
2026-02-17 21:30:00,1,1.0,1.0,67590.8,67680.54,89.73999999999069,17074.12999999951
2026-02-17 21:45:00,1,0.0,1.0,67680.54,67587.83,-92.70999999999185,16981.419999999518
2026-02-17 22:00:00,1,1.0,1.0,67587.83,67699.99,112.16000000000349,17093.57999999952
2026-02-17 22:15:00,1,0.0,1.0,67699.99,67629.62,-70.3700000000099,17023.20999999951
2026-02-17 22:30:00,1,0.0,1.0,67629.62,67527.72,-101.89999999999418,16921.309999999517
2026-02-17 22:45:00,1,0.0,1.0,67527.72,67467.05,-60.669999999998254,16860.63999999952
2026-02-17 23:00:00,1,0.0,0.0,67467.05,67444.05,-23.0,16837.63999999952
2026-02-17 23:15:00,1,1.0,1.0,67444.05,67526.84,82.7899999999936,16920.429999999513
2026-02-17 23:30:00,1,0.0,0.0,67526.84,67503.52,-23.319999999992433,16897.10999999952
2026-02-17 23:45:00,1,1.0,1.0,67503.52,67625.38,121.86000000000058,17018.96999999952
2026-02-18 00:00:00,1,0.0,1.0,67625.38,67495.79,-129.59000000001106,16889.37999999951
2026-02-18 00:15:00,1,0.0,0.0,67495.79,67460.0,-35.7899999999936,16853.589999999516
2026-02-18 00:30:00,1,0.0,1.0,67460.0,67302.65,-157.35000000000582,16696.23999999951
2026-02-18 00:45:00,1,0.0,1.0,67302.65,67100.78,-201.86999999999534,16494.369999999515
2026-02-18 01:00:00,1,0.0,1.0,67100.78,67053.18,-47.60000000000582,16446.76999999951
2026-02-18 01:15:00,1,1.0,1.0,67053.18,67176.07,122.89000000001397,16569.659999999523
2026-02-18 01:30:00,1,0.0,0.0,67176.07,67165.2,-10.870000000009895,16558.789999999513
2026-02-18 01:45:00,1,1.0,1.0,67165.2,67277.03,111.83000000000175,16670.619999999515
2026-02-18 02:00:00,1,0.0,1.0,67277.03,67220.0,-57.029999999998836,16613.589999999516
2026-02-18 02:15:00,1,1.0,1.0,67220.0,67366.19,146.19000000000233,16759.77999999952
2026-02-18 02:30:00,1,0.0,0.0,67366.19,67335.04,-31.15000000000873,16728.62999999951
2026-02-18 02:45:00,1,1.0,1.0,67335.04,67416.3,81.26000000000931,16809.88999999952
2026-02-18 03:00:00,0,1.0,1.0,67416.3,67539.43,-123.1299999999901,16686.75999999953
2026-02-18 03:15:00,0,1.0,1.0,67539.43,67632.74,-93.31000000001222,16593.449999999517
2026-02-18 03:30:00,0,0.0,0.0,67632.74,67629.11,3.6300000000046566,16597.07999999952
2026-02-18 03:45:00,1,0.0,1.0,67629.11,67562.22,-66.88999999999942,16530.189999999522
2026-02-18 04:00:00,1,1.0,1.0,67562.22,67674.0,111.77999999999884,16641.96999999952
2026-02-18 04:15:00,0,1.0,0.0,67674.0,67694.5,-20.5,16621.46999999952
2026-02-18 04:30:00,0,1.0,1.0,67694.5,67823.54,-129.0399999999936,16492.429999999527
2026-02-18 04:45:00,0,1.0,1.0,67823.54,67880.01,-56.470000000001164,16435.959999999526
2026-02-18 05:00:00,0,0.0,1.0,67880.01,67723.62,156.38999999999942,16592.349999999526
2026-02-18 05:15:00,1,0.0,1.0,67723.62,67649.53,-74.08999999999651,16518.25999999953
2026-02-18 05:30:00,1,1.0,0.0,67649.53,67654.8,5.2700000000040745,16523.529999999533
2026-02-18 05:45:00,1,1.0,1.0,67654.8,67801.66,146.86000000000058,16670.389999999534
2026-02-18 06:00:00,0,1.0,1.0,67801.66,67869.16,-67.5,16602.889999999534
2026-02-18 06:15:00,0,1.0,0.0,67869.16,67912.55,-43.38999999999942,16559.499999999534
2026-02-18 06:30:00,0,0.0,1.0,67912.55,67850.52,62.029999999998836,16621.529999999533
2026-02-18 06:45:00,1,0.0,1.0,67850.52,67758.66,-91.86000000000058,16529.669999999533
2026-02-18 07:00:00,1,0.0,0.0,67758.66,67751.14,-7.5200000000040745,16522.14999999953
2026-02-18 07:15:00,1,1.0,1.0,67751.14,68074.0,322.8600000000006,16845.00999999953
2026-02-18 07:30:00,0,1.0,0.0,68074.0,68106.44,-32.44000000000233,16812.569999999527
2026-02-18 07:45:00,0,1.0,1.0,68106.44,68221.2,-114.75999999999476,16697.809999999532
2026-02-18 08:00:00,0,1.0,1.0,68221.2,68287.35,-66.15000000000873,16631.659999999523
2026-02-18 08:15:00,0,0.0,1.0,68287.35,68169.9,117.45000000001164,16749.109999999535
2026-02-18 08:30:00,0,0.0,0.0,68169.9,68132.82,37.079999999987194,16786.189999999522
2026-02-18 08:45:00,1,1.0,1.0,68132.82,68192.84,60.01999999998952,16846.20999999951
2026-02-18 09:00:00,0,0.0,0.0,68192.84,68149.87,42.970000000001164,16889.179999999513
2026-02-18 09:15:00,1,1.0,1.0,68149.87,68276.0,126.13000000000466,17015.309999999517
2026-02-18 09:30:00,0,0.0,1.0,68276.0,68157.79,118.2100000000064,17133.519999999524
2026-02-18 09:45:00,1,1.0,0.0,68157.79,68164.22,6.430000000007567,17139.94999999953
2026-02-18 10:00:00,0,0.0,1.0,68164.22,68041.9,122.32000000000698,17262.26999999954
2026-02-18 10:15:00,1,0.0,1.0,68041.9,67780.22,-261.679999999993,17000.589999999545
2026-02-18 10:30:00,1,1.0,0.0,67780.22,67801.26,21.039999999993597,17021.62999999954
2026-02-18 10:45:00,1,0.0,1.0,67801.26,67389.89,-411.36999999999534,16610.259999999544
2026-02-18 11:00:00,1,1.0,1.0,67389.89,67455.43,65.5399999999936,16675.799999999537
2026-02-18 11:15:00,1,1.0,1.0,67455.43,67553.52,98.09000000001106,16773.88999999955
2026-02-18 11:30:00,1,0.0,1.0,67553.52,67369.75,-183.77000000000407,16590.119999999544
2026-02-18 11:45:00,1,1.0,1.0,67369.75,67592.73,222.97999999999593,16813.09999999954
2026-02-18 12:00:00,1,0.0,0.0,67592.73,67569.31,-23.419999999998254,16789.679999999542
2026-02-18 12:15:00,1,0.0,0.0,67569.31,67547.19,-22.119999999995343,16767.559999999547
2026-02-18 12:30:00,1,0.0,1.0,67547.19,67458.06,-89.13000000000466,16678.429999999542
2026-02-18 12:45:00,1,1.0,1.0,67458.06,67536.97,78.91000000000349,16757.339999999545
2026-02-18 13:00:00,1,0.0,1.0,67536.97,67480.18,-56.79000000000815,16700.549999999537
2026-02-18 13:15:00,1,0.0,1.0,67480.18,67287.84,-192.3399999999965,16508.20999999954
2026-02-18 13:30:00,1,0.0,1.0,67287.84,67236.88,-50.95999999999185,16457.24999999955
2026-02-18 13:45:00,1,1.0,0.0,67236.88,67280.25,43.36999999999534,16500.619999999544
2026-02-18 14:00:00,1,0.0,1.0,67280.25,67086.01,-194.24000000000524,16306.379999999539
2026-02-18 14:15:00,1,1.0,1.0,67086.01,67144.67,58.66000000000349,16365.039999999542
2026-02-18 14:30:00,1,1.0,1.0,67144.67,67223.76,79.08999999999651,16444.12999999954
2026-02-18 14:45:00,0,1.0,1.0,67223.76,67369.78,-146.02000000000407,16298.109999999535
2026-02-18 15:00:00,0,0.0,1.0,67369.78,67320.87,48.91000000000349,16347.019999999538
2026-02-18 15:15:00,1,1.0,1.0,67320.87,68109.6,788.7300000000105,17135.74999999955
2026-02-18 15:30:00,0,0.0,1.0,68109.6,67694.01,415.59000000001106,17551.33999999956
2026-02-18 15:45:00,1,0.0,1.0,67694.01,67072.01,-622.0,16929.33999999956
2026-02-18 16:00:00,1,1.0,1.0,67072.01,67256.05,184.04000000000815,17113.379999999568
2026-02-18 16:15:00,1,0.0,0.0,67256.05,67230.83,-25.220000000001164,17088.159999999567
2026-02-18 16:30:00,1,0.0,1.0,67230.83,67145.34,-85.49000000000524,17002.66999999956
2026-02-18 16:45:00,1,0.0,1.0,67145.34,67084.0,-61.33999999999651,16941.329999999565
2026-02-18 17:00:00,1,1.0,1.0,67084.0,67141.62,57.61999999999534,16998.94999999956
2026-02-18 17:15:00,1,0.0,0.0,67141.62,67096.7,-44.919999999998254,16954.029999999562
2026-02-18 17:30:00,1,1.0,1.0,67096.7,67187.39,90.69000000000233,17044.719999999565
2026-02-18 17:45:00,1,0.0,1.0,67187.39,67121.03,-66.36000000000058,16978.359999999564
2026-02-18 18:00:00,1,0.0,1.0,67121.03,66882.41,-238.61999999999534,16739.73999999957
2026-02-18 18:15:00,1,0.0,1.0,66882.41,66342.3,-540.1100000000006,16199.629999999568
2026-02-18 18:30:00,1,1.0,0.0,66342.3,66359.99,17.69000000000233,16217.31999999957
2026-02-18 18:45:00,1,1.0,0.0,66359.99,66371.9,11.90999999998894,16229.22999999956
2026-02-18 19:00:00,0,0.0,1.0,66371.9,66274.49,97.40999999998894,16326.639999999548
2026-02-18 19:15:00,1,0.0,1.0,66274.49,66163.2,-111.29000000000815,16215.34999999954
2026-02-18 19:30:00,1,1.0,0.0,66163.2,66177.14,13.940000000002328,16229.289999999542
2026-02-18 19:45:00,1,1.0,1.0,66177.14,66259.64,82.5,16311.789999999542
2026-02-18 20:00:00,0,1.0,0.0,66259.64,66301.6,-41.9600000000064,16269.829999999536
2026-02-18 20:15:00,0,1.0,1.0,66301.6,66429.22,-127.61999999999534,16142.20999999954
2026-02-18 20:30:00,0,0.0,1.0,66429.22,66268.39,160.83000000000175,16303.039999999542
2026-02-18 20:45:00,1,0.0,1.0,66268.39,66207.26,-61.13000000000466,16241.909999999538
2026-02-18 21:00:00,1,1.0,1.0,66207.26,66411.79,204.52999999999884,16446.439999999537
2026-02-18 21:15:00,1,1.0,0.0,66411.79,66438.43,26.639999999999418,16473.079999999536
2026-02-18 21:30:00,0,0.0,1.0,66438.43,66342.76,95.66999999999825,16568.749999999534
2026-02-18 21:45:00,1,0.0,1.0,66342.76,66258.0,-84.75999999999476,16483.98999999954
2026-02-18 22:00:00,1,1.0,1.0,66258.0,66324.0,66.0,16549.98999999954
2026-02-18 22:15:00,1,1.0,1.0,66324.0,66400.01,76.00999999999476,16625.999999999534
2026-02-18 22:30:00,0,1.0,0.0,66400.01,66408.82,-8.810000000012224,16617.189999999522
2026-02-18 22:45:00,0,0.0,0.0,66408.82,66379.09,29.730000000010477,16646.919999999533
2026-02-18 23:00:00,1,0.0,1.0,66379.09,66314.18,-64.91000000000349,16582.00999999953
2026-02-18 23:15:00,1,1.0,1.0,66314.18,66470.7,156.52000000000407,16738.529999999533
2026-02-18 23:30:00,0,0.0,0.0,66470.7,66461.0,9.69999999999709,16748.22999999953
2026-02-18 23:45:00,0,0.0,1.0,66461.0,66411.04,49.9600000000064,16798.189999999537
2026-02-19 00:00:00,1,0.0,0.0,66411.04,66405.07,-5.969999999986612,16792.21999999955
2026-02-19 00:15:00,1,1.0,1.0,66405.07,66532.0,126.92999999999302,16919.149999999543
2026-02-19 00:30:00,0,0.0,1.0,66532.0,66446.49,85.50999999999476,17004.659999999538
2026-02-19 00:45:00,1,1.0,1.0,66446.49,66705.94,259.4499999999971,17264.109999999535
2026-02-19 01:00:00,1,0.0,0.0,66705.94,66704.35,-1.5899999999965075,17262.51999999954
2026-02-19 01:15:00,0,1.0,1.0,66704.35,66798.41,-94.05999999999767,17168.45999999954
2026-02-19 01:30:00,0,1.0,1.0,66798.41,66866.62,-68.20999999999185,17100.24999999955
2026-02-19 01:45:00,0,0.0,0.0,66866.62,66827.71,38.90999999998894,17139.159999999538
2026-02-19 02:00:00,1,1.0,1.0,66827.71,66939.51,111.79999999998836,17250.959999999526
2026-02-19 02:15:00,0,0.0,1.0,66939.51,66662.72,276.7899999999936,17527.74999999952
2026-02-19 02:30:00,1,1.0,1.0,66662.72,66835.2,172.47999999999593,17700.229999999516
2026-02-19 02:45:00,1,0.0,0.0,66835.2,66799.07,-36.129999999990105,17664.099999999526
2026-02-19 03:00:00,1,1.0,1.0,66799.07,66956.44,157.36999999999534,17821.46999999952
2026-02-19 03:15:00,0,0.0,1.0,66956.44,66909.99,46.44999999999709,17867.919999999518
2026-02-19 03:30:00,1,1.0,1.0,66909.99,66980.91,70.91999999999825,17938.839999999516
2026-02-19 03:45:00,0,1.0,0.0,66980.91,66985.58,-4.669999999998254,17934.169999999518
2026-02-19 04:00:00,0,0.0,1.0,66985.58,66888.17,97.41000000000349,18031.57999999952
2026-02-19 04:15:00,1,0.0,1.0,66888.17,66816.04,-72.13000000000466,17959.449999999517
2026-02-19 04:30:00,1,0.0,0.0,66816.04,66802.75,-13.289999999993597,17946.159999999523
2026-02-19 04:45:00,1,0.0,0.0,66802.75,66773.58,-29.169999999998254,17916.989999999525
2026-02-19 05:00:00,1,0.0,0.0,66773.58,66741.53,-32.05000000000291,17884.939999999522
2026-02-19 05:15:00,1,1.0,0.0,66741.53,66774.7,33.169999999998254,17918.10999999952
2026-02-19 05:30:00,1,1.0,1.0,66774.7,66871.35,96.65000000000873,18014.75999999953
2026-02-19 05:45:00,0,1.0,1.0,66871.35,66993.71,-122.36000000000058,17892.39999999953
2026-02-19 06:00:00,0,1.0,1.0,66993.71,67176.84,-183.1299999999901,17709.26999999954
2026-02-19 06:15:00,0,0.0,1.0,67176.84,67104.83,72.00999999999476,17781.279999999533
2026-02-19 06:30:00,0,1.0,1.0,67104.83,67150.12,-45.2899999999936,17735.98999999954
2026-02-19 06:45:00,0,0.0,0.0,67150.12,67141.75,8.369999999995343,17744.359999999535
2026-02-19 07:00:00,1,1.0,1.0,67141.75,67213.02,71.27000000000407,17815.62999999954
2026-02-19 07:15:00,0,0.0,0.0,67213.02,67193.46,19.55999999999767,17835.189999999537
2026-02-19 07:30:00,1,1.0,0.0,67193.46,67206.45,12.989999999990687,17848.179999999527
2026-02-19 07:45:00,0,0.0,1.0,67206.45,67062.91,143.5399999999936,17991.71999999952
2026-02-19 08:00:00,1,0.0,1.0,67062.91,66914.43,-148.48000000001048,17843.23999999951
2026-02-19 08:15:00,1,1.0,0.0,66914.43,66933.82,19.39000000001397,17862.629999999524
2026-02-19 08:30:00,1,1.0,0.0,66933.82,66966.12,32.29999999998836,17894.929999999513
2026-02-19 08:45:00,0,1.0,1.0,66966.12,67019.53,-53.41000000000349,17841.51999999951
2026-02-19 09:00:00,0,1.0,1.0,67019.53,67133.86,-114.33000000000175,17727.189999999508
2026-02-19 09:15:00,0,0.0,1.0,67133.86,67075.63,58.229999999995925,17785.419999999503
2026-02-19 09:30:00,1,0.0,1.0,67075.63,66836.0,-239.63000000000466,17545.7899999995
2026-02-19 09:45:00,1,1.0,0.0,66836.0,66871.21,35.2100000000064,17580.999999999505
2026-02-19 10:00:00,1,0.0,0.0,66871.21,66871.21,0.0,17580.999999999505
2026-02-19 10:15:00,0,1.0,1.0,66871.21,66958.3,-87.08999999999651,17493.90999999951
2026-02-19 10:30:00,0,0.0,1.0,66958.3,66843.08,115.22000000000116,17609.12999999951
2026-02-19 10:45:00,1,1.0,1.0,66843.08,66919.87,76.7899999999936,17685.919999999503
2026-02-19 11:00:00,0,0.0,1.0,66919.87,66840.92,78.94999999999709,17764.8699999995
2026-02-19 11:15:00,1,0.0,1.0,66840.92,66673.3,-167.61999999999534,17597.249999999505
2026-02-19 11:30:00,1,0.0,1.0,66673.3,66496.02,-177.27999999999884,17419.969999999506
2026-02-19 11:45:00,1,1.0,1.0,66496.02,66564.14,68.11999999999534,17488.0899999995
2026-02-19 12:00:00,1,1.0,1.0,66564.14,66669.51,105.36999999999534,17593.459999999497
2026-02-19 12:15:00,0,0.0,1.0,66669.51,66608.0,61.50999999999476,17654.969999999492
2026-02-19 12:30:00,1,0.0,1.0,66608.0,66516.67,-91.33000000000175,17563.63999999949
2026-02-19 12:45:00,1,0.0,1.0,66516.67,66387.99,-128.67999999999302,17434.959999999497
2026-02-19 13:00:00,1,0.0,1.0,66387.99,66179.23,-208.7600000000093,17226.199999999488
2026-02-19 13:15:00,1,0.0,1.0,66179.23,65965.59,-213.63999999999942,17012.55999999949
2026-02-19 13:30:00,1,0.0,1.0,65965.59,65913.37,-52.220000000001164,16960.339999999487
2026-02-19 13:45:00,1,1.0,1.0,65913.37,66039.99,126.6200000000099,17086.959999999497
2026-02-19 14:00:00,0,0.0,1.0,66039.99,65981.83,58.16000000000349,17145.1199999995
2026-02-19 14:15:00,1,1.0,1.0,65981.83,66260.56,278.7299999999959,17423.849999999497
2026-02-19 14:30:00,0,1.0,1.0,66260.56,66421.2,-160.63999999999942,17263.209999999497
2026-02-19 14:45:00,0,0.0,1.0,66421.2,66076.73,344.47000000000116,17607.6799999995
2026-02-19 15:00:00,1,0.0,0.0,66076.73,66048.01,-28.720000000001164,17578.959999999497
2026-02-19 15:15:00,1,1.0,1.0,66048.01,66474.03,426.0200000000041,18004.9799999995
2026-02-19 15:30:00,0,0.0,1.0,66474.03,66398.0,76.02999999999884,18081.0099999995
2026-02-19 15:45:00,1,0.0,1.0,66398.0,66153.73,-244.27000000000407,17836.739999999496
2026-02-19 16:00:00,1,1.0,0.0,66153.73,66188.26,34.529999999998836,17871.269999999495
2026-02-19 16:15:00,1,1.0,1.0,66188.26,66416.11,227.85000000000582,18099.1199999995
2026-02-19 16:30:00,0,0.0,1.0,66416.11,66293.53,122.58000000000175,18221.699999999502
2026-02-19 16:45:00,1,1.0,1.0,66293.53,66660.76,367.2299999999959,18588.9299999995
2026-02-19 17:00:00,0,0.0,0.0,66660.76,66621.45,39.30999999999767,18628.239999999496
2026-02-19 17:15:00,0,0.0,0.0,66621.45,66609.81,11.639999999999418,18639.879999999495
2026-02-19 17:30:00,1,0.0,1.0,66609.81,66369.42,-240.38999999999942,18399.489999999496
2026-02-19 17:45:00,1,1.0,1.0,66369.42,66639.09,269.66999999999825,18669.159999999494
2026-02-19 18:00:00,0,1.0,1.0,66639.09,66903.7,-264.6100000000006,18404.549999999494
2026-02-19 18:15:00,0,1.0,1.0,66903.7,67008.47,-104.77000000000407,18299.77999999949
2026-02-19 18:30:00,0,1.0,0.0,67008.47,67030.49,-22.020000000004075,18277.759999999485
2026-02-19 18:45:00,0,0.0,1.0,67030.49,66910.21,120.27999999999884,18398.039999999484
2026-02-19 19:00:00,0,1.0,0.0,66910.21,66935.4,-25.189999999987776,18372.849999999497
2026-02-19 19:15:00,0,0.0,1.0,66935.4,66876.78,58.61999999999534,18431.469999999492
2026-02-19 19:30:00,1,1.0,1.0,66876.78,67050.0,173.22000000000116,18604.689999999493
2026-02-19 19:45:00,0,0.0,1.0,67050.0,66974.09,75.91000000000349,18680.599999999497
2026-02-19 20:00:00,1,0.0,0.0,66974.09,66940.0,-34.08999999999651,18646.5099999995
2026-02-19 20:15:00,1,1.0,0.0,66940.0,66942.04,2.039999999993597,18648.549999999494
2026-02-19 20:30:00,0,1.0,1.0,66942.04,67149.11,-207.07000000000698,18441.479999999487
2026-02-19 20:45:00,0,0.0,1.0,67149.11,67027.9,121.2100000000064,18562.689999999493
2026-02-19 21:00:00,1,1.0,0.0,67027.9,67040.99,13.09000000001106,18575.779999999504
2026-02-19 21:15:00,1,0.0,1.0,67040.99,66958.0,-82.99000000000524,18492.7899999995
2026-02-19 21:30:00,1,0.0,1.0,66958.0,66916.51,-41.49000000000524,18451.299999999494
2026-02-19 21:45:00,1,0.0,0.0,66916.51,66891.98,-24.529999999998836,18426.769999999495
2026-02-19 22:00:00,1,0.0,1.0,66891.98,66772.0,-119.97999999999593,18306.7899999995
2026-02-19 22:15:00,1,1.0,1.0,66772.0,66852.65,80.64999999999418,18387.439999999493
2026-02-19 22:30:00,1,1.0,1.0,66852.65,66915.14,62.49000000000524,18449.9299999995
2026-02-19 22:45:00,0,0.0,1.0,66915.14,66850.77,64.36999999999534,18514.299999999494
2026-02-19 23:00:00,1,1.0,1.0,66850.77,67006.28,155.50999999999476,18669.80999999949
2026-02-19 23:15:00,0,0.0,0.0,67006.28,66965.49,40.7899999999936,18710.599999999482
2026-02-19 23:30:00,1,1.0,0.0,66965.49,67003.73,38.23999999999069,18748.839999999473
2026-02-19 23:45:00,0,1.0,1.0,67003.73,67191.72,-187.99000000000524,18560.849999999467
2026-02-20 00:00:00,0,1.0,1.0,67191.72,67388.99,-197.27000000000407,18363.579999999463
2026-02-20 00:15:00,0,0.0,1.0,67388.99,67284.01,104.98000000001048,18468.559999999474
2026-02-20 00:30:00,1,0.0,1.0,67284.01,67228.91,-55.09999999999127,18413.459999999483
2026-02-20 00:45:00,1,1.0,1.0,67228.91,67336.0,107.08999999999651,18520.54999999948
2026-02-20 01:00:00,0,0.0,1.0,67336.0,67209.61,126.38999999999942,18646.93999999948
2026-02-20 01:15:00,1,1.0,1.0,67209.61,67330.48,120.86999999999534,18767.809999999474
2026-02-20 01:30:00,0,0.0,1.0,67330.48,67279.9,50.580000000001746,18818.389999999476
2026-02-20 01:45:00,1,1.0,0.0,67279.9,67281.34,1.4400000000023283,18819.829999999478
2026-02-20 02:00:00,1,0.0,1.0,67281.34,67201.9,-79.44000000000233,18740.389999999476
2026-02-20 02:15:00,1,1.0,1.0,67201.9,67304.23,102.33000000000175,18842.719999999477
2026-02-20 02:30:00,0,0.0,1.0,67304.23,67242.03,62.19999999999709,18904.919999999474
2026-02-20 02:45:00,1,1.0,0.0,67242.03,67280.39,38.36000000000058,18943.279999999475
2026-02-20 03:00:00,0,1.0,1.0,67280.39,67414.25,-133.86000000000058,18809.419999999474
2026-02-20 03:15:00,0,0.0,1.0,67414.25,67324.97,89.27999999999884,18898.699999999473
2026-02-20 03:30:00,1,1.0,1.0,67324.97,67366.25,41.279999999998836,18939.979999999472
2026-02-20 03:45:00,0,0.0,0.0,67366.25,67326.24,40.00999999999476,18979.989999999467
2026-02-20 04:00:00,1,0.0,1.0,67326.24,67229.55,-96.69000000000233,18883.299999999464
2026-02-20 04:15:00,1,1.0,1.0,67229.55,67302.0,72.44999999999709,18955.74999999946
2026-02-20 04:30:00,0,0.0,0.0,67302.0,67264.83,37.169999999998254,18992.91999999946
2026-02-20 04:45:00,1,0.0,0.0,67264.83,67257.54,-7.290000000008149,18985.62999999945
2026-02-20 05:00:00,1,1.0,1.0,67257.54,67407.34,149.8000000000029,19135.429999999455
2026-02-20 05:15:00,0,1.0,1.0,67407.34,67910.17,-502.83000000000175,18632.599999999453
2026-02-20 05:30:00,0,0.0,1.0,67910.17,67790.1,120.06999999999243,18752.669999999445
2026-02-20 05:45:00,1,1.0,1.0,67790.1,67857.31,67.20999999999185,18819.879999999437
2026-02-20 06:00:00,0,0.0,1.0,67857.31,67721.02,136.2899999999936,18956.16999999943
2026-02-20 06:15:00,1,1.0,0.0,67721.02,67753.28,32.25999999999476,18988.429999999425
2026-02-20 06:30:00,0,1.0,1.0,67753.28,67847.47,-94.19000000000233,18894.239999999423
2026-02-20 06:45:00,0,0.0,0.0,67847.47,67822.5,24.970000000001164,18919.209999999424
2026-02-20 07:00:00,1,1.0,1.0,67822.5,67948.63,126.13000000000466,19045.33999999943
2026-02-20 07:15:00,0,0.0,1.0,67948.63,67879.79,68.84000000001106,19114.17999999944
2026-02-20 07:30:00,0,0.0,1.0,67879.79,67825.91,53.879999999990105,19168.05999999943
2026-02-20 07:45:00,1,1.0,1.0,67825.91,67869.99,44.080000000001746,19212.139999999432
2026-02-20 08:00:00,0,1.0,0.0,67869.99,67870.0,-0.00999999999476131,19212.129999999437
2026-02-20 08:15:00,0,0.0,1.0,67870.0,67792.86,77.13999999999942,19289.269999999437
2026-02-20 08:30:00,1,1.0,1.0,67792.86,67879.99,87.13000000000466,19376.39999999944
2026-02-20 08:45:00,0,1.0,1.0,67879.99,68132.01,-252.01999999998952,19124.37999999945
2026-02-20 09:00:00,0,1.0,1.0,68132.01,68200.6,-68.59000000001106,19055.78999999944
2026-02-20 09:15:00,0,0.0,1.0,68200.6,68135.42,65.18000000000757,19120.96999999945
2026-02-20 09:30:00,0,1.0,1.0,68135.42,68218.85,-83.43000000000757,19037.53999999944
2026-02-20 09:45:00,0,0.0,0.0,68218.85,68182.18,36.670000000012806,19074.209999999453
2026-02-20 10:00:00,0,1.0,1.0,68182.18,68263.0,-80.82000000000698,18993.389999999446
2026-02-20 10:15:00,0,0.0,1.0,68263.0,68162.35,100.64999999999418,19094.03999999944
2026-02-20 10:30:00,0,0.0,1.0,68162.35,67948.99,213.36000000000058,19307.39999999944
2026-02-20 10:45:00,1,0.0,1.0,67948.99,67869.99,-79.0,19228.39999999944
2026-02-20 11:00:00,1,1.0,0.0,67869.99,67874.58,4.5899999999965075,19232.989999999438
2026-02-20 11:15:00,1,0.0,1.0,67874.58,67443.55,-431.02999999999884,18801.95999999944
2026-02-20 11:30:00,1,0.0,1.0,67443.55,67318.41,-125.13999999999942,18676.81999999944
2026-02-20 11:45:00,1,1.0,1.0,67318.41,67477.54,159.1299999999901,18835.94999999943
2026-02-20 12:00:00,1,0.0,1.0,67477.54,67323.72,-153.81999999999243,18682.129999999437
2026-02-20 12:15:00,1,1.0,1.0,67323.72,67475.31,151.5899999999965,18833.719999999434
2026-02-20 12:30:00,1,1.0,1.0,67475.31,67541.77,66.4600000000064,18900.17999999944
2026-02-20 12:45:00,0,0.0,1.0,67541.77,67143.24,398.52999999999884,19298.70999999944
2026-02-20 13:00:00,1,1.0,1.0,67143.24,67202.01,58.76999999998952,19357.47999999943
2026-02-20 13:15:00,1,0.0,1.0,67202.01,66624.09,-577.9199999999983,18779.55999999943
2026-02-20 13:30:00,1,1.0,1.0,66624.09,66801.62,177.52999999999884,18957.08999999943
2026-02-20 13:45:00,1,1.0,1.0,66801.62,66926.73,125.11000000000058,19082.19999999943
2026-02-20 14:00:00,1,1.0,1.0,66926.73,66976.34,49.61000000000058,19131.80999999943
2026-02-20 14:15:00,0,1.0,1.0,66976.34,67065.3,-88.9600000000064,19042.849999999424
2026-02-20 14:30:00,0,1.0,0.0,67065.3,67069.65,-4.349999999991269,19038.499999999432
2026-02-20 14:45:00,0,0.0,1.0,67069.65,66889.91,179.7399999999907,19218.239999999423
2026-02-20 15:00:00,1,1.0,1.0,66889.91,67453.71,563.8000000000029,19782.039999999426
2026-02-20 15:15:00,0,0.0,1.0,67453.71,67229.99,223.72000000000116,20005.759999999427
2026-02-20 15:30:00,1,1.0,1.0,67229.99,67582.95,352.95999999999185,20358.71999999942
2026-02-20 15:45:00,0,1.0,1.0,67582.95,67725.13,-142.18000000000757,20216.53999999941
2026-02-20 16:00:00,0,0.0,1.0,67725.13,67316.87,408.2600000000093,20624.79999999942
2026-02-20 16:15:00,0,1.0,1.0,67316.87,67495.45,-178.58000000000175,20446.21999999942
2026-02-20 16:30:00,0,1.0,1.0,67495.45,67795.47,-300.0200000000041,20146.199999999415
2026-02-20 16:45:00,0,0.0,1.0,67795.47,67067.03,728.4400000000023,20874.639999999417
2026-02-20 17:00:00,1,0.0,0.0,67067.03,67031.71,-35.31999999999243,20839.319999999425
2026-02-20 17:15:00,1,1.0,1.0,67031.71,67238.0,206.2899999999936,21045.60999999942
2026-02-20 17:30:00,0,1.0,1.0,67238.0,67613.37,-375.36999999999534,20670.239999999423
2026-02-20 17:45:00,0,0.0,0.0,67613.37,67574.97,38.39999999999418,20708.639999999417
2026-02-20 18:00:00,1,1.0,1.0,67574.97,67664.75,89.77999999999884,20798.419999999416
2026-02-20 18:15:00,0,1.0,1.0,67664.75,67791.66,-126.91000000000349,20671.509999999413
2026-02-20 18:30:00,0,1.0,1.0,67791.66,67924.21,-132.5500000000029,20538.95999999941
2026-02-20 18:45:00,0,0.0,1.0,67924.21,67709.07,215.13999999999942,20754.09999999941
2026-02-20 19:00:00,0,0.0,1.0,67709.07,67625.23,83.84000000001106,20837.93999999942
2026-02-20 19:15:00,1,0.0,0.0,67625.23,67610.6,-14.629999999990105,20823.30999999943
2026-02-20 19:30:00,1,1.0,0.0,67610.6,67646.03,35.429999999993015,20858.739999999423
2026-02-20 19:45:00,0,1.0,1.0,67646.03,67816.34,-170.30999999999767,20688.429999999425
2026-02-20 20:00:00,0,0.0,1.0,67816.34,67580.1,236.2399999999907,20924.669999999416
2026-02-20 20:15:00,1,1.0,1.0,67580.1,67734.0,153.89999999999418,21078.56999999941
2026-02-20 20:30:00,0,1.0,0.0,67734.0,67750.4,-16.39999999999418,21062.169999999416
2026-02-20 20:45:00,0,0.0,0.0,67750.4,67720.54,29.860000000000582,21092.029999999417
2026-02-20 21:00:00,1,1.0,0.0,67720.54,67746.05,25.510000000009313,21117.539999999426
2026-02-20 21:15:00,0,1.0,0.0,67746.05,67764.0,-17.94999999999709,21099.58999999943
2026-02-20 21:30:00,0,1.0,1.0,67764.0,67825.87,-61.86999999999534,21037.719999999434
2026-02-20 21:45:00,0,0.0,1.0,67825.87,67659.4,166.47000000000116,21204.189999999435
2026-02-20 22:00:00,0,1.0,1.0,67659.4,67936.48,-277.08000000000175,20927.109999999433
2026-02-20 22:15:00,0,1.0,0.0,67936.48,67963.75,-27.270000000004075,20899.83999999943
2026-02-20 22:30:00,0,1.0,1.0,67963.75,68078.13,-114.38000000000466,20785.459999999424
2026-02-20 22:45:00,0,0.0,1.0,68078.13,68026.4,51.73000000001048,20837.189999999435
2026-02-20 23:00:00,0,0.0,0.0,68026.4,67996.48,29.919999999998254,20867.109999999433
2026-02-20 23:15:00,0,0.0,0.0,67996.48,67975.91,20.569999999992433,20887.679999999425
2026-02-20 23:30:00,0,1.0,1.0,67975.91,68020.01,-44.09999999999127,20843.579999999434
2026-02-20 23:45:00,0,0.0,0.0,68020.01,68017.36,2.6499999999941792,20846.22999999943
2026-02-21 00:00:00,0,0.0,1.0,68017.36,67927.99,89.36999999999534,20935.599999999424
2026-02-21 00:15:00,1,0.0,1.0,67927.99,67840.67,-87.32000000000698,20848.279999999417
2026-02-21 00:30:00,1,1.0,0.0,67840.67,67841.0,0.33000000000174623,20848.60999999942
2026-02-21 00:45:00,1,1.0,1.0,67841.0,67928.82,87.82000000000698,20936.429999999425
2026-02-21 01:00:00,0,0.0,1.0,67928.82,67856.59,72.23000000001048,21008.659999999436
2026-02-21 01:15:00,1,1.0,1.0,67856.59,67976.28,119.69000000000233,21128.34999999944
2026-02-21 01:30:00,0,0.0,0.0,67976.28,67951.24,25.039999999993597,21153.389999999432
2026-02-21 01:45:00,0,1.0,0.0,67951.24,67989.01,-37.76999999998952,21115.619999999442
2026-02-21 02:00:00,0,1.0,1.0,67989.01,68055.21,-66.20000000001164,21049.41999999943
2026-02-21 02:15:00,0,1.0,0.0,68055.21,68077.87,-22.65999999998894,21026.75999999944
2026-02-21 02:30:00,0,0.0,1.0,68077.87,68001.05,76.81999999999243,21103.579999999434
2026-02-21 02:45:00,0,0.0,1.0,68001.05,67761.42,239.63000000000466,21343.20999999944
2026-02-21 03:00:00,1,1.0,0.0,67761.42,67800.29,38.86999999999534,21382.079999999434
2026-02-21 03:15:00,0,0.0,1.0,67800.29,67616.93,183.36000000000058,21565.439999999435
2026-02-21 03:30:00,1,1.0,1.0,67616.93,67667.77,50.84000000001106,21616.279999999446
2026-02-21 03:45:00,0,0.0,0.0,67667.77,67662.19,5.580000000001746,21621.859999999448
2026-02-21 04:00:00,1,1.0,1.0,67662.19,67717.0,54.80999999999767,21676.669999999445
2026-02-21 04:15:00,0,0.0,0.0,67717.0,67691.82,25.179999999993015,21701.84999999944
2026-02-21 04:30:00,1,1.0,1.0,67691.82,67816.97,125.14999999999418,21826.999999999432
2026-02-21 04:45:00,0,1.0,0.0,67816.97,67848.19,-31.220000000001164,21795.77999999943
2026-02-21 05:00:00,0,1.0,0.0,67848.19,67860.94,-12.75,21783.02999999943
2026-02-21 05:15:00,0,0.0,0.0,67860.94,67858.55,2.389999999999418,21785.41999999943
2026-02-21 05:30:00,0,0.0,0.0,67858.55,67851.93,6.620000000009895,21792.03999999944
2026-02-21 05:45:00,0,1.0,1.0,67851.93,67917.32,-65.39000000001397,21726.649999999427
2026-02-21 06:00:00,0,0.0,1.0,67917.32,67873.26,44.060000000012224,21770.70999999944
2026-02-21 06:15:00,0,0.0,1.0,67873.26,67783.71,89.54999999998836,21860.259999999427
2026-02-21 06:30:00,1,1.0,0.0,67783.71,67793.38,9.669999999998254,21869.929999999425
2026-02-21 06:45:00,0,1.0,0.0,67793.38,67825.45,-32.06999999999243,21837.859999999433
2026-02-21 07:00:00,0,1.0,0.0,67825.45,67856.01,-30.55999999999767,21807.299999999435
2026-02-21 07:15:00,0,0.0,0.0,67856.01,67834.07,21.939999999987776,21829.239999999423
2026-02-21 07:30:00,0,1.0,0.0,67834.07,67856.01,-21.939999999987776,21807.299999999435
2026-02-21 07:45:00,0,1.0,1.0,67856.01,67910.49,-54.48000000001048,21752.819999999425
2026-02-21 08:00:00,0,1.0,1.0,67910.49,67980.85,-70.36000000000058,21682.459999999424
2026-02-21 08:15:00,0,1.0,0.0,67980.85,68000.02,-19.169999999998254,21663.289999999426
2026-02-21 08:30:00,0,1.0,1.0,68000.02,68055.03,-55.00999999999476,21608.27999999943
2026-02-21 08:45:00,0,0.0,1.0,68055.03,68000.27,54.75999999999476,21663.039999999426
2026-02-21 09:00:00,0,1.0,1.0,68000.27,68235.09,-234.81999999999243,21428.219999999434
2026-02-21 09:15:00,0,0.0,0.0,68235.09,68194.9,40.19000000000233,21468.409999999436
2026-02-21 09:30:00,0,0.0,1.0,68194.9,68147.53,47.36999999999534,21515.77999999943
2026-02-21 09:45:00,0,1.0,0.0,68147.53,68182.25,-34.720000000001164,21481.05999999943
2026-02-21 10:00:00,0,1.0,0.0,68182.25,68184.94,-2.6900000000023283,21478.369999999428
2026-02-21 10:15:00,0,1.0,1.0,68184.94,68230.84,-45.89999999999418,21432.469999999434
2026-02-21 10:30:00,0,0.0,0.0,68230.84,68215.54,15.30000000000291,21447.769999999437
2026-02-21 10:45:00,0,1.0,1.0,68215.54,68269.92,-54.38000000000466,21393.389999999432
2026-02-21 11:00:00,0,0.0,1.0,68269.92,68185.61,84.30999999999767,21477.69999999943
2026-02-21 11:15:00,0,0.0,1.0,68185.61,68094.0,91.61000000000058,21569.30999999943
2026-02-21 11:30:00,0,0.0,0.0,68094.0,68092.45,1.5500000000029104,21570.859999999433
2026-02-21 11:45:00,0,0.0,1.0,68092.45,67989.96,102.48999999999069,21673.349999999424
2026-02-21 12:00:00,1,0.0,0.0,67989.96,67968.0,-21.960000000006403,21651.389999999417
2026-02-21 12:15:00,1,1.0,1.0,67968.0,68031.31,63.30999999999767,21714.699999999415
2026-02-21 12:30:00,0,1.0,1.0,68031.31,68203.42,-172.11000000000058,21542.589999999414
2026-02-21 12:45:00,0,0.0,1.0,68203.42,68147.29,56.13000000000466,21598.71999999942
2026-02-21 13:00:00,0,1.0,1.0,68147.29,68237.93,-90.63999999999942,21508.07999999942
2026-02-21 13:15:00,0,0.0,1.0,68237.93,68167.61,70.31999999999243,21578.399999999412
2026-02-21 13:30:00,0,1.0,1.0,68167.61,68259.99,-92.38000000000466,21486.019999999407
2026-02-21 13:45:00,0,1.0,0.0,68259.99,68267.99,-8.0,21478.019999999407
2026-02-21 14:00:00,0,1.0,1.0,68267.99,68432.8,-164.80999999999767,21313.20999999941
2026-02-21 14:15:00,0,1.0,1.0,68432.8,68541.67,-108.86999999999534,21204.339999999414
2026-02-21 14:30:00,0,0.0,1.0,68541.67,68450.01,91.66000000000349,21295.999999999418
2026-02-21 14:45:00,0,1.0,0.0,68450.01,68489.47,-39.4600000000064,21256.53999999941
2026-02-21 15:00:00,0,0.0,0.0,68489.47,68453.61,35.86000000000058,21292.399999999412
2026-02-21 15:15:00,0,1.0,1.0,68453.61,68631.72,-178.11000000000058,21114.28999999941
2026-02-21 15:30:00,0,0.0,0.0,68631.72,68615.0,16.720000000001164,21131.009999999413
2026-02-21 15:45:00,0,0.0,1.0,68615.0,68356.78,258.22000000000116,21389.229999999414
2026-02-21 16:00:00,1,0.0,1.0,68356.78,68274.36,-82.41999999999825,21306.809999999416
2026-02-21 16:15:00,1,1.0,1.0,68274.36,68356.0,81.63999999999942,21388.449999999415
2026-02-21 16:30:00,0,0.0,0.0,68356.0,68322.6,33.39999999999418,21421.84999999941
2026-02-21 16:45:00,1,0.0,1.0,68322.6,68264.45,-58.15000000000873,21363.6999999994
2026-02-21 17:00:00,1,1.0,0.0,68264.45,68283.38,18.930000000007567,21382.629999999408
2026-02-21 17:15:00,0,1.0,1.0,68283.38,68425.6,-142.22000000000116,21240.409999999407
2026-02-21 17:30:00,0,1.0,0.0,68425.6,68437.45,-11.849999999991269,21228.559999999416
2026-02-21 17:45:00,0,0.0,0.0,68437.45,68407.61,29.839999999996508,21258.399999999412
2026-02-21 18:00:00,0,1.0,1.0,68407.61,68490.45,-82.83999999999651,21175.559999999416
2026-02-21 18:15:00,0,1.0,1.0,68490.45,68546.03,-55.580000000001746,21119.979999999414
2026-02-21 18:30:00,0,1.0,0.0,68546.03,68574.0,-27.970000000001164,21092.009999999413
2026-02-21 18:45:00,0,1.0,0.0,68574.0,68591.34,-17.339999999996508,21074.669999999416
2026-02-21 19:00:00,0,0.0,0.0,68591.34,68573.68,17.660000000003492,21092.32999999942
2026-02-21 19:15:00,0,1.0,1.0,68573.68,68627.16,-53.48000000001048,21038.84999999941
2026-02-21 19:30:00,0,0.0,1.0,68627.16,68543.51,83.65000000000873,21122.499999999418
2026-02-21 19:45:00,0,0.0,1.0,68543.51,68489.18,54.330000000001746,21176.82999999942
2026-02-21 20:00:00,1,1.0,1.0,68489.18,68565.05,75.8700000000099,21252.69999999943
2026-02-21 20:15:00,0,0.0,1.0,68565.05,68385.3,179.75,21432.44999999943
2026-02-21 20:30:00,1,0.0,1.0,68385.3,68211.19,-174.11000000000058,21258.33999999943
2026-02-21 20:45:00,1,1.0,1.0,68211.19,68291.03,79.83999999999651,21338.179999999425
2026-02-21 21:00:00,0,1.0,1.0,68291.03,68345.55,-54.520000000004075,21283.65999999942
2026-02-21 21:15:00,0,0.0,1.0,68345.55,68289.88,55.669999999998254,21339.32999999942
2026-02-21 21:30:00,0,1.0,1.0,68289.88,68379.95,-90.06999999999243,21249.259999999427
2026-02-21 21:45:00,0,0.0,1.0,68379.95,68251.3,128.64999999999418,21377.90999999942
2026-02-21 22:00:00,0,1.0,0.0,68251.3,68263.55,-12.25,21365.65999999942
2026-02-21 22:15:00,0,0.0,1.0,68263.55,68099.02,164.52999999999884,21530.18999999942
2026-02-21 22:30:00,0,0.0,1.0,68099.02,67972.0,127.02000000000407,21657.209999999424
2026-02-21 22:45:00,1,0.0,0.0,67972.0,67950.48,-21.520000000004075,21635.68999999942
2026-02-21 23:00:00,1,1.0,1.0,67950.48,68075.77,125.29000000000815,21760.97999999943
2026-02-21 23:15:00,0,0.0,0.0,68075.77,68058.0,17.770000000004075,21778.749999999432
2026-02-21 23:30:00,1,0.0,1.0,68058.0,67975.93,-82.07000000000698,21696.679999999425
2026-02-21 23:45:00,1,1.0,1.0,67975.93,68015.09,39.16000000000349,21735.83999999943
2026-02-22 00:00:00,0,0.0,1.0,68015.09,67856.03,159.05999999999767,21894.899999999427
2026-02-22 00:15:00,1,0.0,0.0,67856.03,67846.01,-10.020000000004075,21884.879999999423
2026-02-22 00:30:00,1,1.0,1.0,67846.01,67946.0,99.99000000000524,21984.869999999428
2026-02-22 00:45:00,0,1.0,1.0,67946.0,68033.38,-87.38000000000466,21897.489999999423
2026-02-22 01:00:00,0,1.0,1.0,68033.38,68116.6,-83.22000000000116,21814.269999999422
2026-02-22 01:15:00,0,1.0,0.0,68116.6,68126.46,-9.860000000000582,21804.40999999942
2026-02-22 01:30:00,0,1.0,0.0,68126.46,68159.31,-32.84999999999127,21771.55999999943
2026-02-22 01:45:00,0,1.0,1.0,68159.31,68215.41,-56.10000000000582,21715.459999999424
2026-02-22 02:00:00,0,0.0,1.0,68215.41,68056.09,159.32000000000698,21874.77999999943
2026-02-22 02:15:00,0,0.0,1.0,68056.09,67983.82,72.26999999998952,21947.04999999942
2026-02-22 02:30:00,0,0.0,1.0,67983.82,67909.68,74.14000000001397,22021.189999999435
2026-02-22 02:45:00,1,1.0,1.0,67909.68,68018.0,108.32000000000698,22129.50999999944
2026-02-22 03:00:00,0,0.0,1.0,68018.0,67968.68,49.320000000006985,22178.82999999945
2026-02-22 03:15:00,1,1.0,0.0,67968.68,67992.9,24.220000000001164,22203.04999999945
2026-02-22 03:30:00,0,1.0,1.0,67992.9,68041.43,-48.529999999998836,22154.51999999945
2026-02-22 03:45:00,0,1.0,0.0,68041.43,68069.63,-28.20000000001164,22126.31999999944
2026-02-22 04:00:00,0,0.0,1.0,68069.63,68013.4,56.23000000001048,22182.54999999945
2026-02-22 04:15:00,0,0.0,0.0,68013.4,67987.14,26.25999999999476,22208.809999999445
2026-02-22 04:30:00,1,0.0,0.0,67987.14,67983.5,-3.639999999999418,22205.169999999445
2026-02-22 04:45:00,1,0.0,1.0,67983.5,67913.79,-69.7100000000064,22135.45999999944
2026-02-22 05:00:00,1,1.0,0.0,67913.79,67947.88,34.09000000001106,22169.54999999945
2026-02-22 05:15:00,0,0.0,0.0,67947.88,67940.1,7.779999999998836,22177.32999999945
2026-02-22 05:30:00,1,1.0,1.0,67940.1,67977.52,37.419999999998254,22214.749999999447
2026-02-22 05:45:00,0,1.0,1.0,67977.52,68046.27,-68.75,22145.999999999447
2026-02-22 06:00:00,0,1.0,1.0,68046.27,68116.5,-70.22999999999593,22075.76999999945
2026-02-22 06:15:00,0,0.0,1.0,68116.5,68058.61,57.88999999999942,22133.65999999945
2026-02-22 06:30:00,0,0.0,0.0,68058.61,68038.13,20.479999999995925,22154.139999999446
2026-02-22 06:45:00,1,0.0,0.0,68038.13,68036.27,-1.860000000000582,22152.279999999446
2026-02-22 07:00:00,1,0.0,0.0,68036.27,68023.58,-12.690000000002328,22139.589999999444
2026-02-22 07:15:00,1,1.0,1.0,68023.58,68085.95,62.36999999999534,22201.95999999944
2026-02-22 07:30:00,0,0.0,1.0,68085.95,68005.3,80.64999999999418,22282.609999999433
2026-02-22 07:45:00,1,0.0,0.0,68005.3,67986.78,-18.520000000004075,22264.08999999943
2026-02-22 08:00:00,1,0.0,0.0,67986.78,67963.26,-23.520000000004075,22240.569999999425
2026-02-22 08:15:00,1,0.0,0.0,67963.26,67959.13,-4.129999999990105,22236.439999999435
2026-02-22 08:30:00,1,0.0,0.0,67959.13,67950.1,-9.029999999998836,22227.409999999436
2026-02-22 08:45:00,1,1.0,1.0,67950.1,68043.03,92.92999999999302,22320.33999999943
2026-02-22 09:00:00,1,0.0,0.0,68043.03,68024.11,-18.919999999998254,22301.41999999943
2026-02-22 09:15:00,1,1.0,0.0,68024.11,68050.56,26.44999999999709,22327.869999999428
2026-02-22 09:30:00,0,1.0,0.0,68050.56,68053.32,-2.7600000000093132,22325.10999999942
2026-02-22 09:45:00,0,0.0,0.0,68053.32,68045.41,7.9100000000034925,22333.019999999422
2026-02-22 10:00:00,0,1.0,1.0,68045.41,68090.44,-45.029999999998836,22287.989999999423
2026-02-22 10:15:00,0,1.0,0.0,68090.44,68099.36,-8.919999999998254,22279.069999999425
2026-02-22 10:30:00,0,1.0,0.0,68099.36,68129.56,-30.19999999999709,22248.869999999428
2026-02-22 10:45:00,0,1.0,1.0,68129.56,68207.6,-78.04000000000815,22170.82999999942
2026-02-22 11:00:00,0,1.0,0.0,68207.6,68231.0,-23.39999999999418,22147.429999999425
2026-02-22 11:15:00,0,0.0,1.0,68231.0,68186.45,44.55000000000291,22191.97999999943
2026-02-22 11:30:00,0,1.0,0.0,68186.45,68219.97,-33.520000000004075,22158.459999999424
2026-02-22 11:45:00,0,0.0,1.0,68219.97,68012.16,207.80999999999767,22366.269999999422
2026-02-22 12:00:00,1,1.0,1.0,68012.16,68077.15,64.98999999999069,22431.259999999413
2026-02-22 12:15:00,0,0.0,1.0,68077.15,67892.4,184.75,22616.009999999413
2026-02-22 12:30:00,1,1.0,1.0,67892.4,67928.22,35.820000000006985,22651.82999999942
2026-02-22 12:45:00,0,1.0,1.0,67928.22,67988.56,-60.33999999999651,22591.489999999423
2026-02-22 13:00:00,0,0.0,1.0,67988.56,67930.51,58.05000000000291,22649.539999999426
2026-02-22 13:15:00,0,0.0,1.0,67930.51,67633.61,296.8999999999942,22946.43999999942
2026-02-22 13:30:00,1,1.0,0.0,67633.61,67652.38,18.770000000004075,22965.209999999424
2026-02-22 13:45:00,0,0.0,0.0,67652.38,67650.31,2.070000000006985,22967.27999999943
2026-02-22 14:00:00,1,0.0,0.0,67650.31,67626.45,-23.860000000000582,22943.41999999943
2026-02-22 14:15:00,1,0.0,1.0,67626.45,67440.0,-186.4499999999971,22756.969999999434
2026-02-22 14:30:00,1,1.0,0.0,67440.0,67443.89,3.889999999999418,22760.859999999433
2026-02-22 14:45:00,1,0.0,0.0,67443.89,67413.99,-29.89999999999418,22730.95999999944
2026-02-22 15:00:00,1,1.0,1.0,67413.99,67599.03,185.0399999999936,22915.999999999432
2026-02-22 15:15:00,0,1.0,1.0,67599.03,67777.51,-178.47999999999593,22737.519999999437
2026-02-22 15:30:00,0,0.0,1.0,67777.51,67684.14,93.36999999999534,22830.889999999432
2026-02-22 15:45:00,0,0.0,1.0,67684.14,67581.6,102.5399999999936,22933.429999999425
2026-02-22 16:00:00,1,0.0,1.0,67581.6,67535.74,-45.86000000000058,22887.569999999425
2026-02-22 16:15:00,1,1.0,1.0,67535.74,67569.39,33.64999999999418,22921.21999999942
2026-02-22 16:30:00,0,1.0,1.0,67569.39,67632.76,-63.36999999999534,22857.849999999424
2026-02-22 16:45:00,0,0.0,1.0,67632.76,67571.29,61.470000000001164,22919.319999999425
2026-02-22 17:00:00,1,0.0,1.0,67571.29,67496.27,-75.01999999998952,22844.299999999435
2026-02-22 17:15:00,1,0.0,1.0,67496.27,67260.75,-235.52000000000407,22608.77999999943
2026-02-22 17:30:00,1,1.0,1.0,67260.75,67384.49,123.74000000000524,22732.519999999437
2026-02-22 17:45:00,0,1.0,0.0,67384.49,67403.06,-18.569999999992433,22713.949999999444
2026-02-22 18:00:00,0,0.0,1.0,67403.06,67340.58,62.479999999995925,22776.42999999944
2026-02-22 18:15:00,1,1.0,1.0,67340.58,67376.13,35.55000000000291,22811.979999999443
2026-02-22 18:30:00,1,1.0,1.0,67376.13,67422.62,46.48999999999069,22858.469999999434
2026-02-22 18:45:00,0,0.0,0.0,67422.62,67411.89,10.729999999995925,22869.19999999943
2026-02-22 19:00:00,1,1.0,0.0,67411.89,67433.58,21.69000000000233,22890.889999999432
2026-02-22 19:15:00,1,1.0,1.0,67433.58,67484.41,50.830000000001746,22941.719999999434
2026-02-22 19:30:00,0,0.0,1.0,67484.41,67428.32,56.08999999999651,22997.80999999943
2026-02-22 19:45:00,1,0.0,1.0,67428.32,67385.78,-42.54000000000815,22955.269999999422
2026-02-22 20:00:00,1,1.0,1.0,67385.78,67450.55,64.77000000000407,23020.039999999426
2026-02-22 20:15:00,0,0.0,1.0,67450.55,67414.14,36.41000000000349,23056.44999999943
2026-02-22 20:30:00,1,0.0,0.0,67414.14,67401.74,-12.39999999999418,23044.049999999435
2026-02-22 20:45:00,1,1.0,1.0,67401.74,67447.92,46.179999999993015,23090.22999999943
2026-02-22 21:00:00,0,1.0,0.0,67447.92,67458.45,-10.529999999998836,23079.69999999943
2026-02-22 21:15:00,0,1.0,1.0,67458.45,67591.14,-132.69000000000233,22947.009999999427
2026-02-22 21:30:00,0,1.0,0.0,67591.14,67612.66,-21.520000000004075,22925.489999999423
2026-02-22 21:45:00,0,0.0,1.0,67612.66,67510.4,102.26000000000931,23027.749999999432
2026-02-22 22:00:00,0,1.0,1.0,67510.4,67594.09,-83.69000000000233,22944.05999999943
2026-02-22 22:15:00,0,1.0,1.0,67594.09,67679.27,-85.18000000000757,22858.879999999423
2026-02-22 22:30:00,0,0.0,0.0,67679.27,67666.16,13.110000000000582,22871.989999999423
2026-02-22 22:45:00,0,0.0,1.0,67666.16,67497.03,169.13000000000466,23041.119999999428
2026-02-22 23:00:00,1,1.0,1.0,67497.03,67606.64,109.61000000000058,23150.72999999943
2026-02-22 23:15:00,0,0.0,1.0,67606.64,67508.55,98.08999999999651,23248.819999999425
2026-02-22 23:30:00,1,1.0,1.0,67508.55,67643.4,134.84999999999127,23383.669999999416
2026-02-22 23:45:00,0,0.0,0.0,67643.4,67627.55,15.849999999991269,23399.519999999407
2026-02-23 00:00:00,0,0.0,1.0,67627.55,67474.01,153.54000000000815,23553.059999999416
2026-02-23 00:15:00,1,0.0,1.0,67474.01,67180.25,-293.75999999999476,23259.29999999942
2026-02-23 00:30:00,1,0.0,1.0,67180.25,66740.47,-439.77999999999884,22819.519999999422
2026-02-23 00:45:00,1,0.0,1.0,66740.47,65481.74,-1258.7300000000032,21560.78999999942
2026-02-23 01:00:00,1,0.0,1.0,65481.74,65050.0,-431.73999999999796,21129.04999999942
2026-02-23 01:15:00,1,1.0,1.0,65050.0,65123.14,73.13999999999942,21202.18999999942
2026-02-23 01:30:00,1,0.0,1.0,65123.14,64427.65,-695.489999999998,20506.699999999422
2026-02-23 01:45:00,1,1.0,1.0,64427.65,64762.87,335.22000000000116,20841.919999999423
2026-02-23 02:00:00,1,0.0,0.0,64762.87,64759.75,-3.1200000000026193,20838.79999999942
2026-02-23 02:15:00,0,1.0,1.0,64759.75,64844.68,-84.93000000000029,20753.86999999942
2026-02-23 02:30:00,1,0.0,1.0,64844.68,64783.56,-61.12000000000262,20692.749999999418
2026-02-23 02:45:00,1,1.0,1.0,64783.56,64939.65,156.09000000000378,20848.83999999942
2026-02-23 03:00:00,1,0.0,1.0,64939.65,64769.26,-170.38999999999942,20678.449999999422
2026-02-23 03:15:00,1,1.0,1.0,64769.26,65016.75,247.48999999999796,20925.93999999942
2026-02-23 03:30:00,1,0.0,1.0,65016.75,64934.17,-82.58000000000175,20843.35999999942
2026-02-23 03:45:00,1,1.0,1.0,64934.17,65023.03,88.86000000000058,20932.21999999942
2026-02-23 04:00:00,1,0.0,1.0,65023.03,64778.13,-244.90000000000146,20687.319999999418
2026-02-23 04:15:00,1,0.0,1.0,64778.13,64728.73,-49.39999999999418,20637.919999999423
2026-02-23 04:30:00,1,1.0,1.0,64728.73,64808.31,79.57999999999447,20717.499999999418
2026-02-23 04:45:00,1,1.0,1.0,64808.31,65096.27,287.9599999999991,21005.459999999417
2026-02-23 05:00:00,0,0.0,1.0,65096.27,65044.73,51.5399999999936,21056.99999999941
2026-02-23 05:15:00,1,0.0,0.0,65044.73,65024.69,-20.040000000000873,21036.95999999941
2026-02-23 05:30:00,1,1.0,1.0,65024.69,65070.9,46.20999999999913,21083.16999999941
2026-02-23 05:45:00,0,1.0,1.0,65070.9,65363.79,-292.8899999999994,20790.27999999941
2026-02-23 06:00:00,0,0.0,1.0,65363.79,65310.0,53.79000000000087,20844.06999999941
2026-02-23 06:15:00,1,1.0,1.0,65310.0,65533.4,223.40000000000146,21067.46999999941
2026-02-23 06:30:00,1,1.0,1.0,65533.4,65757.32,223.92000000000553,21291.389999999417
2026-02-23 06:45:00,0,1.0,0.0,65757.32,65785.56,-28.239999999990687,21263.149999999427
2026-02-23 07:00:00,0,0.0,1.0,65785.56,65689.65,95.91000000000349,21359.05999999943
2026-02-23 07:15:00,1,1.0,1.0,65689.65,65949.06,259.4100000000035,21618.469999999434
2026-02-23 07:30:00,1,1.0,0.0,65949.06,65958.94,9.880000000004657,21628.34999999944
2026-02-23 07:45:00,0,0.0,1.0,65958.94,65845.72,113.22000000000116,21741.56999999944
2026-02-23 08:00:00,1,0.0,1.0,65845.72,65682.68,-163.04000000000815,21578.52999999943
2026-02-23 08:15:00,1,0.0,1.0,65682.68,65618.09,-64.58999999999651,21513.939999999435
2026-02-23 08:30:00,1,1.0,1.0,65618.09,65676.44,58.35000000000582,21572.28999999944
2026-02-23 08:45:00,1,1.0,1.0,65676.44,65816.87,140.42999999999302,21712.719999999434
2026-02-23 09:00:00,0,1.0,0.0,65816.87,65844.09,-27.220000000001164,21685.499999999432
2026-02-23 09:15:00,0,1.0,1.0,65844.09,66275.84,-431.75,21253.749999999432
2026-02-23 09:30:00,0,1.0,1.0,66275.84,66404.91,-129.07000000000698,21124.679999999425
2026-02-23 09:45:00,0,0.0,1.0,66404.91,66317.4,87.51000000000931,21212.189999999435
2026-02-23 10:00:00,0,1.0,1.0,66317.4,66363.25,-45.85000000000582,21166.33999999943
2026-02-23 10:15:00,0,0.0,0.0,66363.25,66342.62,20.630000000004657,21186.969999999434
2026-02-23 10:30:00,0,0.0,0.0,66342.62,66319.69,22.929999999993015,21209.899999999427
2026-02-23 10:45:00,1,1.0,1.0,66319.69,66367.07,47.38000000000466,21257.27999999943
2026-02-23 11:00:00,1,0.0,1.0,66367.07,66325.3,-41.770000000004075,21215.509999999427
2026-02-23 11:15:00,1,0.0,1.0,66325.3,66128.0,-197.3000000000029,21018.209999999424
2026-02-23 11:30:00,1,1.0,1.0,66128.0,66207.23,79.22999999999593,21097.43999999942
2026-02-23 11:45:00,1,1.0,0.0,66207.23,66220.81,13.580000000001746,21111.019999999422
2026-02-23 12:00:00,0,0.0,1.0,66220.81,66138.83,81.97999999999593,21192.999999999418
2026-02-23 12:15:00,1,1.0,1.0,66138.83,66419.33,280.5,21473.499999999418
2026-02-23 12:30:00,0,0.0,1.0,66419.33,66280.4,138.93000000000757,21612.429999999425
2026-02-23 12:45:00,1,0.0,1.0,66280.4,66220.51,-59.88999999999942,21552.539999999426
2026-02-23 13:00:00,1,1.0,0.0,66220.51,66226.66,6.150000000008731,21558.689999999435
2026-02-23 13:15:00,0,1.0,1.0,66226.66,66353.16,-126.5,21432.189999999435
2026-02-23 13:30:00,0,0.0,1.0,66353.16,66132.66,220.5,21652.689999999435
2026-02-23 13:45:00,1,1.0,1.0,66132.66,66243.4,110.73999999999069,21763.429999999425
2026-02-23 14:00:00,1,0.0,1.0,66243.4,66086.27,-157.1299999999901,21606.299999999435
2026-02-23 14:15:00,1,0.0,1.0,66086.27,65832.41,-253.86000000000058,21352.439999999435
2026-02-23 14:30:00,1,1.0,1.0,65832.41,65923.53,91.11999999999534,21443.55999999943
2026-02-23 14:45:00,1,1.0,0.0,65923.53,65958.25,34.720000000001164,21478.27999999943
2026-02-23 15:00:00,0,0.0,1.0,65958.25,65806.54,151.7100000000064,21629.989999999438
2026-02-23 15:15:00,1,0.0,0.0,65806.54,65794.14,-12.39999999999418,21617.589999999444
2026-02-23 15:30:00,1,0.0,1.0,65794.14,65660.1,-134.0399999999936,21483.54999999945
2026-02-23 15:45:00,1,0.0,1.0,65660.1,65225.99,-434.11000000000786,21049.439999999442
2026-02-23 16:00:00,1,1.0,1.0,65225.99,65633.14,407.15000000000146,21456.589999999444
2026-02-23 16:15:00,1,0.0,1.0,65633.14,65572.57,-60.56999999999243,21396.01999999945
2026-02-23 16:30:00,1,0.0,1.0,65572.57,65364.65,-207.92000000000553,21188.099999999446
2026-02-23 16:45:00,1,0.0,1.0,65364.65,65081.03,-283.6200000000026,20904.479999999443
2026-02-23 17:00:00,1,0.0,1.0,65081.03,64579.25,-501.77999999999884,20402.699999999444
2026-02-23 17:15:00,1,0.0,1.0,64579.25,64467.13,-112.12000000000262,20290.57999999944
2026-02-23 17:30:00,1,1.0,1.0,64467.13,64813.26,346.13000000000466,20636.709999999446
2026-02-23 17:45:00,1,0.0,0.0,64813.26,64781.97,-31.290000000000873,20605.419999999445
2026-02-23 18:00:00,1,1.0,1.0,64781.97,64818.83,36.86000000000058,20642.279999999446
2026-02-23 18:15:00,1,1.0,1.0,64818.83,64891.99,73.15999999999622,20715.439999999442
2026-02-23 18:30:00,0,0.0,1.0,64891.99,64635.49,256.5,20971.939999999442
2026-02-23 18:45:00,1,1.0,1.0,64635.49,64698.0,62.51000000000204,21034.449999999444
2026-02-23 19:00:00,1,0.0,1.0,64698.0,64463.84,-234.1600000000035,20800.28999999944
2026-02-23 19:15:00,1,0.0,1.0,64463.84,64213.24,-250.59999999999854,20549.689999999442
2026-02-23 19:30:00,1,1.0,1.0,64213.24,64295.1,81.86000000000058,20631.549999999443
2026-02-23 19:45:00,1,0.0,1.0,64295.1,63961.55,-333.54999999999563,20297.999999999447
2026-02-23 20:00:00,1,1.0,1.0,63961.55,64004.36,42.80999999999767,20340.809999999445
2026-02-23 20:15:00,1,1.0,1.0,64004.36,64269.42,265.0599999999977,20605.869999999442
2026-02-23 20:30:00,0,1.0,1.0,64269.42,64473.14,-203.72000000000116,20402.14999999944
2026-02-23 20:45:00,0,1.0,1.0,64473.14,64599.99,-126.84999999999854,20275.299999999443
2026-02-23 21:00:00,0,0.0,1.0,64599.99,64558.27,41.720000000001164,20317.019999999444
2026-02-23 21:15:00,1,1.0,1.0,64558.27,64649.68,91.41000000000349,20408.429999999447
2026-02-23 21:30:00,0,0.0,1.0,64649.68,64580.66,69.0199999999968,20477.449999999444
2026-02-23 21:45:00,1,1.0,1.0,64580.66,64968.59,387.929999999993,20865.379999999437
2026-02-23 22:00:00,1,0.0,0.0,64968.59,64941.99,-26.599999999998545,20838.77999999944
2026-02-23 22:15:00,1,0.0,1.0,64941.99,64794.5,-147.48999999999796,20691.28999999944
2026-02-23 22:30:00,1,0.0,1.0,64794.5,64725.56,-68.94000000000233,20622.34999999944
2026-02-23 22:45:00,1,1.0,1.0,64725.56,64860.22,134.6600000000035,20757.00999999944
2026-02-23 23:00:00,1,0.0,0.0,64860.22,64839.94,-20.279999999998836,20736.729999999443
2026-02-23 23:15:00,1,0.0,1.0,64839.94,64621.91,-218.02999999999884,20518.699999999444
2026-02-23 23:30:00,1,1.0,0.0,64621.91,64656.02,34.109999999993306,20552.809999999437
2026-02-23 23:45:00,1,1.0,1.0,64656.02,64895.02,239.0,20791.809999999437
2026-02-24 00:00:00,0,0.0,0.0,64895.02,64858.78,36.23999999999796,20828.049999999435
2026-02-24 00:15:00,1,1.0,1.0,64858.78,64918.95,60.169999999998254,20888.219999999434
2026-02-24 00:30:00,0,1.0,0.0,64918.95,64941.43,-22.4800000000032,20865.73999999943
2026-02-24 00:45:00,0,0.0,1.0,64941.43,64324.95,616.4800000000032,21482.219999999434
2026-02-24 01:00:00,1,1.0,1.0,64324.95,64432.9,107.95000000000437,21590.169999999438
2026-02-24 01:15:00,1,0.0,1.0,64432.9,64334.0,-98.90000000000146,21491.269999999437
2026-02-24 01:30:00,1,0.0,1.0,64334.0,64160.27,-173.7300000000032,21317.539999999433
2026-02-24 01:45:00,1,1.0,1.0,64160.27,64245.23,84.9600000000064,21402.49999999944
2026-02-24 02:00:00,1,1.0,1.0,64245.23,64313.72,68.48999999999796,21470.989999999438
2026-02-24 02:15:00,0,0.0,1.0,64313.72,64132.43,181.29000000000087,21652.27999999944
2026-02-24 02:30:00,1,0.0,0.0,64132.43,64109.81,-22.62000000000262,21629.659999999436
2026-02-24 02:45:00,1,0.0,1.0,64109.81,63685.23,-424.57999999999447,21205.07999999944
2026-02-24 03:00:00,1,1.0,0.0,63685.23,63705.78,20.549999999995634,21225.629999999437
2026-02-24 03:15:00,1,0.0,0.0,63705.78,63672.47,-33.30999999999767,21192.31999999944
2026-02-24 03:30:00,1,0.0,1.0,63672.47,63595.51,-76.95999999999913,21115.35999999944
2026-02-24 03:45:00,1,0.0,1.0,63595.51,63012.06,-583.4500000000044,20531.909999999436
2026-02-24 04:00:00,1,1.0,1.0,63012.06,63220.71,208.65000000000146,20740.559999999437
2026-02-24 04:15:00,1,1.0,1.0,63220.71,63338.78,118.06999999999971,20858.629999999437
2026-02-24 04:30:00,0,1.0,1.0,63338.78,63378.84,-40.05999999999767,20818.56999999944
2026-02-24 04:45:00,0,1.0,1.0,63378.84,63497.07,-118.2300000000032,20700.339999999436
2026-02-24 05:00:00,0,0.0,1.0,63497.07,62820.77,676.3000000000029,21376.63999999944
2026-02-24 05:15:00,1,1.0,1.0,62820.77,62989.98,169.2100000000064,21545.849999999446
2026-02-24 05:30:00,1,1.0,1.0,62989.98,63104.79,114.80999999999767,21660.659999999443
2026-02-24 05:45:00,0,1.0,0.0,63104.79,63145.35,-40.55999999999767,21620.099999999446
2026-02-24 06:00:00,0,1.0,1.0,63145.35,63211.11,-65.76000000000204,21554.339999999444
2026-02-24 06:15:00,0,1.0,1.0,63211.11,63260.01,-48.900000000001455,21505.439999999442
2026-02-24 06:30:00,0,0.0,1.0,63260.01,63082.79,177.22000000000116,21682.659999999443
2026-02-24 06:45:00,1,1.0,1.0,63082.79,63327.48,244.69000000000233,21927.349999999446
2026-02-24 07:00:00,1,0.0,1.0,63327.48,63274.86,-52.62000000000262,21874.729999999443
2026-02-24 07:15:00,1,0.0,1.0,63274.86,63096.48,-178.37999999999738,21696.349999999446
2026-02-24 07:30:00,1,1.0,1.0,63096.48,63192.96,96.47999999999593,21792.82999999944
2026-02-24 07:45:00,1,1.0,0.0,63192.96,63218.67,25.709999999999127,21818.53999999944
2026-02-24 08:00:00,0,1.0,1.0,63218.67,63298.21,-79.54000000000087,21738.99999999944
2026-02-24 08:15:00,0,1.0,1.0,63298.21,63381.79,-83.58000000000175,21655.419999999438
2026-02-24 08:30:00,0,1.0,0.0,63381.79,63392.15,-10.360000000000582,21645.059999999437
2026-02-24 08:45:00,0,0.0,1.0,63392.15,63285.29,106.86000000000058,21751.919999999438
2026-02-24 09:00:00,1,0.0,1.0,63285.29,63144.83,-140.45999999999913,21611.45999999944
2026-02-24 09:15:00,1,1.0,0.0,63144.83,63150.18,5.349999999998545,21616.809999999437
2026-02-24 09:30:00,1,1.0,1.0,63150.18,63249.99,99.80999999999767,21716.619999999435
2026-02-24 09:45:00,0,0.0,0.0,63249.99,63219.31,30.68000000000029,21747.299999999435
2026-02-24 10:00:00,1,1.0,1.0,63219.31,63269.99,50.68000000000029,21797.979999999436
2026-02-24 10:15:00,0,0.0,1.0,63269.99,63205.91,64.07999999999447,21862.05999999943
2026-02-24 10:30:00,1,1.0,1.0,63205.91,63284.5,78.58999999999651,21940.649999999427
2026-02-24 10:45:00,0,0.0,1.0,63284.5,63197.35,87.15000000000146,22027.799999999428
2026-02-24 11:00:00,1,0.0,0.0,63197.35,63170.01,-27.339999999996508,22000.45999999943
2026-02-24 11:15:00,1,1.0,0.0,63170.01,63201.35,31.339999999996508,22031.799999999428
2026-02-24 11:30:00,1,1.0,0.0,63201.35,63227.1,25.75,22057.549999999428
2026-02-24 11:45:00,0,1.0,0.0,63227.1,63264.4,-37.30000000000291,22020.249999999425
2026-02-24 12:00:00,0,1.0,1.0,63264.4,63324.02,-59.61999999999534,21960.62999999943
2026-02-24 12:15:00,0,0.0,1.0,63324.02,63113.58,210.43999999999505,22171.069999999425
2026-02-24 12:30:00,1,0.0,1.0,63113.58,62969.05,-144.52999999999884,22026.539999999426
2026-02-24 12:45:00,1,1.0,1.0,62969.05,63079.86,110.80999999999767,22137.349999999424
2026-02-24 13:00:00,1,0.0,1.0,63079.86,62920.29,-159.5699999999997,21977.779999999424
2026-02-24 13:15:00,1,1.0,0.0,62920.29,62931.54,11.25,21989.029999999424
2026-02-24 13:30:00,1,0.0,0.0,62931.54,62900.0,-31.540000000000873,21957.489999999423
2026-02-24 13:45:00,1,1.0,1.0,62900.0,62944.02,44.0199999999968,22001.50999999942
2026-02-24 14:00:00,0,1.0,1.0,62944.02,63000.89,-56.87000000000262,21944.639999999417
2026-02-24 14:15:00,0,1.0,1.0,63000.89,63336.41,-335.5200000000041,21609.119999999413
2026-02-24 14:30:00,0,1.0,1.0,63336.41,63453.99,-117.57999999999447,21491.53999999942
2026-02-24 14:45:00,0,1.0,1.0,63453.99,63585.0,-131.01000000000204,21360.529999999417
2026-02-24 15:00:00,0,1.0,1.0,63585.0,63928.22,-343.22000000000116,21017.309999999416
2026-02-24 15:15:00,0,0.0,1.0,63928.22,63748.29,179.9300000000003,21197.239999999416
2026-02-24 15:30:00,1,1.0,1.0,63748.29,63973.97,225.6800000000003,21422.919999999416
2026-02-24 15:45:00,0,1.0,1.0,63973.97,64163.3,-189.33000000000175,21233.589999999414
2026-02-24 16:00:00,0,0.0,1.0,64163.3,63956.21,207.09000000000378,21440.67999999942
2026-02-24 16:15:00,1,1.0,1.0,63956.21,64043.02,86.80999999999767,21527.489999999416
2026-02-24 16:30:00,1,1.0,1.0,64043.02,64265.52,222.5,21749.989999999416
2026-02-24 16:45:00,0,1.0,1.0,64265.52,64412.0,-146.4800000000032,21603.509999999413
2026-02-24 17:00:00,0,0.0,1.0,64412.0,64147.96,264.0400000000009,21867.549999999414
2026-02-24 17:15:00,1,0.0,1.0,64147.96,64099.75,-48.20999999999913,21819.339999999414
2026-02-24 17:30:00,1,1.0,1.0,64099.75,64219.71,119.95999999999913,21939.299999999414
2026-02-24 17:45:00,0,0.0,1.0,64219.71,63970.62,249.0899999999965,22188.38999999941
2026-02-24 18:00:00,1,1.0,1.0,63970.62,64292.0,321.3799999999974,22509.769999999407
2026-02-24 18:15:00,1,1.0,1.0,64292.0,64370.98,78.9800000000032,22588.74999999941
2026-02-24 18:30:00,0,1.0,1.0,64370.98,64435.06,-64.07999999999447,22524.669999999416
2026-02-24 18:45:00,0,0.0,1.0,64435.06,64310.66,124.39999999999418,22649.06999999941
2026-02-24 19:00:00,1,1.0,0.0,64310.66,64312.96,2.2999999999956344,22651.369999999406
2026-02-24 19:15:00,0,1.0,1.0,64312.96,64472.18,-159.22000000000116,22492.149999999405
2026-02-24 19:30:00,0,0.0,0.0,64472.18,64435.03,37.150000000001455,22529.299999999406
2026-02-24 19:45:00,1,0.0,0.0,64435.03,64397.43,-37.599999999998545,22491.699999999408
2026-02-24 20:00:00,1,1.0,1.0,64397.43,64473.95,76.5199999999968,22568.219999999405
2026-02-24 20:15:00,0,1.0,0.0,64473.95,64499.99,-26.040000000000873,22542.179999999404
2026-02-24 20:30:00,0,0.0,0.0,64499.99,64472.9,27.089999999996508,22569.2699999994
2026-02-24 20:45:00,1,0.0,1.0,64472.9,64241.1,-231.8000000000029,22337.469999999397
2026-02-24 21:00:00,1,0.0,1.0,64241.1,63916.22,-324.8799999999974,22012.5899999994
2026-02-24 21:15:00,1,1.0,1.0,63916.22,64015.28,99.05999999999767,22111.649999999398
2026-02-24 21:30:00,1,1.0,0.0,64015.28,64042.66,27.380000000004657,22139.029999999402
2026-02-24 21:45:00,0,1.0,1.0,64042.66,64219.6,-176.93999999999505,21962.089999999407
2026-02-24 22:00:00,0,0.0,1.0,64219.6,64145.11,74.48999999999796,22036.579999999405
2026-02-24 22:15:00,1,0.0,1.0,64145.11,64090.44,-54.669999999998254,21981.909999999407
2026-02-24 22:30:00,1,1.0,0.0,64090.44,64120.95,30.50999999999476,22012.4199999994
2026-02-24 22:45:00,0,0.0,1.0,64120.95,64071.98,48.96999999999389,22061.389999999396
2026-02-24 23:00:00,1,1.0,1.0,64071.98,64185.01,113.02999999999884,22174.419999999394
2026-02-24 23:15:00,1,0.0,0.0,64185.01,64142.19,-42.81999999999971,22131.599999999395
2026-02-24 23:30:00,1,0.0,1.0,64142.19,64058.15,-84.04000000000087,22047.559999999394
2026-02-24 23:45:00,1,0.0,1.0,64058.15,63919.23,-138.91999999999825,21908.639999999396
2026-02-25 00:00:00,1,1.0,0.0,63919.23,63959.99,40.75999999999476,21949.39999999939
2026-02-25 00:15:00,1,1.0,1.0,63959.99,64257.6,297.6100000000006,22247.00999999939
2026-02-25 00:30:00,0,0.0,0.0,64257.6,64224.3,33.299999999995634,22280.309999999386
2026-02-25 00:45:00,1,1.0,1.0,64224.3,65606.34,1382.0399999999936,23662.34999999938
2026-02-25 01:00:00,0,1.0,1.0,65606.34,65944.66,-338.320000000007,23324.029999999373
2026-02-25 01:15:00,0,0.0,1.0,65944.66,65813.69,130.97000000000116,23454.999999999374
2026-02-25 01:30:00,0,1.0,1.0,65813.69,65896.75,-83.05999999999767,23371.939999999377
2026-02-25 01:45:00,0,1.0,1.0,65896.75,66229.81,-333.0599999999977,23038.87999999938
2026-02-25 02:00:00,0,0.0,1.0,66229.81,66113.25,116.55999999999767,23155.439999999377
2026-02-25 02:15:00,0,0.0,1.0,66113.25,65933.96,179.2899999999936,23334.72999999937
2026-02-25 02:30:00,1,0.0,0.0,65933.96,65884.83,-49.13000000000466,23285.599999999366
2026-02-25 02:45:00,1,0.0,0.0,65884.83,65834.99,-49.83999999999651,23235.75999999937
2026-02-25 03:00:00,1,0.0,1.0,65834.99,65586.17,-248.82000000000698,22986.939999999362
2026-02-25 03:15:00,1,0.0,1.0,65586.17,65459.61,-126.55999999999767,22860.379999999364
2026-02-25 03:30:00,1,0.0,1.0,65459.61,65391.73,-67.87999999999738,22792.499999999367
2026-02-25 03:45:00,1,1.0,0.0,65391.73,65439.57,47.83999999999651,22840.339999999363
2026-02-25 04:00:00,1,1.0,1.0,65439.57,65589.68,150.1099999999933,22990.449999999357
2026-02-25 04:15:00,0,1.0,0.0,65589.68,65638.65,-48.970000000001164,22941.479999999356
2026-02-25 04:30:00,0,0.0,1.0,65638.65,65457.99,180.65999999999622,23122.139999999352
2026-02-25 04:45:00,1,0.0,1.0,65457.99,65339.8,-118.18999999999505,23003.949999999357
2026-02-25 05:00:00,1,0.0,1.0,65339.8,65197.5,-142.3000000000029,22861.649999999354
2026-02-25 05:15:00,1,0.0,1.0,65197.5,64839.45,-358.0500000000029,22503.59999999935
2026-02-25 05:30:00,1,1.0,0.0,64839.45,64882.76,43.31000000000495,22546.909999999356
2026-02-25 05:45:00,1,1.0,1.0,64882.76,64989.1,106.33999999999651,22653.249999999352
2026-02-25 06:00:00,0,1.0,0.0,64989.1,65027.52,-38.419999999998254,22614.829999999354
2026-02-25 06:15:00,0,1.0,1.0,65027.52,65093.5,-65.9800000000032,22548.84999999935
2026-02-25 06:30:00,0,0.0,1.0,65093.5,64898.22,195.27999999999884,22744.12999999935
2026-02-25 06:45:00,1,1.0,1.0,64898.22,65027.36,129.13999999999942,22873.26999999935
2026-02-25 07:00:00,0,1.0,1.0,65027.36,65116.59,-89.22999999999593,22784.039999999353
2026-02-25 07:15:00,0,0.0,1.0,65116.59,64944.66,171.92999999999302,22955.969999999346
2026-02-25 07:30:00,1,1.0,1.0,64944.66,65028.3,83.63999999999942,23039.609999999346
2026-02-25 07:45:00,0,1.0,0.0,65028.3,65032.95,-4.649999999994179,23034.95999999935
2026-02-25 08:00:00,0,1.0,1.0,65032.95,65192.31,-159.36000000000058,22875.59999999935
2026-02-25 08:15:00,0,1.0,1.0,65192.31,65420.85,-228.54000000000087,22647.05999999935
2026-02-25 08:30:00,0,1.0,1.0,65420.85,65530.49,-109.63999999999942,22537.41999999935
2026-02-25 08:45:00,0,1.0,0.0,65530.49,65552.0,-21.510000000002037,22515.90999999935
2026-02-25 09:00:00,0,1.0,0.0,65552.0,65570.1,-18.10000000000582,22497.809999999343
2026-02-25 09:15:00,0,0.0,1.0,65570.1,65467.38,102.72000000000844,22600.52999999935
2026-02-25 09:30:00,0,1.0,1.0,65467.38,65558.71,-91.33000000000902,22509.199999999342
2026-02-25 09:45:00,0,1.0,0.0,65558.71,65568.58,-9.869999999995343,22499.329999999347
2026-02-25 10:00:00,0,0.0,1.0,65568.58,65368.19,200.38999999999942,22699.719999999346
2026-02-25 10:15:00,1,1.0,1.0,65368.19,65423.96,55.7699999999968,22755.489999999343
2026-02-25 10:30:00,0,0.0,0.0,65423.96,65400.87,23.089999999996508,22778.57999999934
2026-02-25 10:45:00,1,0.0,1.0,65400.87,65244.63,-156.24000000000524,22622.339999999334
2026-02-25 11:00:00,1,1.0,1.0,65244.63,65362.21,117.58000000000175,22739.919999999336
2026-02-25 11:15:00,1,1.0,1.0,65362.21,65433.81,71.59999999999854,22811.519999999335
2026-02-25 11:30:00,0,0.0,0.0,65433.81,65430.04,3.7699999999967986,22815.28999999933
2026-02-25 11:45:00,1,1.0,1.0,65430.04,65498.32,68.27999999999884,22883.56999999933
2026-02-25 12:00:00,0,1.0,1.0,65498.32,65780.6,-282.2800000000061,22601.289999999324
2026-02-25 12:15:00,0,1.0,1.0,65780.6,65842.02,-61.419999999998254,22539.869999999326
2026-02-25 12:30:00,0,1.0,1.0,65842.02,66068.94,-226.91999999999825,22312.949999999328
2026-02-25 12:45:00,0,0.0,0.0,66068.94,66050.01,18.930000000007567,22331.879999999335
2026-02-25 13:00:00,0,1.0,1.0,66050.01,66179.44,-129.43000000000757,22202.449999999328
2026-02-25 13:15:00,0,1.0,1.0,66179.44,66315.81,-136.36999999999534,22066.079999999332
2026-02-25 13:30:00,0,0.0,1.0,66315.81,66248.62,67.19000000000233,22133.269999999335
2026-02-25 13:45:00,0,1.0,1.0,66248.62,66482.86,-234.24000000000524,21899.02999999933
2026-02-25 14:00:00,0,1.0,1.0,66482.86,66579.46,-96.60000000000582,21802.429999999324
2026-02-25 14:15:00,0,0.0,1.0,66579.46,66259.02,320.4400000000023,22122.869999999326
2026-02-25 14:30:00,0,1.0,1.0,66259.02,66973.2,-714.179999999993,21408.689999999333
2026-02-25 14:45:00,0,0.0,1.0,66973.2,66844.44,128.75999999999476,21537.449999999328
2026-02-25 15:00:00,0,1.0,1.0,66844.44,67071.05,-226.61000000000058,21310.839999999327
2026-02-25 15:15:00,0,1.0,1.0,67071.05,67515.29,-444.2399999999907,20866.599999999336
2026-02-25 15:30:00,0,0.0,1.0,67515.29,67412.33,102.95999999999185,20969.55999999933
2026-02-25 15:45:00,0,1.0,1.0,67412.33,67601.23,-188.89999999999418,20780.659999999334
2026-02-25 16:00:00,0,1.0,1.0,67601.23,67872.16,-270.93000000000757,20509.729999999327
2026-02-25 16:15:00,0,1.0,1.0,67872.16,67954.52,-82.36000000000058,20427.369999999326
2026-02-25 16:30:00,0,1.0,1.0,67954.52,68297.35,-342.83000000000175,20084.539999999324
2026-02-25 16:45:00,0,1.0,1.0,68297.35,68512.4,-215.04999999998836,19869.489999999336
2026-02-25 17:00:00,0,1.0,0.0,68512.4,68565.44,-53.04000000000815,19816.449999999328
2026-02-25 17:15:00,0,1.0,1.0,68565.44,68770.0,-204.55999999999767,19611.88999999933
2026-02-25 17:30:00,0,0.0,1.0,68770.0,68674.2,95.80000000000291,19707.689999999333
2026-02-25 17:45:00,0,1.0,1.0,68674.2,68871.08,-196.88000000000466,19510.80999999933
2026-02-25 18:00:00,0,1.0,1.0,68871.08,69348.39,-477.3099999999977,19033.49999999933
2026-02-25 18:15:00,0,1.0,1.0,69348.39,69478.55,-130.1600000000035,18903.339999999327
2026-02-25 18:30:00,0,0.0,1.0,69478.55,69328.07,150.47999999999593,19053.819999999323
2026-02-25 18:45:00,0,0.0,1.0,69328.07,68915.55,412.5200000000041,19466.339999999327
2026-02-25 19:00:00,1,1.0,1.0,68915.55,68972.9,57.34999999999127,19523.68999999932
2026-02-25 19:15:00,0,0.0,1.0,68972.9,68896.61,76.2899999999936,19599.979999999312
2026-02-25 19:30:00,0,1.0,1.0,68896.61,69038.26,-141.64999999999418,19458.329999999318
2026-02-25 19:45:00,0,0.0,1.0,69038.26,68644.69,393.56999999999243,19851.89999999931
2026-02-25 20:00:00,1,1.0,1.0,68644.69,68802.37,157.67999999999302,20009.579999999303
2026-02-25 20:15:00,0,1.0,1.0,68802.37,69124.96,-322.59000000001106,19686.989999999292
2026-02-25 20:30:00,0,1.0,0.0,69124.96,69148.69,-23.729999999995925,19663.259999999296
2026-02-25 20:45:00,0,0.0,1.0,69148.69,68990.91,157.77999999999884,19821.039999999295
2026-02-25 21:00:00,0,0.0,1.0,68990.91,68803.7,187.2100000000064,20008.2499999993
2026-02-25 21:15:00,1,1.0,1.0,68803.7,69221.59,417.8899999999994,20426.1399999993
2026-02-25 21:30:00,0,0.0,1.0,69221.59,68919.72,301.86999999999534,20728.009999999296
2026-02-25 21:45:00,1,1.0,1.0,68919.72,69074.88,155.1600000000035,20883.1699999993
2026-02-25 22:00:00,0,0.0,1.0,69074.88,68878.86,196.02000000000407,21079.189999999304
2026-02-25 22:15:00,1,0.0,1.0,68878.86,68420.42,-458.4400000000023,20620.7499999993
2026-02-25 22:30:00,1,1.0,0.0,68420.42,68432.13,11.710000000006403,20632.459999999308
2026-02-25 22:45:00,0,1.0,1.0,68432.13,68517.64,-85.50999999999476,20546.949999999313
2026-02-25 23:00:00,0,0.0,1.0,68517.64,68277.25,240.38999999999942,20787.339999999313
2026-02-25 23:15:00,1,0.0,1.0,68277.25,67695.86,-581.3899999999994,20205.949999999313
2026-02-25 23:30:00,1,1.0,1.0,67695.86,67988.04,292.179999999993,20498.129999999306
2026-02-25 23:45:00,0,1.0,1.0,67988.04,68153.57,-165.5300000000134,20332.599999999293
2026-02-26 00:00:00,0,1.0,1.0,68153.57,68280.8,-127.22999999999593,20205.369999999297
2026-02-26 00:15:00,0,0.0,1.0,68280.8,68195.93,84.8700000000099,20290.239999999307
2026-02-26 00:30:00,0,1.0,1.0,68195.93,68335.99,-140.06000000001222,20150.179999999295
2026-02-26 00:45:00,0,1.0,1.0,68335.99,68568.51,-232.51999999998952,19917.659999999305
2026-02-26 01:00:00,0,0.0,1.0,68568.51,68390.41,178.09999999999127,20095.759999999296
2026-02-26 01:15:00,0,0.0,0.0,68390.41,68347.47,42.94000000000233,20138.6999999993
2026-02-26 01:30:00,1,0.0,1.0,68347.47,68248.3,-99.16999999999825,20039.5299999993
2026-02-26 01:45:00,1,0.0,1.0,68248.3,67863.22,-385.08000000000175,19654.4499999993
2026-02-26 02:00:00,1,1.0,1.0,67863.22,67936.4,73.17999999999302,19727.62999999929
2026-02-26 02:15:00,0,1.0,1.0,67936.4,68184.94,-248.54000000000815,19479.089999999283
2026-02-26 02:30:00,0,1.0,1.0,68184.94,68257.45,-72.50999999999476,19406.57999999929
2026-02-26 02:45:00,0,0.0,1.0,68257.45,68145.89,111.55999999999767,19518.139999999286
2026-02-26 03:00:00,0,0.0,0.0,68145.89,68102.57,43.31999999999243,19561.45999999928
2026-02-26 03:15:00,1,1.0,1.0,68102.57,68239.36,136.7899999999936,19698.249999999272
2026-02-26 03:30:00,0,0.0,0.0,68239.36,68216.86,22.5,19720.749999999272
2026-02-26 03:45:00,1,1.0,1.0,68216.86,68526.27,309.4100000000035,20030.159999999276
2026-02-26 04:00:00,0,1.0,0.0,68526.27,68562.56,-36.2899999999936,19993.869999999282
2026-02-26 04:15:00,0,1.0,1.0,68562.56,68728.89,-166.33000000000175,19827.53999999928
2026-02-26 04:30:00,0,0.0,1.0,68728.89,68571.36,157.52999999999884,19985.06999999928
2026-02-26 04:45:00,0,0.0,1.0,68571.36,68301.57,269.7899999999936,20254.859999999273
2026-02-26 05:00:00,1,1.0,1.0,68301.57,68357.86,56.2899999999936,20311.149999999267
2026-02-26 05:15:00,0,1.0,1.0,68357.86,68414.34,-56.479999999995925,20254.66999999927
2026-02-26 05:30:00,0,1.0,0.0,68414.34,68443.81,-29.470000000001164,20225.19999999927
2026-02-26 05:45:00,0,1.0,0.0,68443.81,68459.95,-16.139999999999418,20209.05999999927
2026-02-26 06:00:00,0,0.0,1.0,68459.95,68255.65,204.3000000000029,20413.359999999273
2026-02-26 06:15:00,0,0.0,1.0,68255.65,68127.56,128.0899999999965,20541.44999999927
2026-02-26 06:30:00,1,1.0,0.0,68127.56,68176.75,49.19000000000233,20590.639999999272
2026-02-26 06:45:00,0,1.0,0.0,68176.75,68229.23,-52.479999999995925,20538.159999999276
2026-02-26 07:00:00,0,0.0,0.0,68229.23,68177.7,51.529999999998836,20589.689999999275
2026-02-26 07:15:00,0,0.0,1.0,68177.7,67999.85,177.84999999999127,20767.539999999266
2026-02-26 07:30:00,1,0.0,1.0,67999.85,67825.04,-174.81000000001222,20592.729999999254
2026-02-26 07:45:00,1,1.0,1.0,67825.04,68048.93,223.88999999999942,20816.619999999253
2026-02-26 08:00:00,0,0.0,0.0,68048.93,68029.71,19.219999999986612,20835.83999999924
2026-02-26 08:15:00,1,0.0,0.0,68029.71,67990.0,-39.7100000000064,20796.129999999233
2026-02-26 08:30:00,1,0.0,0.0,67990.0,67954.01,-35.99000000000524,20760.139999999228
2026-02-26 08:45:00,1,1.0,1.0,67954.01,68325.83,371.820000000007,21131.959999999235
2026-02-26 09:00:00,1,0.0,1.0,68325.83,68188.52,-137.30999999999767,20994.649999999237
2026-02-26 09:15:00,1,1.0,1.0,68188.52,68400.03,211.50999999999476,21206.159999999232
2026-02-26 09:30:00,1,1.0,1.0,68400.03,68589.41,189.38000000000466,21395.539999999237
2026-02-26 09:45:00,0,0.0,1.0,68589.41,68514.86,74.55000000000291,21470.08999999924
2026-02-26 10:00:00,1,0.0,1.0,68514.86,68332.28,-182.58000000000175,21287.509999999238
2026-02-26 10:15:00,1,1.0,1.0,68332.28,68440.0,107.72000000000116,21395.22999999924
2026-02-26 10:30:00,0,0.0,1.0,68440.0,68301.62,138.38000000000466,21533.609999999244
2026-02-26 10:45:00,1,1.0,0.0,68301.62,68347.55,45.93000000000757,21579.53999999925
2026-02-26 11:00:00,0,0.0,1.0,68347.55,68158.58,188.97000000000116,21768.509999999253
2026-02-26 11:15:00,1,0.0,1.0,68158.58,68084.73,-73.85000000000582,21694.659999999247
2026-02-26 11:30:00,1,0.0,0.0,68084.73,68051.31,-33.419999999998254,21661.23999999925
2026-02-26 11:45:00,1,1.0,1.0,68051.31,68202.45,151.13999999999942,21812.379999999248
2026-02-26 12:00:00,1,0.0,0.0,68202.45,68150.46,-51.98999999999069,21760.389999999257
2026-02-26 12:15:00,1,0.0,1.0,68150.46,68082.32,-68.13999999999942,21692.249999999258
2026-02-26 12:30:00,1,1.0,1.0,68082.32,68171.56,89.23999999999069,21781.48999999925
2026-02-26 12:45:00,0,0.0,1.0,68171.56,68032.95,138.61000000000058,21920.09999999925
2026-02-26 13:00:00,1,1.0,1.0,68032.95,68158.51,125.55999999999767,22045.659999999247
2026-02-26 13:15:00,0,0.0,1.0,68158.51,68081.66,76.84999999999127,22122.509999999238
2026-02-26 13:30:00,1,0.0,1.0,68081.66,67905.35,-176.30999999999767,21946.19999999924
2026-02-26 13:45:00,1,1.0,1.0,67905.35,67987.84,82.48999999999069,22028.68999999923
2026-02-26 14:00:00,0,1.0,1.0,67987.84,68116.0,-128.1600000000035,21900.529999999228
2026-02-26 14:15:00,0,0.0,1.0,68116.0,67799.74,316.25999999999476,22216.789999999222
2026-02-26 14:30:00,1,0.0,1.0,67799.74,67697.74,-102.0,22114.789999999222
2026-02-26 14:45:00,1,0.0,1.0,67697.74,67374.3,-323.4400000000023,21791.34999999922
2026-02-26 15:00:00,1,0.0,1.0,67374.3,66979.88,-394.41999999999825,21396.92999999922
2026-02-26 15:15:00,1,1.0,1.0,66979.88,67347.34,367.45999999999185,21764.389999999214
2026-02-26 15:30:00,1,1.0,0.0,67347.34,67382.0,34.66000000000349,21799.049999999217
2026-02-26 15:45:00,0,0.0,1.0,67382.0,67150.03,231.97000000000116,22031.01999999922
2026-02-26 16:00:00,1,1.0,1.0,67150.03,67452.01,301.9799999999959,22332.999999999214
2026-02-26 16:15:00,0,0.0,1.0,67452.01,67041.58,410.429999999993,22743.429999999207
2026-02-26 16:30:00,1,0.0,1.0,67041.58,66643.55,-398.02999999999884,22345.39999999921
2026-02-26 16:45:00,1,1.0,1.0,66643.55,66890.89,247.3399999999965,22592.739999999205
2026-02-26 17:00:00,0,1.0,0.0,66890.89,66936.31,-45.419999999998254,22547.319999999207
2026-02-26 17:15:00,0,0.0,1.0,66936.31,66747.47,188.8399999999965,22736.159999999203
2026-02-26 17:30:00,1,1.0,1.0,66747.47,66826.8,79.33000000000175,22815.489999999205
2026-02-26 17:45:00,0,0.0,1.0,66826.8,66771.52,55.279999999998836,22870.769999999204
2026-02-26 18:00:00,1,1.0,1.0,66771.52,66863.0,91.47999999999593,22962.2499999992
2026-02-26 18:15:00,0,1.0,1.0,66863.0,67262.95,-399.9499999999971,22562.299999999203
2026-02-26 18:30:00,0,1.0,0.0,67262.95,67310.53,-47.580000000001746,22514.7199999992
2026-02-26 18:45:00,0,1.0,1.0,67310.53,67503.83,-193.3000000000029,22321.419999999198
2026-02-26 19:00:00,0,1.0,1.0,67503.83,67572.96,-69.13000000000466,22252.289999999193
2026-02-26 19:15:00,0,0.0,1.0,67572.96,67478.24,94.72000000000116,22347.009999999194
2026-02-26 19:30:00,0,1.0,1.0,67478.24,67589.22,-110.97999999999593,22236.0299999992
2026-02-26 19:45:00,0,1.0,1.0,67589.22,67679.9,-90.67999999999302,22145.349999999205
2026-02-26 20:00:00,0,0.0,1.0,67679.9,67559.79,120.11000000000058,22265.459999999206
2026-02-26 20:15:00,0,0.0,1.0,67559.79,67470.59,89.19999999999709,22354.659999999203
2026-02-26 20:30:00,0,0.0,1.0,67470.59,67414.07,56.51999999998952,22411.179999999193
2026-02-26 20:45:00,1,0.0,1.0,67414.07,67358.6,-55.470000000001164,22355.70999999919
2026-02-26 21:00:00,1,1.0,1.0,67358.6,67477.12,118.51999999998952,22474.22999999918
2026-02-26 21:15:00,0,0.0,0.0,67477.12,67440.03,37.08999999999651,22511.319999999178
2026-02-26 21:30:00,1,1.0,0.0,67440.03,67463.65,23.619999999995343,22534.939999999173
2026-02-26 21:45:00,0,1.0,1.0,67463.65,67546.77,-83.1200000000099,22451.819999999163
2026-02-26 22:00:00,0,0.0,1.0,67546.77,67414.52,132.25,22584.069999999163
2026-02-26 22:15:00,0,1.0,1.0,67414.52,67600.21,-185.69000000000233,22398.37999999916
2026-02-26 22:30:00,0,0.0,0.0,67600.21,67572.3,27.910000000003492,22426.289999999164
2026-02-26 22:45:00,0,0.0,1.0,67572.3,67519.48,52.820000000006985,22479.10999999917
2026-02-26 23:00:00,1,1.0,0.0,67519.48,67569.44,49.9600000000064,22529.069999999178
2026-02-26 23:15:00,0,0.0,1.0,67569.44,67506.23,63.2100000000064,22592.279999999184
2026-02-26 23:30:00,0,0.0,0.0,67506.23,67485.18,21.05000000000291,22613.329999999187
2026-02-26 23:45:00,1,0.0,1.0,67485.18,67356.64,-128.5399999999936,22484.789999999193
2026-02-27 00:00:00,1,0.0,0.0,67356.64,67307.23,-49.41000000000349,22435.37999999919
2026-02-27 00:15:00,1,0.0,1.0,67307.23,67132.81,-174.41999999999825,22260.95999999919
2026-02-27 00:30:00,1,1.0,1.0,67132.81,67226.5,93.69000000000233,22354.649999999194
2026-02-27 00:45:00,0,0.0,1.0,67226.5,66998.09,228.4100000000035,22583.059999999197
2026-02-27 01:00:00,1,1.0,1.0,66998.09,67073.13,75.04000000000815,22658.099999999205
2026-02-27 01:15:00,0,1.0,1.0,67073.13,67152.24,-79.11000000000058,22578.989999999205
2026-02-27 01:30:00,0,1.0,1.0,67152.24,67352.26,-200.01999999998952,22378.969999999215
2026-02-27 01:45:00,0,0.0,0.0,67352.26,67325.34,26.919999999998254,22405.889999999214
2026-02-27 02:00:00,0,1.0,1.0,67325.34,67412.48,-87.13999999999942,22318.749999999214
2026-02-27 02:15:00,0,1.0,0.0,67412.48,67430.64,-18.160000000003492,22300.58999999921
2026-02-27 02:30:00,0,0.0,1.0,67430.64,67266.58,164.05999999999767,22464.64999999921
2026-02-27 02:45:00,0,0.0,1.0,67266.58,67177.7,88.88000000000466,22553.529999999213
2026-02-27 03:00:00,1,0.0,1.0,67177.7,67112.05,-65.64999999999418,22487.87999999922
2026-02-27 03:15:00,1,1.0,1.0,67112.05,67395.27,283.22000000000116,22771.09999999922
2026-02-27 03:30:00,0,1.0,1.0,67395.27,67600.84,-205.56999999999243,22565.529999999228
2026-02-27 03:45:00,0,1.0,1.0,67600.84,67927.79,-326.9499999999971,22238.57999999923
2026-02-27 04:00:00,0,1.0,0.0,67927.79,67947.9,-20.110000000000582,22218.46999999923
2026-02-27 04:15:00,0,0.0,1.0,67947.9,67759.6,188.29999999998836,22406.76999999922
2026-02-27 04:30:00,0,0.0,0.0,67759.6,67747.49,12.110000000000582,22418.87999999922
2026-02-27 04:45:00,1,1.0,1.0,67747.49,67859.09,111.59999999999127,22530.47999999921
2026-02-27 05:00:00,0,0.0,1.0,67859.09,67806.87,52.220000000001164,22582.69999999921
2026-02-27 05:15:00,1,1.0,0.0,67806.87,67841.51,34.63999999999942,22617.33999999921
2026-02-27 05:30:00,0,0.0,1.0,67841.51,67724.99,116.51999999998952,22733.8599999992
2026-02-27 05:45:00,1,0.0,1.0,67724.99,67667.13,-57.86000000000058,22675.9999999992
2026-02-27 06:00:00,1,0.0,1.0,67667.13,67605.15,-61.98000000001048,22614.01999999919
2026-02-27 06:15:00,1,1.0,1.0,67605.15,67740.21,135.06000000001222,22749.0799999992
2026-02-27 06:30:00,1,0.0,1.0,67740.21,67658.14,-82.07000000000698,22667.009999999194
2026-02-27 06:45:00,1,0.0,0.0,67658.14,67653.86,-4.279999999998836,22662.729999999196
2026-02-27 07:00:00,1,0.0,1.0,67653.86,67506.39,-147.47000000000116,22515.259999999194
2026-02-27 07:15:00,1,1.0,0.0,67506.39,67549.02,42.63000000000466,22557.8899999992
2026-02-27 07:30:00,1,1.0,1.0,67549.02,67690.6,141.58000000000175,22699.4699999992
2026-02-27 07:45:00,0,1.0,1.0,67690.6,67890.94,-200.3399999999965,22499.129999999204
2026-02-27 08:00:00,0,1.0,1.0,67890.94,67967.9,-76.95999999999185,22422.169999999212
2026-02-27 08:15:00,0,0.0,0.0,67967.9,67924.38,43.51999999998952,22465.689999999202
2026-02-27 08:30:00,0,1.0,0.0,67924.38,67926.24,-1.860000000000582,22463.8299999992
2026-02-27 08:45:00,0,1.0,0.0,67926.24,67972.86,-46.61999999999534,22417.209999999206
2026-02-27 09:00:00,0,1.0,1.0,67972.86,68026.05,-53.19000000000233,22364.019999999204
2026-02-27 09:15:00,0,0.0,1.0,68026.05,67609.71,416.3399999999965,22780.3599999992
2026-02-27 09:30:00,0,0.0,1.0,67609.71,67355.73,253.98000000001048,23034.33999999921
2026-02-27 09:45:00,1,0.0,1.0,67355.73,66874.31,-481.41999999999825,22552.919999999212
2026-02-27 10:00:00,1,0.0,1.0,66874.31,66788.31,-86.0,22466.919999999212
2026-02-27 10:15:00,1,1.0,0.0,66788.31,66816.06,27.75,22494.669999999212
2026-02-27 10:30:00,1,0.0,1.0,66816.06,66604.91,-211.14999999999418,22283.51999999922
2026-02-27 10:45:00,1,1.0,1.0,66604.91,66700.53,95.61999999999534,22379.139999999214
2026-02-27 11:00:00,1,0.0,1.0,66700.53,66525.66,-174.86999999999534,22204.26999999922
2026-02-27 11:15:00,1,0.0,1.0,66525.66,66002.58,-523.0800000000017,21681.189999999217
2026-02-27 11:30:00,1,1.0,1.0,66002.58,66126.99,124.41000000000349,21805.59999999922
2026-02-27 11:45:00,1,0.0,1.0,66126.99,65988.97,-138.02000000000407,21667.579999999216
2026-02-27 12:00:00,1,0.0,1.0,65988.97,65899.99,-88.97999999999593,21578.59999999922
2026-02-27 12:15:00,1,0.0,0.0,65899.99,65897.31,-2.680000000007567,21575.919999999212
2026-02-27 12:30:00,1,1.0,0.0,65897.31,65928.01,30.69999999999709,21606.61999999921
2026-02-27 12:45:00,1,1.0,1.0,65928.01,66043.03,115.02000000000407,21721.639999999214
2026-02-27 13:00:00,0,0.0,0.0,66043.03,66018.0,25.029999999998836,21746.669999999212
2026-02-27 13:15:00,1,1.0,0.0,66018.0,66030.92,12.919999999998254,21759.58999999921
2026-02-27 13:30:00,1,1.0,1.0,66030.92,66270.55,239.63000000000466,21999.219999999215
2026-02-27 13:45:00,0,1.0,1.0,66270.55,66323.22,-52.669999999998254,21946.549999999217
2026-02-27 14:00:00,0,0.0,1.0,66323.22,66117.81,205.4100000000035,22151.95999999922
2026-02-27 14:15:00,1,0.0,1.0,66117.81,65880.01,-237.8000000000029,21914.159999999218
2026-02-27 14:30:00,1,1.0,0.0,65880.01,65887.59,7.580000000001746,21921.73999999922
2026-02-27 14:45:00,0,1.0,1.0,65887.59,66034.27,-146.68000000000757,21775.059999999212
2026-02-27 15:00:00,0,1.0,1.0,66034.27,66113.99,-79.72000000000116,21695.33999999921
2026-02-27 15:15:00,0,0.0,0.0,66113.99,66076.41,37.580000000001746,21732.919999999212
2026-02-27 15:30:00,1,1.0,0.0,66076.41,66095.4,18.989999999990687,21751.909999999203
2026-02-27 15:45:00,0,0.0,1.0,66095.4,65897.56,197.8399999999965,21949.7499999992
2026-02-27 16:00:00,1,1.0,1.0,65897.56,65996.26,98.69999999999709,22048.449999999197
2026-02-27 16:15:00,1,0.0,1.0,65996.26,65729.57,-266.6899999999878,21781.75999999921
2026-02-27 16:30:00,1,0.0,1.0,65729.57,65475.21,-254.36000000000786,21527.3999999992
2026-02-27 16:45:00,1,0.0,0.0,65475.21,65460.09,-15.12000000000262,21512.2799999992
2026-02-27 17:00:00,1,0.0,1.0,65460.09,65205.21,-254.87999999999738,21257.3999999992
2026-02-27 17:15:00,1,1.0,1.0,65205.21,65411.38,206.16999999999825,21463.5699999992
2026-02-27 17:30:00,1,1.0,1.0,65411.38,65703.19,291.81000000000495,21755.379999999204
2026-02-27 17:45:00,0,0.0,1.0,65703.19,65545.82,157.36999999999534,21912.7499999992
2026-02-27 18:00:00,1,1.0,0.0,65545.82,65576.39,30.569999999992433,21943.319999999192
2026-02-27 18:15:00,0,0.0,0.0,65576.39,65574.31,2.0800000000017462,21945.399999999194
2026-02-27 18:30:00,1,0.0,1.0,65574.31,65314.76,-259.54999999999563,21685.8499999992
2026-02-27 18:45:00,1,0.0,0.0,65314.76,65287.27,-27.49000000000524,21658.359999999193
2026-02-27 19:00:00,1,1.0,1.0,65287.27,65339.58,52.31000000000495,21710.669999999198
2026-02-27 19:15:00,1,0.0,0.0,65339.58,65293.63,-45.950000000004366,21664.719999999194
2026-02-27 19:30:00,1,1.0,1.0,65293.63,65392.18,98.55000000000291,21763.269999999196
2026-02-27 19:45:00,0,1.0,1.0,65392.18,65566.41,-174.2300000000032,21589.039999999193
2026-02-27 20:00:00,0,1.0,0.0,65566.41,65577.54,-11.129999999990105,21577.909999999203
2026-02-27 20:15:00,0,1.0,1.0,65577.54,65631.29,-53.75,21524.159999999203
2026-02-27 20:30:00,0,0.0,0.0,65631.29,65594.67,36.61999999999534,21560.7799999992
2026-02-27 20:45:00,1,0.0,0.0,65594.67,65577.21,-17.45999999999185,21543.319999999207
2026-02-27 21:00:00,1,1.0,1.0,65577.21,65704.54,127.3299999999872,21670.649999999194
2026-02-27 21:15:00,0,0.0,1.0,65704.54,65621.37,83.16999999999825,21753.819999999192
2026-02-27 21:30:00,1,0.0,1.0,65621.37,65527.59,-93.77999999999884,21660.039999999193
2026-02-27 21:45:00,1,1.0,0.0,65527.59,65546.28,18.69000000000233,21678.729999999196
2026-02-27 22:00:00,1,0.0,1.0,65546.28,65466.66,-79.61999999999534,21599.1099999992
2026-02-27 22:15:00,1,1.0,1.0,65466.66,65597.05,130.38999999999942,21729.4999999992
2026-02-27 22:30:00,1,1.0,0.0,65597.05,65637.99,40.94000000000233,21770.439999999202
2026-02-27 22:45:00,0,1.0,1.0,65637.99,65736.63,-98.63999999999942,21671.799999999203
2026-02-27 23:00:00,0,1.0,1.0,65736.63,65886.41,-149.77999999999884,21522.019999999204
2026-02-27 23:15:00,0,0.0,1.0,65886.41,65833.15,53.26000000000931,21575.279999999213
2026-02-27 23:30:00,0,1.0,0.0,65833.15,65872.1,-38.95000000001164,21536.3299999992
2026-02-27 23:45:00,0,1.0,1.0,65872.1,65998.04,-125.93999999998778,21410.389999999214
2026-02-28 00:00:00,0,0.0,1.0,65998.04,65775.8,222.2399999999907,21632.629999999204
2026-02-28 00:15:00,1,1.0,1.0,65775.8,65950.21,174.4100000000035,21807.039999999208
2026-02-28 00:30:00,0,0.0,0.0,65950.21,65942.0,8.210000000006403,21815.249999999214
2026-02-28 00:45:00,1,0.0,1.0,65942.0,65859.38,-82.61999999999534,21732.62999999922
2026-02-28 01:00:00,1,0.0,0.0,65859.38,65838.0,-21.380000000004657,21711.249999999214
2026-02-28 01:15:00,1,0.0,1.0,65838.0,65791.58,-46.419999999998254,21664.829999999216
2026-02-28 01:30:00,1,0.0,0.0,65791.58,65770.36,-21.220000000001164,21643.609999999215
2026-02-28 01:45:00,1,1.0,1.0,65770.36,65870.61,100.25,21743.859999999215
2026-02-28 02:00:00,0,1.0,1.0,65870.61,65918.71,-48.10000000000582,21695.75999999921
2026-02-28 02:15:00,0,1.0,1.0,65918.71,65964.51,-45.79999999998836,21649.95999999922
2026-02-28 02:30:00,0,0.0,0.0,65964.51,65961.13,3.3799999999901047,21653.33999999921
2026-02-28 02:45:00,1,0.0,1.0,65961.13,65859.14,-101.99000000000524,21551.349999999205
2026-02-28 03:00:00,1,1.0,0.0,65859.14,65889.86,30.720000000001164,21582.069999999207
2026-02-28 03:15:00,0,0.0,1.0,65889.86,65768.82,121.0399999999936,21703.1099999992
2026-02-28 03:30:00,1,1.0,0.0,65768.82,65797.42,28.59999999999127,21731.70999999919
2026-02-28 03:45:00,0,0.0,1.0,65797.42,65750.93,46.49000000000524,21778.199999999197
2026-02-28 04:00:00,1,0.0,1.0,65750.93,65673.05,-77.8799999999901,21700.319999999207
2026-02-28 04:15:00,1,0.0,0.0,65673.05,65650.44,-22.610000000000582,21677.709999999206
2026-02-28 04:30:00,1,1.0,0.0,65650.44,65663.2,12.759999999994761,21690.4699999992
2026-02-28 04:45:00,1,1.0,1.0,65663.2,65722.52,59.320000000006985,21749.789999999208
2026-02-28 05:00:00,0,0.0,1.0,65722.52,65646.08,76.44000000000233,21826.22999999921
2026-02-28 05:15:00,1,0.0,1.0,65646.08,65557.51,-88.57000000000698,21737.659999999203
2026-02-28 05:30:00,1,1.0,0.0,65557.51,65591.03,33.520000000004075,21771.179999999207
2026-02-28 05:45:00,0,0.0,1.0,65591.03,65492.96,98.06999999999971,21869.249999999207
2026-02-28 06:00:00,1,0.0,1.0,65492.96,64570.21,-922.75,20946.499999999207
2026-02-28 06:15:00,1,0.0,1.0,64570.21,64052.07,-518.1399999999994,20428.359999999208
2026-02-28 06:30:00,1,0.0,1.0,64052.07,63216.01,-836.0599999999977,19592.29999999921
2026-02-28 06:45:00,1,1.0,1.0,63216.01,63769.71,553.6999999999971,20145.999999999207
2026-02-28 07:00:00,1,0.0,1.0,63769.71,63512.86,-256.84999999999854,19889.14999999921
2026-02-28 07:15:00,1,1.0,1.0,63512.86,64056.29,543.4300000000003,20432.57999999921
2026-02-28 07:30:00,0,0.0,1.0,64056.29,63826.0,230.29000000000087,20662.86999999921
2026-02-28 07:45:00,1,0.0,1.0,63826.0,63623.2,-202.8000000000029,20460.069999999207
2026-02-28 08:00:00,1,1.0,0.0,63623.2,63628.1,4.900000000001455,20464.969999999208
2026-02-28 08:15:00,1,0.0,0.0,63628.1,63611.87,-16.229999999995925,20448.739999999212
2026-02-28 08:30:00,1,0.0,1.0,63611.87,63473.28,-138.59000000000378,20310.14999999921
2026-02-28 08:45:00,1,1.0,1.0,63473.28,63708.79,235.51000000000204,20545.65999999921
2026-02-28 09:00:00,1,1.0,1.0,63708.79,63842.21,133.41999999999825,20679.07999999921
2026-02-28 09:15:00,1,0.0,1.0,63842.21,63623.58,-218.62999999999738,20460.44999999921
2026-02-28 09:30:00,1,1.0,0.0,63623.58,63658.54,34.95999999999913,20495.40999999921
2026-02-28 09:45:00,1,0.0,1.0,63658.54,63565.53,-93.01000000000204,20402.39999999921
2026-02-28 10:00:00,1,1.0,1.0,63565.53,63844.2,278.66999999999825,20681.069999999207
2026-02-28 10:15:00,0,1.0,1.0,63844.2,63952.01,-107.81000000000495,20573.2599999992
2026-02-28 10:30:00,1,1.0,1.0,63952.01,64010.39,58.37999999999738,20631.6399999992
2026-02-28 10:45:00,0,1.0,1.0,64010.39,64089.45,-79.05999999999767,20552.5799999992
2026-02-28 11:00:00,0,1.0,1.0,64089.45,64250.89,-161.44000000000233,20391.1399999992
2026-02-28 11:15:00,0,0.0,1.0,64250.89,64015.97,234.91999999999825,20626.059999999197
2026-02-28 11:30:00,1,0.0,1.0,64015.97,63844.2,-171.77000000000407,20454.289999999193
2026-02-28 11:45:00,1,1.0,1.0,63844.2,63944.59,100.38999999999942,20554.679999999193
2026-02-28 12:00:00,1,1.0,1.0,63944.59,64000.0,55.41000000000349,20610.089999999196
2026-02-28 12:15:00,0,1.0,0.0,64000.0,64014.95,-14.94999999999709,20595.1399999992
2026-02-28 12:30:00,1,1.0,0.0,64014.95,64017.19,2.2400000000052387,20597.379999999204
2026-02-28 12:45:00,0,1.0,1.0,64017.19,64068.61,-51.419999999998254,20545.959999999206
2026-02-28 13:00:00,0,0.0,0.0,64068.61,64029.5,39.11000000000058,20585.069999999207
2026-02-28 13:15:00,1,1.0,0.0,64029.5,64055.82,26.31999999999971,20611.389999999206
2026-02-28 13:30:00,1,1.0,1.0,64055.82,65106.44,1050.6200000000026,21662.00999999921
2026-02-28 13:45:00,0,0.0,1.0,65106.44,64823.0,283.4400000000023,21945.44999999921
2026-02-28 14:00:00,1,0.0,0.0,64823.0,64793.52,-29.4800000000032,21915.969999999208
2026-02-28 14:15:00,1,1.0,1.0,64793.52,64934.2,140.6800000000003,22056.64999999921
2026-02-28 14:30:00,0,0.0,1.0,64934.2,64435.61,498.5899999999965,22555.239999999205
2026-02-28 14:45:00,1,0.0,1.0,64435.61,64224.27,-211.34000000000378,22343.8999999992
2026-02-28 15:00:00,1,1.0,1.0,64224.27,64752.83,528.560000000005,22872.459999999206
2026-02-28 15:15:00,0,1.0,1.0,64752.83,64832.4,-79.56999999999971,22792.889999999206
2026-02-28 15:30:00,0,1.0,0.0,64832.4,64841.18,-8.779999999998836,22784.109999999208
2026-02-28 15:45:00,0,1.0,0.0,64841.18,64889.7,-48.5199999999968,22735.58999999921
2026-02-28 16:00:00,0,1.0,1.0,64889.7,64942.77,-53.06999999999971,22682.51999999921
2026-02-28 16:15:00,0,1.0,1.0,64942.77,65162.62,-219.85000000000582,22462.669999999205
2026-02-28 16:30:00,0,0.0,1.0,65162.62,65094.3,68.31999999999971,22530.989999999205
2026-02-28 16:45:00,1,0.0,1.0,65094.3,64945.79,-148.51000000000204,22382.479999999203
2026-02-28 17:00:00,1,1.0,1.0,64945.79,65102.11,156.3199999999997,22538.799999999203
2026-02-28 17:15:00,0,0.0,1.0,65102.11,64957.95,144.1600000000035,22682.959999999206
2026-02-28 17:30:00,1,1.0,1.0,64957.95,65442.62,484.67000000000553,23167.62999999921
2026-02-28 17:45:00,0,0.0,1.0,65442.62,65273.58,169.04000000000087,23336.669999999212
2026-02-28 18:00:00,1,0.0,1.0,65273.58,65187.71,-85.87000000000262,23250.79999999921
2026-02-28 18:15:00,1,1.0,1.0,65187.71,65665.04,477.32999999999447,23728.129999999204
2026-02-28 18:30:00,0,1.0,1.0,65665.04,65911.84,-246.8000000000029,23481.3299999992
2026-02-28 18:45:00,0,0.0,1.0,65911.84,65758.56,153.27999999999884,23634.6099999992
2026-02-28 19:00:00,0,0.0,0.0,65758.56,65736.01,22.55000000000291,23657.159999999203
2026-02-28 19:15:00,1,1.0,1.0,65736.01,66376.97,640.9600000000064,24298.11999999921
2026-02-28 19:30:00,0,0.0,0.0,66376.97,66362.01,14.960000000006403,24313.079999999216
2026-02-28 19:45:00,0,1.0,1.0,66362.01,66569.54,-207.52999999999884,24105.549999999217
2026-02-28 20:00:00,0,1.0,1.0,66569.54,66750.14,-180.60000000000582,23924.94999999921
2026-02-28 20:15:00,0,1.0,0.0,66750.14,66781.55,-31.410000000003492,23893.539999999208
2026-02-28 20:30:00,0,1.0,1.0,66781.55,66959.62,-178.06999999999243,23715.469999999215
2026-02-28 20:45:00,0,0.0,1.0,66959.62,66571.22,388.3999999999942,24103.86999999921
2026-02-28 21:00:00,0,0.0,1.0,66571.22,66472.01,99.2100000000064,24203.079999999216
2026-02-28 21:15:00,0,1.0,1.0,66472.01,66845.33,-373.320000000007,23829.75999999921
2026-02-28 21:30:00,0,0.0,1.0,66845.33,66723.22,122.11000000000058,23951.86999999921
2026-02-28 21:45:00,0,1.0,1.0,66723.22,66938.93,-215.70999999999185,23736.159999999218
2026-02-28 22:00:00,0,1.0,1.0,66938.93,67005.3,-66.3700000000099,23669.789999999208
2026-02-28 22:15:00,0,1.0,1.0,67005.3,67338.93,-333.6299999999901,23336.159999999218
2026-02-28 22:30:00,0,0.0,1.0,67338.93,67103.64,235.2899999999936,23571.44999999921
2026-02-28 22:45:00,0,0.0,1.0,67103.64,66961.58,142.05999999999767,23713.50999999921
2026-02-28 23:00:00,0,0.0,1.0,66961.58,66896.07,65.50999999999476,23779.019999999204
2026-02-28 23:15:00,1,0.0,0.0,66896.07,66886.16,-9.910000000003492,23769.1099999992
2026-02-28 23:30:00,1,1.0,1.0,66886.16,66973.26,87.09999999999127,23856.20999999919
2026-02-28 23:45:00,0,0.0,1.0,66973.26,66913.18,60.080000000001746,23916.289999999193
2026-03-01 00:00:00,0,0.0,1.0,66913.18,66778.32,134.85999999998603,24051.14999999918
2026-03-01 00:15:00,1,0.0,1.0,66778.32,66640.71,-137.61000000000058,23913.53999999918
2026-03-01 00:30:00,1,1.0,1.0,66640.71,66791.29,150.5799999999872,24064.119999999166
2026-03-01 00:45:00,0,0.0,1.0,66791.29,66303.12,488.16999999999825,24552.289999999164
2026-03-01 01:00:00,1,1.0,0.0,66303.12,66351.03,47.91000000000349,24600.199999999168
2026-03-01 01:15:00,0,1.0,1.0,66351.03,66626.57,-275.54000000000815,24324.65999999916
2026-03-01 01:30:00,0,1.0,1.0,66626.57,67339.36,-712.7899999999936,23611.869999999166
2026-03-01 01:45:00,0,1.0,1.0,67339.36,67895.95,-556.5899999999965,23055.27999999917
2026-03-01 02:00:00,0,0.0,1.0,67895.95,67764.51,131.44000000000233,23186.71999999917
2026-03-01 02:15:00,0,1.0,1.0,67764.51,68072.53,-308.0200000000041,22878.699999999168
2026-03-01 02:30:00,0,0.0,1.0,68072.53,67620.65,451.88000000000466,23330.579999999172
2026-03-01 02:45:00,0,1.0,1.0,67620.65,67728.68,-108.02999999999884,23222.549999999173
2026-03-01 03:00:00,0,0.0,1.0,67728.68,67563.49,165.18999999998778,23387.73999999916
2026-03-01 03:15:00,0,1.0,1.0,67563.49,67641.85,-78.36000000000058,23309.37999999916
2026-03-01 03:30:00,0,0.0,1.0,67641.85,67502.16,139.69000000000233,23449.069999999163
2026-03-01 03:45:00,0,0.0,1.0,67502.16,67285.68,216.48000000001048,23665.549999999173
2026-03-01 04:00:00,1,1.0,0.0,67285.68,67322.85,37.170000000012806,23702.719999999186
2026-03-01 04:15:00,0,1.0,1.0,67322.85,67397.42,-74.56999999999243,23628.149999999194
2026-03-01 04:30:00,0,0.0,0.0,67397.42,67346.5,50.919999999998254,23679.069999999192
2026-03-01 04:45:00,0,0.0,0.0,67346.5,67321.97,24.529999999998836,23703.59999999919
2026-03-01 05:00:00,1,1.0,1.0,67321.97,67451.26,129.2899999999936,23832.889999999185
2026-03-01 05:15:00,0,0.0,1.0,67451.26,67385.15,66.11000000000058,23898.999999999185
2026-03-01 05:30:00,0,0.0,1.0,67385.15,67292.09,93.05999999999767,23992.059999999183
2026-03-01 05:45:00,1,0.0,1.0,67292.09,67080.69,-211.39999999999418,23780.65999999919
2026-03-01 06:00:00,1,0.0,0.0,67080.69,67047.13,-33.55999999999767,23747.09999999919
2026-03-01 06:15:00,1,0.0,1.0,67047.13,66932.39,-114.74000000000524,23632.359999999186
2026-03-01 06:30:00,1,0.0,0.0,66932.39,66926.68,-5.710000000006403,23626.64999999918
2026-03-01 06:45:00,1,1.0,1.0,66926.68,67016.21,89.53000000001339,23716.179999999193
2026-03-01 07:00:00,1,0.0,0.0,67016.21,66987.65,-28.560000000012224,23687.61999999918
2026-03-01 07:15:00,1,1.0,1.0,66987.65,67102.17,114.52000000000407,23802.139999999185
2026-03-01 07:30:00,0,1.0,0.0,67102.17,67141.39,-39.220000000001164,23762.919999999183
2026-03-01 07:45:00,0,1.0,1.0,67141.39,67269.74,-128.35000000000582,23634.569999999178
2026-03-01 08:00:00,0,0.0,0.0,67269.74,67228.0,41.74000000000524,23676.309999999183
2026-03-01 08:15:00,0,0.0,1.0,67228.0,67140.01,87.99000000000524,23764.299999999188
2026-03-01 08:30:00,1,0.0,1.0,67140.01,66560.14,-579.8699999999953,23184.429999999193
2026-03-01 08:45:00,1,1.0,0.0,66560.14,66587.91,27.770000000004075,23212.199999999197
2026-03-01 09:00:00,1,1.0,0.0,66587.91,66612.96,25.05000000000291,23237.2499999992
2026-03-01 09:15:00,0,0.0,1.0,66612.96,66300.81,312.15000000000873,23549.39999999921
2026-03-01 09:30:00,1,1.0,1.0,66300.81,66410.08,109.27000000000407,23658.669999999212
2026-03-01 09:45:00,0,1.0,1.0,66410.08,66524.84,-114.75999999999476,23543.909999999218
2026-03-01 10:00:00,0,1.0,0.0,66524.84,66578.2,-53.36000000000058,23490.549999999217
2026-03-01 10:15:00,0,0.0,1.0,66578.2,66398.26,179.94000000000233,23670.48999999922
2026-03-01 10:30:00,1,1.0,1.0,66398.26,66467.06,68.80000000000291,23739.289999999222
2026-03-01 10:45:00,0,1.0,0.0,66467.06,66514.84,-47.779999999998836,23691.509999999224
2026-03-01 11:00:00,0,1.0,0.0,66514.84,66557.85,-43.01000000000931,23648.499999999214
2026-03-01 11:15:00,0,0.0,1.0,66557.85,66387.6,170.25,23818.749999999214
2026-03-01 11:30:00,1,1.0,1.0,66387.6,66468.03,80.42999999999302,23899.179999999207
2026-03-01 11:45:00,0,1.0,0.0,66468.03,66506.77,-38.74000000000524,23860.439999999202
2026-03-01 12:00:00,0,0.0,1.0,66506.77,66415.51,91.26000000000931,23951.69999999921
2026-03-01 12:15:00,0,1.0,1.0,66415.51,66491.27,-75.76000000000931,23875.939999999202
2026-03-01 12:30:00,0,0.0,1.0,66491.27,66296.48,194.79000000000815,24070.72999999921
2026-03-01 12:45:00,1,1.0,0.0,66296.48,66316.64,20.160000000003492,24090.889999999214
2026-03-01 13:00:00,0,1.0,0.0,66316.64,66319.99,-3.3500000000058208,24087.539999999208
2026-03-01 13:15:00,0,1.0,0.0,66319.99,66352.75,-32.75999999999476,24054.779999999213
2026-03-01 13:30:00,0,1.0,1.0,66352.75,66934.79,-582.0399999999936,23472.73999999922
2026-03-01 13:45:00,0,1.0,1.0,66934.79,67073.12,-138.33000000000175,23334.409999999218
2026-03-01 14:00:00,0,0.0,1.0,67073.12,66917.8,155.31999999999243,23489.72999999921
2026-03-01 14:15:00,0,0.0,1.0,66917.8,66826.3,91.5,23581.22999999921
2026-03-01 14:30:00,0,1.0,0.0,66826.3,66847.8,-21.5,23559.72999999921
2026-03-01 14:45:00,0,1.0,1.0,66847.8,67115.18,-267.3799999999901,23292.34999999922
2026-03-01 15:00:00,0,0.0,0.0,67115.18,67077.22,37.95999999999185,23330.309999999212
2026-03-01 15:15:00,0,1.0,1.0,67077.22,67215.0,-137.77999999999884,23192.529999999213
2026-03-01 15:30:00,0,0.0,1.0,67215.0,66842.42,372.58000000000175,23565.109999999215
2026-03-01 15:45:00,1,1.0,1.0,66842.42,66946.19,103.77000000000407,23668.87999999922
2026-03-01 16:00:00,0,1.0,1.0,66946.19,67029.87,-83.67999999999302,23585.199999999226
2026-03-01 16:15:00,0,0.0,1.0,67029.87,66828.52,201.34999999999127,23786.549999999217
2026-03-01 16:30:00,1,0.0,1.0,66828.52,66135.45,-693.070000000007,23093.47999999921
2026-03-01 16:45:00,1,0.0,0.0,66135.45,66110.94,-24.50999999999476,23068.969999999215
2026-03-01 17:00:00,1,0.0,1.0,66110.94,66022.34,-88.60000000000582,22980.36999999921
2026-03-01 17:15:00,1,0.0,0.0,66022.34,66015.56,-6.779999999998836,22973.58999999921
2026-03-01 17:30:00,1,0.0,0.0,66015.56,65979.61,-35.94999999999709,22937.639999999214
2026-03-01 17:45:00,1,1.0,1.0,65979.61,66395.96,416.3500000000058,23353.98999999922
2026-03-01 18:00:00,0,1.0,0.0,66395.96,66415.94,-19.979999999995925,23334.009999999224
2026-03-01 18:15:00,0,0.0,0.0,66415.94,66367.14,48.80000000000291,23382.809999999226
2026-03-01 18:30:00,1,0.0,0.0,66367.14,66316.83,-50.30999999999767,23332.49999999923
2026-03-01 18:45:00,1,0.0,1.0,66316.83,66079.47,-237.36000000000058,23095.139999999228
2026-03-01 19:00:00,1,0.0,1.0,66079.47,66008.42,-71.05000000000291,23024.089999999225
2026-03-01 19:15:00,1,0.0,1.0,66008.42,65823.64,-184.77999999999884,22839.309999999226
2026-03-01 19:30:00,1,1.0,1.0,65823.64,65962.17,138.52999999999884,22977.839999999225
2026-03-01 19:45:00,1,0.0,1.0,65962.17,65454.66,-507.50999999999476,22470.32999999923
2026-03-01 20:00:00,1,0.0,1.0,65454.66,65313.84,-140.82000000000698,22329.509999999224
2026-03-01 20:15:00,1,0.0,1.0,65313.84,65257.78,-56.05999999999767,22273.449999999226
2026-03-01 20:30:00,1,1.0,0.0,65257.78,65300.0,42.220000000001164,22315.669999999227
2026-03-01 20:45:00,1,1.0,1.0,65300.0,65515.83,215.83000000000175,22531.49999999923
2026-03-01 21:00:00,1,1.0,1.0,65515.83,65598.15,82.31999999999243,22613.81999999922
2026-03-01 21:15:00,0,1.0,1.0,65598.15,65673.05,-74.90000000000873,22538.919999999212
2026-03-01 21:30:00,0,0.0,0.0,65673.05,65666.2,6.850000000005821,22545.76999999922
2026-03-01 21:45:00,1,1.0,1.0,65666.2,66008.9,342.6999999999971,22888.469999999215
2026-03-01 22:00:00,0,0.0,1.0,66008.9,65878.45,130.4499999999971,23018.919999999212
2026-03-01 22:15:00,1,0.0,1.0,65878.45,65398.05,-480.3999999999942,22538.51999999922
2026-03-01 22:30:00,1,0.0,1.0,65398.05,65268.71,-129.34000000000378,22409.179999999214
2026-03-01 22:45:00,1,1.0,1.0,65268.71,65808.55,539.8400000000038,22949.01999999922
2026-03-01 23:00:00,0,0.0,1.0,65808.55,65635.74,172.80999999999767,23121.829999999216
2026-03-01 23:15:00,1,1.0,1.0,65635.74,65751.14,115.39999999999418,23237.22999999921
2026-03-01 23:30:00,0,1.0,0.0,65751.14,65776.47,-25.330000000001746,23211.89999999921
2026-03-01 23:45:00,0,1.0,1.0,65776.47,65986.01,-209.5399999999936,23002.359999999215
2026-03-02 00:00:00,0,0.0,0.0,65986.01,65936.44,49.56999999999243,23051.929999999207
2026-03-02 00:15:00,1,1.0,1.0,65936.44,66640.32,703.8800000000047,23755.809999999212
2026-03-02 00:30:00,0,0.0,1.0,66640.32,66501.52,138.8000000000029,23894.609999999215
2026-03-02 00:45:00,0,1.0,1.0,66501.52,66923.05,-421.52999999999884,23473.079999999216
2026-03-02 01:00:00,0,0.0,1.0,66923.05,66561.45,361.6000000000058,23834.67999999922
2026-03-02 01:15:00,1,1.0,0.0,66561.45,66578.24,16.79000000000815,23851.46999999923
2026-03-02 01:30:00,0,0.0,0.0,66578.24,66532.02,46.220000000001164,23897.68999999923
2026-03-02 01:45:00,0,0.0,1.0,66532.02,66094.29,437.7300000000105,24335.41999999924
2026-03-02 02:00:00,1,1.0,1.0,66094.29,66193.28,98.99000000000524,24434.409999999247
2026-03-02 02:15:00,1,1.0,1.0,66193.28,66322.47,129.19000000000233,24563.59999999925
2026-03-02 02:30:00,0,0.0,0.0,66322.47,66276.77,45.69999999999709,24609.299999999246
2026-03-02 02:45:00,1,1.0,1.0,66276.77,66493.01,216.2399999999907,24825.539999999237
2026-03-02 03:00:00,0,1.0,1.0,66493.01,66779.82,-286.8100000000122,24538.729999999225
2026-03-02 03:15:00,0,1.0,1.0,66779.82,66893.47,-113.64999999999418,24425.07999999923
2026-03-02 03:30:00,0,0.0,1.0,66893.47,66820.03,73.44000000000233,24498.519999999233
2026-03-02 03:45:00,0,0.0,1.0,66820.03,66744.06,75.97000000000116,24574.489999999234
2026-03-02 04:00:00,0,1.0,1.0,66744.06,66937.99,-193.93000000000757,24380.559999999226
2026-03-02 04:15:00,0,0.0,1.0,66937.99,66818.55,119.44000000000233,24499.99999999923
2026-03-02 04:30:00,0,1.0,0.0,66818.55,66862.12,-43.56999999999243,24456.429999999236
2026-03-02 04:45:00,0,0.0,1.0,66862.12,66710.4,151.72000000000116,24608.149999999237
2026-03-02 05:00:00,1,0.0,0.0,66710.4,66679.8,-30.59999999999127,24577.549999999246
2026-03-02 05:15:00,1,1.0,1.0,66679.8,66976.9,297.09999999999127,24874.649999999237
2026-03-02 05:30:00,0,0.0,1.0,66976.9,66730.78,246.11999999999534,25120.769999999233
2026-03-02 05:45:00,1,0.0,1.0,66730.78,66609.38,-121.39999999999418,24999.36999999924
2026-03-02 06:00:00,1,0.0,1.0,66609.38,66275.9,-333.4800000000105,24665.889999999228
2026-03-02 06:15:00,1,0.0,0.0,66275.9,66269.9,-6.0,24659.889999999228
2026-03-02 06:30:00,1,0.0,1.0,66269.9,66204.9,-65.0,24594.889999999228
2026-03-02 06:45:00,1,0.0,1.0,66204.9,65698.37,-506.52999999999884,24088.35999999923
2026-03-02 07:00:00,1,1.0,1.0,65698.37,65800.01,101.63999999999942,24189.99999999923
2026-03-02 07:15:00,1,1.0,1.0,65800.01,65964.88,164.8700000000099,24354.86999999924
2026-03-02 07:30:00,0,1.0,0.0,65964.88,66007.52,-42.63999999999942,24312.22999999924
2026-03-02 07:45:00,0,1.0,0.0,66007.52,66058.05,-50.529999999998836,24261.69999999924
2026-03-02 08:00:00,0,0.0,1.0,66058.05,65736.37,321.68000000000757,24583.379999999248
2026-03-02 08:15:00,1,1.0,1.0,65736.37,65980.23,243.86000000000058,24827.23999999925
2026-03-02 08:30:00,1,1.0,1.0,65980.23,66282.0,301.7700000000041,25129.009999999253
2026-03-02 08:45:00,0,1.0,1.0,66282.0,66393.4,-111.39999999999418,25017.60999999926
2026-03-02 09:00:00,0,1.0,0.0,66393.4,66395.85,-2.4500000000116415,25015.159999999247
2026-03-02 09:15:00,0,0.0,0.0,66395.85,66380.44,15.410000000003492,25030.56999999925
2026-03-02 09:30:00,0,0.0,1.0,66380.44,66168.62,211.82000000000698,25242.389999999257
2026-03-02 09:45:00,1,0.0,0.0,66168.62,66144.63,-23.989999999990687,25218.399999999267
2026-03-02 10:00:00,1,1.0,1.0,66144.63,66259.7,115.06999999999243,25333.46999999926
2026-03-02 10:15:00,0,1.0,0.0,66259.7,66282.61,-22.910000000003492,25310.559999999256
2026-03-02 10:30:00,0,1.0,0.0,66282.61,66316.4,-33.7899999999936,25276.769999999262
2026-03-02 10:45:00,0,0.0,1.0,66316.4,66088.1,228.29999999998836,25505.06999999925
2026-03-02 11:00:00,1,0.0,0.0,66088.1,66064.89,-23.210000000006403,25481.859999999244
2026-03-02 11:15:00,1,1.0,1.0,66064.89,66289.63,224.74000000000524,25706.59999999925
2026-03-02 11:30:00,0,1.0,1.0,66289.63,66359.68,-70.04999999998836,25636.54999999926
2026-03-02 11:45:00,0,0.0,0.0,66359.68,66338.92,20.75999999999476,25657.309999999256
2026-03-02 12:00:00,1,0.0,1.0,66338.92,66134.9,-204.02000000000407,25453.28999999925
2026-03-02 12:15:00,1,0.0,1.0,66134.9,65985.39,-149.50999999999476,25303.779999999257
2026-03-02 12:30:00,1,0.0,0.0,65985.39,65963.43,-21.960000000006403,25281.81999999925
2026-03-02 12:45:00,1,0.0,1.0,65963.43,65858.82,-104.60999999998603,25177.209999999264
2026-03-02 13:00:00,1,0.0,0.0,65858.82,65815.35,-43.470000000001164,25133.739999999263
2026-03-02 13:15:00,1,0.0,1.0,65815.35,65587.56,-227.79000000000815,24905.949999999255
2026-03-02 13:30:00,1,0.0,1.0,65587.56,65440.01,-147.54999999999563,24758.39999999926
2026-03-02 13:45:00,1,1.0,1.0,65440.01,65548.99,108.9800000000032,24867.379999999263
2026-03-02 14:00:00,1,1.0,0.0,65548.99,65589.08,40.08999999999651,24907.46999999926
2026-03-02 14:15:00,0,1.0,1.0,65589.08,66626.06,-1036.979999999996,23870.489999999263
2026-03-02 14:30:00,0,1.0,1.0,66626.06,67177.06,-551.0,23319.489999999263
2026-03-02 14:45:00,0,1.0,1.0,67177.06,68425.1,-1248.0400000000081,22071.449999999255
2026-03-02 15:00:00,0,1.0,1.0,68425.1,68556.0,-130.89999999999418,21940.54999999926
2026-03-02 15:15:00,0,1.0,1.0,68556.0,69516.47,-960.4700000000012,20980.07999999926
2026-03-02 15:30:00,0,0.0,1.0,69516.47,69130.2,386.2700000000041,21366.349999999264
2026-03-02 15:45:00,1,1.0,1.0,69130.2,69665.12,534.9199999999983,21901.269999999262
2026-03-02 16:00:00,0,0.0,1.0,69665.12,69383.65,281.47000000000116,22182.739999999263
2026-03-02 16:15:00,1,1.0,1.0,69383.65,69861.03,477.38000000000466,22660.119999999268
2026-03-02 16:30:00,0,0.0,1.0,69861.03,69428.62,432.4100000000035,23092.52999999927
2026-03-02 16:45:00,1,0.0,0.0,69428.62,69418.51,-10.110000000000582,23082.41999999927
2026-03-02 17:00:00,1,0.0,0.0,69418.51,69406.33,-12.179999999993015,23070.239999999278
2026-03-02 17:15:00,1,0.0,1.0,69406.33,68844.77,-561.5599999999977,22508.67999999928
2026-03-02 17:30:00,1,1.0,1.0,68844.77,69198.0,353.2299999999959,22861.909999999276
2026-03-02 17:45:00,0,0.0,0.0,69198.0,69190.32,7.679999999993015,22869.58999999927
2026-03-02 18:00:00,1,0.0,1.0,69190.32,69089.06,-101.26000000000931,22768.32999999926
2026-03-02 18:15:00,1,1.0,0.0,69089.06,69125.47,36.41000000000349,22804.739999999263
2026-03-02 18:30:00,0,0.0,1.0,69125.47,68877.67,247.8000000000029,23052.539999999266
2026-03-02 18:45:00,1,0.0,1.0,68877.67,68745.59,-132.08000000000175,22920.459999999264
2026-03-02 19:00:00,1,1.0,1.0,68745.59,68824.0,78.41000000000349,22998.869999999268
2026-03-02 19:15:00,0,0.0,0.0,68824.0,68782.88,41.11999999999534,23039.989999999263
2026-03-02 19:30:00,1,1.0,1.0,68782.88,68966.53,183.64999999999418,23223.639999999257
2026-03-02 19:45:00,0,0.0,1.0,68966.53,68738.01,228.52000000000407,23452.15999999926
2026-03-02 20:00:00,1,1.0,1.0,68738.01,68951.73,213.72000000000116,23665.879999999263
2026-03-02 20:15:00,0,1.0,1.0,68951.73,69229.75,-278.0200000000041,23387.85999999926
2026-03-02 20:30:00,0,0.0,1.0,69229.75,69106.58,123.16999999999825,23511.029999999257
2026-03-02 20:45:00,1,1.0,1.0,69106.58,69281.63,175.0500000000029,23686.07999999926
2026-03-02 21:00:00,0,1.0,1.0,69281.63,69414.6,-132.97000000000116,23553.10999999926
2026-03-02 21:15:00,0,1.0,0.0,69414.6,69456.82,-42.220000000001164,23510.889999999257
2026-03-02 21:30:00,0,0.0,0.0,69456.82,69413.82,43.0,23553.889999999257
2026-03-02 21:45:00,0,0.0,1.0,69413.82,69241.53,172.29000000000815,23726.179999999265
2026-03-02 22:00:00,1,1.0,1.0,69241.53,69364.45,122.91999999999825,23849.099999999264
2026-03-02 22:15:00,0,1.0,0.0,69364.45,69410.88,-46.43000000000757,23802.669999999256
2026-03-02 22:30:00,0,1.0,0.0,69410.88,69440.49,-29.610000000000582,23773.059999999256
2026-03-02 22:45:00,0,0.0,1.0,69440.49,69223.24,217.25,23990.309999999256
2026-03-02 23:00:00,0,0.0,1.0,69223.24,69002.93,220.31000000001222,24210.619999999268
2026-03-02 23:15:00,1,0.0,1.0,69002.93,68796.86,-206.06999999999243,24004.549999999275
2026-03-02 23:30:00,1,1.0,0.0,68796.86,68830.06,33.19999999999709,24037.749999999272
2026-03-02 23:45:00,0,0.0,0.0,68830.06,68809.99,20.069999999992433,24057.819999999265
2026-03-03 00:00:00,1,0.0,0.0,68809.99,68801.99,-8.0,24049.819999999265
2026-03-03 00:15:00,1,1.0,1.0,68801.99,69108.17,306.179999999993,24355.999999999258
2026-03-03 00:30:00,0,0.0,0.0,69108.17,69092.88,15.289999999993597,24371.28999999925
2026-03-03 00:45:00,1,1.0,0.0,69092.88,69132.08,39.19999999999709,24410.48999999925
2026-03-03 01:00:00,0,0.0,1.0,69132.08,68909.32,222.75999999999476,24633.249999999243
2026-03-03 01:15:00,1,1.0,1.0,68909.32,69032.82,123.5,24756.749999999243
2026-03-03 01:30:00,0,0.0,1.0,69032.82,68760.01,272.8100000000122,25029.559999999256
2026-03-03 01:45:00,1,0.0,1.0,68760.01,68603.6,-156.40999999998894,24873.149999999267
2026-03-03 02:00:00,1,0.0,1.0,68603.6,68461.73,-141.8700000000099,24731.279999999257
2026-03-03 02:15:00,1,0.0,0.0,68461.73,68458.49,-3.2399999999906868,24728.039999999266
2026-03-03 02:30:00,1,1.0,0.0,68458.49,68512.17,53.679999999993015,24781.71999999926
2026-03-03 02:45:00,0,0.0,0.0,68512.17,68465.48,46.69000000000233,24828.40999999926
2026-03-03 03:00:00,1,0.0,0.0,68465.48,68419.34,-46.13999999999942,24782.269999999262
2026-03-03 03:15:00,1,0.0,0.0,68419.34,68419.12,-0.22000000000116415,24782.04999999926
2026-03-03 03:30:00,1,0.0,0.0,68419.12,68377.94,-41.179999999993015,24740.869999999268
2026-03-03 03:45:00,1,0.0,0.0,68377.94,68370.0,-7.940000000002328,24732.929999999265
2026-03-03 04:00:00,1,0.0,0.0,68370.0,68323.53,-46.470000000001164,24686.459999999264
2026-03-03 04:15:00,1,0.0,1.0,68323.53,68194.9,-128.63000000000466,24557.82999999926
2026-03-03 04:30:00,1,0.0,1.0,68194.9,68123.2,-71.69999999999709,24486.129999999263
2026-03-03 04:45:00,1,1.0,1.0,68123.2,68391.35,268.15000000000873,24754.27999999927
2026-03-03 05:00:00,1,1.0,0.0,68391.35,68408.81,17.45999999999185,24771.739999999263
2026-03-03 05:15:00,0,0.0,1.0,68408.81,68079.39,329.41999999999825,25101.15999999926
2026-03-03 05:30:00,1,0.0,1.0,68079.39,67947.75,-131.63999999999942,24969.519999999262
2026-03-03 05:45:00,1,1.0,0.0,67947.75,67970.6,22.85000000000582,24992.369999999268
2026-03-03 06:00:00,0,0.0,1.0,67970.6,67887.0,83.60000000000582,25075.969999999274
2026-03-03 06:15:00,1,1.0,1.0,67887.0,67995.05,108.05000000000291,25184.019999999276
2026-03-03 06:30:00,0,1.0,1.0,67995.05,68106.73,-111.67999999999302,25072.339999999283
2026-03-03 06:45:00,0,1.0,1.0,68106.73,68172.39,-65.66000000000349,25006.67999999928
2026-03-03 07:00:00,0,1.0,1.0,68172.39,68245.3,-72.91000000000349,24933.769999999276
2026-03-03 07:15:00,0,0.0,0.0,68245.3,68218.18,27.120000000009895,24960.889999999286
2026-03-03 07:30:00,0,0.0,0.0,68218.18,68172.8,45.379999999990105,25006.269999999276
2026-03-03 07:45:00,1,0.0,1.0,68172.8,68010.75,-162.0500000000029,24844.219999999274
2026-03-03 08:00:00,1,0.0,1.0,68010.75,67747.78,-262.97000000000116,24581.249999999272
2026-03-03 08:15:00,1,0.0,1.0,67747.78,67347.0,-400.77999999999884,24180.469999999274
2026-03-03 08:30:00,1,0.0,1.0,67347.0,67003.3,-343.6999999999971,23836.769999999276
2026-03-03 08:45:00,1,1.0,1.0,67003.3,67090.79,87.48999999999069,23924.259999999267
2026-03-03 09:00:00,0,0.0,1.0,67090.79,66629.37,461.41999999999825,24385.679999999265
2026-03-03 09:15:00,1,0.0,1.0,66629.37,66540.84,-88.52999999999884,24297.149999999267
2026-03-03 09:30:00,1,1.0,1.0,66540.84,66647.98,107.13999999999942,24404.289999999266
2026-03-03 09:45:00,0,0.0,1.0,66647.98,66486.76,161.22000000000116,24565.509999999267
2026-03-03 10:00:00,1,1.0,0.0,66486.76,66512.33,25.570000000006985,24591.079999999274
2026-03-03 10:15:00,1,1.0,1.0,66512.33,66707.75,195.41999999999825,24786.499999999272
2026-03-03 10:30:00,0,1.0,1.0,66707.75,66860.3,-152.5500000000029,24633.94999999927
2026-03-03 10:45:00,0,1.0,1.0,66860.3,66963.61,-103.30999999999767,24530.639999999272
2026-03-03 11:00:00,0,0.0,1.0,66963.61,66837.45,126.16000000000349,24656.799999999275
2026-03-03 11:15:00,1,1.0,1.0,66837.45,67075.29,237.8399999999965,24894.639999999272
2026-03-03 11:30:00,0,0.0,0.0,67075.29,67026.61,48.679999999993015,24943.319999999265
2026-03-03 11:45:00,0,1.0,1.0,67026.61,67741.08,-714.4700000000012,24228.849999999264
2026-03-03 12:00:00,0,0.0,1.0,67741.08,67585.2,155.88000000000466,24384.72999999927
2026-03-03 12:15:00,0,0.0,1.0,67585.2,67360.15,225.0500000000029,24609.77999999927
2026-03-03 12:30:00,1,1.0,0.0,67360.15,67399.85,39.70000000001164,24649.479999999283
2026-03-03 12:45:00,0,0.0,1.0,67399.85,66979.93,419.9200000000128,25069.399999999296
2026-03-03 13:00:00,1,1.0,1.0,66979.93,67107.29,127.36000000000058,25196.759999999296
2026-03-03 13:15:00,0,0.0,1.0,67107.29,66861.13,246.15999999998894,25442.919999999285
2026-03-03 13:30:00,1,1.0,1.0,66861.13,66931.31,70.17999999999302,25513.09999999928
2026-03-03 13:45:00,0,1.0,1.0,66931.31,67170.0,-238.69000000000233,25274.409999999276
2026-03-03 14:00:00,0,0.0,0.0,67170.0,67118.32,51.679999999993015,25326.08999999927
2026-03-03 14:15:00,0,0.0,1.0,67118.32,66464.0,654.320000000007,25980.409999999276
2026-03-03 14:30:00,1,1.0,1.0,66464.0,66568.95,104.94999999999709,26085.359999999273
2026-03-03 14:45:00,1,1.0,1.0,66568.95,66871.99,303.04000000000815,26388.39999999928
2026-03-03 15:00:00,0,0.0,0.0,66871.99,66820.95,51.04000000000815,26439.43999999929
2026-03-03 15:15:00,0,1.0,1.0,66820.95,67529.21,-708.2600000000093,25731.17999999928
2026-03-03 15:30:00,0,1.0,1.0,67529.21,67725.81,-196.59999999999127,25534.57999999929
2026-03-03 15:45:00,0,1.0,1.0,67725.81,68474.02,-748.2100000000064,24786.369999999282
2026-03-03 16:00:00,0,1.0,1.0,68474.02,68828.97,-354.9499999999971,24431.419999999285
2026-03-03 16:15:00,0,0.0,1.0,68828.97,67726.29,1102.6800000000076,25534.099999999293
2026-03-03 16:30:00,1,1.0,1.0,67726.29,68175.9,449.6100000000006,25983.709999999293
2026-03-03 16:45:00,0,0.0,1.0,68175.9,67941.36,234.5399999999936,26218.249999999287
2026-03-03 17:00:00,0,1.0,1.0,67941.36,68234.65,-293.2899999999936,25924.959999999293
2026-03-03 17:15:00,0,0.0,1.0,68234.65,68148.91,85.73999999999069,26010.699999999284
2026-03-03 17:30:00,0,1.0,1.0,68148.91,68318.66,-169.75,25840.949999999284
2026-03-03 17:45:00,0,0.0,1.0,68318.66,68083.68,234.98000000001048,26075.929999999295
2026-03-03 18:00:00,0,1.0,1.0,68083.68,68465.88,-382.20000000001164,25693.729999999283
2026-03-03 18:15:00,0,1.0,1.0,68465.88,68689.6,-223.72000000000116,25470.00999999928
2026-03-03 18:30:00,0,0.0,0.0,68689.6,68628.49,61.11000000000058,25531.119999999282
2026-03-03 18:45:00,0,0.0,0.0,68628.49,68620.96,7.529999999998836,25538.64999999928
2026-03-03 19:00:00,1,1.0,0.0,68620.96,68654.25,33.2899999999936,25571.939999999275
2026-03-03 19:15:00,0,1.0,0.0,68654.25,68702.21,-47.9600000000064,25523.97999999927
2026-03-03 19:30:00,0,0.0,1.0,68702.21,68435.0,267.2100000000064,25791.189999999275
2026-03-03 19:45:00,0,0.0,1.0,68435.0,68156.11,278.8899999999994,26070.079999999274
2026-03-03 20:00:00,1,1.0,1.0,68156.11,68390.95,234.8399999999965,26304.91999999927
2026-03-03 20:15:00,0,1.0,1.0,68390.95,68483.57,-92.6200000000099,26212.29999999926
2026-03-03 20:30:00,0,0.0,1.0,68483.57,68266.0,217.57000000000698,26429.869999999268
2026-03-03 20:45:00,0,0.0,1.0,68266.0,68047.99,218.00999999999476,26647.879999999263
2026-03-03 21:00:00,1,0.0,1.0,68047.99,67936.44,-111.55000000000291,26536.32999999926
2026-03-03 21:15:00,1,1.0,1.0,67936.44,68030.55,94.11000000000058,26630.43999999926
2026-03-03 21:30:00,0,0.0,0.0,68030.55,68024.62,5.930000000007567,26636.369999999268
2026-03-03 21:45:00,1,1.0,1.0,68024.62,68310.74,286.1200000000099,26922.489999999278
2026-03-03 22:00:00,0,0.0,0.0,68310.74,68259.87,50.870000000009895,26973.359999999288
2026-03-03 22:15:00,1,1.0,1.0,68259.87,68398.0,138.13000000000466,27111.489999999292
2026-03-03 22:30:00,0,0.0,1.0,68398.0,68327.2,70.80000000000291,27182.289999999295
2026-03-03 22:45:00,1,1.0,1.0,68327.2,68695.92,368.72000000000116,27551.009999999296
2026-03-03 23:00:00,0,0.0,1.0,68695.92,68490.46,205.45999999999185,27756.469999999288
2026-03-03 23:15:00,1,0.0,0.0,68490.46,68456.39,-34.070000000006985,27722.39999999928
2026-03-03 23:30:00,1,0.0,1.0,68456.39,68338.0,-118.38999999999942,27604.00999999928
2026-03-03 23:45:00,1,0.0,1.0,68338.0,68111.53,-226.47000000000116,27377.53999999928
2026-03-04 00:00:00,1,1.0,1.0,68111.53,68293.87,182.3399999999965,27559.879999999277
2026-03-04 00:15:00,0,0.0,1.0,68293.87,67965.94,327.929999999993,27887.80999999927
2026-03-04 00:30:00,1,1.0,1.0,67965.94,68093.19,127.25,28015.05999999927
2026-03-04 00:45:00,0,1.0,0.0,68093.19,68124.0,-30.80999999999767,27984.249999999272
2026-03-04 01:00:00,0,1.0,1.0,68124.0,68251.99,-127.99000000000524,27856.259999999267
2026-03-04 01:15:00,0,1.0,1.0,68251.99,68711.48,-459.4899999999907,27396.769999999276
2026-03-04 01:30:00,0,0.0,1.0,68711.48,68405.0,306.4799999999959,27703.249999999272
2026-03-04 01:45:00,0,0.0,1.0,68405.0,68229.14,175.86000000000058,27879.109999999273
2026-03-04 02:00:00,1,0.0,1.0,68229.14,68067.01,-162.13000000000466,27716.97999999927
2026-03-04 02:15:00,1,1.0,1.0,68067.01,68135.86,68.85000000000582,27785.829999999274
2026-03-04 02:30:00,0,1.0,1.0,68135.86,68323.33,-187.47000000000116,27598.359999999273
2026-03-04 02:45:00,0,0.0,0.0,68323.33,68265.27,58.05999999999767,27656.41999999927
2026-03-04 03:00:00,1,0.0,1.0,68265.27,67976.25,-289.0200000000041,27367.399999999267
2026-03-04 03:15:00,1,0.0,1.0,67976.25,67571.46,-404.7899999999936,26962.609999999273
2026-03-04 03:30:00,1,1.0,1.0,67571.46,67732.2,160.7399999999907,27123.349999999264
2026-03-04 03:45:00,0,1.0,1.0,67732.2,67816.15,-83.94999999999709,27039.399999999267
2026-03-04 04:00:00,0,0.0,1.0,67816.15,67600.01,216.13999999999942,27255.539999999266
2026-03-04 04:15:00,1,1.0,0.0,67600.01,67641.75,41.74000000000524,27297.27999999927
2026-03-04 04:30:00,0,1.0,1.0,67641.75,67786.0,-144.25,27153.02999999927
2026-03-04 04:45:00,0,1.0,1.0,67786.0,67914.25,-128.25,27024.77999999927
2026-03-04 05:00:00,0,0.0,1.0,67914.25,67831.48,82.77000000000407,27107.549999999275
2026-03-04 05:15:00,0,1.0,1.0,67831.48,68206.36,-374.88000000000466,26732.66999999927
2026-03-04 05:30:00,0,1.0,0.0,68206.36,68206.59,-0.22999999999592546,26732.439999999275
2026-03-04 05:45:00,0,0.0,0.0,68206.59,68196.79,9.80000000000291,26742.239999999278
2026-03-04 06:00:00,1,0.0,1.0,68196.79,68128.53,-68.25999999999476,26673.979999999283
2026-03-04 06:15:00,1,1.0,1.0,68128.53,68665.31,536.7799999999988,27210.75999999928
2026-03-04 06:30:00,0,0.0,1.0,68665.31,68508.02,157.2899999999936,27368.049999999275
2026-03-04 06:45:00,1,0.0,1.0,68508.02,68401.54,-106.48000000001048,27261.569999999265
2026-03-04 07:00:00,1,1.0,1.0,68401.54,68766.45,364.9100000000035,27626.47999999927
2026-03-04 07:15:00,0,1.0,1.0,68766.45,68969.41,-202.9600000000064,27423.519999999262
2026-03-04 07:30:00,0,1.0,1.0,68969.41,69493.13,-523.7200000000012,26899.79999999926
2026-03-04 07:45:00,0,0.0,1.0,69493.13,69418.74,74.38999999999942,26974.18999999926
2026-03-04 08:00:00,1,0.0,1.0,69418.74,69316.41,-102.33000000000175,26871.85999999926
2026-03-04 08:15:00,1,1.0,1.0,69316.41,69880.0,563.5899999999965,27435.449999999255
2026-03-04 08:30:00,0,1.0,1.0,69880.0,71011.4,-1131.3999999999942,26304.04999999926
2026-03-04 08:45:00,0,1.0,0.0,71011.4,71072.59,-61.19000000000233,26242.85999999926
2026-03-04 09:00:00,0,1.0,1.0,71072.59,71310.0,-237.4100000000035,26005.449999999255
2026-03-04 09:15:00,0,1.0,1.0,71310.0,71767.23,-457.2299999999959,25548.21999999926
2026-03-04 09:30:00,0,0.0,1.0,71767.23,71520.76,246.47000000000116,25794.68999999926
2026-03-04 09:45:00,1,1.0,1.0,71520.76,71655.44,134.68000000000757,25929.369999999268
2026-03-04 10:00:00,0,0.0,1.0,71655.44,71526.61,128.83000000000175,26058.19999999927
2026-03-04 10:15:00,1,0.0,1.0,71526.61,71322.4,-204.2100000000064,25853.989999999263
2026-03-04 10:30:00,1,1.0,0.0,71322.4,71348.92,26.520000000004075,25880.509999999267
2026-03-04 10:45:00,1,1.0,1.0,71348.92,71427.72,78.80000000000291,25959.30999999927
2026-03-04 11:00:00,1,0.0,1.0,71427.72,71225.69,-202.02999999999884,25757.27999999927
2026-03-04 11:15:00,1,0.0,1.0,71225.69,71109.22,-116.47000000000116,25640.80999999927
2026-03-04 11:30:00,1,1.0,0.0,71109.22,71111.4,2.179999999993015,25642.989999999263
2026-03-04 11:45:00,1,0.0,1.0,71111.4,70880.4,-231.0,25411.989999999263
2026-03-04 12:00:00,1,0.0,1.0,70880.4,70628.57,-251.8299999999872,25160.159999999276
2026-03-04 12:15:00,1,1.0,1.0,70628.57,70973.65,345.0799999999872,25505.239999999263
2026-03-04 12:30:00,1,1.0,1.0,70973.65,71339.71,366.0600000000122,25871.299999999275
2026-03-04 12:45:00,0,0.0,0.0,71339.71,71300.0,39.7100000000064,25911.00999999928
2026-03-04 13:00:00,1,1.0,0.0,71300.0,71364.49,64.49000000000524,25975.499999999287
2026-03-04 13:15:00,0,1.0,0.0,71364.49,71432.98,-68.48999999999069,25907.009999999296
2026-03-04 13:30:00,0,1.0,0.0,71432.98,71477.17,-44.19000000000233,25862.819999999294
2026-03-04 13:45:00,0,1.0,1.0,71477.17,71807.12,-329.9499999999971,25532.869999999297
2026-03-04 14:00:00,0,0.0,0.0,71807.12,71751.67,55.44999999999709,25588.319999999294
2026-03-04 14:15:00,1,0.0,1.0,71751.67,71416.59,-335.08000000000175,25253.239999999292
2026-03-04 14:30:00,1,1.0,1.0,71416.59,71621.04,204.4499999999971,25457.68999999929
2026-03-04 14:45:00,1,1.0,1.0,71621.04,72003.76,382.72000000000116,25840.40999999929
2026-03-04 15:00:00,0,1.0,1.0,72003.76,72972.15,-968.3899999999994,24872.01999999929
2026-03-04 15:15:00,0,0.0,1.0,72972.15,72705.65,266.5,25138.51999999929
2026-03-04 15:30:00,1,1.0,1.0,72705.65,73396.88,691.2300000000105,25829.7499999993
2026-03-04 15:45:00,0,0.0,1.0,73396.88,72843.2,553.6800000000076,26383.42999999931
2026-03-04 16:00:00,1,1.0,1.0,72843.2,72964.39,121.19000000000233,26504.61999999931
2026-03-04 16:15:00,0,1.0,1.0,72964.39,73140.32,-175.93000000000757,26328.689999999304
2026-03-04 16:30:00,0,1.0,1.0,73140.32,73294.84,-154.51999999998952,26174.169999999314
2026-03-04 16:45:00,0,1.0,1.0,73294.84,73545.44,-250.60000000000582,25923.56999999931
2026-03-04 17:00:00,0,0.0,1.0,73545.44,73053.05,492.3899999999994,26415.959999999308
2026-03-04 17:15:00,1,1.0,1.0,73053.05,73141.8,88.75,26504.709999999308
2026-03-04 17:30:00,0,1.0,1.0,73141.8,73218.92,-77.11999999999534,26427.589999999313
2026-03-04 17:45:00,0,0.0,1.0,73218.92,73042.63,176.2899999999936,26603.879999999306
2026-03-04 18:00:00,1,1.0,1.0,73042.63,73405.9,363.2699999999895,26967.149999999296
2026-03-04 18:15:00,0,1.0,1.0,73405.9,73518.89,-112.99000000000524,26854.15999999929
2026-03-04 18:30:00,0,1.0,1.0,73518.89,73693.5,-174.61000000000058,26679.54999999929
2026-03-04 18:45:00,0,1.0,1.0,73693.5,73870.54,-177.0399999999936,26502.509999999296
2026-03-04 19:00:00,0,0.0,1.0,73870.54,73557.99,312.54999999998836,26815.059999999285
2026-03-04 19:15:00,1,1.0,1.0,73557.99,73707.15,149.15999999998894,26964.219999999274
2026-03-04 19:30:00,0,0.0,1.0,73707.15,73611.1,96.04999999998836,27060.269999999262
2026-03-04 19:45:00,1,0.0,1.0,73611.1,73430.17,-180.93000000000757,26879.339999999254
2026-03-04 20:00:00,1,1.0,0.0,73430.17,73469.95,39.779999999998836,26919.119999999253
2026-03-04 20:15:00,1,1.0,0.0,73469.95,73496.36,26.410000000003492,26945.529999999257
2026-03-04 20:30:00,1,0.0,1.0,73496.36,73019.68,-476.68000000000757,26468.84999999925
2026-03-04 20:45:00,1,1.0,0.0,73019.68,73060.84,41.16000000000349,26510.009999999253
2026-03-04 21:00:00,1,1.0,1.0,73060.84,73161.57,100.73000000001048,26610.739999999263
2026-03-04 21:15:00,0,1.0,1.0,73161.57,73237.6,-76.02999999999884,26534.709999999264
2026-03-04 21:30:00,0,1.0,0.0,73237.6,73309.72,-72.11999999999534,26462.58999999927
2026-03-04 21:45:00,0,0.0,0.0,73309.72,73244.25,65.47000000000116,26528.05999999927
2026-03-04 22:00:00,1,1.0,0.0,73244.25,73260.0,15.75,26543.80999999927
2026-03-04 22:15:00,1,0.0,1.0,73260.0,72917.01,-342.99000000000524,26200.819999999265
2026-03-04 22:30:00,1,0.0,1.0,72917.01,72705.86,-211.14999999999418,25989.66999999927
2026-03-04 22:45:00,1,1.0,0.0,72705.86,72718.57,12.710000000006403,26002.379999999277
2026-03-04 23:00:00,1,0.0,1.0,72718.57,72538.0,-180.57000000000698,25821.80999999927
2026-03-04 23:15:00,1,1.0,1.0,72538.0,72756.8,218.8000000000029,26040.609999999273
2026-03-04 23:30:00,1,0.0,1.0,72756.8,72666.77,-90.02999999999884,25950.579999999274
2026-03-04 23:45:00,1,1.0,0.0,72666.77,72705.48,38.70999999999185,25989.289999999266
2026-03-05 00:00:00,1,1.0,1.0,72705.48,72827.7,122.22000000000116,26111.509999999267
2026-03-05 00:15:00,0,1.0,1.0,72827.7,72905.0,-77.30000000000291,26034.209999999264
2026-03-05 00:30:00,0,0.0,1.0,72905.0,72760.0,145.0,26179.209999999264
2026-03-05 00:45:00,1,1.0,1.0,72760.0,73126.28,366.27999999999884,26545.489999999263
2026-03-05 01:00:00,0,0.0,1.0,73126.28,72945.09,181.19000000000233,26726.679999999265
2026-03-05 01:15:00,1,0.0,1.0,72945.09,72651.07,-294.0199999999895,26432.659999999276
2026-03-05 01:30:00,1,0.0,1.0,72651.07,72538.72,-112.35000000000582,26320.30999999927
2026-03-05 01:45:00,1,1.0,1.0,72538.72,72804.72,266.0,26586.30999999927
2026-03-05 02:00:00,1,0.0,1.0,72804.72,72716.18,-88.54000000000815,26497.769999999262
2026-03-05 02:15:00,1,0.0,1.0,72716.18,72357.94,-358.2399999999907,26139.52999999927
2026-03-05 02:30:00,1,1.0,1.0,72357.94,72506.19,148.25,26287.77999999927
2026-03-05 02:45:00,1,1.0,1.0,72506.19,72624.85,118.66000000000349,26406.439999999275
2026-03-05 03:00:00,0,0.0,1.0,72624.85,72531.91,92.94000000000233,26499.379999999277
2026-03-05 03:15:00,1,0.0,1.0,72531.91,72349.06,-182.85000000000582,26316.52999999927
2026-03-05 03:30:00,1,1.0,1.0,72349.06,72497.89,148.83000000000175,26465.359999999273
2026-03-05 03:45:00,1,1.0,1.0,72497.89,72668.43,170.5399999999936,26635.899999999267
2026-03-05 04:00:00,0,1.0,1.0,72668.43,72793.66,-125.23000000001048,26510.669999999256
2026-03-05 04:15:00,0,1.0,1.0,72793.66,72922.81,-129.14999999999418,26381.519999999262
2026-03-05 04:30:00,0,0.0,1.0,72922.81,72815.7,107.11000000000058,26488.629999999263
2026-03-05 04:45:00,1,1.0,0.0,72815.7,72820.0,4.30000000000291,26492.929999999265
2026-03-05 05:00:00,0,0.0,1.0,72820.0,72480.45,339.5500000000029,26832.47999999927
2026-03-05 05:15:00,1,0.0,0.0,72480.45,72414.65,-65.80000000000291,26766.679999999265
2026-03-05 05:30:00,1,0.0,0.0,72414.65,72412.15,-2.5,26764.179999999265
2026-03-05 05:45:00,1,0.0,1.0,72412.15,72150.71,-261.4399999999878,26502.739999999278
2026-03-05 06:00:00,1,1.0,1.0,72150.71,72399.07,248.36000000000058,26751.09999999928
2026-03-05 06:15:00,1,1.0,0.0,72399.07,72422.64,23.569999999992433,26774.66999999927
2026-03-05 06:30:00,1,1.0,1.0,72422.64,72553.62,130.97999999999593,26905.649999999267
2026-03-05 06:45:00,0,1.0,1.0,72553.62,72647.81,-94.19000000000233,26811.459999999264
2026-03-05 07:00:00,0,0.0,1.0,72647.81,72527.28,120.52999999999884,26931.989999999263
2026-03-05 07:15:00,1,0.0,1.0,72527.28,72181.81,-345.47000000000116,26586.519999999262
2026-03-05 07:30:00,1,0.0,1.0,72181.81,72055.5,-126.30999999999767,26460.209999999264
2026-03-05 07:45:00,1,0.0,1.0,72055.5,71825.43,-230.07000000000698,26230.139999999257
2026-03-05 08:00:00,1,1.0,0.0,71825.43,71829.9,4.470000000001164,26234.60999999926
2026-03-05 08:15:00,1,1.0,1.0,71829.9,72178.73,348.83000000000175,26583.43999999926
2026-03-05 08:30:00,1,1.0,1.0,72178.73,72333.7,154.97000000000116,26738.40999999926
2026-03-05 08:45:00,0,1.0,1.0,72333.7,72613.16,-279.4600000000064,26458.949999999255
2026-03-05 09:00:00,0,1.0,1.0,72613.16,72690.81,-77.64999999999418,26381.29999999926
2026-03-05 09:15:00,0,0.0,1.0,72690.81,72553.65,137.1600000000035,26518.459999999264
2026-03-05 09:30:00,0,1.0,0.0,72553.65,72591.59,-37.94000000000233,26480.519999999262
2026-03-05 09:45:00,0,1.0,1.0,72591.59,72722.1,-130.5100000000093,26350.009999999253
2026-03-05 10:00:00,0,1.0,1.0,72722.1,73151.8,-429.6999999999971,25920.309999999256
2026-03-05 10:15:00,0,1.0,1.0,73151.8,73308.18,-156.3799999999901,25763.929999999265
2026-03-05 10:30:00,0,1.0,1.0,73308.18,73388.92,-80.74000000000524,25683.18999999926
2026-03-05 10:45:00,0,0.0,1.0,73388.92,73190.73,198.19000000000233,25881.379999999263
2026-03-05 11:00:00,0,0.0,0.0,73190.73,73122.37,68.36000000000058,25949.739999999263
2026-03-05 11:15:00,1,0.0,1.0,73122.37,72837.66,-284.70999999999185,25665.02999999927
2026-03-05 11:30:00,1,1.0,1.0,72837.66,72915.79,78.1299999999901,25743.15999999926
2026-03-05 11:45:00,1,1.0,0.0,72915.79,72947.28,31.49000000000524,25774.649999999267
2026-03-05 12:00:00,0,0.0,1.0,72947.28,72809.1,138.17999999999302,25912.82999999926
2026-03-05 12:15:00,1,1.0,1.0,72809.1,72903.29,94.18999999998778,26007.019999999247
2026-03-05 12:30:00,1,0.0,0.0,72903.29,72890.73,-12.559999999997672,25994.45999999925
2026-03-05 12:45:00,1,0.0,1.0,72890.73,72670.1,-220.6299999999901,25773.82999999926
2026-03-05 13:00:00,1,0.0,1.0,72670.1,72523.38,-146.72000000000116,25627.10999999926
2026-03-05 13:15:00,1,0.0,0.0,72523.38,72518.31,-5.070000000006985,25622.03999999925
2026-03-05 13:30:00,1,0.0,0.0,72518.31,72467.79,-50.520000000004075,25571.519999999247
2026-03-05 13:45:00,1,1.0,1.0,72467.79,72613.91,146.1200000000099,25717.639999999257
2026-03-05 14:00:00,1,0.0,0.0,72613.91,72552.36,-61.55000000000291,25656.089999999254
2026-03-05 14:15:00,1,0.0,1.0,72552.36,72004.99,-547.3699999999953,25108.71999999926
2026-03-05 14:30:00,1,1.0,1.0,72004.99,72609.29,604.2999999999884,25713.019999999247
2026-03-05 14:45:00,1,0.0,1.0,72609.29,71798.63,-810.6599999999889,24902.35999999926
2026-03-05 15:00:00,1,0.0,1.0,71798.63,71278.46,-520.1699999999983,24382.18999999926
2026-03-05 15:15:00,1,1.0,1.0,71278.46,71457.5,179.0399999999936,24561.229999999254
2026-03-05 15:30:00,1,1.0,1.0,71457.5,71652.77,195.27000000000407,24756.499999999258
2026-03-05 15:45:00,0,0.0,1.0,71652.77,71005.23,647.5400000000081,25404.039999999266
2026-03-05 16:00:00,1,0.0,0.0,71005.23,70995.76,-9.470000000001164,25394.569999999265
2026-03-05 16:15:00,1,1.0,1.0,70995.76,71340.62,344.8600000000006,25739.429999999265
2026-03-05 16:30:00,1,0.0,0.0,71340.62,71305.92,-34.69999999999709,25704.72999999927
2026-03-05 16:45:00,1,0.0,1.0,71305.92,71171.52,-134.39999999999418,25570.329999999274
2026-03-05 17:00:00,1,0.0,1.0,71171.52,70928.41,-243.11000000000058,25327.219999999274
2026-03-05 17:15:00,1,0.0,1.0,70928.41,70857.95,-70.4600000000064,25256.759999999267
2026-03-05 17:30:00,1,0.0,1.0,70857.95,70704.41,-153.5399999999936,25103.219999999274
2026-03-05 17:45:00,1,1.0,1.0,70704.41,71027.55,323.1399999999994,25426.359999999273
2026-03-05 18:00:00,1,0.0,1.0,71027.55,70818.87,-208.68000000000757,25217.679999999265
2026-03-05 18:15:00,1,1.0,1.0,70818.87,70950.57,131.70000000001164,25349.379999999277
2026-03-05 18:30:00,1,1.0,0.0,70950.57,70990.65,40.079999999987194,25389.459999999264
2026-03-05 18:45:00,0,1.0,1.0,70990.65,71368.4,-377.75,25011.709999999264
2026-03-05 19:00:00,0,0.0,1.0,71368.4,71107.41,260.9899999999907,25272.699999999255
2026-03-05 19:15:00,1,0.0,1.0,71107.41,71006.8,-100.61000000000058,25172.089999999254
2026-03-05 19:30:00,1,0.0,1.0,71006.8,70918.07,-88.72999999999593,25083.35999999926
2026-03-05 19:45:00,1,1.0,1.0,70918.07,71100.0,181.92999999999302,25265.28999999925
2026-03-05 20:00:00,1,1.0,1.0,71100.0,71178.64,78.63999999999942,25343.92999999925
2026-03-05 20:15:00,0,0.0,0.0,71178.64,71155.91,22.729999999995925,25366.659999999247
2026-03-05 20:30:00,1,1.0,1.0,71155.91,71236.51,80.59999999999127,25447.259999999238
2026-03-05 20:45:00,0,1.0,0.0,71236.51,71301.71,-65.20000000001164,25382.059999999226
2026-03-05 21:00:00,0,1.0,1.0,71301.71,71517.81,-216.09999999999127,25165.959999999235
2026-03-05 21:15:00,0,0.0,1.0,71517.81,71189.0,328.8099999999977,25494.769999999233
2026-03-05 21:30:00,1,0.0,0.0,71189.0,71141.93,-47.070000000006985,25447.699999999226
2026-03-05 21:45:00,1,1.0,0.0,71141.93,71165.24,23.310000000012224,25471.009999999238
2026-03-05 22:00:00,0,0.0,0.0,71165.24,71160.45,4.790000000008149,25475.799999999246
2026-03-05 22:15:00,1,1.0,1.0,71160.45,71276.46,116.01000000000931,25591.809999999256
2026-03-05 22:30:00,0,0.0,1.0,71276.46,71208.54,67.9200000000128,25659.72999999927
2026-03-05 22:45:00,1,0.0,0.0,71208.54,71197.02,-11.519999999989523,25648.20999999928
2026-03-05 23:00:00,1,1.0,0.0,71197.02,71213.98,16.95999999999185,25665.16999999927
2026-03-05 23:15:00,1,0.0,1.0,71213.98,70919.43,-294.5500000000029,25370.619999999268
2026-03-05 23:30:00,1,0.0,0.0,70919.43,70890.72,-28.70999999999185,25341.909999999276
2026-03-05 23:45:00,1,1.0,1.0,70890.72,71018.3,127.58000000000175,25469.489999999278
2026-03-06 00:00:00,0,0.0,1.0,71018.3,70915.99,102.30999999999767,25571.799999999275
2026-03-06 00:15:00,1,0.0,0.0,70915.99,70899.15,-16.84000000001106,25554.959999999264
2026-03-06 00:30:00,1,1.0,1.0,70899.15,70988.19,89.04000000000815,25643.999999999272
2026-03-06 00:45:00,0,0.0,1.0,70988.19,70800.0,188.19000000000233,25832.189999999275
2026-03-06 01:00:00,1,0.0,1.0,70800.0,70465.03,-334.97000000000116,25497.219999999274
2026-03-06 01:15:00,1,1.0,1.0,70465.03,71161.19,696.1600000000035,26193.379999999277
2026-03-06 01:30:00,1,1.0,1.0,71161.19,71257.2,96.00999999999476,26289.389999999272
2026-03-06 01:45:00,0,1.0,1.0,71257.2,71330.3,-73.10000000000582,26216.289999999266
2026-03-06 02:00:00,0,1.0,0.0,71330.3,71335.89,-5.5899999999965075,26210.69999999927
2026-03-06 02:15:00,0,1.0,0.0,71335.89,71347.25,-11.360000000000582,26199.33999999927
2026-03-06 02:30:00,0,0.0,1.0,71347.25,71252.43,94.82000000000698,26294.159999999276
2026-03-06 02:45:00,1,0.0,1.0,71252.43,71067.9,-184.52999999999884,26109.629999999277
2026-03-06 03:00:00,1,1.0,1.0,71067.9,71181.0,113.10000000000582,26222.729999999283
2026-03-06 03:15:00,0,0.0,1.0,71181.0,71092.01,88.99000000000524,26311.719999999288
2026-03-06 03:30:00,1,0.0,0.0,71092.01,71080.38,-11.629999999990105,26300.089999999298
2026-03-06 03:45:00,1,0.0,1.0,71080.38,70910.91,-169.47000000000116,26130.619999999297
2026-03-06 04:00:00,1,0.0,0.0,70910.91,70871.89,-39.020000000004075,26091.599999999293
2026-03-06 04:15:00,1,0.0,1.0,70871.89,70524.0,-347.8899999999994,25743.709999999293
2026-03-06 04:30:00,1,1.0,1.0,70524.0,70613.61,89.61000000000058,25833.319999999294
2026-03-06 04:45:00,1,0.0,1.0,70613.61,70538.79,-74.82000000000698,25758.499999999287
2026-03-06 05:00:00,1,0.0,1.0,70538.79,70393.09,-145.6999999999971,25612.79999999929
2026-03-06 05:15:00,1,0.0,1.0,70393.09,70201.81,-191.27999999999884,25421.51999999929
2026-03-06 05:30:00,1,1.0,1.0,70201.81,70436.19,234.38000000000466,25655.899999999296
2026-03-06 05:45:00,0,0.0,1.0,70436.19,70308.12,128.07000000000698,25783.969999999303
2026-03-06 06:00:00,1,1.0,1.0,70308.12,70425.92,117.80000000000291,25901.769999999306
2026-03-06 06:15:00,0,1.0,1.0,70425.92,70669.01,-243.0899999999965,25658.67999999931
2026-03-06 06:30:00,0,0.0,1.0,70669.01,70597.23,71.77999999999884,25730.459999999308
2026-03-06 06:45:00,1,0.0,0.0,70597.23,70553.66,-43.56999999999243,25686.889999999315
2026-03-06 07:00:00,1,1.0,1.0,70553.66,70858.5,304.8399999999965,25991.729999999312
2026-03-06 07:15:00,0,1.0,1.0,70858.5,71075.56,-217.05999999999767,25774.669999999314
2026-03-06 07:30:00,0,0.0,0.0,71075.56,71056.44,19.119999999995343,25793.78999999931
2026-03-06 07:45:00,1,0.0,1.0,71056.44,70941.69,-114.75,25679.03999999931
2026-03-06 08:00:00,1,0.0,0.0,70941.69,70934.14,-7.55000000000291,25671.489999999307
2026-03-06 08:15:00,1,0.0,0.0,70934.14,70914.05,-20.089999999996508,25651.39999999931
2026-03-06 08:30:00,1,0.0,1.0,70914.05,70789.49,-124.55999999999767,25526.839999999313
2026-03-06 08:45:00,1,0.0,1.0,70789.49,70572.0,-217.49000000000524,25309.349999999307
2026-03-06 09:00:00,1,0.0,1.0,70572.0,70411.58,-160.41999999999825,25148.92999999931
2026-03-06 09:15:00,1,1.0,1.0,70411.58,70551.88,140.3000000000029,25289.229999999312
2026-03-06 09:30:00,1,1.0,0.0,70551.88,70565.56,13.679999999993015,25302.909999999305
2026-03-06 09:45:00,0,1.0,1.0,70565.56,70689.57,-124.01000000000931,25178.899999999296
2026-03-06 10:00:00,0,1.0,1.0,70689.57,70778.98,-89.40999999998894,25089.489999999307
2026-03-06 10:15:00,0,0.0,1.0,70778.98,70565.63,213.34999999999127,25302.839999999298
2026-03-06 10:30:00,0,0.0,0.0,70565.63,70527.93,37.70000000001164,25340.53999999931
2026-03-06 10:45:00,1,1.0,0.0,70527.93,70552.31,24.380000000004657,25364.919999999314
2026-03-06 11:00:00,0,0.0,0.0,70552.31,70547.97,4.3399999999965075,25369.25999999931
2026-03-06 11:15:00,1,0.0,1.0,70547.97,70383.34,-164.63000000000466,25204.629999999306
2026-03-06 11:30:00,1,0.0,1.0,70383.34,70212.95,-170.38999999999942,25034.239999999307
2026-03-06 11:45:00,1,0.0,1.0,70212.95,69927.54,-285.4100000000035,24748.829999999303
2026-03-06 12:00:00,1,1.0,1.0,69927.54,70004.19,76.65000000000873,24825.479999999312
2026-03-06 12:15:00,0,0.0,1.0,70004.19,69754.35,249.8399999999965,25075.31999999931
2026-03-06 12:30:00,1,1.0,1.0,69754.35,69907.0,152.64999999999418,25227.969999999303
2026-03-06 12:45:00,0,1.0,1.0,69907.0,70003.03,-96.02999999999884,25131.939999999304
2026-03-06 13:00:00,0,1.0,0.0,70003.03,70060.84,-57.80999999999767,25074.129999999306
2026-03-06 13:15:00,0,1.0,0.0,70060.84,70094.14,-33.30000000000291,25040.829999999303
2026-03-06 13:30:00,0,0.0,1.0,70094.14,69208.0,886.1399999999994,25926.969999999303
2026-03-06 13:45:00,1,0.0,1.0,69208.0,68826.06,-381.9400000000023,25545.0299999993
2026-03-06 14:00:00,1,1.0,1.0,68826.06,68986.01,159.9499999999971,25704.979999999297
2026-03-06 14:15:00,1,0.0,1.0,68986.01,68743.0,-243.00999999999476,25461.969999999303
2026-03-06 14:30:00,1,0.0,1.0,68743.0,68409.89,-333.1100000000006,25128.859999999302
2026-03-06 14:45:00,1,1.0,1.0,68409.89,68624.02,214.13000000000466,25342.989999999307
2026-03-06 15:00:00,1,1.0,1.0,68624.02,68886.86,262.8399999999965,25605.829999999303
2026-03-06 15:15:00,0,0.0,1.0,68886.86,68753.55,133.30999999999767,25739.1399999993
2026-03-06 15:30:00,1,0.0,1.0,68753.55,68504.71,-248.8399999999965,25490.299999999304
2026-03-06 15:45:00,1,0.0,1.0,68504.71,68333.77,-170.94000000000233,25319.359999999302
2026-03-06 16:00:00,1,1.0,1.0,68333.77,68537.47,203.6999999999971,25523.0599999993
2026-03-06 16:15:00,1,1.0,0.0,68537.47,68589.74,52.270000000004075,25575.329999999303
2026-03-06 16:30:00,1,0.0,1.0,68589.74,68446.52,-143.22000000000116,25432.109999999302
2026-03-06 16:45:00,1,0.0,0.0,68446.52,68403.61,-42.91000000000349,25389.1999999993
2026-03-06 17:00:00,1,0.0,1.0,68403.61,68245.83,-157.77999999999884,25231.4199999993
2026-03-06 17:15:00,1,0.0,1.0,68245.83,67832.33,-413.5,24817.9199999993
2026-03-06 17:30:00,1,1.0,1.0,67832.33,67955.1,122.77000000000407,24940.689999999304
2026-03-06 17:45:00,1,1.0,1.0,67955.1,68329.24,374.1399999999994,25314.829999999303
2026-03-06 18:00:00,0,0.0,0.0,68329.24,68292.0,37.24000000000524,25352.06999999931
2026-03-06 18:15:00,1,1.0,1.0,68292.0,68433.17,141.16999999999825,25493.239999999307
2026-03-06 18:30:00,0,0.0,1.0,68433.17,68181.2,251.97000000000116,25745.209999999308
2026-03-06 18:45:00,1,1.0,1.0,68181.2,68438.52,257.320000000007,26002.529999999315
2026-03-06 19:00:00,0,0.0,1.0,68438.52,68216.47,222.0500000000029,26224.579999999318
2026-03-06 19:15:00,1,0.0,1.0,68216.47,68143.98,-72.49000000000524,26152.089999999313
2026-03-06 19:30:00,1,0.0,0.0,68143.98,68131.79,-12.190000000002328,26139.89999999931
2026-03-06 19:45:00,1,0.0,1.0,68131.79,68014.44,-117.34999999999127,26022.54999999932
2026-03-06 20:00:00,1,0.0,1.0,68014.44,67832.74,-181.6999999999971,25840.849999999322
2026-03-06 20:15:00,1,1.0,1.0,67832.74,67989.0,156.25999999999476,25997.109999999317
2026-03-06 20:30:00,1,1.0,1.0,67989.0,68111.03,122.02999999999884,26119.139999999315
2026-03-06 20:45:00,0,1.0,0.0,68111.03,68148.66,-37.63000000000466,26081.50999999931
2026-03-06 21:00:00,0,0.0,1.0,68148.66,68005.64,143.02000000000407,26224.529999999315
2026-03-06 21:15:00,1,1.0,1.0,68005.64,68238.56,232.91999999999825,26457.449999999313
2026-03-06 21:30:00,0,1.0,0.0,68238.56,68289.1,-50.54000000000815,26406.909999999305
2026-03-06 21:45:00,0,1.0,0.0,68289.1,68290.97,-1.8699999999953434,26405.03999999931
2026-03-06 22:00:00,0,0.0,0.0,68290.97,68288.91,2.0599999999976717,26407.099999999307
2026-03-06 22:15:00,1,1.0,1.0,68288.91,68372.19,83.27999999999884,26490.379999999306
2026-03-06 22:30:00,0,0.0,0.0,68372.19,68319.89,52.30000000000291,26542.67999999931
2026-03-06 22:45:00,1,1.0,0.0,68319.89,68334.55,14.660000000003492,26557.339999999313
2026-03-06 23:00:00,0,1.0,0.0,68334.55,68347.76,-13.209999999991851,26544.12999999932
2026-03-06 23:15:00,0,0.0,1.0,68347.76,68251.22,96.5399999999936,26640.669999999314
2026-03-06 23:30:00,1,0.0,1.0,68251.22,68114.02,-137.1999999999971,26503.469999999317
2026-03-06 23:45:00,1,1.0,1.0,68114.02,68214.04,100.01999999998952,26603.489999999307
2026-03-07 00:00:00,1,0.0,0.0,68214.04,68210.27,-3.7699999999895226,26599.719999999317
2026-03-07 00:15:00,1,1.0,1.0,68210.27,68297.84,87.56999999999243,26687.28999999931
2026-03-07 00:30:00,0,0.0,0.0,68297.84,68290.45,7.389999999999418,26694.67999999931
2026-03-07 00:45:00,1,0.0,0.0,68290.45,68240.16,-50.2899999999936,26644.389999999315
2026-03-07 01:00:00,1,0.0,0.0,68240.16,68225.06,-15.10000000000582,26629.28999999931
2026-03-07 01:15:00,1,1.0,0.0,68225.06,68273.3,48.24000000000524,26677.529999999315
2026-03-07 01:30:00,1,0.0,0.0,68273.3,68262.01,-11.290000000008149,26666.239999999307
2026-03-07 01:45:00,1,0.0,0.0,68262.01,68240.01,-22.0,26644.239999999307
2026-03-07 02:00:00,1,0.0,1.0,68240.01,68107.02,-132.9899999999907,26511.249999999316
2026-03-07 02:15:00,1,1.0,1.0,68107.02,68166.88,59.86000000000058,26571.109999999317
2026-03-07 02:30:00,1,1.0,1.0,68166.88,68350.04,183.15999999998894,26754.269999999306
2026-03-07 02:45:00,0,1.0,1.0,68350.04,68515.19,-165.15000000000873,26589.119999999297
2026-03-07 03:00:00,0,0.0,1.0,68515.19,68233.79,281.40000000000873,26870.519999999306
2026-03-07 03:15:00,1,0.0,1.0,68233.79,68175.27,-58.51999999998952,26811.999999999316
2026-03-07 03:30:00,1,0.0,1.0,68175.27,68095.5,-79.77000000000407,26732.229999999312
2026-03-07 03:45:00,1,0.0,1.0,68095.5,67952.25,-143.25,26588.979999999312
2026-03-07 04:00:00,1,1.0,1.0,67952.25,68028.25,76.0,26664.979999999312
2026-03-07 04:15:00,1,1.0,1.0,68028.25,68132.73,104.47999999999593,26769.459999999308
2026-03-07 04:30:00,0,0.0,1.0,68132.73,68063.43,69.30000000000291,26838.75999999931
2026-03-07 04:45:00,1,0.0,1.0,68063.43,68005.05,-58.379999999990105,26780.37999999932
2026-03-07 05:00:00,1,1.0,0.0,68005.05,68020.4,15.349999999991269,26795.729999999312
2026-03-07 05:15:00,1,1.0,1.0,68020.4,68081.8,61.40000000000873,26857.12999999932
2026-03-07 05:30:00,0,0.0,1.0,68081.8,68018.26,63.54000000000815,26920.66999999933
2026-03-07 05:45:00,1,0.0,1.0,68018.26,67951.11,-67.14999999999418,26853.519999999335
2026-03-07 06:00:00,1,0.0,1.0,67951.11,67865.1,-86.00999999999476,26767.50999999934
2026-03-07 06:15:00,1,1.0,1.0,67865.1,67930.91,65.80999999999767,26833.319999999338
2026-03-07 06:30:00,1,0.0,1.0,67930.91,67690.86,-240.0500000000029,26593.269999999335
2026-03-07 06:45:00,1,0.0,0.0,67690.86,67636.18,-54.68000000000757,26538.589999999327
2026-03-07 07:00:00,1,1.0,1.0,67636.18,67727.6,91.4200000000128,26630.00999999934
2026-03-07 07:15:00,1,1.0,1.0,67727.6,67794.85,67.25,26697.25999999934
2026-03-07 07:30:00,0,1.0,0.0,67794.85,67842.67,-47.81999999999243,26649.439999999347
2026-03-07 07:45:00,0,1.0,0.0,67842.67,67872.63,-29.960000000006403,26619.47999999934
2026-03-07 08:00:00,0,1.0,1.0,67872.63,67946.49,-73.86000000000058,26545.61999999934
2026-03-07 08:15:00,0,0.0,0.0,67946.49,67900.01,46.48000000001048,26592.09999999935
2026-03-07 08:30:00,1,0.0,1.0,67900.01,67795.4,-104.61000000000058,26487.48999999935
2026-03-07 08:45:00,1,1.0,1.0,67795.4,67970.87,175.47000000000116,26662.95999999935
2026-03-07 09:00:00,0,0.0,0.0,67970.87,67958.52,12.349999999991269,26675.309999999343
2026-03-07 09:15:00,1,1.0,0.0,67958.52,67965.98,7.459999999991851,26682.769999999335
2026-03-07 09:30:00,1,1.0,0.0,67965.98,68000.0,34.020000000004075,26716.78999999934
2026-03-07 09:45:00,0,1.0,1.0,68000.0,68093.04,-93.0399999999936,26623.749999999345
2026-03-07 10:00:00,0,0.0,1.0,68093.04,67972.08,120.95999999999185,26744.709999999337
2026-03-07 10:15:00,1,0.0,0.0,67972.08,67950.81,-21.270000000004075,26723.439999999333
2026-03-07 10:30:00,1,0.0,1.0,67950.81,67880.31,-70.5,26652.939999999333
2026-03-07 10:45:00,1,1.0,1.0,67880.31,68186.93,306.61999999999534,26959.55999999933
2026-03-07 11:00:00,1,0.0,0.0,68186.93,68145.55,-41.379999999990105,26918.179999999338
2026-03-07 11:15:00,1,0.0,0.0,68145.55,68132.09,-13.460000000006403,26904.71999999933
2026-03-07 11:30:00,1,0.0,1.0,68132.09,68010.01,-122.08000000000175,26782.63999999933
2026-03-07 11:45:00,1,0.0,0.0,68010.01,68000.01,-10.0,26772.63999999933
2026-03-07 12:00:00,1,1.0,0.0,68000.01,68025.0,24.99000000000524,26797.629999999335
2026-03-07 12:15:00,1,0.0,1.0,68025.0,67937.64,-87.36000000000058,26710.269999999335
2026-03-07 12:30:00,1,1.0,1.0,67937.64,67992.54,54.89999999999418,26765.16999999933
2026-03-07 12:45:00,0,1.0,0.0,67992.54,68038.7,-46.16000000000349,26719.009999999325
2026-03-07 13:00:00,0,0.0,0.0,68038.7,67992.43,46.270000000004075,26765.27999999933
2026-03-07 13:15:00,1,0.0,1.0,67992.43,67879.66,-112.76999999998952,26652.50999999934
2026-03-07 13:30:00,1,1.0,1.0,67879.66,67931.06,51.39999999999418,26703.909999999334
2026-03-07 13:45:00,0,0.0,1.0,67931.06,67748.01,183.0500000000029,26886.959999999337
2026-03-07 14:00:00,1,1.0,1.0,67748.01,67807.42,59.41000000000349,26946.36999999934
2026-03-07 14:15:00,0,1.0,1.0,67807.42,68016.77,-209.35000000000582,26737.019999999335
2026-03-07 14:30:00,0,0.0,0.0,68016.77,68016.7,0.07000000000698492,26737.08999999934
2026-03-07 14:45:00,0,0.0,1.0,68016.7,67920.17,96.52999999999884,26833.61999999934
2026-03-07 15:00:00,1,1.0,0.0,67920.17,67962.07,41.90000000000873,26875.51999999935
2026-03-07 15:15:00,0,0.0,1.0,67962.07,67824.68,137.39000000001397,27012.909999999363
2026-03-07 15:30:00,1,1.0,1.0,67824.68,67877.45,52.770000000004075,27065.679999999367
2026-03-07 15:45:00,0,1.0,0.0,67877.45,67879.57,-2.1200000000098953,27063.559999999357
2026-03-07 16:00:00,0,0.0,1.0,67879.57,67772.22,107.35000000000582,27170.909999999363
2026-03-07 16:15:00,1,1.0,0.0,67772.22,67788.22,16.0,27186.909999999363
2026-03-07 16:30:00,1,0.0,0.0,67788.22,67783.63,-4.5899999999965075,27182.319999999367
2026-03-07 16:45:00,1,1.0,1.0,67783.63,67838.59,54.95999999999185,27237.27999999936
2026-03-07 17:00:00,1,1.0,0.0,67838.59,67882.83,44.24000000000524,27281.519999999364
2026-03-07 17:15:00,0,0.0,0.0,67882.83,67882.83,0.0,27281.519999999364
2026-03-07 17:30:00,0,0.0,1.0,67882.83,67788.41,94.41999999999825,27375.939999999362
2026-03-07 17:45:00,1,0.0,1.0,67788.41,67624.7,-163.7100000000064,27212.229999999356
2026-03-07 18:00:00,1,1.0,0.0,67624.7,67662.0,37.30000000000291,27249.52999999936
2026-03-07 18:15:00,1,1.0,0.0,67662.0,67663.0,1.0,27250.52999999936
2026-03-07 18:30:00,1,0.0,1.0,67663.0,67568.13,-94.86999999999534,27155.659999999363
2026-03-07 18:45:00,1,0.0,1.0,67568.13,67500.01,-68.1200000000099,27087.539999999353
2026-03-07 19:00:00,1,0.0,1.0,67500.01,67227.72,-272.2899999999936,26815.24999999936
2026-03-07 19:15:00,1,0.0,0.0,67227.72,67211.99,-15.729999999995925,26799.519999999364
2026-03-07 19:30:00,1,0.0,1.0,67211.99,67080.34,-131.65000000000873,26667.869999999355
2026-03-07 19:45:00,1,1.0,1.0,67080.34,67242.67,162.33000000000175,26830.199999999357
2026-03-07 20:00:00,1,1.0,0.0,67242.67,67250.47,7.80000000000291,26837.99999999936
2026-03-07 20:15:00,0,1.0,1.0,67250.47,67395.55,-145.08000000000175,26692.919999999358
2026-03-07 20:30:00,0,1.0,0.0,67395.55,67402.98,-7.429999999993015,26685.489999999365
2026-03-07 20:45:00,0,0.0,0.0,67402.98,67402.02,0.9599999999918509,26686.449999999357
2026-03-07 21:00:00,0,1.0,1.0,67402.02,67448.56,-46.5399999999936,26639.909999999363
2026-03-07 21:15:00,0,0.0,1.0,67448.56,67369.99,78.56999999999243,26718.479999999356
2026-03-07 21:30:00,1,1.0,1.0,67369.99,67452.98,82.98999999999069,26801.469999999346
2026-03-07 21:45:00,1,0.0,1.0,67452.98,67332.35,-120.6299999999901,26680.839999999356
2026-03-07 22:00:00,1,0.0,1.0,67332.35,67276.43,-55.920000000012806,26624.919999999343
2026-03-07 22:15:00,1,0.0,0.0,67276.43,67241.0,-35.429999999993015,26589.48999999935
2026-03-07 22:30:00,1,1.0,0.0,67241.0,67258.65,17.64999999999418,26607.139999999345
2026-03-07 22:45:00,1,1.0,1.0,67258.65,67329.39,70.74000000000524,26677.87999999935
2026-03-07 23:00:00,1,1.0,1.0,67329.39,67378.22,48.830000000001746,26726.70999999935
2026-03-07 23:15:00,0,0.0,0.0,67378.22,67339.36,38.86000000000058,26765.569999999352
2026-03-07 23:30:00,1,0.0,1.0,67339.36,67262.91,-76.44999999999709,26689.119999999355
2026-03-07 23:45:00,1,1.0,1.0,67262.91,67395.99,133.08000000000175,26822.199999999357
2026-03-08 00:00:00,1,0.0,1.0,67395.99,67347.61,-48.38000000000466,26773.819999999352
2026-03-08 00:15:00,1,0.0,0.0,67347.61,67326.01,-21.60000000000582,26752.219999999346
2026-03-08 00:30:00,1,0.0,1.0,67326.01,67194.77,-131.2399999999907,26620.979999999356
2026-03-08 00:45:00,1,1.0,1.0,67194.77,67277.16,82.38999999999942,26703.369999999355
2026-03-08 01:00:00,1,0.0,1.0,67277.16,67219.99,-57.169999999998254,26646.199999999357
2026-03-08 01:15:00,1,1.0,1.0,67219.99,67310.81,90.81999999999243,26737.01999999935
2026-03-08 01:30:00,1,0.0,0.0,67310.81,67297.27,-13.539999999993597,26723.479999999356
2026-03-08 01:45:00,1,1.0,0.0,67297.27,67317.99,20.720000000001164,26744.199999999357
2026-03-08 02:00:00,1,0.0,1.0,67317.99,67223.65,-94.34000000001106,26649.859999999346
2026-03-08 02:15:00,1,1.0,1.0,67223.65,67404.29,180.63999999999942,26830.499999999345
2026-03-08 02:30:00,0,0.0,1.0,67404.29,66925.44,478.84999999999127,27309.349999999336
2026-03-08 02:45:00,1,1.0,1.0,66925.44,66976.7,51.25999999999476,27360.60999999933
2026-03-08 03:00:00,1,1.0,0.0,66976.7,67005.1,28.40000000000873,27389.00999999934
2026-03-08 03:15:00,0,0.0,0.0,67005.1,66994.82,10.279999999998836,27399.28999999934
2026-03-08 03:30:00,1,1.0,0.0,66994.82,67000.26,5.439999999987776,27404.729999999327
2026-03-08 03:45:00,1,1.0,0.0,67000.26,67029.3,29.04000000000815,27433.769999999335
2026-03-08 04:00:00,0,0.0,0.0,67029.3,67008.78,20.520000000004075,27454.28999999934
2026-03-08 04:15:00,1,0.0,1.0,67008.78,66960.41,-48.36999999999534,27405.919999999343
2026-03-08 04:30:00,1,0.0,1.0,66960.41,66637.36,-323.0500000000029,27082.86999999934
2026-03-08 04:45:00,1,1.0,1.0,66637.36,66978.72,341.3600000000006,27424.22999999934
2026-03-08 05:00:00,0,1.0,1.0,66978.72,67126.61,-147.88999999999942,27276.33999999934
2026-03-08 05:15:00,0,1.0,1.0,67126.61,67192.25,-65.63999999999942,27210.699999999342
2026-03-08 05:30:00,0,0.0,0.0,67192.25,67149.93,42.320000000006985,27253.01999999935
2026-03-08 05:45:00,1,0.0,1.0,67149.93,67099.27,-50.65999999998894,27202.35999999936
2026-03-08 06:00:00,1,0.0,1.0,67099.27,67055.04,-44.23000000001048,27158.12999999935
2026-03-08 06:15:00,1,1.0,1.0,67055.04,67120.0,64.9600000000064,27223.089999999356
2026-03-08 06:30:00,1,1.0,0.0,67120.0,67161.52,41.520000000004075,27264.60999999936
2026-03-08 06:45:00,0,1.0,1.0,67161.52,67384.2,-222.67999999999302,27041.929999999367
2026-03-08 07:00:00,0,0.0,0.0,67384.2,67368.15,16.05000000000291,27057.97999999937
2026-03-08 07:15:00,1,0.0,1.0,67368.15,67313.44,-54.70999999999185,27003.26999999938
2026-03-08 07:30:00,1,1.0,0.0,67313.44,67319.91,6.470000000001164,27009.73999999938
2026-03-08 07:45:00,0,0.0,1.0,67319.91,67239.55,80.36000000000058,27090.09999999938
2026-03-08 08:00:00,1,1.0,0.0,67239.55,67276.85,37.30000000000291,27127.399999999383
2026-03-08 08:15:00,1,1.0,1.0,67276.85,67500.11,223.25999999999476,27350.659999999378
2026-03-08 08:30:00,0,1.0,0.0,67500.11,67539.33,-39.220000000001164,27311.439999999377
2026-03-08 08:45:00,0,1.0,1.0,67539.33,67762.83,-223.5,27087.939999999377
2026-03-08 09:00:00,0,1.0,1.0,67762.83,67847.63,-84.80000000000291,27003.139999999374
2026-03-08 09:15:00,0,0.0,1.0,67847.63,67752.19,95.44000000000233,27098.579999999376
2026-03-08 09:30:00,1,0.0,1.0,67752.19,67681.0,-71.19000000000233,27027.389999999374
2026-03-08 09:45:00,1,1.0,1.0,67681.0,67879.29,198.2899999999936,27225.679999999367
2026-03-08 10:00:00,0,1.0,1.0,67879.29,68057.83,-178.54000000000815,27047.13999999936
2026-03-08 10:15:00,0,0.0,1.0,68057.83,67985.01,72.82000000000698,27119.959999999366
2026-03-08 10:30:00,1,0.0,1.0,67985.01,67904.14,-80.86999999999534,27039.08999999937
2026-03-08 10:45:00,1,0.0,1.0,67904.14,67556.63,-347.50999999999476,26691.579999999376
2026-03-08 11:00:00,1,1.0,1.0,67556.63,67679.48,122.84999999999127,26814.429999999367
2026-03-08 11:15:00,0,0.0,1.0,67679.48,67499.46,180.01999999998952,26994.449999999357
2026-03-08 11:30:00,1,1.0,0.0,67499.46,67515.0,15.539999999993597,27009.98999999935
2026-03-08 11:45:00,1,0.0,1.0,67515.0,67053.16,-461.8399999999965,26548.149999999354
2026-03-08 12:00:00,1,1.0,1.0,67053.16,67431.46,378.3000000000029,26926.449999999357
2026-03-08 12:15:00,0,0.0,0.0,67431.46,67412.21,19.25,26945.699999999357
2026-03-08 12:30:00,1,0.0,1.0,67412.21,67324.72,-87.49000000000524,26858.20999999935
2026-03-08 12:45:00,1,0.0,1.0,67324.72,66974.1,-350.61999999999534,26507.589999999356
2026-03-08 13:00:00,1,1.0,1.0,66974.1,67163.88,189.77999999999884,26697.369999999355
2026-03-08 13:15:00,0,0.0,1.0,67163.88,67054.56,109.32000000000698,26806.689999999362
2026-03-08 13:30:00,1,1.0,1.0,67054.56,67234.86,180.3000000000029,26986.989999999365
2026-03-08 13:45:00,0,1.0,1.0,67234.86,67291.68,-56.81999999999243,26930.169999999373
2026-03-08 14:00:00,0,0.0,0.0,67291.68,67265.54,26.139999999999418,26956.309999999372
2026-03-08 14:15:00,1,0.0,1.0,67265.54,67130.9,-134.63999999999942,26821.669999999373
2026-03-08 14:30:00,1,1.0,1.0,67130.9,67339.76,208.86000000000058,27030.529999999373
2026-03-08 14:45:00,0,1.0,0.0,67339.76,67368.88,-29.120000000009895,27001.409999999363
2026-03-08 15:00:00,0,0.0,1.0,67368.88,67175.49,193.38999999999942,27194.799999999363
2026-03-08 15:15:00,1,0.0,0.0,67175.49,67146.0,-29.49000000000524,27165.309999999357
2026-03-08 15:30:00,1,1.0,1.0,67146.0,67218.23,72.22999999999593,27237.539999999353
2026-03-08 15:45:00,1,0.0,1.0,67218.23,67098.7,-119.52999999999884,27118.009999999354
2026-03-08 16:00:00,1,1.0,0.0,67098.7,67113.9,15.19999999999709,27133.20999999935
2026-03-08 16:15:00,1,0.0,1.0,67113.9,67004.36,-109.5399999999936,27023.669999999358
2026-03-08 16:30:00,1,0.0,1.0,67004.36,66872.15,-132.2100000000064,26891.45999999935
2026-03-08 16:45:00,1,1.0,1.0,66872.15,67150.0,277.8500000000058,27169.309999999357
2026-03-08 17:00:00,0,0.0,1.0,67150.0,67070.24,79.75999999999476,27249.069999999352
2026-03-08 17:15:00,1,0.0,0.0,67070.24,67056.08,-14.160000000003492,27234.90999999935
2026-03-08 17:30:00,1,1.0,0.0,67056.08,67065.0,8.919999999998254,27243.829999999347
2026-03-08 17:45:00,1,0.0,1.0,67065.0,66913.41,-151.5899999999965,27092.23999999935
2026-03-08 18:00:00,1,1.0,0.0,66913.41,66930.67,17.25999999999476,27109.499999999345
2026-03-08 18:15:00,1,0.0,1.0,66930.67,66816.22,-114.44999999999709,26995.049999999348
2026-03-08 18:30:00,1,0.0,0.0,66816.22,66804.0,-12.220000000001164,26982.829999999347
2026-03-08 18:45:00,1,1.0,1.0,66804.0,67015.18,211.17999999999302,27194.00999999934
2026-03-08 19:00:00,0,1.0,1.0,67015.18,67199.54,-184.36000000000058,27009.64999999934
2026-03-08 19:15:00,0,1.0,1.0,67199.54,67355.72,-156.18000000000757,26853.46999999933
2026-03-08 19:30:00,0,0.0,0.0,67355.72,67337.42,18.30000000000291,26871.769999999335
2026-03-08 19:45:00,1,0.0,1.0,67337.42,67101.68,-235.74000000000524,26636.02999999933
2026-03-08 20:00:00,1,0.0,1.0,67101.68,67031.79,-69.88999999999942,26566.13999999933
2026-03-08 20:15:00,1,1.0,1.0,67031.79,67352.01,320.22000000000116,26886.35999999933
2026-03-08 20:30:00,0,0.0,1.0,67352.01,67238.8,113.20999999999185,26999.569999999323
2026-03-08 20:45:00,1,0.0,1.0,67238.8,66779.83,-458.97000000000116,26540.599999999322
2026-03-08 21:00:00,1,1.0,1.0,66779.83,66936.05,156.22000000000116,26696.819999999323
2026-03-08 21:15:00,1,1.0,1.0,66936.05,67022.99,86.94000000000233,26783.759999999325
2026-03-08 21:30:00,0,0.0,0.0,67022.99,67020.01,2.9800000000104774,26786.739999999336
2026-03-08 21:45:00,1,0.0,1.0,67020.01,66078.0,-942.0099999999948,25844.72999999934
2026-03-08 22:00:00,1,0.0,1.0,66078.0,65915.08,-162.91999999999825,25681.809999999343
2026-03-08 22:15:00,1,1.0,1.0,65915.08,66045.09,130.00999999999476,25811.819999999338
2026-03-08 22:30:00,1,1.0,1.0,66045.09,66236.8,191.7100000000064,26003.529999999344
2026-03-08 22:45:00,0,1.0,1.0,66236.8,66328.45,-91.64999999999418,25911.87999999935
2026-03-08 23:00:00,0,1.0,1.0,66328.45,66470.01,-141.55999999999767,25770.319999999352
2026-03-08 23:15:00,0,0.0,1.0,66470.01,66121.73,348.27999999999884,26118.59999999935
2026-03-08 23:30:00,1,0.0,1.0,66121.73,65971.2,-150.52999999999884,25968.069999999352
2026-03-08 23:45:00,1,1.0,1.0,65971.2,66324.43,353.2299999999959,26321.299999999348
2026-03-09 00:00:00,1,0.0,1.0,66324.43,66170.4,-154.02999999999884,26167.26999999935
2026-03-09 00:15:00,1,1.0,1.0,66170.4,66448.0,277.6000000000058,26444.869999999355
2026-03-09 00:30:00,1,0.0,1.0,66448.0,66370.01,-77.99000000000524,26366.87999999935
2026-03-09 00:45:00,1,0.0,0.0,66370.01,66363.19,-6.819999999992433,26360.059999999357
2026-03-09 01:00:00,1,1.0,1.0,66363.19,66480.85,117.66000000000349,26477.71999999936
2026-03-09 01:15:00,0,1.0,1.0,66480.85,66623.21,-142.36000000000058,26335.35999999936
2026-03-09 01:30:00,0,0.0,1.0,66623.21,66196.01,427.20000000001164,26762.559999999372
2026-03-09 01:45:00,1,0.0,0.0,66196.01,66173.84,-22.169999999998254,26740.389999999374
2026-03-09 02:00:00,1,0.0,1.0,66173.84,66120.3,-53.5399999999936,26686.84999999938
2026-03-09 02:15:00,1,1.0,1.0,66120.3,66573.75,453.4499999999971,27140.299999999377
2026-03-09 02:30:00,0,0.0,0.0,66573.75,66537.32,36.429999999993015,27176.72999999937
2026-03-09 02:45:00,1,1.0,1.0,66537.32,67452.0,914.679999999993,28091.409999999363
2026-03-09 03:00:00,0,0.0,1.0,67452.0,67223.52,228.47999999999593,28319.88999999936
2026-03-09 03:15:00,1,0.0,1.0,67223.52,67099.4,-124.1200000000099,28195.76999999935
2026-03-09 03:30:00,1,1.0,1.0,67099.4,67205.05,105.65000000000873,28301.419999999358
2026-03-09 03:45:00,0,0.0,0.0,67205.05,67177.45,27.60000000000582,28329.019999999364
2026-03-09 04:00:00,1,1.0,1.0,67177.45,67575.86,398.4100000000035,28727.429999999367
2026-03-09 04:15:00,0,0.0,1.0,67575.86,67506.04,69.82000000000698,28797.249999999374
2026-03-09 04:30:00,1,0.0,1.0,67506.04,67130.14,-375.8999999999942,28421.34999999938
2026-03-09 04:45:00,1,1.0,0.0,67130.14,67157.0,26.860000000000582,28448.20999999938
2026-03-09 05:00:00,1,1.0,1.0,67157.0,67389.83,232.83000000000175,28681.039999999382
2026-03-09 05:15:00,0,1.0,1.0,67389.83,67932.25,-542.4199999999983,28138.619999999384
2026-03-09 05:30:00,0,0.0,0.0,67932.25,67911.16,21.089999999996508,28159.70999999938
2026-03-09 05:45:00,1,0.0,1.0,67911.16,67626.61,-284.5500000000029,27875.159999999378
2026-03-09 06:00:00,1,0.0,1.0,67626.61,67508.24,-118.36999999999534,27756.789999999382
2026-03-09 06:15:00,1,0.0,1.0,67508.24,67363.62,-144.6200000000099,27612.169999999373
2026-03-09 06:30:00,1,0.0,1.0,67363.62,67267.18,-96.44000000000233,27515.72999999937
2026-03-09 06:45:00,1,0.0,1.0,67267.18,67186.0,-81.17999999999302,27434.549999999377
2026-03-09 07:00:00,1,1.0,0.0,67186.0,67205.06,19.05999999999767,27453.609999999375
2026-03-09 07:15:00,1,1.0,1.0,67205.06,67427.67,222.61000000000058,27676.219999999375
2026-03-09 07:30:00,0,1.0,1.0,67427.67,67555.13,-127.4600000000064,27548.75999999937
2026-03-09 07:45:00,0,1.0,0.0,67555.13,67573.07,-17.94000000000233,27530.819999999367
2026-03-09 08:00:00,0,1.0,1.0,67573.07,67813.51,-240.43999999998778,27290.37999999938
2026-03-09 08:15:00,0,0.0,0.0,67813.51,67792.84,20.669999999998254,27311.049999999377
2026-03-09 08:30:00,1,1.0,0.0,67792.84,67814.69,21.85000000000582,27332.899999999383
2026-03-09 08:45:00,0,1.0,0.0,67814.69,67833.03,-18.339999999996508,27314.559999999386
2026-03-09 09:00:00,0,1.0,1.0,67833.03,68011.2,-178.16999999999825,27136.38999999939
2026-03-09 09:15:00,0,1.0,1.0,68011.2,68357.71,-346.5100000000093,26789.87999999938
2026-03-09 09:30:00,0,0.0,1.0,68357.71,67981.02,376.6900000000023,27166.56999999938
2026-03-09 09:45:00,1,0.0,0.0,67981.02,67940.1,-40.919999999998254,27125.649999999383
2026-03-09 10:00:00,1,0.0,1.0,67940.1,67800.0,-140.10000000000582,26985.549999999377
2026-03-09 10:15:00,1,0.0,1.0,67800.0,67678.26,-121.74000000000524,26863.809999999372
2026-03-09 10:30:00,1,0.0,1.0,67678.26,67608.13,-70.1299999999901,26793.679999999382
2026-03-09 10:45:00,1,1.0,1.0,67608.13,67706.59,98.45999999999185,26892.139999999374
2026-03-09 11:00:00,1,0.0,1.0,67706.59,67478.88,-227.70999999999185,26664.429999999382
2026-03-09 11:15:00,1,1.0,1.0,67478.88,67638.12,159.2399999999907,26823.669999999373
2026-03-09 11:30:00,0,1.0,1.0,67638.12,67764.98,-126.86000000000058,26696.809999999372
2026-03-09 11:45:00,0,1.0,1.0,67764.98,67910.24,-145.2600000000093,26551.549999999363
2026-03-09 12:00:00,0,1.0,1.0,67910.24,68153.37,-243.1299999999901,26308.419999999373
2026-03-09 12:15:00,0,0.0,0.0,68153.37,68130.35,23.019999999989523,26331.439999999362
2026-03-09 12:30:00,1,1.0,0.0,68130.35,68151.93,21.579999999987194,26353.01999999935
2026-03-09 12:45:00,0,1.0,1.0,68151.93,68462.16,-310.2300000000105,26042.78999999934
2026-03-09 13:00:00,0,1.0,1.0,68462.16,68773.03,-310.86999999999534,25731.919999999343
2026-03-09 13:15:00,0,1.0,1.0,68773.03,69238.3,-465.2700000000041,25266.64999999934
2026-03-09 13:30:00,0,0.0,1.0,69238.3,68976.0,262.3000000000029,25528.949999999342
2026-03-09 13:45:00,0,0.0,1.0,68976.0,68839.99,136.00999999999476,25664.959999999337
2026-03-09 14:00:00,1,1.0,1.0,68839.99,69160.19,320.1999999999971,25985.159999999334
2026-03-09 14:15:00,0,1.0,1.0,69160.19,69416.37,-256.179999999993,25728.97999999934
2026-03-09 14:30:00,0,0.0,1.0,69416.37,69151.5,264.86999999999534,25993.849999999336
2026-03-09 14:45:00,0,1.0,0.0,69151.5,69166.03,-14.529999999998836,25979.319999999338
2026-03-09 15:00:00,0,0.0,1.0,69166.03,69078.23,87.80000000000291,26067.11999999934
2026-03-09 15:15:00,1,0.0,1.0,69078.23,68758.38,-319.84999999999127,25747.26999999935
2026-03-09 15:30:00,1,1.0,1.0,68758.38,68863.66,105.27999999999884,25852.549999999348
2026-03-09 15:45:00,0,0.0,1.0,68863.66,68775.59,88.07000000000698,25940.619999999355
2026-03-09 16:00:00,1,1.0,1.0,68775.59,68961.16,185.57000000000698,26126.189999999362
2026-03-09 16:15:00,0,1.0,1.0,68961.16,69074.05,-112.88999999999942,26013.299999999363
2026-03-09 16:30:00,0,0.0,1.0,69074.05,68960.12,113.93000000000757,26127.22999999937
2026-03-09 16:45:00,1,1.0,0.0,68960.12,68991.57,31.45000000001164,26158.679999999382
2026-03-09 17:00:00,0,0.0,1.0,68991.57,68624.06,367.5100000000093,26526.18999999939
2026-03-09 17:15:00,1,0.0,1.0,68624.06,68406.25,-217.80999999999767,26308.379999999393
2026-03-09 17:30:00,1,1.0,1.0,68406.25,68600.71,194.4600000000064,26502.8399999994
2026-03-09 17:45:00,0,0.0,1.0,68600.71,68429.41,171.3000000000029,26674.139999999403
2026-03-09 18:00:00,1,1.0,1.0,68429.41,68541.72,112.30999999999767,26786.4499999994
2026-03-09 18:15:00,0,0.0,1.0,68541.72,68489.13,52.58999999999651,26839.039999999397
2026-03-09 18:30:00,1,0.0,1.0,68489.13,68356.37,-132.7600000000093,26706.279999999388
2026-03-09 18:45:00,1,1.0,0.0,68356.37,68400.0,43.63000000000466,26749.909999999392
2026-03-09 19:00:00,0,1.0,1.0,68400.0,69363.46,-963.4600000000064,25786.449999999386
2026-03-09 19:15:00,0,0.0,1.0,69363.46,68963.53,399.93000000000757,26186.379999999393
2026-03-09 19:30:00,1,1.0,0.0,68963.53,68991.93,28.39999999999418,26214.779999999388
2026-03-09 19:45:00,0,1.0,0.0,68991.93,69003.38,-11.450000000011642,26203.329999999376
2026-03-09 20:00:00,0,0.0,0.0,69003.38,68963.74,39.63999999999942,26242.969999999375
2026-03-09 20:15:00,1,0.0,1.0,68963.74,68882.52,-81.22000000000116,26161.749999999374
2026-03-09 20:30:00,1,1.0,1.0,68882.52,68961.71,79.19000000000233,26240.939999999377
2026-03-09 20:45:00,0,1.0,1.0,68961.71,69054.0,-92.2899999999936,26148.649999999383
2026-03-09 21:00:00,0,0.0,1.0,69054.0,68840.14,213.86000000000058,26362.509999999384
2026-03-09 21:15:00,1,1.0,1.0,68840.14,68945.75,105.61000000000058,26468.119999999384
2026-03-09 21:30:00,0,0.0,0.0,68945.75,68919.72,26.029999999998836,26494.149999999383
2026-03-09 21:45:00,1,0.0,1.0,68919.72,68813.69,-106.02999999999884,26388.119999999384
2026-03-09 22:00:00,1,0.0,0.0,68813.69,68812.0,-1.6900000000023283,26386.429999999382
2026-03-09 22:15:00,1,0.0,1.0,68812.0,68739.83,-72.16999999999825,26314.259999999384
2026-03-09 22:30:00,1,0.0,1.0,68739.83,68635.88,-103.94999999999709,26210.309999999386
2026-03-09 22:45:00,1,1.0,0.0,68635.88,68645.32,9.440000000002328,26219.74999999939
2026-03-09 23:00:00,1,0.0,1.0,68645.32,68594.92,-50.40000000000873,26169.34999999938
2026-03-09 23:15:00,1,0.0,0.0,68594.92,68549.11,-45.80999999999767,26123.539999999382
2026-03-09 23:30:00,1,0.0,1.0,68549.11,68432.16,-116.94999999999709,26006.589999999385
2026-03-09 23:45:00,1,0.0,0.0,68432.16,68415.0,-17.160000000003492,25989.429999999382
2026-03-10 00:00:00,1,1.0,1.0,68415.0,68980.01,565.0099999999948,26554.439999999377
2026-03-10 00:15:00,0,1.0,1.0,68980.01,69195.56,-215.5500000000029,26338.889999999374
2026-03-10 00:30:00,0,0.0,0.0,69195.56,69157.37,38.19000000000233,26377.079999999376
2026-03-10 00:45:00,0,0.0,1.0,69157.37,69108.0,49.36999999999534,26426.44999999937
2026-03-10 01:00:00,1,0.0,1.0,69108.0,68975.69,-132.30999999999767,26294.139999999374
2026-03-10 01:15:00,1,1.0,0.0,68975.69,68982.86,7.169999999998254,26301.309999999372
2026-03-10 01:30:00,0,1.0,1.0,68982.86,69260.01,-277.1499999999942,26024.159999999378
2026-03-10 01:45:00,0,0.0,0.0,69260.01,69227.25,32.75999999999476,26056.919999999373
2026-03-10 02:00:00,0,1.0,1.0,69227.25,69371.03,-143.77999999999884,25913.139999999374
2026-03-10 02:15:00,0,1.0,1.0,69371.03,70320.17,-949.1399999999994,24963.999999999374
2026-03-10 02:30:00,0,0.0,0.0,70320.17,70272.01,48.16000000000349,25012.159999999378
2026-03-10 02:45:00,0,0.0,1.0,70272.01,70172.15,99.86000000000058,25112.01999999938
2026-03-10 03:00:00,0,0.0,1.0,70172.15,70119.05,53.09999999999127,25165.11999999937
2026-03-10 03:15:00,1,0.0,1.0,70119.05,69850.86,-268.1900000000023,24896.929999999367
2026-03-10 03:30:00,1,0.0,1.0,69850.86,69429.85,-421.00999999999476,24475.919999999373
2026-03-10 03:45:00,1,1.0,1.0,69429.85,69733.7,303.84999999999127,24779.769999999364
2026-03-10 04:00:00,0,0.0,0.0,69733.7,69731.35,2.349999999991269,24782.119999999355
2026-03-10 04:15:00,0,1.0,1.0,69731.35,69940.04,-208.68999999998778,24573.429999999367
2026-03-10 04:30:00,0,1.0,1.0,69940.04,70072.94,-132.90000000000873,24440.52999999936
2026-03-10 04:45:00,0,1.0,1.0,70072.94,70170.0,-97.05999999999767,24343.46999999936
2026-03-10 05:00:00,0,0.0,1.0,70170.0,70038.09,131.9100000000035,24475.379999999364
2026-03-10 05:15:00,0,0.0,1.0,70038.09,69915.41,122.67999999999302,24598.059999999357
2026-03-10 05:30:00,0,1.0,1.0,69915.41,69971.34,-55.929999999993015,24542.129999999364
2026-03-10 05:45:00,0,0.0,1.0,69971.34,69876.8,94.5399999999936,24636.669999999358
2026-03-10 06:00:00,0,1.0,1.0,69876.8,70142.59,-265.7899999999936,24370.879999999364
2026-03-10 06:15:00,0,0.0,1.0,70142.59,69968.9,173.69000000000233,24544.569999999367
2026-03-10 06:30:00,0,0.0,1.0,69968.9,69910.91,57.98999999999069,24602.559999999357
2026-03-10 06:45:00,1,1.0,1.0,69910.91,70240.36,329.4499999999971,24932.009999999354
2026-03-10 07:00:00,0,1.0,1.0,70240.36,70322.97,-82.61000000000058,24849.399999999354
2026-03-10 07:15:00,0,0.0,0.0,70322.97,70320.3,2.6699999999982538,24852.069999999352
2026-03-10 07:30:00,0,1.0,1.0,70320.3,70406.01,-85.70999999999185,24766.35999999936
2026-03-10 07:45:00,0,1.0,1.0,70406.01,70898.06,-492.0500000000029,24274.309999999357
2026-03-10 08:00:00,0,0.0,1.0,70898.06,70842.22,55.83999999999651,24330.149999999354
2026-03-10 08:15:00,0,1.0,1.0,70842.22,70918.69,-76.47000000000116,24253.679999999353
2026-03-10 08:30:00,0,0.0,1.0,70918.69,70709.37,209.32000000000698,24462.99999999936
2026-03-10 08:45:00,0,1.0,1.0,70709.37,70809.4,-100.02999999999884,24362.96999999936
2026-03-10 09:00:00,0,1.0,1.0,70809.4,71228.0,-418.6000000000058,23944.369999999355
2026-03-10 09:15:00,0,0.0,1.0,71228.0,71075.63,152.36999999999534,24096.73999999935
2026-03-10 09:30:00,0,1.0,0.0,71075.63,71078.92,-3.289999999993597,24093.449999999357
2026-03-10 09:45:00,0,0.0,1.0,71078.92,70899.99,178.92999999999302,24272.37999999935
2026-03-10 10:00:00,0,0.0,1.0,70899.99,70759.73,140.2600000000093,24412.63999999936
2026-03-10 10:15:00,1,0.0,0.0,70759.73,70715.89,-43.83999999999651,24368.799999999363
2026-03-10 10:30:00,1,1.0,1.0,70715.89,70774.04,58.14999999999418,24426.949999999357
2026-03-10 10:45:00,0,0.0,1.0,70774.04,70618.08,155.95999999999185,24582.90999999935
2026-03-10 11:00:00,1,1.0,0.0,70618.08,70654.51,36.429999999993015,24619.33999999934
2026-03-10 11:15:00,0,0.0,1.0,70654.51,70589.01,65.5,24684.83999999934
2026-03-10 11:30:00,1,0.0,0.0,70589.01,70580.94,-8.069999999992433,24676.76999999935
2026-03-10 11:45:00,1,0.0,1.0,70580.94,70422.24,-158.6999999999971,24518.069999999352
2026-03-10 12:00:00,1,0.0,0.0,70422.24,70384.41,-37.830000000001746,24480.23999999935
2026-03-10 12:15:00,1,1.0,1.0,70384.41,70447.59,63.179999999993015,24543.419999999343
2026-03-10 12:30:00,1,1.0,1.0,70447.59,70519.86,72.27000000000407,24615.689999999347
2026-03-10 12:45:00,0,1.0,1.0,70519.86,70753.72,-233.86000000000058,24381.829999999347
2026-03-10 13:00:00,0,1.0,1.0,70753.72,70874.96,-121.24000000000524,24260.58999999934
2026-03-10 13:15:00,0,0.0,1.0,70874.96,69916.54,958.4200000000128,25219.009999999354
2026-03-10 13:30:00,1,1.0,0.0,69916.54,69921.12,4.580000000001746,25223.589999999356
2026-03-10 13:45:00,1,0.0,1.0,69921.12,69482.0,-439.11999999999534,24784.46999999936
2026-03-10 14:00:00,1,1.0,1.0,69482.0,69799.3,317.3000000000029,25101.769999999364
2026-03-10 14:15:00,0,1.0,1.0,69799.3,70457.31,-658.0099999999948,24443.75999999937
2026-03-10 14:30:00,0,1.0,1.0,70457.31,71467.81,-1010.5,23433.25999999937
2026-03-10 14:45:00,0,0.0,1.0,71467.81,71198.89,268.91999999999825,23702.179999999367
2026-03-10 15:00:00,1,1.0,1.0,71198.89,71348.01,149.11999999999534,23851.299999999363
2026-03-10 15:15:00,0,0.0,1.0,71348.01,71119.17,228.8399999999965,24080.13999999936
2026-03-10 15:30:00,1,1.0,1.0,71119.17,71346.16,226.99000000000524,24307.129999999364
2026-03-10 15:45:00,0,0.0,1.0,71346.16,71145.98,200.18000000000757,24507.309999999372
2026-03-10 16:00:00,0,1.0,1.0,71145.98,71364.42,-218.44000000000233,24288.86999999937
2026-03-10 16:15:00,0,1.0,0.0,71364.42,71382.63,-18.210000000006403,24270.659999999363
2026-03-10 16:30:00,0,0.0,1.0,71382.63,71268.59,114.04000000000815,24384.69999999937
2026-03-10 16:45:00,0,0.0,0.0,71268.59,71258.1,10.489999999990687,24395.189999999362
2026-03-10 17:00:00,1,0.0,1.0,71258.1,71046.31,-211.79000000000815,24183.399999999354
2026-03-10 17:15:00,1,0.0,1.0,71046.31,70688.65,-357.6600000000035,23825.73999999935
2026-03-10 17:30:00,1,1.0,1.0,70688.65,70868.61,179.9600000000064,24005.699999999357
2026-03-10 17:45:00,0,0.0,1.0,70868.61,70373.64,494.97000000000116,24500.669999999358
2026-03-10 18:00:00,1,0.0,0.0,70373.64,70318.02,-55.61999999999534,24445.049999999363
2026-03-10 18:15:00,1,0.0,1.0,70318.02,70063.27,-254.75,24190.299999999363
2026-03-10 18:30:00,1,0.0,0.0,70063.27,70013.87,-49.40000000000873,24140.899999999354
2026-03-10 18:45:00,1,1.0,0.0,70013.87,70068.14,54.270000000004075,24195.169999999358
2026-03-10 19:00:00,0,0.0,1.0,70068.14,69973.93,94.2100000000064,24289.379999999364
2026-03-10 19:15:00,1,1.0,0.0,69973.93,69990.2,16.270000000004075,24305.64999999937
2026-03-10 19:30:00,0,1.0,0.0,69990.2,70043.63,-53.43000000000757,24252.21999999936
2026-03-10 19:45:00,0,1.0,1.0,70043.63,70112.68,-69.04999999998836,24183.169999999373
2026-03-10 20:00:00,0,1.0,1.0,70112.68,70251.2,-138.52000000000407,24044.64999999937
2026-03-10 20:15:00,0,1.0,0.0,70251.2,70307.83,-56.63000000000466,23988.019999999364
2026-03-10 20:30:00,0,0.0,1.0,70307.83,70235.6,72.22999999999593,24060.24999999936
2026-03-10 20:45:00,0,0.0,1.0,70235.6,70097.6,138.0,24198.24999999936
2026-03-10 21:00:00,1,0.0,1.0,70097.6,69941.48,-156.1200000000099,24042.12999999935
2026-03-10 21:15:00,1,0.0,1.0,69941.48,69746.41,-195.06999999999243,23847.059999999357
2026-03-10 21:30:00,1,1.0,0.0,69746.41,69763.01,16.59999999999127,23863.65999999935
2026-03-10 21:45:00,0,0.0,1.0,69763.01,69609.97,153.0399999999936,24016.699999999342
2026-03-10 22:00:00,1,0.0,0.0,69609.97,69601.21,-8.759999999994761,24007.939999999347
2026-03-10 22:15:00,1,1.0,0.0,69601.21,69606.0,4.789999999993597,24012.72999999934
2026-03-10 22:30:00,1,1.0,1.0,69606.0,69721.58,115.58000000000175,24128.309999999343
2026-03-10 22:45:00,0,1.0,1.0,69721.58,69797.19,-75.61000000000058,24052.699999999342
2026-03-10 23:00:00,0,1.0,0.0,69797.19,69821.37,-24.179999999993015,24028.51999999935
2026-03-10 23:15:00,0,1.0,1.0,69821.37,69931.68,-110.30999999999767,23918.20999999935
2026-03-10 23:30:00,0,1.0,0.0,69931.68,69948.63,-16.95000000001164,23901.25999999934
2026-03-10 23:45:00,0,1.0,1.0,69948.63,70050.08,-101.44999999999709,23799.809999999343
2026-03-11 00:00:00,0,1.0,0.0,70050.08,70055.16,-5.080000000001746,23794.72999999934
2026-03-11 00:15:00,0,0.0,1.0,70055.16,69838.71,216.4499999999971,24011.179999999338
2026-03-11 00:30:00,0,1.0,1.0,69838.71,70044.87,-206.15999999998894,23805.01999999935
2026-03-11 00:45:00,0,0.0,0.0,70044.87,70033.02,11.849999999991269,23816.86999999934
2026-03-11 01:00:00,0,1.0,1.0,70033.02,70095.71,-62.69000000000233,23754.179999999338
2026-03-11 01:15:00,0,0.0,1.0,70095.71,69955.98,139.73000000001048,23893.90999999935
2026-03-11 01:30:00,1,1.0,1.0,69955.98,70071.26,115.27999999999884,24009.189999999347
2026-03-11 01:45:00,0,0.0,1.0,70071.26,69991.3,79.95999999999185,24089.14999999934
2026-03-11 02:00:00,1,0.0,0.0,69991.3,69968.58,-22.720000000001164,24066.429999999338
2026-03-11 02:15:00,1,0.0,1.0,69968.58,69689.99,-278.5899999999965,23787.83999999934
2026-03-11 02:30:00,1,1.0,1.0,69689.99,69810.72,120.72999999999593,23908.569999999338
2026-03-11 02:45:00,1,0.0,1.0,69810.72,69698.81,-111.91000000000349,23796.659999999334
2026-03-11 03:00:00,1,0.0,1.0,69698.81,69527.22,-171.5899999999965,23625.069999999338
2026-03-11 03:15:00,1,0.0,0.0,69527.22,69525.0,-2.220000000001164,23622.849999999336
2026-03-11 03:30:00,1,1.0,0.0,69525.0,69551.91,26.910000000003492,23649.75999999934
2026-03-11 03:45:00,1,1.0,1.0,69551.91,69645.82,93.91000000000349,23743.669999999343
2026-03-11 04:00:00,0,1.0,1.0,69645.82,69980.15,-334.3299999999872,23409.339999999356
2026-03-11 04:15:00,0,1.0,0.0,69980.15,69995.01,-14.860000000000582,23394.479999999356
2026-03-11 04:30:00,0,1.0,1.0,69995.01,70130.99,-135.98000000001048,23258.499999999345
2026-03-11 04:45:00,0,0.0,1.0,70130.99,70007.62,123.3700000000099,23381.869999999355
2026-03-11 05:00:00,0,0.0,1.0,70007.62,69943.67,63.94999999999709,23445.819999999352
2026-03-11 05:15:00,1,0.0,1.0,69943.67,69538.41,-405.25999999999476,23040.559999999357
2026-03-11 05:30:00,1,0.0,0.0,69538.41,69510.36,-28.05000000000291,23012.509999999354
2026-03-11 05:45:00,1,1.0,1.0,69510.36,69717.44,207.08000000000175,23219.589999999356
2026-03-11 06:00:00,0,1.0,1.0,69717.44,69804.18,-86.73999999999069,23132.849999999366
2026-03-11 06:15:00,0,1.0,0.0,69804.18,69830.9,-26.720000000001164,23106.129999999364
2026-03-11 06:30:00,0,1.0,1.0,69830.9,69950.01,-119.11000000000058,22987.019999999364
2026-03-11 06:45:00,0,0.0,0.0,69950.01,69891.19,58.81999999999243,23045.839999999356
2026-03-11 07:00:00,0,0.0,1.0,69891.19,69791.28,99.91000000000349,23145.74999999936
2026-03-11 07:15:00,1,0.0,1.0,69791.28,69519.99,-271.2899999999936,22874.459999999366
2026-03-11 07:30:00,1,1.0,1.0,69519.99,69648.29,128.29999999998836,23002.759999999354
2026-03-11 07:45:00,0,0.0,0.0,69648.29,69629.56,18.729999999995925,23021.48999999935
2026-03-11 08:00:00,1,0.0,1.0,69629.56,69503.53,-126.02999999999884,22895.45999999935
2026-03-11 08:15:00,1,1.0,1.0,69503.53,69672.71,169.18000000000757,23064.63999999936
2026-03-11 08:30:00,0,0.0,0.0,69672.71,69662.24,10.470000000001164,23075.10999999936
2026-03-11 08:45:00,1,0.0,1.0,69662.24,69538.42,-123.82000000000698,22951.289999999353
2026-03-11 09:00:00,1,0.0,0.0,69538.42,69531.57,-6.849999999991269,22944.439999999362
2026-03-11 09:15:00,1,1.0,0.0,69531.57,69553.75,22.179999999993015,22966.619999999355
2026-03-11 09:30:00,0,0.0,1.0,69553.75,69466.75,87.0,23053.619999999355
2026-03-11 09:45:00,1,1.0,0.0,69466.75,69502.63,35.88000000000466,23089.49999999936
2026-03-11 10:00:00,0,0.0,0.0,69502.63,69500.0,2.6300000000046566,23092.129999999364
2026-03-11 10:15:00,1,1.0,1.0,69500.0,69683.21,183.2100000000064,23275.33999999937
2026-03-11 10:30:00,0,0.0,1.0,69683.21,69604.9,78.31000000001222,23353.649999999383
2026-03-11 10:45:00,1,0.0,0.0,69604.9,69595.68,-9.220000000001164,23344.429999999382
2026-03-11 11:00:00,1,0.0,1.0,69595.68,69447.45,-148.22999999999593,23196.199999999386
2026-03-11 11:15:00,1,0.0,0.0,69447.45,69446.96,-0.4899999999906868,23195.709999999395
2026-03-11 11:30:00,1,0.0,1.0,69446.96,69173.0,-273.9600000000064,22921.74999999939
2026-03-11 11:45:00,1,0.0,0.0,69173.0,69152.82,-20.179999999993015,22901.569999999396
2026-03-11 12:00:00,1,1.0,1.0,69152.82,69427.3,274.4799999999959,23176.04999999939
2026-03-11 12:15:00,1,0.0,1.0,69427.3,69251.26,-176.04000000000815,23000.009999999384
2026-03-11 12:30:00,1,1.0,1.0,69251.26,69361.13,109.8700000000099,23109.879999999393
2026-03-11 12:45:00,0,1.0,1.0,69361.13,69860.64,-499.50999999999476,22610.3699999994
2026-03-11 13:00:00,0,1.0,1.0,69860.64,70219.78,-359.1399999999994,22251.2299999994
2026-03-11 13:15:00,0,1.0,1.0,70219.78,70442.0,-222.22000000000116,22029.009999999398
2026-03-11 13:30:00,0,0.0,1.0,70442.0,70186.09,255.9100000000035,22284.9199999994
2026-03-11 13:45:00,1,1.0,0.0,70186.09,70228.02,41.93000000000757,22326.84999999941
2026-03-11 14:00:00,0,1.0,1.0,70228.02,70664.16,-436.1399999999994,21890.70999999941
2026-03-11 14:15:00,0,1.0,1.0,70664.16,70842.71,-178.5500000000029,21712.159999999407
2026-03-11 14:30:00,0,0.0,1.0,70842.71,70578.7,264.0100000000093,21976.169999999416
2026-03-11 14:45:00,1,0.0,1.0,70578.7,70147.69,-431.00999999999476,21545.15999999942
2026-03-11 15:00:00,1,1.0,0.0,70147.69,70206.0,58.30999999999767,21603.46999999942
2026-03-11 15:15:00,0,0.0,1.0,70206.0,70065.33,140.66999999999825,21744.139999999417
2026-03-11 15:30:00,1,1.0,1.0,70065.33,70227.91,162.58000000000175,21906.71999999942
2026-03-11 15:45:00,0,1.0,1.0,70227.91,70455.06,-227.14999999999418,21679.569999999425
2026-03-11 16:00:00,0,1.0,0.0,70455.06,70463.49,-8.430000000007567,21671.139999999417
2026-03-11 16:15:00,0,1.0,1.0,70463.49,70749.87,-286.3799999999901,21384.759999999427
2026-03-11 16:30:00,0,0.0,1.0,70749.87,70570.71,179.15999999998894,21563.919999999416
2026-03-11 16:45:00,1,1.0,1.0,70570.71,70872.48,301.7699999999895,21865.689999999406
2026-03-11 17:00:00,0,1.0,1.0,70872.48,71252.42,-379.9400000000023,21485.749999999403
2026-03-11 17:15:00,0,0.0,1.0,71252.42,70822.08,430.3399999999965,21916.0899999994
2026-03-11 17:30:00,1,0.0,0.0,70822.08,70785.99,-36.08999999999651,21879.999999999403
2026-03-11 17:45:00,1,0.0,0.0,70785.99,70751.99,-34.0,21845.999999999403
2026-03-11 18:00:00,1,0.0,0.0,70751.99,70703.99,-48.0,21797.999999999403
2026-03-11 18:15:00,1,0.0,1.0,70703.99,70512.48,-191.5100000000093,21606.489999999394
2026-03-11 18:30:00,1,1.0,1.0,70512.48,70617.64,105.16000000000349,21711.649999999398
2026-03-11 18:45:00,1,0.0,1.0,70617.64,70473.38,-144.25999999999476,21567.389999999403
2026-03-11 19:00:00,1,1.0,0.0,70473.38,70526.47,53.08999999999651,21620.4799999994
2026-03-11 19:15:00,1,1.0,1.0,70526.47,70674.86,148.38999999999942,21768.8699999994
2026-03-11 19:30:00,0,0.0,0.0,70674.86,70641.82,33.0399999999936,21801.909999999392
2026-03-11 19:45:00,1,0.0,1.0,70641.82,70434.15,-207.6700000000128,21594.23999999938
2026-03-11 20:00:00,1,1.0,0.0,70434.15,70439.89,5.740000000005239,21599.979999999385
2026-03-11 20:15:00,1,1.0,1.0,70439.89,70547.7,107.80999999999767,21707.789999999382
2026-03-11 20:30:00,0,1.0,1.0,70547.7,70634.96,-87.26000000000931,21620.529999999373
2026-03-11 20:45:00,0,0.0,1.0,70634.96,70544.93,90.03000000001339,21710.559999999386
2026-03-11 21:00:00,1,0.0,0.0,70544.93,70543.63,-1.2999999999883585,21709.259999999398
2026-03-11 21:15:00,0,0.0,0.0,70543.63,70542.0,1.6300000000046566,21710.889999999403
2026-03-11 21:30:00,1,1.0,1.0,70542.0,70741.26,199.25999999999476,21910.149999999398
2026-03-11 21:45:00,1,1.0,1.0,70741.26,70809.03,67.77000000000407,21977.9199999994
2026-03-11 22:00:00,0,0.0,1.0,70809.03,70489.55,319.4799999999959,22297.399999999398
2026-03-11 22:15:00,1,0.0,1.0,70489.55,70355.99,-133.55999999999767,22163.8399999994
2026-03-11 22:30:00,1,1.0,0.0,70355.99,70373.01,17.019999999989523,22180.85999999939
2026-03-11 22:45:00,0,1.0,1.0,70373.01,70458.88,-85.8700000000099,22094.98999999938
2026-03-11 23:00:00,0,0.0,1.0,70458.88,70367.12,91.76000000000931,22186.74999999939
2026-03-11 23:15:00,1,0.0,1.0,70367.12,70251.89,-115.22999999999593,22071.519999999393
2026-03-11 23:30:00,1,0.0,1.0,70251.89,70191.86,-60.029999999998836,22011.489999999394
2026-03-11 23:45:00,1,1.0,1.0,70191.86,70267.67,75.80999999999767,22087.29999999939
2026-03-12 00:00:00,1,0.0,0.0,70267.67,70252.5,-15.169999999998254,22072.129999999393
2026-03-12 00:15:00,1,1.0,0.0,70252.5,70285.69,33.19000000000233,22105.319999999396
2026-03-12 00:30:00,1,0.0,1.0,70285.69,70225.34,-60.35000000000582,22044.96999999939
2026-03-12 00:45:00,1,0.0,1.0,70225.34,69915.66,-309.679999999993,21735.289999999397
2026-03-12 01:00:00,1,0.0,0.0,69915.66,69897.58,-18.080000000001746,21717.209999999395
2026-03-12 01:15:00,1,1.0,1.0,69897.58,69964.96,67.38000000000466,21784.5899999994
2026-03-12 01:30:00,1,0.0,1.0,69964.96,69841.31,-123.65000000000873,21660.93999999939
2026-03-12 01:45:00,1,0.0,0.0,69841.31,69785.46,-55.84999999999127,21605.0899999994
2026-03-12 02:00:00,1,0.0,1.0,69785.46,69605.45,-180.0100000000093,21425.07999999939
2026-03-12 02:15:00,1,0.0,1.0,69605.45,69459.7,-145.75,21279.32999999939
2026-03-12 02:30:00,1,0.0,1.0,69459.7,69286.56,-173.13999999999942,21106.18999999939
2026-03-12 02:45:00,1,1.0,1.0,69286.56,69367.3,80.74000000000524,21186.929999999396
2026-03-12 03:00:00,1,1.0,0.0,69367.3,69420.01,52.70999999999185,21239.63999999939
2026-03-12 03:15:00,0,1.0,1.0,69420.01,69561.36,-141.35000000000582,21098.289999999382
2026-03-12 03:30:00,0,0.0,1.0,69561.36,69446.61,114.75,21213.039999999382
2026-03-12 03:45:00,1,1.0,1.0,69446.61,69586.84,140.22999999999593,21353.26999999938
2026-03-12 04:00:00,0,0.0,1.0,69586.84,69485.49,101.34999999999127,21454.61999999937
2026-03-12 04:15:00,1,0.0,1.0,69485.49,69384.55,-100.94000000000233,21353.679999999367
2026-03-12 04:30:00,1,0.0,0.0,69384.55,69372.0,-12.55000000000291,21341.129999999364
2026-03-12 04:45:00,1,0.0,0.0,69372.0,69341.1,-30.89999999999418,21310.22999999937
2026-03-12 05:00:00,1,0.0,1.0,69341.1,69256.95,-84.15000000000873,21226.07999999936
2026-03-12 05:15:00,1,1.0,1.0,69256.95,69511.01,254.05999999999767,21480.13999999936
2026-03-12 05:30:00,1,0.0,0.0,69511.01,69480.54,-30.470000000001164,21449.669999999358
2026-03-12 05:45:00,1,0.0,0.0,69480.54,69453.84,-26.69999999999709,21422.96999999936
2026-03-12 06:00:00,1,1.0,1.0,69453.84,69536.39,82.55000000000291,21505.519999999364
2026-03-12 06:15:00,0,0.0,0.0,69536.39,69484.52,51.86999999999534,21557.38999999936
2026-03-12 06:30:00,1,1.0,0.0,69484.52,69501.44,16.919999999998254,21574.309999999357
2026-03-12 06:45:00,0,0.0,0.0,69501.44,69495.6,5.8399999999965075,21580.149999999354
2026-03-12 07:00:00,1,1.0,1.0,69495.6,69606.4,110.79999999998836,21690.949999999342
2026-03-12 07:15:00,0,1.0,1.0,69606.4,69675.68,-69.27999999999884,21621.669999999343
2026-03-12 07:30:00,0,1.0,1.0,69675.68,69826.19,-150.5100000000093,21471.159999999334
2026-03-12 07:45:00,0,0.0,1.0,69826.19,69772.39,53.80000000000291,21524.959999999337
2026-03-12 08:00:00,0,1.0,0.0,69772.39,69807.85,-35.4600000000064,21489.49999999933
2026-03-12 08:15:00,0,1.0,0.0,69807.85,69831.0,-23.14999999999418,21466.349999999336
2026-03-12 08:30:00,0,1.0,1.0,69831.0,69917.37,-86.36999999999534,21379.97999999934
2026-03-12 08:45:00,0,0.0,1.0,69917.37,69790.15,127.22000000000116,21507.199999999342
2026-03-12 09:00:00,0,0.0,1.0,69790.15,69678.29,111.86000000000058,21619.059999999343
2026-03-12 09:15:00,1,1.0,1.0,69678.29,70278.4,600.1100000000006,22219.169999999343
2026-03-12 09:30:00,0,0.0,1.0,70278.4,69952.51,325.8899999999994,22545.059999999343
2026-03-12 09:45:00,1,1.0,0.0,69952.51,69965.88,13.370000000009895,22558.429999999353
2026-03-12 10:00:00,0,1.0,1.0,69965.88,70149.15,-183.26999999998952,22375.159999999363
2026-03-12 10:15:00,0,1.0,1.0,70149.15,70378.63,-229.48000000001048,22145.679999999353
2026-03-12 10:30:00,0,1.0,0.0,70378.63,70412.11,-33.479999999995925,22112.199999999357
2026-03-12 10:45:00,0,1.0,0.0,70412.11,70416.38,-4.2700000000040745,22107.929999999353
2026-03-12 11:00:00,0,1.0,1.0,70416.38,70557.24,-140.86000000000058,21967.069999999352
2026-03-12 11:15:00,0,1.0,1.0,70557.24,70685.14,-127.89999999999418,21839.169999999358
2026-03-12 11:30:00,0,0.0,1.0,70685.14,70427.91,257.2299999999959,22096.399999999354
2026-03-12 11:45:00,0,0.0,1.0,70427.91,70366.61,61.30000000000291,22157.699999999357
2026-03-12 12:00:00,1,1.0,1.0,70366.61,70420.58,53.970000000001164,22211.669999999358
2026-03-12 12:15:00,0,1.0,0.0,70420.58,70459.01,-38.429999999993015,22173.239999999365
2026-03-12 12:30:00,0,0.0,1.0,70459.01,70381.8,77.20999999999185,22250.449999999357
2026-03-12 12:45:00,0,1.0,0.0,70381.8,70413.04,-31.239999999990687,22219.209999999366
2026-03-12 13:00:00,0,0.0,1.0,70413.04,70111.28,301.75999999999476,22520.96999999936
2026-03-12 13:15:00,1,0.0,0.0,70111.28,70079.52,-31.75999999999476,22489.209999999366
2026-03-12 13:30:00,1,0.0,1.0,70079.52,69972.15,-107.3700000000099,22381.839999999356
2026-03-12 13:45:00,1,1.0,1.0,69972.15,70381.33,409.18000000000757,22791.019999999364
2026-03-12 14:00:00,1,0.0,1.0,70381.33,69953.32,-428.00999999999476,22363.00999999937
2026-03-12 14:15:00,1,0.0,1.0,69953.32,69589.99,-363.33000000000175,21999.679999999367
2026-03-12 14:30:00,1,1.0,0.0,69589.99,69590.09,0.09999999999126885,21999.77999999936
2026-03-12 14:45:00,1,1.0,1.0,69590.09,69750.0,159.9100000000035,22159.689999999362
2026-03-12 15:00:00,1,1.0,1.0,69750.0,70299.22,549.2200000000012,22708.909999999363
2026-03-12 15:15:00,0,1.0,1.0,70299.22,70379.45,-80.22999999999593,22628.679999999367
2026-03-12 15:30:00,0,0.0,0.0,70379.45,70334.88,44.56999999999243,22673.24999999936
2026-03-12 15:45:00,1,0.0,1.0,70334.88,70122.87,-212.0100000000093,22461.23999999935
2026-03-12 16:00:00,1,0.0,1.0,70122.87,70063.65,-59.220000000001164,22402.01999999935
2026-03-12 16:15:00,1,1.0,1.0,70063.65,70381.51,317.8600000000006,22719.87999999935
2026-03-12 16:30:00,0,0.0,0.0,70381.51,70381.16,0.34999999999126885,22720.22999999934
2026-03-12 16:45:00,0,1.0,0.0,70381.16,70429.76,-48.59999999999127,22671.62999999935
2026-03-12 17:00:00,0,0.0,1.0,70429.76,70300.01,129.75,22801.37999999935
2026-03-12 17:15:00,0,1.0,1.0,70300.01,70360.87,-60.86000000000058,22740.51999999935
2026-03-12 17:30:00,0,0.0,1.0,70360.87,70212.06,148.80999999999767,22889.329999999347
2026-03-12 17:45:00,0,0.0,0.0,70212.06,70202.85,9.209999999991851,22898.53999999934
2026-03-12 18:00:00,1,0.0,1.0,70202.85,70019.71,-183.13999999999942,22715.39999999934
2026-03-12 18:15:00,1,0.0,1.0,70019.71,69924.69,-95.02000000000407,22620.379999999335
2026-03-12 18:30:00,1,0.0,1.0,69924.69,69819.64,-105.05000000000291,22515.329999999332
2026-03-12 18:45:00,1,1.0,1.0,69819.64,69934.87,115.22999999999593,22630.55999999933
2026-03-12 19:00:00,1,1.0,1.0,69934.87,70209.97,275.1000000000058,22905.659999999334
2026-03-12 19:15:00,0,1.0,1.0,70209.97,70311.3,-101.33000000000175,22804.329999999332
2026-03-12 19:30:00,0,1.0,1.0,70311.3,70432.32,-121.02000000000407,22683.30999999933
2026-03-12 19:45:00,0,0.0,0.0,70432.32,70400.0,32.320000000006985,22715.629999999335
2026-03-12 20:00:00,0,0.0,1.0,70400.0,70307.03,92.97000000000116,22808.599999999336
2026-03-12 20:15:00,1,0.0,1.0,70307.03,70130.34,-176.69000000000233,22631.909999999334
2026-03-12 20:30:00,1,1.0,0.0,70130.34,70164.49,34.15000000000873,22666.059999999343
2026-03-12 20:45:00,0,1.0,1.0,70164.49,70386.91,-222.41999999999825,22443.639999999345
2026-03-12 21:00:00,0,0.0,1.0,70386.91,70289.11,97.80000000000291,22541.439999999347
2026-03-12 21:15:00,1,0.0,0.0,70289.11,70277.22,-11.889999999999418,22529.549999999348
2026-03-12 21:30:00,1,0.0,0.0,70277.22,70268.55,-8.669999999998254,22520.87999999935
2026-03-12 21:45:00,1,0.0,1.0,70268.55,70204.92,-63.63000000000466,22457.249999999345
2026-03-12 22:00:00,1,0.0,0.0,70204.92,70180.62,-24.30000000000291,22432.949999999342
2026-03-12 22:15:00,1,0.0,1.0,70180.62,70059.16,-121.45999999999185,22311.48999999935
2026-03-12 22:30:00,1,1.0,1.0,70059.16,70175.64,116.47999999999593,22427.969999999346
2026-03-12 22:45:00,1,1.0,1.0,70175.64,70470.01,294.36999999999534,22722.33999999934
2026-03-12 23:00:00,0,1.0,1.0,70470.01,70537.45,-67.44000000000233,22654.89999999934
2026-03-12 23:15:00,0,1.0,1.0,70537.45,70630.91,-93.4600000000064,22561.439999999333
2026-03-12 23:30:00,0,0.0,1.0,70630.91,70541.34,89.57000000000698,22651.00999999934
2026-03-12 23:45:00,0,1.0,1.0,70541.34,71118.58,-577.2400000000052,22073.769999999335
2026-03-13 00:00:00,0,1.0,1.0,71118.58,71482.53,-363.9499999999971,21709.819999999338
2026-03-13 00:15:00,0,1.0,0.0,71482.53,71512.01,-29.479999999995925,21680.33999999934
2026-03-13 00:30:00,0,0.0,0.0,71512.01,71475.61,36.39999999999418,21716.739999999336
2026-03-13 00:45:00,0,1.0,1.0,71475.61,71592.36,-116.75,21599.989999999336
2026-03-13 01:00:00,0,0.0,1.0,71592.36,71527.19,65.16999999999825,21665.159999999334
2026-03-13 01:15:00,1,1.0,1.0,71527.19,71610.42,83.22999999999593,21748.38999999933
2026-03-13 01:30:00,0,1.0,1.0,71610.42,71672.39,-61.970000000001164,21686.41999999933
2026-03-13 01:45:00,0,0.0,1.0,71672.39,71546.23,126.16000000000349,21812.579999999332
2026-03-13 02:00:00,1,0.0,1.0,71546.23,71454.56,-91.66999999999825,21720.909999999334
2026-03-13 02:15:00,1,0.0,1.0,71454.56,71175.0,-279.5599999999977,21441.349999999336
2026-03-13 02:30:00,1,0.0,0.0,71175.0,71143.8,-31.19999999999709,21410.14999999934
2026-03-13 02:45:00,1,1.0,0.0,71143.8,71174.49,30.69000000000233,21440.83999999934
2026-03-13 03:00:00,1,0.0,1.0,71174.49,71093.82,-80.66999999999825,21360.169999999343
2026-03-13 03:15:00,1,1.0,1.0,71093.82,71152.37,58.54999999998836,21418.71999999933
2026-03-13 03:30:00,1,1.0,1.0,71152.37,71405.75,253.38000000000466,21672.099999999336
2026-03-13 03:45:00,0,0.0,0.0,71405.75,71371.1,34.64999999999418,21706.74999999933
2026-03-13 04:00:00,1,0.0,1.0,71371.1,71319.52,-51.580000000001746,21655.16999999933
2026-03-13 04:15:00,1,1.0,1.0,71319.52,71403.09,83.56999999999243,21738.73999999932
2026-03-13 04:30:00,0,0.0,0.0,71403.09,71393.94,9.14999999999418,21747.889999999315
2026-03-13 04:45:00,1,0.0,1.0,71393.94,71271.83,-122.11000000000058,21625.779999999315
2026-03-13 05:00:00,1,1.0,1.0,71271.83,71413.8,141.97000000000116,21767.749999999316
2026-03-13 05:15:00,0,1.0,1.0,71413.8,71600.01,-186.20999999999185,21581.539999999324
2026-03-13 05:30:00,0,0.0,1.0,71600.01,71546.29,53.720000000001164,21635.259999999325
2026-03-13 05:45:00,1,0.0,1.0,71546.29,71466.21,-80.0799999999872,21555.179999999338
2026-03-13 06:00:00,1,0.0,1.0,71466.21,71241.61,-224.60000000000582,21330.579999999332
2026-03-13 06:15:00,1,1.0,0.0,71241.61,71259.75,18.139999999999418,21348.71999999933
2026-03-13 06:30:00,0,1.0,1.0,71259.75,71342.0,-82.25,21266.46999999933
2026-03-13 06:45:00,0,1.0,1.0,71342.0,71423.43,-81.42999999999302,21185.03999999934
2026-03-13 07:00:00,0,1.0,1.0,71423.43,71513.96,-90.53000000001339,21094.509999999325
2026-03-13 07:15:00,0,1.0,1.0,71513.96,71575.4,-61.439999999987776,21033.069999999338
2026-03-13 07:30:00,0,1.0,0.0,71575.4,71612.22,-36.820000000006985,20996.24999999933
2026-03-13 07:45:00,0,0.0,1.0,71612.22,71471.72,140.5,21136.74999999933
2026-03-13 08:00:00,0,1.0,1.0,71471.72,71588.04,-116.31999999999243,21020.429999999338
2026-03-13 08:15:00,0,1.0,1.0,71588.04,71934.0,-345.9600000000064,20674.46999999933
2026-03-13 08:30:00,0,0.0,1.0,71934.0,71821.02,112.97999999999593,20787.449999999328
2026-03-13 08:45:00,1,0.0,1.0,71821.02,71755.42,-65.60000000000582,20721.849999999322
2026-03-13 09:00:00,1,1.0,1.0,71755.42,71818.07,62.65000000000873,20784.49999999933
2026-03-13 09:15:00,0,1.0,1.0,71818.07,71875.4,-57.329999999987194,20727.169999999343
2026-03-13 09:30:00,0,1.0,1.0,71875.4,72006.57,-131.1700000000128,20595.99999999933
2026-03-13 09:45:00,0,1.0,1.0,72006.57,72253.73,-247.15999999998894,20348.83999999934
2026-03-13 10:00:00,0,1.0,1.0,72253.73,72347.52,-93.79000000000815,20255.049999999334
2026-03-13 10:15:00,0,1.0,1.0,72347.52,72494.38,-146.86000000000058,20108.189999999333
2026-03-13 10:30:00,0,0.0,0.0,72494.38,72458.12,36.26000000000931,20144.449999999342
2026-03-13 10:45:00,1,0.0,1.0,72458.12,72298.43,-159.69000000000233,19984.75999999934
2026-03-13 11:00:00,1,1.0,0.0,72298.43,72326.5,28.070000000006985,20012.829999999347
2026-03-13 11:15:00,0,0.0,0.0,72326.5,72310.48,16.020000000004075,20028.84999999935
2026-03-13 11:30:00,1,0.0,1.0,72310.48,72228.82,-81.65999999998894,19947.189999999362
2026-03-13 11:45:00,1,1.0,1.0,72228.82,72420.0,191.17999999999302,20138.369999999355
2026-03-13 12:00:00,1,0.0,0.0,72420.0,72412.15,-7.850000000005821,20130.51999999935
2026-03-13 12:15:00,1,0.0,1.0,72412.15,72342.09,-70.05999999999767,20060.45999999935
2026-03-13 12:30:00,1,1.0,1.0,72342.09,72784.73,442.6399999999994,20503.09999999935
2026-03-13 12:45:00,0,1.0,0.0,72784.73,72793.44,-8.710000000006403,20494.389999999345
2026-03-13 13:00:00,0,1.0,1.0,72793.44,73023.17,-229.72999999999593,20264.65999999935
2026-03-13 13:15:00,0,1.0,1.0,73023.17,73270.78,-247.61000000000058,20017.049999999348
2026-03-13 13:30:00,0,1.0,1.0,73270.78,73379.18,-108.39999999999418,19908.649999999354
2026-03-13 13:45:00,0,1.0,1.0,73379.18,73501.36,-122.18000000000757,19786.469999999346
2026-03-13 14:00:00,0,1.0,1.0,73501.36,73738.52,-237.1600000000035,19549.309999999343
2026-03-13 14:15:00,0,0.0,1.0,73738.52,72946.7,791.820000000007,20341.12999999935
2026-03-13 14:30:00,1,0.0,1.0,72946.7,72382.72,-563.9799999999959,19777.149999999354
2026-03-13 14:45:00,1,1.0,1.0,72382.72,72646.55,263.83000000000175,20040.979999999356
2026-03-13 15:00:00,0,0.0,1.0,72646.55,72463.71,182.8399999999965,20223.819999999352
2026-03-13 15:15:00,1,0.0,1.0,72463.71,71981.67,-482.04000000000815,19741.779999999344
2026-03-13 15:30:00,1,0.0,1.0,71981.67,71831.46,-150.20999999999185,19591.569999999352
2026-03-13 15:45:00,1,0.0,1.0,71831.46,71728.2,-103.26000000000931,19488.309999999343
2026-03-13 16:00:00,1,0.0,1.0,71728.2,71393.26,-334.9400000000023,19153.36999999934
2026-03-13 16:15:00,1,1.0,1.0,71393.26,71830.49,437.2300000000105,19590.59999999935
2026-03-13 16:30:00,1,1.0,1.0,71830.49,71885.57,55.080000000001746,19645.679999999353
2026-03-13 16:45:00,0,1.0,1.0,71885.57,72116.0,-230.42999999999302,19415.24999999936
2026-03-13 17:00:00,0,0.0,1.0,72116.0,71659.82,456.179999999993,19871.429999999353
2026-03-13 17:15:00,1,0.0,1.0,71659.82,71198.81,-461.0100000000093,19410.419999999343
2026-03-13 17:30:00,1,0.0,1.0,71198.81,71037.93,-160.88000000000466,19249.53999999934
2026-03-13 17:45:00,1,1.0,1.0,71037.93,71218.06,180.13000000000466,19429.669999999343
2026-03-13 18:00:00,0,0.0,0.0,71218.06,71195.34,22.720000000001164,19452.389999999345
2026-03-13 18:15:00,1,1.0,0.0,71195.34,71238.6,43.26000000000931,19495.649999999354
2026-03-13 18:30:00,0,0.0,1.0,71238.6,71055.45,183.15000000000873,19678.799999999363
2026-03-13 18:45:00,1,1.0,1.0,71055.45,71224.27,168.82000000000698,19847.61999999937
2026-03-13 19:00:00,0,0.0,1.0,71224.27,71082.04,142.23000000001048,19989.84999999938
2026-03-13 19:15:00,1,1.0,1.0,71082.04,71136.47,54.43000000000757,20044.279999999388
2026-03-13 19:30:00,0,1.0,1.0,71136.47,71189.95,-53.479999999995925,19990.79999999939
2026-03-13 19:45:00,0,1.0,1.0,71189.95,71353.0,-163.0500000000029,19827.74999999939
2026-03-13 20:00:00,0,0.0,0.0,71353.0,71307.96,45.0399999999936,19872.789999999382
2026-03-13 20:15:00,1,1.0,0.0,71307.96,71329.8,21.839999999996508,19894.62999999938
2026-03-13 20:30:00,0,1.0,0.0,71329.8,71346.84,-17.039999999993597,19877.589999999385
2026-03-13 20:45:00,0,1.0,1.0,71346.84,71408.38,-61.54000000000815,19816.049999999377
2026-03-13 21:00:00,0,0.0,1.0,71408.38,71165.41,242.97000000000116,20059.01999999938
2026-03-13 21:15:00,1,0.0,1.0,71165.41,71117.31,-48.10000000000582,20010.919999999373
2026-03-13 21:30:00,1,0.0,0.0,71117.31,71104.65,-12.660000000003492,19998.25999999937
2026-03-13 21:45:00,1,0.0,1.0,71104.65,70847.33,-257.31999999999243,19740.939999999377
2026-03-13 22:00:00,1,0.0,1.0,70847.33,70671.43,-175.90000000000873,19565.039999999368
2026-03-13 22:15:00,1,1.0,1.0,70671.43,70720.46,49.03000000001339,19614.06999999938
2026-03-13 22:30:00,1,1.0,1.0,70720.46,70814.0,93.5399999999936,19707.609999999375
2026-03-13 22:45:00,0,0.0,0.0,70814.0,70809.05,4.94999999999709,19712.559999999372
2026-03-13 23:00:00,1,1.0,1.0,70809.05,70900.01,90.95999999999185,19803.519999999364
2026-03-13 23:15:00,0,1.0,0.0,70900.01,70941.1,-41.09000000001106,19762.429999999353
2026-03-13 23:30:00,0,0.0,0.0,70941.1,70930.0,11.10000000000582,19773.52999999936
2026-03-13 23:45:00,1,0.0,0.0,70930.0,70889.38,-40.61999999999534,19732.909999999363
2026-03-14 00:00:00,1,1.0,0.0,70889.38,70916.78,27.39999999999418,19760.309999999357
2026-03-14 00:15:00,0,0.0,1.0,70916.78,70568.75,348.02999999999884,20108.339999999356
2026-03-14 00:30:00,1,1.0,1.0,70568.75,70631.97,63.220000000001164,20171.559999999357
2026-03-14 00:45:00,0,1.0,1.0,70631.97,70695.22,-63.25,20108.309999999357
2026-03-14 01:00:00,0,1.0,1.0,70695.22,70780.47,-85.25,20023.059999999357
2026-03-14 01:15:00,0,1.0,0.0,70780.47,70807.47,-27.0,19996.059999999357
2026-03-14 01:30:00,0,1.0,0.0,70807.47,70831.7,-24.229999999995925,19971.82999999936
2026-03-14 01:45:00,0,1.0,0.0,70831.7,70862.61,-30.910000000003492,19940.919999999358
2026-03-14 02:00:00,0,0.0,1.0,70862.61,70810.48,52.13000000000466,19993.049999999363
2026-03-14 02:15:00,0,0.0,0.0,70810.48,70770.33,40.14999999999418,20033.199999999357
2026-03-14 02:30:00,1,1.0,0.0,70770.33,70783.27,12.940000000002328,20046.13999999936
2026-03-14 02:45:00,0,1.0,1.0,70783.27,71006.82,-223.5500000000029,19822.589999999356
2026-03-14 03:00:00,0,1.0,0.0,71006.82,71041.67,-34.84999999999127,19787.739999999365
2026-03-14 03:15:00,0,1.0,1.0,71041.67,71148.55,-106.88000000000466,19680.85999999936
2026-03-14 03:30:00,0,0.0,1.0,71148.55,71081.3,67.25,19748.10999999936
2026-03-14 03:45:00,0,1.0,1.0,71081.3,71193.58,-112.27999999999884,19635.82999999936
2026-03-14 04:00:00,0,1.0,0.0,71193.58,71204.64,-11.059999999997672,19624.769999999364
2026-03-14 04:15:00,0,1.0,1.0,71204.64,71285.42,-80.77999999999884,19543.989999999365
2026-03-14 04:30:00,0,0.0,1.0,71285.42,71039.58,245.8399999999965,19789.82999999936
2026-03-14 04:45:00,0,1.0,1.0,71039.58,71110.37,-70.7899999999936,19719.039999999368
2026-03-14 05:00:00,0,0.0,0.0,71110.37,71109.76,0.6100000000005821,19719.64999999937
2026-03-14 05:15:00,0,0.0,1.0,71109.76,71005.01,104.75,19824.39999999937
2026-03-14 05:30:00,0,1.0,0.0,71005.01,71013.75,-8.740000000005239,19815.659999999363
2026-03-14 05:45:00,0,0.0,1.0,71013.75,70925.68,88.07000000000698,19903.72999999937
2026-03-14 06:00:00,0,0.0,1.0,70925.68,70711.9,213.77999999999884,20117.50999999937
2026-03-14 06:15:00,1,0.0,1.0,70711.9,70459.33,-252.56999999999243,19864.939999999377
2026-03-14 06:30:00,1,1.0,1.0,70459.33,70622.08,162.75,20027.689999999377
2026-03-14 06:45:00,0,1.0,1.0,70622.08,70706.74,-84.66000000000349,19943.029999999373
2026-03-14 07:00:00,0,0.0,0.0,70706.74,70684.01,22.730000000010477,19965.759999999384
2026-03-14 07:15:00,0,0.0,1.0,70684.01,70540.02,143.9899999999907,20109.749999999374
2026-03-14 07:30:00,1,1.0,1.0,70540.02,70596.68,56.65999999998894,20166.409999999363
2026-03-14 07:45:00,0,1.0,1.0,70596.68,70697.04,-100.36000000000058,20066.049999999363
2026-03-14 08:00:00,0,0.0,0.0,70697.04,70671.78,25.25999999999476,20091.309999999357
2026-03-14 08:15:00,0,0.0,1.0,70671.78,70562.0,109.77999999999884,20201.089999999356
2026-03-14 08:30:00,1,1.0,0.0,70562.0,70585.63,23.630000000004657,20224.71999999936
2026-03-14 08:45:00,0,1.0,1.0,70585.63,70693.57,-107.94000000000233,20116.77999999936
2026-03-14 09:00:00,0,1.0,0.0,70693.57,70702.82,-9.25,20107.52999999936
2026-03-14 09:15:00,0,0.0,1.0,70702.82,70613.0,89.82000000000698,20197.349999999366
2026-03-14 09:30:00,0,0.0,1.0,70613.0,70501.16,111.83999999999651,20309.189999999362
2026-03-14 09:45:00,1,1.0,0.0,70501.16,70544.93,43.76999999998952,20352.95999999935
2026-03-14 10:00:00,0,0.0,1.0,70544.93,70472.3,72.6299999999901,20425.58999999934
2026-03-14 10:15:00,1,1.0,0.0,70472.3,70506.93,34.629999999990105,20460.21999999933
2026-03-14 10:30:00,0,1.0,1.0,70506.93,70570.44,-63.51000000000931,20396.709999999322
2026-03-14 10:45:00,0,1.0,1.0,70570.44,70665.53,-95.08999999999651,20301.619999999326
2026-03-14 11:00:00,0,0.0,0.0,70665.53,70663.76,1.7700000000040745,20303.38999999933
2026-03-14 11:15:00,0,1.0,0.0,70663.76,70693.78,-30.020000000004075,20273.369999999326
2026-03-14 11:30:00,0,1.0,1.0,70693.78,70751.42,-57.63999999999942,20215.729999999327
2026-03-14 11:45:00,0,1.0,0.0,70751.42,70761.46,-10.040000000008149,20205.68999999932
2026-03-14 12:00:00,0,0.0,1.0,70761.46,70713.78,47.68000000000757,20253.369999999326
2026-03-14 12:15:00,0,0.0,1.0,70713.78,70632.69,81.08999999999651,20334.459999999322
2026-03-14 12:30:00,0,1.0,1.0,70632.69,70780.59,-147.89999999999418,20186.55999999933
2026-03-14 12:45:00,0,0.0,0.0,70780.59,70754.2,26.389999999999418,20212.949999999328
2026-03-14 13:00:00,0,1.0,1.0,70754.2,70930.0,-175.8000000000029,20037.149999999325
2026-03-14 13:15:00,0,0.0,1.0,70930.0,70867.94,62.05999999999767,20099.209999999322
2026-03-14 13:30:00,0,0.0,0.0,70867.94,70847.35,20.589999999996508,20119.79999999932
2026-03-14 13:45:00,1,0.0,1.0,70847.35,70746.05,-101.30000000000291,20018.499999999316
2026-03-14 14:00:00,1,1.0,1.0,70746.05,70824.24,78.19000000000233,20096.68999999932
2026-03-14 14:15:00,0,0.0,1.0,70824.24,70603.08,221.1600000000035,20317.849999999322
2026-03-14 14:30:00,1,0.0,0.0,70603.08,70599.22,-3.860000000000582,20313.98999999932
2026-03-14 14:45:00,1,1.0,1.0,70599.22,70657.8,58.580000000001746,20372.569999999323
2026-03-14 15:00:00,0,1.0,0.0,70657.8,70686.69,-28.889999999999418,20343.679999999324
2026-03-14 15:15:00,0,0.0,1.0,70686.69,70539.47,147.22000000000116,20490.899999999325
2026-03-14 15:30:00,1,1.0,0.0,70539.47,70580.09,40.61999999999534,20531.51999999932
2026-03-14 15:45:00,0,1.0,0.0,70580.09,70584.02,-3.930000000007567,20527.589999999313
2026-03-14 16:00:00,0,1.0,1.0,70584.02,70662.74,-78.72000000000116,20448.86999999931
2026-03-14 16:15:00,0,0.0,0.0,70662.74,70647.49,15.25,20464.11999999931
2026-03-14 16:30:00,0,1.0,0.0,70647.49,70672.53,-25.039999999993597,20439.079999999318
2026-03-14 16:45:00,0,1.0,0.0,70672.53,70690.76,-18.229999999995925,20420.849999999322
2026-03-14 17:00:00,0,1.0,1.0,70690.76,70732.18,-41.419999999998254,20379.429999999324
2026-03-14 17:15:00,0,0.0,1.0,70732.18,70663.54,68.63999999999942,20448.069999999323
2026-03-14 17:30:00,1,0.0,1.0,70663.54,70617.01,-46.529999999998836,20401.539999999324
2026-03-14 17:45:00,1,0.0,0.0,70617.01,70582.0,-35.00999999999476,20366.52999999933
2026-03-14 18:00:00,1,1.0,0.0,70582.0,70618.05,36.05000000000291,20402.579999999332
2026-03-14 18:15:00,0,1.0,0.0,70618.05,70650.0,-31.94999999999709,20370.629999999335
2026-03-14 18:30:00,0,1.0,0.0,70650.0,70668.23,-18.229999999995925,20352.39999999934
2026-03-14 18:45:00,0,1.0,0.0,70668.23,70687.71,-19.480000000010477,20332.91999999933
2026-03-14 19:00:00,0,0.0,0.0,70687.71,70671.98,15.730000000010477,20348.64999999934
2026-03-14 19:15:00,0,1.0,1.0,70671.98,70718.86,-46.88000000000466,20301.769999999335
2026-03-14 19:30:00,0,0.0,0.0,70718.86,70700.0,18.860000000000582,20320.629999999335
2026-03-14 19:45:00,0,0.0,0.0,70700.0,70683.58,16.419999999998254,20337.049999999334
2026-03-14 20:00:00,0,1.0,1.0,70683.58,70735.78,-52.19999999999709,20284.849999999336
2026-03-14 20:15:00,0,1.0,1.0,70735.78,70850.0,-114.22000000000116,20170.629999999335
2026-03-14 20:30:00,0,0.0,1.0,70850.0,70805.71,44.2899999999936,20214.91999999933
2026-03-14 20:45:00,0,0.0,1.0,70805.71,70663.47,142.24000000000524,20357.159999999334
2026-03-14 21:00:00,1,1.0,0.0,70663.47,70690.42,26.94999999999709,20384.10999999933
2026-03-14 21:15:00,0,1.0,1.0,70690.42,70738.79,-48.36999999999534,20335.739999999336
2026-03-14 21:30:00,0,1.0,1.0,70738.79,70799.99,-61.20000000001164,20274.539999999324
2026-03-14 21:45:00,0,0.0,1.0,70799.99,70716.85,83.13999999999942,20357.679999999324
2026-03-14 22:00:00,1,1.0,0.0,70716.85,70736.39,19.539999999993597,20377.219999999317
2026-03-14 22:15:00,0,1.0,0.0,70736.39,70753.24,-16.85000000000582,20360.36999999931
2026-03-14 22:30:00,0,0.0,1.0,70753.24,70710.91,42.330000000001746,20402.699999999313
2026-03-14 22:45:00,0,1.0,1.0,70710.91,71012.43,-301.5199999999895,20101.179999999324
2026-03-14 23:00:00,0,1.0,0.0,71012.43,71034.44,-22.010000000009313,20079.169999999314
2026-03-14 23:15:00,0,1.0,1.0,71034.44,71181.17,-146.72999999999593,19932.43999999932
2026-03-14 23:30:00,0,1.0,0.0,71181.17,71211.95,-30.779999999998836,19901.65999999932
2026-03-14 23:45:00,0,0.0,1.0,71211.95,71088.25,123.69999999999709,20025.359999999317
2026-03-15 00:00:00,0,0.0,0.0,71088.25,71066.5,21.75,20047.109999999317
2026-03-15 00:15:00,0,1.0,0.0,71066.5,71083.0,-16.5,20030.609999999317
2026-03-15 00:30:00,0,0.0,1.0,71083.0,70985.28,97.72000000000116,20128.329999999318
2026-03-15 00:45:00,0,0.0,0.0,70985.28,70949.72,35.55999999999767,20163.889999999315
2026-03-15 01:00:00,1,0.0,0.0,70949.72,70933.69,-16.029999999998836,20147.859999999317
2026-03-15 01:15:00,1,0.0,0.0,70933.69,70932.47,-1.2200000000011642,20146.639999999315
2026-03-15 01:30:00,0,1.0,1.0,70932.47,70985.83,-53.36000000000058,20093.279999999315
2026-03-15 01:45:00,0,1.0,1.0,70985.83,71305.29,-319.45999999999185,19773.819999999323
2026-03-15 02:00:00,0,0.0,0.0,71305.29,71268.29,37.0,19810.819999999323
2026-03-15 02:15:00,0,1.0,1.0,71268.29,71420.0,-151.7100000000064,19659.109999999317
2026-03-15 02:30:00,0,1.0,0.0,71420.0,71450.53,-30.529999999998836,19628.579999999318
2026-03-15 02:45:00,0,1.0,0.0,71450.53,71463.9,-13.369999999995343,19615.209999999322
2026-03-15 03:00:00,0,0.0,1.0,71463.9,71341.38,122.51999999998952,19737.729999999312
2026-03-15 03:15:00,0,0.0,0.0,71341.38,71336.25,5.130000000004657,19742.859999999317
2026-03-15 03:30:00,0,1.0,0.0,71336.25,71363.14,-26.889999999999418,19715.969999999317
2026-03-15 03:45:00,0,1.0,1.0,71363.14,71586.04,-222.89999999999418,19493.069999999323
2026-03-15 04:00:00,0,0.0,1.0,71586.04,71538.04,48.0,19541.069999999323
2026-03-15 04:15:00,0,1.0,1.0,71538.04,71596.45,-58.41000000000349,19482.65999999932
2026-03-15 04:30:00,0,1.0,0.0,71596.45,71606.32,-9.870000000009895,19472.78999999931
2026-03-15 04:45:00,0,0.0,1.0,71606.32,71545.29,61.03000000001339,19533.819999999323
2026-03-15 05:00:00,0,1.0,1.0,71545.29,71630.28,-84.99000000000524,19448.829999999318
2026-03-15 05:15:00,0,1.0,0.0,71630.28,71643.82,-13.540000000008149,19435.28999999931
2026-03-15 05:30:00,0,0.0,1.0,71643.82,71489.68,154.14000000001397,19589.429999999324
2026-03-15 05:45:00,0,1.0,1.0,71489.68,71567.78,-78.10000000000582,19511.329999999318
2026-03-15 06:00:00,0,0.0,1.0,71567.78,71466.15,101.63000000000466,19612.959999999322
2026-03-15 06:15:00,0,0.0,1.0,71466.15,71411.2,54.94999999999709,19667.90999999932
2026-03-15 06:30:00,1,1.0,1.0,71411.2,71458.41,47.2100000000064,19715.119999999326
2026-03-15 06:45:00,0,1.0,1.0,71458.41,71612.56,-154.14999999999418,19560.96999999933
2026-03-15 07:00:00,0,0.0,1.0,71612.56,71567.56,45.0,19605.96999999933
2026-03-15 07:15:00,0,0.0,1.0,71567.56,71446.96,120.59999999999127,19726.569999999323
2026-03-15 07:30:00,1,1.0,0.0,71446.96,71453.59,6.629999999990105,19733.199999999313
2026-03-15 07:45:00,0,1.0,1.0,71453.59,71594.53,-140.94000000000233,19592.25999999931
2026-03-15 08:00:00,0,0.0,0.0,71594.53,71586.22,8.309999999997672,19600.56999999931
2026-03-15 08:15:00,0,0.0,0.0,71586.22,71573.1,13.119999999995343,19613.689999999304
2026-03-15 08:30:00,1,1.0,1.0,71573.1,71717.5,144.39999999999418,19758.089999999298
2026-03-15 08:45:00,0,1.0,1.0,71717.5,71828.13,-110.63000000000466,19647.459999999293
2026-03-15 09:00:00,0,1.0,0.0,71828.13,71847.41,-19.279999999998836,19628.179999999295
2026-03-15 09:15:00,0,0.0,1.0,71847.41,71758.59,88.82000000000698,19716.9999999993
2026-03-15 09:30:00,0,1.0,0.0,71758.59,71791.1,-32.51000000000931,19684.489999999292
2026-03-15 09:45:00,0,1.0,0.0,71791.1,71806.66,-15.559999999997672,19668.929999999295
2026-03-15 10:00:00,0,1.0,1.0,71806.66,71862.46,-55.80000000000291,19613.12999999929
2026-03-15 10:15:00,0,0.0,0.0,71862.46,71830.64,31.820000000006985,19644.9499999993
2026-03-15 10:30:00,0,0.0,1.0,71830.64,71783.09,47.55000000000291,19692.4999999993
2026-03-15 10:45:00,1,0.0,1.0,71783.09,71700.0,-83.08999999999651,19609.409999999305
2026-03-15 11:00:00,1,0.0,0.0,71700.0,71695.56,-4.440000000002328,19604.969999999303
2026-03-15 11:15:00,1,1.0,1.0,71695.56,71754.99,59.43000000000757,19664.39999999931
2026-03-15 11:30:00,0,1.0,1.0,71754.99,71839.42,-84.42999999999302,19579.969999999317
2026-03-15 11:45:00,0,0.0,1.0,71839.42,71702.74,136.67999999999302,19716.64999999931
2026-03-15 12:00:00,0,1.0,0.0,71702.74,71706.97,-4.2299999999959255,19712.419999999314
2026-03-15 12:15:00,0,0.0,1.0,71706.97,71567.28,139.69000000000233,19852.109999999317
2026-03-15 12:30:00,0,1.0,1.0,71567.28,71610.33,-43.05000000000291,19809.059999999314
2026-03-15 12:45:00,0,0.0,1.0,71610.33,71442.49,167.8399999999965,19976.89999999931
2026-03-15 13:00:00,0,1.0,1.0,71442.49,71526.9,-84.40999999998894,19892.48999999932
2026-03-15 13:15:00,0,0.0,1.0,71526.9,71449.89,77.00999999999476,19969.499999999316
2026-03-15 13:30:00,0,1.0,1.0,71449.89,71607.54,-157.64999999999418,19811.849999999322
2026-03-15 13:45:00,0,0.0,0.0,71607.54,71579.35,28.189999999987776,19840.03999999931
2026-03-15 14:00:00,0,0.0,1.0,71579.35,71457.39,121.9600000000064,19961.999999999316
2026-03-15 14:15:00,1,1.0,0.0,71457.39,71484.38,26.99000000000524,19988.98999999932
2026-03-15 14:30:00,0,1.0,1.0,71484.38,71622.03,-137.64999999999418,19851.339999999327
2026-03-15 14:45:00,0,0.0,1.0,71622.03,71546.93,75.10000000000582,19926.439999999333
2026-03-15 15:00:00,1,0.0,1.0,71546.93,71472.8,-74.1299999999901,19852.309999999343
2026-03-15 15:15:00,1,1.0,0.0,71472.8,71486.52,13.720000000001164,19866.029999999344
2026-03-15 15:30:00,0,0.0,0.0,71486.52,71481.24,5.279999999998836,19871.309999999343
2026-03-15 15:45:00,1,1.0,1.0,71481.24,71559.98,78.73999999999069,19950.049999999334
2026-03-15 16:00:00,0,0.0,1.0,71559.98,71405.7,154.27999999999884,20104.329999999332
2026-03-15 16:15:00,1,1.0,1.0,71405.7,71450.02,44.320000000006985,20148.64999999934
2026-03-15 16:30:00,0,0.0,0.0,71450.02,71437.35,12.669999999998254,20161.319999999338
2026-03-15 16:45:00,1,1.0,1.0,71437.35,71482.12,44.76999999998952,20206.089999999327
2026-03-15 17:00:00,0,1.0,0.0,71482.12,71515.17,-33.05000000000291,20173.039999999324
2026-03-15 17:15:00,0,1.0,0.0,71515.17,71521.37,-6.19999999999709,20166.839999999327
2026-03-15 17:30:00,0,1.0,1.0,71521.37,71819.95,-298.58000000000175,19868.259999999325
2026-03-15 17:45:00,0,0.0,1.0,71819.95,71719.15,100.80000000000291,19969.05999999933
2026-03-15 18:00:00,0,1.0,0.0,71719.15,71726.37,-7.220000000001164,19961.839999999327
2026-03-15 18:15:00,0,0.0,0.0,71726.37,71692.01,34.36000000000058,19996.199999999328
2026-03-15 18:30:00,0,0.0,1.0,71692.01,71390.53,301.4799999999959,20297.679999999324
2026-03-15 18:45:00,1,1.0,1.0,71390.53,71488.81,98.27999999999884,20395.959999999322
2026-03-15 19:00:00,0,1.0,1.0,71488.81,71525.33,-36.520000000004075,20359.43999999932
2026-03-15 19:15:00,0,0.0,0.0,71525.33,71493.44,31.889999999999418,20391.329999999318
2026-03-15 19:30:00,1,1.0,1.0,71493.44,71549.94,56.5,20447.829999999318
2026-03-15 19:45:00,0,0.0,0.0,71549.94,71531.75,18.19000000000233,20466.01999999932
2026-03-15 20:00:00,0,0.0,1.0,71531.75,71485.6,46.14999999999418,20512.169999999314
2026-03-15 20:15:00,1,1.0,1.0,71485.6,71846.68,361.0799999999872,20873.2499999993
2026-03-15 20:30:00,0,0.0,1.0,71846.68,71730.81,115.86999999999534,20989.119999999297
2026-03-15 20:45:00,1,0.0,1.0,71730.81,71646.15,-84.66000000000349,20904.459999999293
2026-03-15 21:00:00,1,1.0,1.0,71646.15,71761.24,115.09000000001106,21019.549999999304
2026-03-15 21:15:00,0,1.0,1.0,71761.24,72105.63,-344.3899999999994,20675.159999999305
2026-03-15 21:30:00,0,1.0,0.0,72105.63,72109.58,-3.9499999999970896,20671.209999999308
2026-03-15 21:45:00,0,0.0,1.0,72109.58,71796.79,312.79000000000815,20983.999999999316
2026-03-15 22:00:00,0,1.0,1.0,71796.79,71931.49,-134.70000000001164,20849.299999999304
2026-03-15 22:15:00,0,1.0,1.0,71931.49,72391.41,-459.91999999999825,20389.379999999306
2026-03-15 22:30:00,0,1.0,1.0,72391.41,72749.44,-358.02999999999884,20031.349999999307
2026-03-15 22:45:00,0,1.0,1.0,72749.44,72991.99,-242.5500000000029,19788.799999999304
2026-03-15 23:00:00,0,0.0,1.0,72991.99,72479.04,512.9500000000116,20301.749999999316
2026-03-15 23:15:00,1,1.0,1.0,72479.04,72701.07,222.0300000000134,20523.77999999933
2026-03-15 23:30:00,0,1.0,1.0,72701.07,72815.24,-114.16999999999825,20409.60999999933
2026-03-15 23:45:00,0,0.0,1.0,72815.24,72714.59,100.65000000000873,20510.25999999934
2026-03-16 00:00:00,0,0.0,1.0,72714.59,72512.3,202.2899999999936,20712.549999999334
2026-03-16 00:15:00,1,1.0,0.0,72512.3,72515.54,3.2399999999906868,20715.789999999324
2026-03-16 00:30:00,1,1.0,0.0,72515.54,72531.26,15.720000000001164,20731.509999999325
2026-03-16 00:45:00,0,0.0,1.0,72531.26,72317.19,214.06999999999243,20945.579999999318
2026-03-16 01:00:00,1,1.0,1.0,72317.19,72645.39,328.1999999999971,21273.779999999315
2026-03-16 01:15:00,0,0.0,1.0,72645.39,72590.46,54.929999999993015,21328.709999999308
2026-03-16 01:30:00,1,1.0,1.0,72590.46,72752.9,162.43999999998778,21491.149999999296
2026-03-16 01:45:00,0,0.0,1.0,72752.9,72694.37,58.529999999998836,21549.679999999295
2026-03-16 02:00:00,1,0.0,1.0,72694.37,72451.44,-242.92999999999302,21306.7499999993
2026-03-16 02:15:00,1,0.0,0.0,72451.44,72444.13,-7.309999999997672,21299.439999999304
2026-03-16 02:30:00,1,1.0,1.0,72444.13,72514.69,70.55999999999767,21369.9999999993
2026-03-16 02:45:00,1,1.0,0.0,72514.69,72528.13,13.440000000002328,21383.439999999304
2026-03-16 03:00:00,0,1.0,1.0,72528.13,72857.64,-329.50999999999476,21053.92999999931
2026-03-16 03:15:00,0,1.0,1.0,72857.64,73769.99,-912.3500000000058,20141.579999999303
2026-03-16 03:30:00,0,0.0,1.0,73769.99,73573.32,196.66999999999825,20338.2499999993
2026-03-16 03:45:00,1,1.0,1.0,73573.32,73695.95,122.6299999999901,20460.87999999929
2026-03-16 04:00:00,0,0.0,1.0,73695.95,73605.9,90.05000000000291,20550.929999999295
2026-03-16 04:15:00,1,1.0,0.0,73605.9,73632.81,26.910000000003492,20577.839999999298
2026-03-16 04:30:00,1,1.0,1.0,73632.81,73835.62,202.80999999999767,20780.649999999296
2026-03-16 04:45:00,0,1.0,0.0,73835.62,73866.52,-30.90000000000873,20749.749999999287
2026-03-16 05:00:00,0,1.0,1.0,73866.52,73909.56,-43.0399999999936,20706.709999999293
2026-03-16 05:15:00,0,1.0,1.0,73909.56,74045.37,-135.80999999999767,20570.899999999296
2026-03-16 05:30:00,0,1.0,1.0,74045.37,74207.49,-162.1200000000099,20408.779999999286
2026-03-16 05:45:00,0,0.0,1.0,74207.49,73715.13,492.3600000000006,20901.139999999286
2026-03-16 06:00:00,0,0.0,0.0,73715.13,73711.0,4.130000000004657,20905.26999999929
2026-03-16 06:15:00,1,1.0,1.0,73711.0,73826.98,115.97999999999593,21021.249999999287
2026-03-16 06:30:00,1,0.0,1.0,73826.98,73714.36,-112.61999999999534,20908.62999999929
2026-03-16 06:45:00,1,1.0,1.0,73714.36,73852.84,138.47999999999593,21047.109999999288
2026-03-16 07:00:00,1,0.0,0.0,73852.84,73835.35,-17.489999999990687,21029.619999999297
2026-03-16 07:15:00,1,0.0,1.0,73835.35,73484.86,-350.49000000000524,20679.12999999929
2026-03-16 07:30:00,1,0.0,0.0,73484.86,73456.68,-28.180000000007567,20650.949999999284
2026-03-16 07:45:00,1,1.0,1.0,73456.68,73514.27,57.59000000001106,20708.539999999295
2026-03-16 08:00:00,1,0.0,1.0,73514.27,73352.06,-162.2100000000064,20546.32999999929
2026-03-16 08:15:00,1,0.0,1.0,73352.06,72906.56,-445.5,20100.82999999929
2026-03-16 08:30:00,1,1.0,1.0,72906.56,73135.0,228.44000000000233,20329.26999999929
2026-03-16 08:45:00,1,0.0,0.0,73135.0,73132.46,-2.539999999993597,20326.729999999297
2026-03-16 09:00:00,1,1.0,1.0,73132.46,73278.0,145.5399999999936,20472.26999999929
2026-03-16 09:15:00,1,0.0,1.0,73278.0,73201.4,-76.60000000000582,20395.669999999285
2026-03-16 09:30:00,1,1.0,1.0,73201.4,73260.92,59.520000000004075,20455.18999999929
2026-03-16 09:45:00,1,1.0,1.0,73260.92,73338.33,77.41000000000349,20532.599999999293
2026-03-16 10:00:00,0,1.0,1.0,73338.33,73453.71,-115.38000000000466,20417.219999999288
2026-03-16 10:15:00,0,0.0,1.0,73453.71,73253.21,200.5,20617.719999999288
2026-03-16 10:30:00,0,1.0,1.0,73253.21,73783.42,-530.2099999999919,20087.509999999296
2026-03-16 10:45:00,0,0.0,1.0,73783.42,73606.92,176.5,20264.009999999296
2026-03-16 11:00:00,1,0.0,1.0,73606.92,73556.24,-50.679999999993015,20213.329999999303
2026-03-16 11:15:00,1,1.0,1.0,73556.24,73626.28,70.0399999999936,20283.369999999297
2026-03-16 11:30:00,0,0.0,1.0,73626.28,73552.77,73.50999999999476,20356.87999999929
2026-03-16 11:45:00,1,1.0,1.0,73552.77,73596.63,43.86000000000058,20400.739999999292
2026-03-16 12:00:00,0,1.0,1.0,73596.63,73878.04,-281.40999999998894,20119.329999999303
2026-03-16 12:15:00,0,0.0,1.0,73878.04,73807.63,70.40999999998894,20189.739999999292
2026-03-16 12:30:00,1,1.0,1.0,73807.63,73864.8,57.169999999998254,20246.90999999929
2026-03-16 12:45:00,0,1.0,1.0,73864.8,73967.86,-103.05999999999767,20143.849999999293
2026-03-16 13:00:00,0,0.0,1.0,73967.86,73902.9,64.9600000000064,20208.8099999993
2026-03-16 13:15:00,1,1.0,1.0,73902.9,74079.66,176.7600000000093,20385.56999999931
2026-03-16 13:30:00,0,1.0,0.0,74079.66,74109.55,-29.889999999999418,20355.67999999931
2026-03-16 13:45:00,0,1.0,1.0,74109.55,74298.61,-189.05999999999767,20166.61999999931
2026-03-16 14:00:00,0,0.0,1.0,74298.61,73618.49,680.1199999999953,20846.739999999307
2026-03-16 14:15:00,1,0.0,1.0,73618.49,73136.06,-482.43000000000757,20364.3099999993
2026-03-16 14:30:00,1,1.0,1.0,73136.06,73565.54,429.4799999999959,20793.789999999295
2026-03-16 14:45:00,0,1.0,1.0,73565.54,73677.67,-112.13000000000466,20681.65999999929
2026-03-16 15:00:00,0,1.0,1.0,73677.67,73841.21,-163.54000000000815,20518.119999999282
2026-03-16 15:15:00,0,0.0,1.0,73841.21,73555.01,286.20000000001164,20804.319999999294
2026-03-16 15:30:00,1,0.0,1.0,73555.01,73274.76,-280.25,20524.069999999294
2026-03-16 15:45:00,1,1.0,1.0,73274.76,73342.48,67.72000000000116,20591.789999999295
2026-03-16 16:00:00,1,1.0,1.0,73342.48,73413.67,71.19000000000233,20662.979999999297
2026-03-16 16:15:00,0,1.0,1.0,73413.67,73657.29,-243.61999999999534,20419.359999999302
2026-03-16 16:30:00,0,1.0,1.0,73657.29,73760.63,-103.34000000001106,20316.01999999929
2026-03-16 16:45:00,0,1.0,1.0,73760.63,73835.65,-75.01999999998952,20240.9999999993
2026-03-16 17:00:00,0,0.0,1.0,73835.65,73683.26,152.38999999999942,20393.3899999993
2026-03-16 17:15:00,0,1.0,1.0,73683.26,73893.28,-210.02000000000407,20183.369999999297
2026-03-16 17:30:00,0,1.0,1.0,73893.28,73943.18,-49.89999999999418,20133.469999999303
2026-03-16 17:45:00,0,1.0,1.0,73943.18,74214.66,-271.4800000000105,19861.989999999292
2026-03-16 18:00:00,0,1.0,0.0,74214.66,74248.86,-34.19999999999709,19827.789999999295
2026-03-16 18:15:00,0,0.0,1.0,74248.86,74206.32,42.5399999999936,19870.32999999929
2026-03-16 18:30:00,0,0.0,1.0,74206.32,73913.6,292.72000000000116,20163.04999999929
2026-03-16 18:45:00,1,1.0,1.0,73913.6,74167.88,254.27999999999884,20417.32999999929
2026-03-16 19:00:00,0,0.0,1.0,74167.88,74110.13,57.75,20475.07999999929
2026-03-16 19:15:00,1,1.0,0.0,74110.13,74145.97,35.83999999999651,20510.919999999285
2026-03-16 19:30:00,1,0.0,1.0,74145.97,73963.0,-182.97000000000116,20327.949999999284
2026-03-16 19:45:00,1,0.0,1.0,73963.0,73906.51,-56.49000000000524,20271.45999999928
2026-03-16 20:00:00,1,1.0,1.0,73906.51,73977.99,71.48000000001048,20342.93999999929
2026-03-16 20:15:00,1,1.0,1.0,73977.99,74041.62,63.629999999990105,20406.56999999928
2026-03-16 20:30:00,1,1.0,1.0,74041.62,74236.9,195.27999999999884,20601.84999999928
2026-03-16 20:45:00,0,1.0,1.0,74236.9,74367.93,-131.02999999999884,20470.81999999928
2026-03-16 21:00:00,0,0.0,1.0,74367.93,74280.05,87.8799999999901,20558.69999999927
2026-03-16 21:15:00,1,1.0,1.0,74280.05,74436.0,155.9499999999971,20714.649999999267
2026-03-16 21:30:00,0,0.0,0.0,74436.0,74401.36,34.63999999999942,20749.289999999266
2026-03-16 21:45:00,1,1.0,1.0,74401.36,74874.6,473.24000000000524,21222.52999999927
2026-03-16 22:00:00,0,0.0,1.0,74874.6,74660.31,214.29000000000815,21436.81999999928
2026-03-16 22:15:00,1,1.0,1.0,74660.31,74764.81,104.5,21541.31999999928
2026-03-16 22:30:00,1,1.0,0.0,74764.81,74772.66,7.850000000005821,21549.169999999285
2026-03-16 22:45:00,0,0.0,1.0,74772.66,74392.5,380.1600000000035,21929.32999999929
2026-03-16 23:00:00,1,1.0,1.0,74392.5,74612.39,219.88999999999942,22149.219999999288
2026-03-16 23:15:00,1,1.0,1.0,74612.39,74874.93,262.5399999999936,22411.75999999928
2026-03-16 23:30:00,0,1.0,0.0,74874.93,74884.67,-9.740000000005239,22402.019999999276
2026-03-16 23:45:00,0,1.0,1.0,74884.67,75409.33,-524.6600000000035,21877.359999999273
2026-03-17 00:00:00,0,0.0,1.0,75409.33,75080.2,329.13000000000466,22206.489999999278
2026-03-17 00:15:00,1,0.0,1.0,75080.2,74996.96,-83.23999999999069,22123.249999999287
2026-03-17 00:30:00,1,1.0,1.0,74996.96,75318.48,321.5199999999895,22444.769999999276
2026-03-17 00:45:00,1,1.0,1.0,75318.48,75840.88,522.4000000000087,22967.169999999285
2026-03-17 01:00:00,0,1.0,1.0,75840.88,75933.8,-92.91999999999825,22874.249999999287
2026-03-17 01:15:00,0,0.0,1.0,75933.8,75678.16,255.63999999999942,23129.889999999286
2026-03-17 01:30:00,1,0.0,1.0,75678.16,75623.91,-54.25,23075.639999999286
2026-03-17 01:45:00,1,0.0,1.0,75623.91,75243.62,-380.29000000000815,22695.34999999928
2026-03-17 02:00:00,1,0.0,1.0,75243.62,75172.0,-71.61999999999534,22623.729999999283
2026-03-17 02:15:00,1,1.0,1.0,75172.0,75396.16,224.1600000000035,22847.889999999286
2026-03-17 02:30:00,1,0.0,1.0,75396.16,75198.02,-198.13999999999942,22649.749999999287
2026-03-17 02:45:00,1,0.0,1.0,75198.02,74943.79,-254.23000000001048,22395.519999999276
2026-03-17 03:00:00,1,0.0,1.0,74943.79,74823.46,-120.3299999999872,22275.18999999929
2026-03-17 03:15:00,1,0.0,1.0,74823.46,74422.85,-400.6100000000006,21874.57999999929
2026-03-17 03:30:00,1,1.0,0.0,74422.85,74463.98,41.129999999990105,21915.70999999928
2026-03-17 03:45:00,1,1.0,1.0,74463.98,74674.06,210.08000000000175,22125.78999999928
2026-03-17 04:00:00,1,0.0,1.0,74674.06,74419.33,-254.72999999999593,21871.059999999285
2026-03-17 04:15:00,1,0.0,1.0,74419.33,74051.38,-367.9499999999971,21503.109999999288
2026-03-17 04:30:00,1,1.0,1.0,74051.38,74252.01,200.6299999999901,21703.739999999278
2026-03-17 04:45:00,1,1.0,0.0,74252.01,74280.46,28.45000000001164,21732.18999999929
2026-03-17 05:00:00,0,1.0,1.0,74280.46,74406.55,-126.08999999999651,21606.099999999293
2026-03-17 05:15:00,0,0.0,1.0,74406.55,73943.01,463.54000000000815,22069.6399999993
2026-03-17 05:30:00,1,1.0,1.0,73943.01,74036.74,93.73000000001048,22163.36999999931
2026-03-17 05:45:00,0,1.0,1.0,74036.74,74145.18,-108.43999999998778,22054.929999999324
2026-03-17 06:00:00,0,1.0,1.0,74145.18,74212.41,-67.23000000001048,21987.699999999313
2026-03-17 06:15:00,0,0.0,1.0,74212.41,74004.78,207.63000000000466,22195.329999999318
2026-03-17 06:30:00,0,1.0,1.0,74004.78,74085.45,-80.66999999999825,22114.65999999932
2026-03-17 06:45:00,0,1.0,1.0,74085.45,74324.03,-238.58000000000175,21876.079999999318
2026-03-17 07:00:00,0,1.0,1.0,74324.03,74403.62,-79.58999999999651,21796.48999999932
2026-03-17 07:15:00,0,0.0,0.0,74403.62,74400.0,3.6199999999953434,21800.109999999317
2026-03-17 07:30:00,1,0.0,1.0,74400.0,74249.32,-150.67999999999302,21649.429999999324
2026-03-17 07:45:00,1,0.0,0.0,74249.32,74230.0,-19.320000000006985,21630.109999999317
2026-03-17 08:00:00,1,1.0,1.0,74230.0,74306.23,76.22999999999593,21706.339999999313
2026-03-17 08:15:00,1,1.0,1.0,74306.23,74394.28,88.05000000000291,21794.389999999315
2026-03-17 08:30:00,0,0.0,1.0,74394.28,74188.38,205.89999999999418,22000.28999999931
2026-03-17 08:45:00,1,0.0,1.0,74188.38,74047.64,-140.74000000000524,21859.549999999304
2026-03-17 09:00:00,1,1.0,1.0,74047.64,74311.79,264.1499999999942,22123.6999999993
2026-03-17 09:15:00,1,0.0,1.0,74311.79,74194.85,-116.93999999998778,22006.75999999931
2026-03-17 09:30:00,1,0.0,1.0,74194.85,73937.16,-257.6900000000023,21749.06999999931
2026-03-17 09:45:00,1,0.0,1.0,73937.16,73685.51,-251.65000000000873,21497.4199999993
2026-03-17 10:00:00,1,1.0,1.0,73685.51,73750.0,64.49000000000524,21561.909999999305
2026-03-17 10:15:00,1,0.0,0.0,73750.0,73743.99,-6.009999999994761,21555.89999999931
2026-03-17 10:30:00,1,0.0,0.0,73743.99,73729.45,-14.540000000008149,21541.359999999302
2026-03-17 10:45:00,1,1.0,1.0,73729.45,73930.54,201.0899999999965,21742.4499999993
2026-03-17 11:00:00,1,1.0,1.0,73930.54,74012.78,82.24000000000524,21824.689999999304
2026-03-17 11:15:00,0,1.0,1.0,74012.78,74107.82,-95.04000000000815,21729.649999999296
2026-03-17 11:30:00,0,0.0,1.0,74107.82,74033.11,74.7100000000064,21804.359999999302
2026-03-17 11:45:00,1,1.0,0.0,74033.11,74057.88,24.770000000004075,21829.129999999306
2026-03-17 12:00:00,0,0.0,1.0,74057.88,73793.9,263.9800000000105,22093.109999999317
2026-03-17 12:15:00,1,1.0,0.0,73793.9,73837.39,43.49000000000524,22136.599999999322
2026-03-17 12:30:00,0,0.0,1.0,73837.39,73739.74,97.64999999999418,22234.249999999316
2026-03-17 12:45:00,1,1.0,1.0,73739.74,73836.46,96.72000000000116,22330.969999999317
2026-03-17 13:00:00,0,0.0,1.0,73836.46,73715.06,121.40000000000873,22452.369999999326
2026-03-17 13:15:00,1,1.0,0.0,73715.06,73721.08,6.0200000000040745,22458.38999999933
2026-03-17 13:30:00,1,0.0,1.0,73721.08,73615.48,-105.60000000000582,22352.789999999324
2026-03-17 13:45:00,1,1.0,1.0,73615.48,73721.2,105.72000000000116,22458.509999999325
2026-03-17 14:00:00,1,1.0,1.0,73721.2,73892.18,170.97999999999593,22629.48999999932
2026-03-17 14:15:00,0,1.0,1.0,73892.18,74249.35,-357.1700000000128,22272.31999999931
2026-03-17 14:30:00,0,1.0,1.0,74249.35,74381.7,-132.34999999999127,22139.969999999317
2026-03-17 14:45:00,0,0.0,1.0,74381.7,74121.45,260.25,22400.219999999317
2026-03-17 15:00:00,1,0.0,1.0,74121.45,74054.35,-67.09999999999127,22333.119999999326
2026-03-17 15:15:00,1,0.0,1.0,74054.35,73902.0,-152.35000000000582,22180.76999999932
2026-03-17 15:30:00,1,1.0,0.0,73902.0,73914.39,12.389999999999418,22193.15999999932
2026-03-17 15:45:00,1,1.0,1.0,73914.39,73972.33,57.94000000000233,22251.099999999322
2026-03-17 16:00:00,1,1.0,1.0,73972.33,74205.21,232.88000000000466,22483.979999999327
2026-03-17 16:15:00,0,0.0,1.0,74205.21,74136.66,68.55000000000291,22552.52999999933
2026-03-17 16:30:00,1,1.0,0.0,74136.66,74155.69,19.029999999998836,22571.55999999933
2026-03-17 16:45:00,0,1.0,1.0,74155.69,74218.9,-63.20999999999185,22508.349999999336
2026-03-17 17:00:00,0,1.0,1.0,74218.9,74287.75,-68.85000000000582,22439.49999999933
2026-03-17 17:15:00,0,1.0,1.0,74287.75,74421.53,-133.77999999999884,22305.71999999933
2026-03-17 17:30:00,0,1.0,1.0,74421.53,74523.75,-102.22000000000116,22203.49999999933
2026-03-17 17:45:00,0,1.0,1.0,74523.75,74597.69,-73.94000000000233,22129.55999999933
2026-03-17 18:00:00,0,0.0,1.0,74597.69,74423.18,174.5100000000093,22304.069999999338
2026-03-17 18:15:00,0,1.0,1.0,74423.18,74612.85,-189.6700000000128,22114.399999999325
2026-03-17 18:30:00,0,1.0,1.0,74612.85,74683.04,-70.18999999998778,22044.209999999337
2026-03-17 18:45:00,0,1.0,1.0,74683.04,74745.5,-62.4600000000064,21981.74999999933
2026-03-17 19:00:00,0,0.0,1.0,74745.5,74631.29,114.2100000000064,22095.959999999337
2026-03-17 19:15:00,1,1.0,0.0,74631.29,74673.85,42.560000000012224,22138.51999999935
2026-03-17 19:30:00,0,0.0,1.0,74673.85,74512.17,161.68000000000757,22300.199999999357
2026-03-17 19:45:00,1,0.0,1.0,74512.17,74360.0,-152.16999999999825,22148.02999999936
2026-03-17 20:00:00,1,1.0,1.0,74360.0,74652.26,292.25999999999476,22440.289999999353
2026-03-17 20:15:00,1,0.0,1.0,74652.26,74552.58,-99.67999999999302,22340.60999999936
2026-03-17 20:30:00,1,0.0,0.0,74552.58,74506.75,-45.830000000001746,22294.77999999936
2026-03-17 20:45:00,1,1.0,1.0,74506.75,74705.09,198.3399999999965,22493.119999999355
2026-03-17 21:00:00,1,0.0,1.0,74705.09,74554.87,-150.22000000000116,22342.899999999354
2026-03-17 21:15:00,1,1.0,1.0,74554.87,74736.93,182.05999999999767,22524.95999999935
2026-03-17 21:30:00,1,0.0,1.0,74736.93,74685.42,-51.50999999999476,22473.449999999357
2026-03-17 21:45:00,1,0.0,1.0,74685.42,74580.57,-104.84999999999127,22368.599999999366
2026-03-17 22:00:00,1,0.0,1.0,74580.57,74370.0,-210.57000000000698,22158.02999999936
2026-03-17 22:15:00,1,0.0,1.0,74370.0,74160.0,-210.0,21948.02999999936
2026-03-17 22:30:00,1,1.0,1.0,74160.0,74307.08,147.08000000000175,22095.10999999936
2026-03-17 22:45:00,1,1.0,0.0,74307.08,74317.74,10.660000000003492,22105.769999999364
2026-03-17 23:00:00,1,0.0,1.0,74317.74,74196.95,-120.79000000000815,21984.979999999356
2026-03-17 23:15:00,1,0.0,1.0,74196.95,73945.1,-251.84999999999127,21733.129999999364
2026-03-17 23:30:00,1,0.0,0.0,73945.1,73909.36,-35.74000000000524,21697.38999999936
2026-03-17 23:45:00,1,1.0,1.0,73909.36,73989.17,79.80999999999767,21777.199999999357
2026-03-18 00:00:00,1,0.0,1.0,73989.17,73782.2,-206.97000000000116,21570.229999999356
2026-03-18 00:15:00,1,0.0,1.0,73782.2,73721.1,-61.09999999999127,21509.129999999364
2026-03-18 00:30:00,1,1.0,1.0,73721.1,73867.88,146.77999999999884,21655.909999999363
2026-03-18 00:45:00,1,1.0,0.0,73867.88,73907.5,39.61999999999534,21695.52999999936
2026-03-18 01:00:00,0,1.0,1.0,73907.5,74019.66,-112.16000000000349,21583.369999999355
2026-03-18 01:15:00,0,1.0,1.0,74019.66,74141.73,-122.06999999999243,21461.299999999363
2026-03-18 01:30:00,0,0.0,1.0,74141.73,74072.3,69.42999999999302,21530.729999999356
2026-03-18 01:45:00,1,1.0,1.0,74072.3,74284.55,212.25,21742.979999999356
2026-03-18 02:00:00,0,0.0,1.0,74284.55,74233.45,51.10000000000582,21794.07999999936
2026-03-18 02:15:00,1,1.0,1.0,74233.45,74416.58,183.13000000000466,21977.209999999366
2026-03-18 02:30:00,0,0.0,1.0,74416.58,74338.93,77.65000000000873,22054.859999999375
2026-03-18 02:45:00,1,0.0,1.0,74338.93,74267.56,-71.36999999999534,21983.48999999938
2026-03-18 03:00:00,1,1.0,1.0,74267.56,74525.84,258.27999999999884,22241.76999999938
2026-03-18 03:15:00,0,0.0,0.0,74525.84,74490.49,35.34999999999127,22277.11999999937
2026-03-18 03:30:00,1,0.0,0.0,74490.49,74446.14,-44.35000000000582,22232.769999999364
2026-03-18 03:45:00,1,0.0,0.0,74446.14,74432.99,-13.14999999999418,22219.61999999937
2026-03-18 04:00:00,1,0.0,1.0,74432.99,74253.78,-179.2100000000064,22040.409999999363
2026-03-18 04:15:00,1,0.0,0.0,74253.78,74236.31,-17.470000000001164,22022.939999999362
2026-03-18 04:30:00,1,0.0,1.0,74236.31,74175.49,-60.81999999999243,21962.11999999937
2026-03-18 04:45:00,1,1.0,1.0,74175.49,74285.28,109.7899999999936,22071.909999999363
2026-03-18 05:00:00,1,0.0,1.0,74285.28,74066.32,-218.95999999999185,21852.94999999937
2026-03-18 05:15:00,1,0.0,1.0,74066.32,74000.01,-66.31000000001222,21786.63999999936
2026-03-18 05:30:00,1,0.0,1.0,74000.01,73950.0,-50.00999999999476,21736.629999999364
2026-03-18 05:45:00,1,1.0,1.0,73950.0,74094.02,144.02000000000407,21880.64999999937
2026-03-18 06:00:00,1,1.0,1.0,74094.02,74171.55,77.52999999999884,21958.179999999367
2026-03-18 06:15:00,0,0.0,1.0,74171.55,74063.01,108.54000000000815,22066.719999999375
2026-03-18 06:30:00,1,0.0,1.0,74063.01,73954.03,-108.97999999999593,21957.73999999938
2026-03-18 06:45:00,1,1.0,0.0,73954.03,73975.68,21.64999999999418,21979.389999999374
2026-03-18 07:00:00,0,0.0,1.0,73975.68,73847.07,128.60999999998603,22107.99999999936
2026-03-18 07:15:00,1,0.0,1.0,73847.07,73710.01,-137.06000000001222,21970.939999999347
2026-03-18 07:30:00,1,1.0,1.0,73710.01,73883.8,173.79000000000815,22144.729999999356
2026-03-18 07:45:00,0,1.0,1.0,73883.8,74010.01,-126.20999999999185,22018.519999999364
2026-03-18 08:00:00,0,1.0,0.0,74010.01,74045.92,-35.91000000000349,21982.60999999936
2026-03-18 08:15:00,0,1.0,0.0,74045.92,74082.0,-36.080000000001746,21946.52999999936
2026-03-18 08:30:00,0,0.0,0.0,74082.0,74044.89,37.11000000000058,21983.63999999936
2026-03-18 08:45:00,0,1.0,1.0,74044.89,74172.59,-127.69999999999709,21855.939999999362
2026-03-18 09:00:00,0,0.0,0.0,74172.59,74164.25,8.339999999996508,21864.27999999936
2026-03-18 09:15:00,0,1.0,1.0,74164.25,74248.25,-84.0,21780.27999999936
2026-03-18 09:30:00,0,0.0,1.0,74248.25,74181.08,67.16999999999825,21847.449999999357
2026-03-18 09:45:00,1,1.0,1.0,74181.08,74259.37,78.2899999999936,21925.73999999935
2026-03-18 10:00:00,0,0.0,1.0,74259.37,74185.62,73.75,21999.48999999935
2026-03-18 10:15:00,1,0.0,1.0,74185.62,73882.83,-302.7899999999936,21696.699999999357
2026-03-18 10:30:00,1,1.0,1.0,73882.83,73946.35,63.520000000004075,21760.21999999936
2026-03-18 10:45:00,0,1.0,0.0,73946.35,73955.76,-9.40999999998894,21750.809999999372
2026-03-18 11:00:00,0,0.0,1.0,73955.76,73602.91,352.84999999999127,22103.659999999363
2026-03-18 11:15:00,1,0.0,1.0,73602.91,73113.08,-489.83000000000175,21613.82999999936
2026-03-18 11:30:00,1,0.0,1.0,73113.08,72952.85,-160.22999999999593,21453.599999999366
2026-03-18 11:45:00,1,0.0,1.0,72952.85,72751.48,-201.3700000000099,21252.229999999356
2026-03-18 12:00:00,1,1.0,1.0,72751.48,72818.67,67.19000000000233,21319.419999999358
2026-03-18 12:15:00,0,0.0,1.0,72818.67,72429.39,389.27999999999884,21708.699999999357
2026-03-18 12:30:00,1,0.0,1.0,72429.39,72361.24,-68.14999999999418,21640.549999999363
2026-03-18 12:45:00,1,1.0,1.0,72361.24,72430.93,69.68999999998778,21710.23999999935
2026-03-18 13:00:00,1,1.0,0.0,72430.93,72474.59,43.66000000000349,21753.899999999354
2026-03-18 13:15:00,0,0.0,1.0,72474.59,72324.52,150.06999999999243,21903.969999999346
2026-03-18 13:30:00,1,0.0,1.0,72324.52,72133.49,-191.02999999999884,21712.939999999347
2026-03-18 13:45:00,1,0.0,1.0,72133.49,71876.56,-256.93000000000757,21456.00999999934
2026-03-18 14:00:00,1,0.0,1.0,71876.56,71652.21,-224.34999999999127,21231.65999999935
2026-03-18 14:15:00,1,0.0,1.0,71652.21,71493.45,-158.7600000000093,21072.89999999934
2026-03-18 14:30:00,1,0.0,1.0,71493.45,71193.23,-300.22000000000116,20772.679999999338
2026-03-18 14:45:00,1,0.0,1.0,71193.23,71073.24,-119.98999999999069,20652.689999999347
2026-03-18 15:00:00,1,1.0,1.0,71073.24,71299.67,226.42999999999302,20879.11999999934
2026-03-18 15:15:00,1,1.0,1.0,71299.67,71363.95,64.27999999999884,20943.39999999934
2026-03-18 15:30:00,0,1.0,1.0,71363.95,71467.82,-103.8700000000099,20839.52999999933
2026-03-18 15:45:00,0,0.0,1.0,71467.82,71243.82,224.0,21063.52999999933
2026-03-18 16:00:00,1,0.0,0.0,71243.82,71230.28,-13.540000000008149,21049.98999999932
2026-03-18 16:15:00,1,1.0,1.0,71230.28,71283.8,53.520000000004075,21103.509999999325
2026-03-18 16:30:00,1,1.0,0.0,71283.8,71314.08,30.279999999998836,21133.789999999324
2026-03-18 16:45:00,0,0.0,0.0,71314.08,71285.71,28.369999999995343,21162.15999999932
2026-03-18 17:00:00,1,1.0,1.0,71285.71,71479.91,194.1999999999971,21356.359999999317
2026-03-18 17:15:00,0,1.0,1.0,71479.91,71590.62,-110.70999999999185,21245.649999999325
2026-03-18 17:30:00,0,1.0,0.0,71590.62,71595.21,-4.5900000000110595,21241.059999999314
2026-03-18 17:45:00,0,1.0,1.0,71595.21,71882.21,-287.0,20954.059999999314
2026-03-18 18:00:00,0,0.0,1.0,71882.21,71684.6,197.61000000000058,21151.669999999314
2026-03-18 18:15:00,1,0.0,1.0,71684.6,71620.46,-64.13999999999942,21087.529999999315
2026-03-18 18:30:00,1,0.0,1.0,71620.46,71096.74,-523.7200000000012,20563.809999999314
2026-03-18 18:45:00,1,1.0,1.0,71096.74,71342.01,245.26999999998952,20809.079999999303
2026-03-18 19:00:00,1,0.0,1.0,71342.01,71282.18,-59.830000000001746,20749.2499999993
2026-03-18 19:15:00,1,0.0,1.0,71282.18,71065.78,-216.39999999999418,20532.849999999307
2026-03-18 19:30:00,1,1.0,0.0,71065.78,71072.38,6.600000000005821,20539.449999999313
2026-03-18 19:45:00,1,0.0,1.0,71072.38,70752.73,-319.65000000000873,20219.799999999304
2026-03-18 20:00:00,1,1.0,1.0,70752.73,70989.0,236.27000000000407,20456.06999999931
2026-03-18 20:15:00,1,1.0,1.0,70989.0,71168.43,179.42999999999302,20635.4999999993
2026-03-18 20:30:00,0,1.0,0.0,71168.43,71214.67,-46.24000000000524,20589.259999999296
2026-03-18 20:45:00,0,1.0,1.0,71214.67,71280.44,-65.77000000000407,20523.489999999292
2026-03-18 21:00:00,0,0.0,0.0,71280.44,71245.26,35.18000000000757,20558.6699999993
2026-03-18 21:15:00,1,1.0,1.0,71245.26,71325.1,79.84000000001106,20638.50999999931
2026-03-18 21:30:00,1,0.0,1.0,71325.1,71263.67,-61.43000000000757,20577.079999999303
2026-03-18 21:45:00,1,0.0,1.0,71263.67,70998.45,-265.22000000000116,20311.859999999302
2026-03-18 22:00:00,1,1.0,1.0,70998.45,71085.58,87.13000000000466,20398.989999999307
2026-03-18 22:15:00,1,0.0,0.0,71085.58,71061.24,-24.339999999996508,20374.64999999931
2026-03-18 22:30:00,1,1.0,1.0,71061.24,71153.66,92.41999999999825,20467.06999999931
2026-03-18 22:45:00,1,1.0,0.0,71153.66,71160.93,7.269999999989523,20474.339999999298
2026-03-18 23:00:00,1,1.0,0.0,71160.93,71206.1,45.170000000012806,20519.50999999931
2026-03-18 23:15:00,0,1.0,1.0,71206.1,71275.76,-69.65999999998894,20449.849999999322
2026-03-18 23:30:00,0,0.0,0.0,71275.76,71246.54,29.220000000001164,20479.069999999323
2026-03-18 23:45:00,1,0.0,1.0,71246.54,71179.85,-66.68999999998778,20412.379999999335
2026-03-19 00:00:00,1,1.0,1.0,71179.85,71296.69,116.83999999999651,20529.21999999933
2026-03-19 00:15:00,0,0.0,1.0,71296.69,71059.51,237.18000000000757,20766.39999999934
2026-03-19 00:30:00,1,0.0,1.0,71059.51,71002.17,-57.33999999999651,20709.059999999343
2026-03-19 00:45:00,1,0.0,0.0,71002.17,70999.99,-2.179999999993015,20706.87999999935
2026-03-19 01:00:00,1,1.0,1.0,70999.99,71067.29,67.29999999998836,20774.179999999338
2026-03-19 01:15:00,1,1.0,1.0,71067.29,71134.47,67.18000000000757,20841.359999999346
2026-03-19 01:30:00,0,0.0,0.0,71134.47,71115.23,19.24000000000524,20860.59999999935
2026-03-19 01:45:00,1,1.0,1.0,71115.23,71181.98,66.75,20927.34999999935
2026-03-19 02:00:00,1,1.0,1.0,71181.98,71244.99,63.01000000000931,20990.35999999936
2026-03-19 02:15:00,0,0.0,0.0,71244.99,71200.0,44.99000000000524,21035.349999999366
2026-03-19 02:30:00,1,0.0,1.0,71200.0,71055.44,-144.55999999999767,20890.789999999368
2026-03-19 02:45:00,1,1.0,1.0,71055.44,71184.99,129.5500000000029,21020.33999999937
2026-03-19 03:00:00,1,1.0,1.0,71184.99,71494.89,309.8999999999942,21330.239999999365
2026-03-19 03:15:00,0,0.0,1.0,71494.89,71249.71,245.17999999999302,21575.419999999358
2026-03-19 03:30:00,1,0.0,0.0,71249.71,71215.39,-34.320000000006985,21541.09999999935
2026-03-19 03:45:00,1,0.0,1.0,71215.39,70867.64,-347.75,21193.34999999935
2026-03-19 04:00:00,1,0.0,1.0,70867.64,70732.97,-134.66999999999825,21058.679999999353
2026-03-19 04:15:00,1,1.0,1.0,70732.97,70793.0,60.029999999998836,21118.70999999935
2026-03-19 04:30:00,1,1.0,0.0,70793.0,70822.07,29.070000000006985,21147.77999999936
2026-03-19 04:45:00,1,0.0,0.0,70822.07,70815.85,-6.220000000001164,21141.559999999357
2026-03-19 05:00:00,1,0.0,1.0,70815.85,70694.34,-121.51000000000931,21020.049999999348
2026-03-19 05:15:00,1,1.0,1.0,70694.34,70779.99,85.65000000000873,21105.699999999357
2026-03-19 05:30:00,1,1.0,1.0,70779.99,70826.54,46.54999999998836,21152.249999999345
2026-03-19 05:45:00,1,1.0,0.0,70826.54,70869.43,42.88999999999942,21195.139999999345
2026-03-19 06:00:00,1,0.0,1.0,70869.43,70731.72,-137.70999999999185,21057.429999999353
2026-03-19 06:15:00,1,0.0,0.0,70731.72,70713.15,-18.570000000006985,21038.859999999346
2026-03-19 06:30:00,1,0.0,1.0,70713.15,70583.22,-129.92999999999302,20908.929999999353
2026-03-19 06:45:00,1,0.0,1.0,70583.22,69990.0,-593.2200000000012,20315.70999999935
2026-03-19 07:00:00,1,0.0,1.0,69990.0,69810.79,-179.2100000000064,20136.499999999345
2026-03-19 07:15:00,1,1.0,1.0,69810.79,70096.95,286.1600000000035,20422.65999999935
2026-03-19 07:30:00,1,1.0,1.0,70096.95,70191.17,94.22000000000116,20516.87999999935
2026-03-19 07:45:00,0,0.0,0.0,70191.17,70165.83,25.339999999996508,20542.219999999346
2026-03-19 08:00:00,1,0.0,1.0,70165.83,70066.36,-99.47000000000116,20442.749999999345
2026-03-19 08:15:00,1,0.0,1.0,70066.36,70020.67,-45.69000000000233,20397.059999999343
2026-03-19 08:30:00,1,0.0,0.0,70020.67,69985.19,-35.479999999995925,20361.579999999347
2026-03-19 08:45:00,1,1.0,1.0,69985.19,70042.14,56.94999999999709,20418.529999999344
2026-03-19 09:00:00,1,1.0,1.0,70042.14,70265.41,223.27000000000407,20641.799999999348
2026-03-19 09:15:00,0,1.0,1.0,70265.41,70457.54,-192.1299999999901,20449.669999999358
2026-03-19 09:30:00,0,1.0,1.0,70457.54,70513.0,-55.4600000000064,20394.20999999935
2026-03-19 09:45:00,0,0.0,1.0,70513.0,70420.09,92.91000000000349,20487.119999999355
2026-03-19 10:00:00,1,0.0,0.0,70420.09,70400.0,-20.089999999996508,20467.02999999936
2026-03-19 10:15:00,1,0.0,1.0,70400.0,70216.69,-183.30999999999767,20283.71999999936
2026-03-19 10:30:00,1,0.0,1.0,70216.69,70133.72,-82.97000000000116,20200.74999999936
2026-03-19 10:45:00,1,1.0,0.0,70133.72,70138.51,4.789999999993597,20205.539999999353
2026-03-19 11:00:00,1,1.0,1.0,70138.51,70204.15,65.63999999999942,20271.179999999353
2026-03-19 11:15:00,0,0.0,1.0,70204.15,70023.5,180.64999999999418,20451.829999999347
2026-03-19 11:30:00,1,0.0,1.0,70023.5,69952.75,-70.75,20381.079999999347
2026-03-19 11:45:00,1,0.0,1.0,69952.75,69799.83,-152.91999999999825,20228.15999999935
2026-03-19 12:00:00,1,0.0,1.0,69799.83,69609.19,-190.63999999999942,20037.51999999935
2026-03-19 12:15:00,1,1.0,0.0,69609.19,69644.94,35.75,20073.26999999935
2026-03-19 12:30:00,1,0.0,1.0,69644.94,69290.27,-354.66999999999825,19718.59999999935
2026-03-19 12:45:00,1,0.0,1.0,69290.27,69094.99,-195.27999999999884,19523.319999999352
2026-03-19 13:00:00,1,1.0,1.0,69094.99,69333.0,238.00999999999476,19761.329999999347
2026-03-19 13:15:00,1,1.0,1.0,69333.0,69717.19,384.1900000000023,20145.51999999935
2026-03-19 13:30:00,0,1.0,1.0,69717.19,69905.65,-188.45999999999185,19957.059999999357
2026-03-19 13:45:00,0,0.0,1.0,69905.65,69507.4,398.25,20355.309999999357
2026-03-19 14:00:00,1,0.0,1.0,69507.4,69165.75,-341.6499999999942,20013.659999999363
2026-03-19 14:15:00,1,1.0,1.0,69165.75,69278.56,112.80999999999767,20126.46999999936
2026-03-19 14:30:00,1,1.0,1.0,69278.56,69482.25,203.69000000000233,20330.159999999363
2026-03-19 14:45:00,0,1.0,1.0,69482.25,69700.69,-218.44000000000233,20111.71999999936
2026-03-19 15:00:00,0,0.0,1.0,69700.69,69206.82,493.86999999999534,20605.589999999356
2026-03-19 15:15:00,1,0.0,1.0,69206.82,68900.01,-306.8100000000122,20298.779999999344
2026-03-19 15:30:00,1,1.0,1.0,68900.01,69412.51,512.5,20811.279999999344
2026-03-19 15:45:00,1,0.0,1.0,69412.51,69339.69,-72.81999999999243,20738.45999999935
2026-03-19 16:00:00,1,1.0,1.0,69339.69,69524.48,184.7899999999936,20923.249999999345
2026-03-19 16:15:00,1,0.0,0.0,69524.48,69520.0,-4.4799999999959255,20918.76999999935
2026-03-19 16:30:00,1,0.0,1.0,69520.0,69455.86,-64.13999999999942,20854.62999999935
2026-03-19 16:45:00,1,0.0,1.0,69455.86,69229.44,-226.41999999999825,20628.20999999935
2026-03-19 17:00:00,1,1.0,1.0,69229.44,69661.41,431.97000000000116,21060.179999999353
2026-03-19 17:15:00,1,0.0,1.0,69661.41,69586.47,-74.94000000000233,20985.23999999935
2026-03-19 17:30:00,1,1.0,1.0,69586.47,69854.16,267.6900000000023,21252.929999999353
2026-03-19 17:45:00,1,0.0,0.0,69854.16,69833.01,-21.15000000000873,21231.779999999344
2026-03-19 18:00:00,1,0.0,1.0,69833.01,69655.21,-177.79999999998836,21053.979999999356
2026-03-19 18:15:00,1,1.0,1.0,69655.21,69715.62,60.40999999998894,21114.389999999345
2026-03-19 18:30:00,1,1.0,1.0,69715.62,69821.21,105.59000000001106,21219.979999999356
2026-03-19 18:45:00,0,1.0,1.0,69821.21,70360.2,-538.9899999999907,20680.989999999365
2026-03-19 19:00:00,0,0.0,1.0,70360.2,70282.46,77.73999999999069,20758.729999999356
2026-03-19 19:15:00,1,1.0,1.0,70282.46,70445.18,162.7199999999866,20921.449999999342
2026-03-19 19:30:00,0,0.0,1.0,70445.18,70271.99,173.18999999998778,21094.63999999933
2026-03-19 19:45:00,1,1.0,0.0,70271.99,70284.26,12.269999999989523,21106.90999999932
2026-03-19 20:00:00,1,1.0,1.0,70284.26,70335.42,51.16000000000349,21158.069999999323
2026-03-19 20:15:00,0,1.0,1.0,70335.42,70513.75,-178.33000000000175,20979.73999999932
2026-03-19 20:30:00,0,0.0,0.0,70513.75,70483.03,30.720000000001164,21010.459999999322
2026-03-19 20:45:00,1,1.0,1.0,70483.03,70688.5,205.47000000000116,21215.929999999324
2026-03-19 21:00:00,0,0.0,1.0,70688.5,70550.47,138.02999999999884,21353.959999999322
2026-03-19 21:15:00,1,0.0,1.0,70550.47,70458.05,-92.41999999999825,21261.539999999324
2026-03-19 21:30:00,1,0.0,0.0,70458.05,70413.47,-44.580000000001746,21216.959999999322
2026-03-19 21:45:00,1,1.0,0.0,70413.47,70439.75,26.279999999998836,21243.23999999932
2026-03-19 22:00:00,1,0.0,1.0,70439.75,70373.18,-66.57000000000698,21176.669999999314
2026-03-19 22:15:00,1,0.0,1.0,70373.18,70066.78,-306.3999999999942,20870.26999999932
2026-03-19 22:30:00,1,1.0,1.0,70066.78,70183.99,117.2100000000064,20987.479999999327
2026-03-19 22:45:00,1,1.0,0.0,70183.99,70191.79,7.7999999999883585,20995.279999999315
2026-03-19 23:00:00,0,0.0,1.0,70191.79,70145.48,46.30999999999767,21041.589999999313
2026-03-19 23:15:00,1,0.0,1.0,70145.48,69845.66,-299.81999999999243,20741.76999999932
2026-03-19 23:30:00,1,1.0,1.0,69845.66,69930.0,84.33999999999651,20826.109999999317
2026-03-19 23:45:00,1,1.0,1.0,69930.0,70081.47,151.47000000000116,20977.579999999318
2026-03-20 00:00:00,1,1.0,0.0,70081.47,70115.19,33.720000000001164,21011.29999999932
2026-03-20 00:15:00,0,1.0,1.0,70115.19,70220.76,-105.56999999999243,20905.729999999327
2026-03-20 00:30:00,0,0.0,0.0,70220.76,70181.0,39.75999999999476,20945.48999999932
2026-03-20 00:45:00,1,1.0,1.0,70181.0,70403.09,222.0899999999965,21167.579999999318
2026-03-20 01:00:00,0,0.0,0.0,70403.09,70388.48,14.610000000000582,21182.18999999932
2026-03-20 01:15:00,1,1.0,1.0,70388.48,70574.0,185.52000000000407,21367.709999999322
2026-03-20 01:30:00,0,0.0,1.0,70574.0,70403.79,170.2100000000064,21537.91999999933
2026-03-20 01:45:00,1,0.0,1.0,70403.79,70356.5,-47.2899999999936,21490.629999999335
2026-03-20 02:00:00,1,0.0,1.0,70356.5,70245.98,-110.52000000000407,21380.10999999933
2026-03-20 02:15:00,1,1.0,0.0,70245.98,70277.6,31.620000000009895,21411.72999999934
2026-03-20 02:30:00,1,1.0,1.0,70277.6,70415.47,137.86999999999534,21549.599999999336
2026-03-20 02:45:00,0,0.0,0.0,70415.47,70409.81,5.6600000000034925,21555.25999999934
2026-03-20 03:00:00,1,1.0,1.0,70409.81,70665.41,255.60000000000582,21810.859999999346
2026-03-20 03:15:00,0,0.0,1.0,70665.41,70610.33,55.080000000001746,21865.939999999347
2026-03-20 03:30:00,1,1.0,1.0,70610.33,70729.92,119.58999999999651,21985.529999999344
2026-03-20 03:45:00,0,1.0,1.0,70729.92,70926.01,-196.0899999999965,21789.439999999347
2026-03-20 04:00:00,0,1.0,0.0,70926.01,70927.85,-1.8400000000110595,21787.599999999336
2026-03-20 04:15:00,0,0.0,1.0,70927.85,70602.17,325.68000000000757,22113.279999999344
2026-03-20 04:30:00,1,1.0,1.0,70602.17,70783.69,181.52000000000407,22294.799999999348
2026-03-20 04:45:00,0,1.0,1.0,70783.69,70849.47,-65.77999999999884,22229.01999999935
2026-03-20 05:00:00,0,0.0,1.0,70849.47,70625.43,224.04000000000815,22453.059999999357
2026-03-20 05:15:00,1,1.0,1.0,70625.43,70707.84,82.41000000000349,22535.46999999936
2026-03-20 05:30:00,0,0.0,1.0,70707.84,70606.24,101.59999999999127,22637.069999999352
2026-03-20 05:45:00,1,0.0,1.0,70606.24,70536.07,-70.16999999999825,22566.899999999354
2026-03-20 06:00:00,1,0.0,1.0,70536.07,70484.08,-51.99000000000524,22514.90999999935
2026-03-20 06:15:00,1,0.0,0.0,70484.08,70464.84,-19.24000000000524,22495.669999999343
2026-03-20 06:30:00,1,1.0,0.0,70464.84,70502.9,38.05999999999767,22533.72999999934
2026-03-20 06:45:00,1,0.0,1.0,70502.9,70274.01,-228.88999999999942,22304.83999999934
2026-03-20 07:00:00,1,1.0,1.0,70274.01,70451.32,177.31000000001222,22482.149999999354
2026-03-20 07:15:00,1,1.0,1.0,70451.32,70852.47,401.1499999999942,22883.299999999348
2026-03-20 07:30:00,0,1.0,0.0,70852.47,70854.66,-2.1900000000023283,22881.109999999346
2026-03-20 07:45:00,0,1.0,1.0,70854.66,71274.16,-419.5,22461.609999999346
2026-03-20 08:00:00,0,0.0,0.0,71274.16,71248.99,25.169999999998254,22486.779999999344
2026-03-20 08:15:00,1,0.0,1.0,71248.99,71114.34,-134.65000000000873,22352.129999999335
2026-03-20 08:30:00,1,0.0,1.0,71114.34,71042.23,-72.11000000000058,22280.019999999335
2026-03-20 08:45:00,1,0.0,1.0,71042.23,70849.27,-192.95999999999185,22087.059999999343
2026-03-20 09:00:00,1,0.0,1.0,70849.27,70509.18,-340.09000000001106,21746.96999999933
2026-03-20 09:15:00,1,1.0,1.0,70509.18,70640.19,131.0100000000093,21877.97999999934
2026-03-20 09:30:00,1,0.0,1.0,70640.19,70583.8,-56.38999999999942,21821.58999999934
2026-03-20 09:45:00,1,0.0,1.0,70583.8,70366.57,-217.22999999999593,21604.359999999346
2026-03-20 10:00:00,1,0.0,0.0,70366.57,70325.07,-41.5,21562.859999999346
2026-03-20 10:15:00,1,1.0,1.0,70325.07,70533.48,208.40999999998894,21771.269999999335
2026-03-20 10:30:00,0,1.0,1.0,70533.48,70611.68,-78.19999999999709,21693.069999999338
2026-03-20 10:45:00,0,1.0,1.0,70611.68,70779.36,-167.68000000000757,21525.38999999933
2026-03-20 11:00:00,0,0.0,1.0,70779.36,70713.03,66.33000000000175,21591.71999999933
2026-03-20 11:15:00,1,0.0,1.0,70713.03,70395.29,-317.74000000000524,21273.979999999327
2026-03-20 11:30:00,1,1.0,1.0,70395.29,70478.71,83.4200000000128,21357.39999999934
2026-03-20 11:45:00,1,1.0,1.0,70478.71,70572.99,94.27999999999884,21451.679999999338
2026-03-20 12:00:00,0,0.0,1.0,70572.99,70442.9,130.09000000001106,21581.76999999935
2026-03-20 12:15:00,1,0.0,1.0,70442.9,70359.52,-83.3799999999901,21498.38999999936
2026-03-20 12:30:00,1,0.0,0.0,70359.52,70342.63,-16.889999999999418,21481.49999999936
2026-03-20 12:45:00,1,0.0,0.0,70342.63,70324.71,-17.919999999998254,21463.57999999936
2026-03-20 13:00:00,1,1.0,1.0,70324.71,70495.62,170.90999999998894,21634.48999999935
2026-03-20 13:15:00,0,0.0,1.0,70495.62,70323.01,172.61000000000058,21807.09999999935
2026-03-20 13:30:00,1,0.0,1.0,70323.01,69863.84,-459.16999999999825,21347.929999999353
2026-03-20 13:45:00,1,0.0,1.0,69863.84,69810.33,-53.50999999999476,21294.419999999358
2026-03-20 14:00:00,1,1.0,1.0,69810.33,69940.48,130.14999999999418,21424.569999999352
2026-03-20 14:15:00,0,1.0,0.0,69940.48,69980.14,-39.66000000000349,21384.90999999935
2026-03-20 14:30:00,0,0.0,1.0,69980.14,69731.21,248.92999999999302,21633.83999999934
2026-03-20 14:45:00,1,1.0,0.0,69731.21,69768.89,37.679999999993015,21671.519999999335
2026-03-20 15:00:00,1,1.0,1.0,69768.89,69826.4,57.50999999999476,21729.02999999933
2026-03-20 15:15:00,0,1.0,1.0,69826.4,69908.65,-82.25,21646.77999999933
2026-03-20 15:30:00,0,0.0,1.0,69908.65,69860.09,48.55999999999767,21695.339999999327
2026-03-20 15:45:00,1,1.0,1.0,69860.09,69988.51,128.41999999999825,21823.759999999325
2026-03-20 16:00:00,1,1.0,0.0,69988.51,70024.65,36.13999999999942,21859.899999999325
2026-03-20 16:15:00,0,0.0,1.0,70024.65,69771.65,253.0,22112.899999999325
2026-03-20 16:30:00,1,1.0,1.0,69771.65,69829.26,57.61000000000058,22170.509999999325
2026-03-20 16:45:00,1,0.0,0.0,69829.26,69803.71,-25.54999999998836,22144.959999999337
2026-03-20 17:00:00,1,0.0,1.0,69803.71,69656.1,-147.61000000000058,21997.349999999336
2026-03-20 17:15:00,1,0.0,1.0,69656.1,69573.35,-82.75,21914.599999999336
2026-03-20 17:30:00,1,1.0,1.0,69573.35,70000.0,426.6499999999942,22341.24999999933
2026-03-20 17:45:00,0,0.0,0.0,70000.0,69973.05,26.94999999999709,22368.199999999328
2026-03-20 18:00:00,1,0.0,1.0,69973.05,69666.79,-306.2600000000093,22061.93999999932
2026-03-20 18:15:00,1,1.0,0.0,69666.79,69696.6,29.810000000012224,22091.74999999933
2026-03-20 18:30:00,1,1.0,1.0,69696.6,69770.0,73.39999999999418,22165.149999999325
2026-03-20 18:45:00,0,1.0,1.0,69770.0,69877.24,-107.24000000000524,22057.90999999932
2026-03-20 19:00:00,0,0.0,0.0,69877.24,69876.63,0.6100000000005821,22058.51999999932
2026-03-20 19:15:00,0,1.0,1.0,69876.63,70007.91,-131.27999999999884,21927.23999999932
2026-03-20 19:30:00,0,1.0,1.0,70007.91,70177.86,-169.9499999999971,21757.289999999324
2026-03-20 19:45:00,0,1.0,0.0,70177.86,70206.39,-28.529999999998836,21728.759999999325
2026-03-20 20:00:00,0,0.0,1.0,70206.39,69977.25,229.13999999999942,21957.899999999325
2026-03-20 20:15:00,1,0.0,1.0,69977.25,69931.91,-45.33999999999651,21912.55999999933
2026-03-20 20:30:00,1,1.0,1.0,69931.91,70057.66,125.75,22038.30999999933
2026-03-20 20:45:00,0,1.0,1.0,70057.66,70133.93,-76.26999999998952,21962.03999999934
2026-03-20 21:00:00,0,1.0,1.0,70133.93,70500.0,-366.070000000007,21595.96999999933
2026-03-20 21:15:00,0,0.0,1.0,70500.0,70405.38,94.61999999999534,21690.589999999327
2026-03-20 21:30:00,1,1.0,1.0,70405.38,70540.73,135.34999999999127,21825.93999999932
2026-03-20 21:45:00,0,1.0,1.0,70540.73,70809.61,-268.88000000000466,21557.059999999314
2026-03-20 22:00:00,0,0.0,1.0,70809.61,70686.03,123.58000000000175,21680.639999999315
2026-03-20 22:15:00,1,1.0,0.0,70686.03,70696.29,10.259999999994761,21690.89999999931
2026-03-20 22:30:00,0,1.0,1.0,70696.29,70767.85,-71.56000000001222,21619.339999999298
2026-03-20 22:45:00,0,0.0,1.0,70767.85,70522.07,245.77999999999884,21865.119999999297
2026-03-20 23:00:00,1,0.0,0.0,70522.07,70480.63,-41.44000000000233,21823.679999999295
2026-03-20 23:15:00,1,1.0,1.0,70480.63,70534.51,53.879999999990105,21877.559999999285
2026-03-20 23:30:00,1,0.0,0.0,70534.51,70510.73,-23.779999999998836,21853.779999999286
2026-03-20 23:45:00,1,1.0,1.0,70510.73,70594.76,84.02999999999884,21937.809999999285
2026-03-21 00:00:00,0,1.0,1.0,70594.76,70657.29,-62.529999999998836,21875.279999999286
2026-03-21 00:15:00,0,0.0,1.0,70657.29,70602.53,54.75999999999476,21930.03999999928
2026-03-21 00:30:00,1,1.0,1.0,70602.53,70682.19,79.66000000000349,22009.699999999284
2026-03-21 00:45:00,0,0.0,0.0,70682.19,70671.51,10.680000000007567,22020.37999999929
2026-03-21 01:00:00,1,0.0,1.0,70671.51,70610.12,-61.38999999999942,21958.989999999292
2026-03-21 01:15:00,1,0.0,1.0,70610.12,70519.66,-90.45999999999185,21868.5299999993
2026-03-21 01:30:00,1,0.0,1.0,70519.66,70464.59,-55.070000000006985,21813.459999999293
2026-03-21 01:45:00,1,1.0,0.0,70464.59,70485.17,20.580000000001746,21834.039999999295
2026-03-21 02:00:00,1,1.0,1.0,70485.17,70644.57,159.40000000000873,21993.439999999304
2026-03-21 02:15:00,0,1.0,1.0,70644.57,70708.13,-63.55999999999767,21929.879999999306
2026-03-21 02:30:00,0,1.0,0.0,70708.13,70737.6,-29.470000000001164,21900.409999999305
2026-03-21 02:45:00,0,0.0,0.0,70737.6,70695.04,42.560000000012224,21942.969999999317
2026-03-21 03:00:00,1,1.0,0.0,70695.04,70704.97,9.930000000007567,21952.899999999325
2026-03-21 03:15:00,0,0.0,1.0,70704.97,70651.35,53.61999999999534,22006.51999999932
2026-03-21 03:30:00,1,1.0,0.0,70651.35,70657.35,6.0,22012.51999999932
2026-03-21 03:45:00,1,1.0,1.0,70657.35,70757.01,99.65999999998894,22112.17999999931
2026-03-21 04:00:00,0,0.0,0.0,70757.01,70746.99,10.019999999989523,22122.1999999993
2026-03-21 04:15:00,1,0.0,1.0,70746.99,70645.66,-101.33000000000175,22020.869999999297
2026-03-21 04:30:00,1,0.0,0.0,70645.66,70642.13,-3.529999999998836,22017.339999999298
2026-03-21 04:45:00,1,0.0,0.0,70642.13,70637.45,-4.680000000007567,22012.65999999929
2026-03-21 05:00:00,1,1.0,1.0,70637.45,70792.01,154.55999999999767,22167.219999999288
2026-03-21 05:15:00,0,0.0,0.0,70792.01,70779.8,12.209999999991851,22179.42999999928
2026-03-21 05:30:00,1,0.0,1.0,70779.8,70697.94,-81.86000000000058,22097.56999999928
2026-03-21 05:45:00,1,1.0,0.0,70697.94,70718.19,20.25,22117.81999999928
2026-03-21 06:00:00,0,1.0,1.0,70718.19,70815.0,-96.80999999999767,22021.00999999928
2026-03-21 06:15:00,0,0.0,0.0,70815.0,70779.98,35.020000000004075,22056.029999999286
2026-03-21 06:30:00,1,0.0,0.0,70779.98,70774.65,-5.330000000001746,22050.699999999284
2026-03-21 06:45:00,1,0.0,0.0,70774.65,70731.92,-42.729999999995925,22007.969999999288
2026-03-21 07:00:00,1,1.0,1.0,70731.92,70875.94,144.02000000000407,22151.989999999292
2026-03-21 07:15:00,0,0.0,1.0,70875.94,70755.78,120.16000000000349,22272.149999999296
2026-03-21 07:30:00,1,0.0,0.0,70755.78,70727.33,-28.44999999999709,22243.6999999993
2026-03-21 07:45:00,1,0.0,0.0,70727.33,70685.55,-41.779999999998836,22201.9199999993
2026-03-21 08:00:00,1,0.0,1.0,70685.55,70528.26,-157.29000000000815,22044.62999999929
2026-03-21 08:15:00,1,1.0,1.0,70528.26,70589.39,61.13000000000466,22105.759999999296
2026-03-21 08:30:00,1,1.0,0.0,70589.39,70594.43,5.039999999993597,22110.79999999929
2026-03-21 08:45:00,0,1.0,1.0,70594.43,70715.91,-121.48000000001048,21989.31999999928
2026-03-21 09:00:00,0,0.0,1.0,70715.91,70589.02,126.88999999999942,22116.20999999928
2026-03-21 09:15:00,1,1.0,1.0,70589.02,70639.87,50.84999999999127,22167.05999999927
2026-03-21 09:30:00,0,1.0,0.0,70639.87,70661.59,-21.720000000001164,22145.33999999927
2026-03-21 09:45:00,0,0.0,0.0,70661.59,70635.44,26.14999999999418,22171.489999999263
2026-03-21 10:00:00,1,0.0,1.0,70635.44,70559.76,-75.68000000000757,22095.809999999256
2026-03-21 10:15:00,1,1.0,0.0,70559.76,70586.08,26.320000000006985,22122.129999999263
2026-03-21 10:30:00,0,1.0,0.0,70586.08,70605.64,-19.55999999999767,22102.569999999265
2026-03-21 10:45:00,0,0.0,0.0,70605.64,70572.63,33.00999999999476,22135.57999999926
2026-03-21 11:00:00,1,1.0,0.0,70572.63,70609.99,37.36000000000058,22172.93999999926
2026-03-21 11:15:00,1,1.0,0.0,70609.99,70647.17,37.179999999993015,22210.119999999253
2026-03-21 11:30:00,0,1.0,0.0,70647.17,70652.72,-5.55000000000291,22204.56999999925
2026-03-21 11:45:00,0,1.0,1.0,70652.72,70730.0,-77.27999999999884,22127.28999999925
2026-03-21 12:00:00,0,1.0,1.0,70730.0,70780.0,-50.0,22077.28999999925
2026-03-21 12:15:00,0,0.0,0.0,70780.0,70758.83,21.169999999998254,22098.45999999925
2026-03-21 12:30:00,1,0.0,0.0,70758.83,70722.61,-36.220000000001164,22062.23999999925
2026-03-21 12:45:00,1,1.0,0.0,70722.61,70751.9,29.289999999993597,22091.529999999242
2026-03-21 13:00:00,0,0.0,0.0,70751.9,70737.42,14.479999999995925,22106.009999999238
2026-03-21 13:15:00,1,0.0,0.0,70737.42,70726.34,-11.080000000001746,22094.929999999236
2026-03-21 13:30:00,1,1.0,0.0,70726.34,70740.18,13.839999999996508,22108.769999999233
2026-03-21 13:45:00,0,1.0,1.0,70740.18,71020.08,-279.90000000000873,21828.869999999224
2026-03-21 14:00:00,0,0.0,1.0,71020.08,70933.48,86.60000000000582,21915.46999999923
2026-03-21 14:15:00,1,1.0,0.0,70933.48,70940.86,7.380000000004657,21922.849999999235
2026-03-21 14:30:00,0,0.0,1.0,70940.86,70629.1,311.75999999999476,22234.60999999923
2026-03-21 14:45:00,1,1.0,0.0,70629.1,70639.37,10.269999999989523,22244.87999999922
2026-03-21 15:00:00,0,1.0,0.0,70639.37,70670.46,-31.09000000001106,22213.789999999208
2026-03-21 15:15:00,0,0.0,1.0,70670.46,70616.2,54.26000000000931,22268.049999999217
2026-03-21 15:30:00,1,1.0,0.0,70616.2,70630.02,13.820000000006985,22281.869999999224
2026-03-21 15:45:00,1,0.0,1.0,70630.02,70566.84,-63.18000000000757,22218.689999999217
2026-03-21 16:00:00,1,0.0,1.0,70566.84,70414.32,-152.51999999998952,22066.169999999227
2026-03-21 16:15:00,1,0.0,1.0,70414.32,70371.22,-43.10000000000582,22023.06999999922
2026-03-21 16:30:00,1,0.0,1.0,70371.22,70301.66,-69.55999999999767,21953.509999999224
2026-03-21 16:45:00,1,0.0,0.0,70301.66,70279.1,-22.55999999999767,21930.949999999226
2026-03-21 17:00:00,1,1.0,1.0,70279.1,70368.48,89.3799999999901,22020.329999999216
2026-03-21 17:15:00,1,1.0,0.0,70368.48,70388.23,19.75,22040.079999999216
2026-03-21 17:30:00,0,0.0,1.0,70388.23,70304.08,84.14999999999418,22124.22999999921
2026-03-21 17:45:00,1,1.0,1.0,70304.08,70381.64,77.55999999999767,22201.789999999208
2026-03-21 18:00:00,1,1.0,0.0,70381.64,70412.67,31.029999999998836,22232.819999999207
2026-03-21 18:15:00,0,1.0,1.0,70412.67,70479.49,-66.82000000000698,22165.9999999992
2026-03-21 18:30:00,0,0.0,1.0,70479.49,70389.19,90.30000000000291,22256.299999999203
2026-03-21 18:45:00,1,1.0,1.0,70389.19,70431.69,42.5,22298.799999999203
2026-03-21 19:00:00,0,0.0,0.0,70431.69,70414.08,17.610000000000582,22316.409999999203
2026-03-21 19:15:00,1,0.0,1.0,70414.08,70347.63,-66.44999999999709,22249.959999999206
2026-03-21 19:30:00,1,1.0,1.0,70347.63,70396.0,48.36999999999534,22298.3299999992
2026-03-21 19:45:00,0,0.0,0.0,70396.0,70390.9,5.100000000005821,22303.429999999207
2026-03-21 20:00:00,1,1.0,1.0,70390.9,70455.01,64.11000000000058,22367.539999999208
2026-03-21 20:15:00,0,1.0,0.0,70455.01,70481.14,-26.130000000004657,22341.409999999203
2026-03-21 20:30:00,0,0.0,0.0,70481.14,70462.28,18.860000000000582,22360.269999999204
2026-03-21 20:45:00,1,0.0,1.0,70462.28,70373.24,-89.0399999999936,22271.22999999921
2026-03-21 21:00:00,1,0.0,0.0,70373.24,70362.17,-11.070000000006985,22260.159999999203
2026-03-21 21:15:00,1,0.0,0.0,70362.17,70346.98,-15.190000000002328,22244.9699999992
2026-03-21 21:30:00,1,0.0,0.0,70346.98,70345.57,-1.4099999999889405,22243.559999999212
2026-03-21 21:45:00,1,0.0,0.0,70345.57,70314.0,-31.570000000006985,22211.989999999205
2026-03-21 22:00:00,1,0.0,0.0,70314.0,70287.81,-26.19000000000233,22185.799999999203
2026-03-21 22:15:00,1,1.0,0.0,70287.81,70304.33,16.520000000004075,22202.319999999207
2026-03-21 22:30:00,1,0.0,0.0,70304.33,70277.22,-27.110000000000582,22175.209999999206
2026-03-21 22:45:00,1,0.0,1.0,70277.22,70153.13,-124.08999999999651,22051.11999999921
2026-03-21 23:00:00,1,0.0,0.0,70153.13,70120.7,-32.43000000000757,22018.689999999202
2026-03-21 23:15:00,1,1.0,1.0,70120.7,70163.0,42.30000000000291,22060.989999999205
2026-03-21 23:30:00,1,0.0,1.0,70163.0,68918.12,-1244.8800000000047,20816.1099999992
2026-03-21 23:45:00,1,0.0,1.0,68918.12,68690.35,-227.76999999998952,20588.33999999921
2026-03-22 00:00:00,1,1.0,1.0,68690.35,68904.25,213.89999999999418,20802.239999999205
2026-03-22 00:15:00,1,1.0,1.0,68904.25,69069.68,165.42999999999302,20967.669999999198
2026-03-22 00:30:00,0,0.0,1.0,69069.68,68954.71,114.96999999998661,21082.639999999185
2026-03-22 00:45:00,1,1.0,0.0,68954.71,68971.82,17.110000000000582,21099.749999999185
2026-03-22 01:00:00,1,1.0,1.0,68971.82,69030.27,58.44999999999709,21158.199999999182
2026-03-22 01:15:00,0,0.0,1.0,69030.27,68845.5,184.77000000000407,21342.969999999186
2026-03-22 01:30:00,1,1.0,1.0,68845.5,68962.4,116.89999999999418,21459.86999999918
2026-03-22 01:45:00,1,1.0,1.0,68962.4,69053.35,90.95000000001164,21550.819999999192
2026-03-22 02:00:00,0,1.0,1.0,69053.35,69357.07,-303.72000000000116,21247.09999999919
2026-03-22 02:15:00,0,0.0,1.0,69357.07,69237.0,120.07000000000698,21367.169999999198
2026-03-22 02:30:00,1,1.0,0.0,69237.0,69278.12,41.11999999999534,21408.289999999193
2026-03-22 02:45:00,0,1.0,0.0,69278.12,69308.01,-29.889999999999418,21378.399999999194
2026-03-22 03:00:00,0,1.0,1.0,69308.01,69440.44,-132.43000000000757,21245.969999999186
2026-03-22 03:15:00,0,0.0,1.0,69440.44,69355.6,84.83999999999651,21330.809999999183
2026-03-22 03:30:00,1,0.0,0.0,69355.6,69339.99,-15.610000000000582,21315.199999999182
2026-03-22 03:45:00,1,1.0,1.0,69339.99,69448.01,108.01999999998952,21423.21999999917
2026-03-22 04:00:00,1,0.0,1.0,69448.01,69260.0,-188.00999999999476,21235.209999999177
2026-03-22 04:15:00,1,1.0,1.0,69260.0,69349.64,89.63999999999942,21324.849999999176
2026-03-22 04:30:00,1,1.0,0.0,69349.64,69358.0,8.360000000000582,21333.209999999177
2026-03-22 04:45:00,0,0.0,1.0,69358.0,69228.56,129.44000000000233,21462.64999999918
2026-03-22 05:00:00,1,0.0,1.0,69228.56,69175.82,-52.73999999999069,21409.90999999919
2026-03-22 05:15:00,1,1.0,0.0,69175.82,69206.12,30.29999999998836,21440.209999999177
2026-03-22 05:30:00,1,0.0,1.0,69206.12,69153.41,-52.70999999999185,21387.499999999185
2026-03-22 05:45:00,1,0.0,0.0,69153.41,69139.99,-13.419999999998254,21374.079999999187
2026-03-22 06:00:00,1,1.0,1.0,69139.99,69236.29,96.29999999998836,21470.379999999175
2026-03-22 06:15:00,1,0.0,0.0,69236.29,69197.95,-38.33999999999651,21432.03999999918
2026-03-22 06:30:00,1,0.0,0.0,69197.95,69164.06,-33.88999999999942,21398.14999999918
2026-03-22 06:45:00,1,0.0,0.0,69164.06,69155.27,-8.789999999993597,21389.359999999186
2026-03-22 07:00:00,1,1.0,0.0,69155.27,69181.62,26.34999999999127,21415.709999999177
2026-03-22 07:15:00,1,0.0,1.0,69181.62,68951.59,-230.02999999999884,21185.679999999178
2026-03-22 07:30:00,1,0.0,0.0,68951.59,68919.38,-32.20999999999185,21153.469999999186
2026-03-22 07:45:00,1,1.0,1.0,68919.38,68990.67,71.2899999999936,21224.75999999918
2026-03-22 08:00:00,1,0.0,1.0,68990.67,68624.01,-366.6600000000035,20858.099999999176
2026-03-22 08:15:00,1,1.0,1.0,68624.01,68738.56,114.55000000000291,20972.64999999918
2026-03-22 08:30:00,1,1.0,1.0,68738.56,68804.77,66.2100000000064,21038.859999999186
2026-03-22 08:45:00,0,1.0,1.0,68804.77,68873.38,-68.61000000000058,20970.249999999185
2026-03-22 09:00:00,0,0.0,1.0,68873.38,68649.09,224.29000000000815,21194.539999999193
2026-03-22 09:15:00,1,1.0,1.0,68649.09,68782.75,133.6600000000035,21328.199999999197
2026-03-22 09:30:00,1,1.0,1.0,68782.75,68826.2,43.44999999999709,21371.649999999194
2026-03-22 09:45:00,0,0.0,1.0,68826.2,68742.42,83.77999999999884,21455.429999999193
2026-03-22 10:00:00,1,0.0,0.0,68742.42,68731.27,-11.14999999999418,21444.2799999992
2026-03-22 10:15:00,1,0.0,1.0,68731.27,68620.11,-111.16000000000349,21333.119999999195
2026-03-22 10:30:00,1,1.0,0.0,68620.11,68648.17,28.05999999999767,21361.179999999193
2026-03-22 10:45:00,0,1.0,0.0,68648.17,68658.59,-10.419999999998254,21350.759999999194
2026-03-22 11:00:00,0,0.0,1.0,68658.59,68419.89,238.6999999999971,21589.45999999919
2026-03-22 11:15:00,1,0.0,0.0,68419.89,68405.0,-14.889999999999418,21574.569999999192
2026-03-22 11:30:00,1,0.0,1.0,68405.0,68217.95,-187.0500000000029,21387.51999999919
2026-03-22 11:45:00,1,1.0,1.0,68217.95,68314.5,96.55000000000291,21484.069999999192
2026-03-22 12:00:00,1,1.0,1.0,68314.5,68662.51,348.00999999999476,21832.079999999187
2026-03-22 12:15:00,0,0.0,1.0,68662.51,68610.0,52.50999999999476,21884.58999999918
2026-03-22 12:30:00,1,1.0,1.0,68610.0,68654.83,44.830000000001746,21929.419999999183
2026-03-22 12:45:00,0,1.0,1.0,68654.83,68815.32,-160.49000000000524,21768.929999999178
2026-03-22 13:00:00,0,0.0,0.0,68815.32,68806.7,8.620000000009895,21777.549999999188
2026-03-22 13:15:00,1,0.0,1.0,68806.7,68627.92,-178.77999999999884,21598.76999999919
2026-03-22 13:30:00,1,1.0,1.0,68627.92,68700.02,72.10000000000582,21670.869999999195
2026-03-22 13:45:00,0,1.0,1.0,68700.02,68780.0,-79.97999999999593,21590.8899999992
2026-03-22 14:00:00,0,1.0,1.0,68780.0,68839.99,-59.99000000000524,21530.899999999194
2026-03-22 14:15:00,0,1.0,0.0,68839.99,68843.0,-3.0099999999947613,21527.8899999992
2026-03-22 14:30:00,0,0.0,1.0,68843.0,68711.66,131.3399999999965,21659.229999999196
2026-03-22 14:45:00,1,1.0,1.0,68711.66,68904.24,192.58000000000175,21851.809999999197
2026-03-22 15:00:00,0,1.0,0.0,68904.24,68907.95,-3.709999999991851,21848.099999999205
2026-03-22 15:15:00,0,0.0,1.0,68907.95,68803.1,104.84999999999127,21952.949999999197
2026-03-22 15:30:00,1,1.0,1.0,68803.1,68847.96,44.86000000000058,21997.809999999197
2026-03-22 15:45:00,0,0.0,1.0,68847.96,68790.84,57.120000000009895,22054.929999999207
2026-03-22 16:00:00,1,0.0,1.0,68790.84,68715.09,-75.75,21979.179999999207
2026-03-22 16:15:00,1,1.0,0.0,68715.09,68733.34,18.25,21997.429999999207
2026-03-22 16:30:00,1,1.0,1.0,68733.34,68805.58,72.24000000000524,22069.669999999212
2026-03-22 16:45:00,0,1.0,0.0,68805.58,68823.98,-18.39999999999418,22051.26999999922
2026-03-22 17:00:00,0,0.0,0.0,68823.98,68810.33,13.64999999999418,22064.919999999212
2026-03-22 17:15:00,1,0.0,1.0,68810.33,68671.02,-139.30999999999767,21925.609999999215
2026-03-22 17:30:00,1,1.0,0.0,68671.02,68673.02,2.0,21927.609999999215
2026-03-22 17:45:00,0,1.0,1.0,68673.02,68720.91,-47.88999999999942,21879.719999999215
2026-03-22 18:00:00,0,0.0,0.0,68720.91,68694.05,26.860000000000582,21906.579999999216
2026-03-22 18:15:00,1,0.0,1.0,68694.05,68470.01,-224.04000000000815,21682.539999999208
2026-03-22 18:30:00,1,1.0,1.0,68470.01,68618.58,148.57000000000698,21831.109999999215
2026-03-22 18:45:00,0,0.0,1.0,68618.58,68332.16,286.41999999999825,22117.529999999213
2026-03-22 19:00:00,1,0.0,1.0,68332.16,68287.44,-44.720000000001164,22072.809999999212
2026-03-22 19:15:00,1,1.0,1.0,68287.44,68390.24,102.80000000000291,22175.609999999215
2026-03-22 19:30:00,1,0.0,1.0,68390.24,68199.93,-190.31000000001222,21985.299999999203
2026-03-22 19:45:00,1,1.0,1.0,68199.93,68335.88,135.95000000001164,22121.249999999214
2026-03-22 20:00:00,0,0.0,0.0,68335.88,68324.0,11.880000000004657,22133.12999999922
2026-03-22 20:15:00,1,1.0,1.0,68324.0,68363.62,39.61999999999534,22172.749999999214
2026-03-22 20:30:00,0,0.0,1.0,68363.62,68176.46,187.15999999998894,22359.909999999203
2026-03-22 20:45:00,1,0.0,1.0,68176.46,67780.83,-395.63000000000466,21964.2799999992
2026-03-22 21:00:00,1,1.0,0.0,67780.83,67810.33,29.5,21993.7799999992
2026-03-22 21:15:00,1,1.0,1.0,67810.33,67874.82,64.49000000000524,22058.269999999204
2026-03-22 21:30:00,0,1.0,0.0,67874.82,67899.97,-25.14999999999418,22033.11999999921
2026-03-22 21:45:00,0,1.0,0.0,67899.97,67912.81,-12.839999999996508,22020.279999999213
2026-03-22 22:00:00,0,1.0,1.0,67912.81,68256.0,-343.1900000000023,21677.08999999921
2026-03-22 22:15:00,0,0.0,1.0,68256.0,68135.8,120.19999999999709,21797.289999999208
2026-03-22 22:30:00,1,1.0,1.0,68135.8,68339.37,203.56999999999243,22000.8599999992
2026-03-22 22:45:00,0,0.0,0.0,68339.37,68327.15,12.220000000001164,22013.0799999992
2026-03-22 23:00:00,1,0.0,1.0,68327.15,68103.9,-223.25,21789.8299999992
2026-03-22 23:15:00,1,1.0,0.0,68103.9,68126.67,22.770000000004075,21812.599999999205
2026-03-22 23:30:00,1,0.0,1.0,68126.67,67859.0,-267.66999999999825,21544.929999999207
2026-03-22 23:45:00,1,1.0,1.0,67859.0,67957.48,98.47999999999593,21643.409999999203
2026-03-23 00:00:00,1,1.0,0.0,67957.48,67994.06,36.580000000001746,21679.989999999205
2026-03-23 00:15:00,0,0.0,1.0,67994.06,67689.52,304.5399999999936,21984.5299999992
2026-03-23 00:30:00,1,0.0,0.0,67689.52,67669.99,-19.529999999998836,21964.9999999992
2026-03-23 00:45:00,1,1.0,1.0,67669.99,67845.76,175.76999999998952,22140.76999999919
2026-03-23 01:00:00,0,1.0,1.0,67845.76,68091.54,-245.77999999999884,21894.98999999919
2026-03-23 01:15:00,0,0.0,1.0,68091.54,68044.0,47.5399999999936,21942.529999999184
2026-03-23 01:30:00,1,0.0,1.0,68044.0,67905.0,-139.0,21803.529999999184
2026-03-23 01:45:00,1,0.0,1.0,67905.0,67847.2,-57.80000000000291,21745.72999999918
2026-03-23 02:00:00,1,1.0,1.0,67847.2,68263.65,416.4499999999971,22162.179999999178
2026-03-23 02:15:00,0,0.0,0.0,68263.65,68240.69,22.95999999999185,22185.13999999917
2026-03-23 02:30:00,1,1.0,1.0,68240.69,68320.72,80.02999999999884,22265.16999999917
2026-03-23 02:45:00,0,0.0,1.0,68320.72,68244.8,75.91999999999825,22341.089999999167
2026-03-23 03:00:00,1,0.0,1.0,68244.8,68204.2,-40.60000000000582,22300.48999999916
2026-03-23 03:15:00,1,1.0,0.0,68204.2,68206.72,2.5200000000040745,22303.009999999165
2026-03-23 03:30:00,1,0.0,1.0,68206.72,68074.6,-132.11999999999534,22170.88999999917
2026-03-23 03:45:00,1,1.0,1.0,68074.6,68168.19,93.58999999999651,22264.479999999166
2026-03-23 04:00:00,0,1.0,1.0,68168.19,68230.69,-62.5,22201.979999999166
2026-03-23 04:15:00,0,1.0,0.0,68230.69,68266.26,-35.56999999999243,22166.409999999174
2026-03-23 04:30:00,0,1.0,1.0,68266.26,68541.0,-274.74000000000524,21891.66999999917
2026-03-23 04:45:00,0,1.0,1.0,68541.0,68764.83,-223.83000000000175,21667.839999999167
2026-03-23 05:00:00,0,0.0,1.0,68764.83,68694.33,70.5,21738.339999999167
2026-03-23 05:15:00,0,0.0,1.0,68694.33,68621.13,73.19999999999709,21811.539999999164
2026-03-23 05:30:00,1,1.0,1.0,68621.13,68899.92,278.7899999999936,22090.329999999158
2026-03-23 05:45:00,0,0.0,1.0,68899.92,68610.8,289.11999999999534,22379.449999999153
2026-03-23 06:00:00,0,0.0,1.0,68610.8,68562.0,48.80000000000291,22428.249999999156
2026-03-23 06:15:00,1,0.0,1.0,68562.0,67818.26,-743.7400000000052,21684.50999999915
2026-03-23 06:30:00,1,1.0,1.0,67818.26,67874.19,55.93000000000757,21740.43999999916
2026-03-23 06:45:00,1,1.0,1.0,67874.19,67943.45,69.25999999999476,21809.699999999153
2026-03-23 07:00:00,0,0.0,1.0,67943.45,67810.17,133.27999999999884,21942.979999999152
2026-03-23 07:15:00,1,1.0,1.0,67810.17,68330.25,520.0800000000017,22463.059999999154
2026-03-23 07:30:00,0,1.0,0.0,68330.25,68333.16,-2.9100000000034925,22460.14999999915
2026-03-23 07:45:00,0,1.0,1.0,68333.16,68650.93,-317.7699999999895,22142.37999999916
2026-03-23 08:00:00,0,0.0,1.0,68650.93,68469.71,181.2199999999866,22323.599999999147
2026-03-23 08:15:00,0,1.0,1.0,68469.71,68545.52,-75.80999999999767,22247.78999999915
2026-03-23 08:30:00,0,0.0,1.0,68545.52,68434.26,111.26000000000931,22359.04999999916
2026-03-23 08:45:00,1,0.0,1.0,68434.26,68283.02,-151.2399999999907,22207.80999999917
2026-03-23 09:00:00,1,0.0,0.0,68283.02,68256.73,-26.29000000000815,22181.51999999916
2026-03-23 09:15:00,1,0.0,1.0,68256.73,68145.5,-111.22999999999593,22070.289999999164
2026-03-23 09:30:00,1,1.0,1.0,68145.5,68334.01,188.50999999999476,22258.79999999916
2026-03-23 09:45:00,0,1.0,1.0,68334.01,68602.78,-268.7700000000041,21990.029999999155
2026-03-23 10:00:00,0,0.0,1.0,68602.78,68462.79,139.99000000000524,22130.01999999916
2026-03-23 10:15:00,1,0.0,1.0,68462.79,68418.68,-44.11000000000058,22085.90999999916
2026-03-23 10:30:00,1,1.0,1.0,68418.68,68551.02,132.34000000001106,22218.24999999917
2026-03-23 10:45:00,0,1.0,1.0,68551.02,70963.07,-2412.050000000003,19806.199999999168
2026-03-23 11:00:00,0,0.0,1.0,70963.07,70702.57,260.5,20066.699999999168
2026-03-23 11:15:00,0,0.0,0.0,70702.57,70669.98,32.59000000001106,20099.28999999918
2026-03-23 11:30:00,0,0.0,1.0,70669.98,70122.15,547.8300000000017,20647.11999999918
2026-03-23 11:45:00,0,0.0,1.0,70122.15,69992.78,129.36999999999534,20776.489999999176
2026-03-23 12:00:00,1,1.0,1.0,69992.78,70350.93,358.1499999999942,21134.63999999917
2026-03-23 12:15:00,0,1.0,1.0,70350.93,70719.04,-368.1100000000006,20766.52999999917
2026-03-23 12:30:00,0,1.0,0.0,70719.04,70752.15,-33.11000000000058,20733.41999999917
2026-03-23 12:45:00,0,0.0,0.0,70752.15,70749.76,2.389999999999418,20735.80999999917
2026-03-23 13:00:00,0,1.0,1.0,70749.76,70815.73,-65.97000000000116,20669.839999999167
2026-03-23 13:15:00,0,1.0,1.0,70815.73,71219.99,-404.2600000000093,20265.579999999158
2026-03-23 13:30:00,0,1.0,1.0,71219.99,71481.13,-261.1399999999994,20004.43999999916
2026-03-23 13:45:00,0,1.0,0.0,71481.13,71524.82,-43.69000000000233,19960.749999999156
2026-03-23 14:00:00,0,0.0,1.0,71524.82,71353.19,171.63000000000466,20132.37999999916
2026-03-23 14:15:00,0,1.0,0.0,71353.19,71385.8,-32.61000000000058,20099.76999999916
2026-03-23 14:30:00,0,1.0,1.0,71385.8,71446.46,-60.66000000000349,20039.109999999157
2026-03-23 14:45:00,0,0.0,1.0,71446.46,71371.26,75.20000000001164,20114.30999999917
2026-03-23 15:00:00,0,0.0,1.0,71371.26,70900.13,471.1299999999901,20585.43999999916
2026-03-23 15:15:00,1,0.0,1.0,70900.13,70660.56,-239.57000000000698,20345.86999999915
2026-03-23 15:30:00,1,0.0,1.0,70660.56,70131.48,-529.0800000000017,19816.78999999915
2026-03-23 15:45:00,1,1.0,1.0,70131.48,70525.19,393.7100000000064,20210.499999999156
2026-03-23 16:00:00,0,0.0,1.0,70525.19,70214.75,310.4400000000023,20520.93999999916
2026-03-23 16:15:00,1,1.0,1.0,70214.75,70464.67,249.91999999999825,20770.859999999157
2026-03-23 16:30:00,1,1.0,1.0,70464.67,70561.54,96.86999999999534,20867.729999999152
2026-03-23 16:45:00,0,1.0,1.0,70561.54,70629.53,-67.99000000000524,20799.739999999147
2026-03-23 17:00:00,0,0.0,1.0,70629.53,70535.68,93.85000000000582,20893.589999999152
2026-03-23 17:15:00,0,1.0,1.0,70535.68,70886.86,-351.18000000000757,20542.409999999145
2026-03-23 17:30:00,0,1.0,1.0,70886.86,71085.16,-198.3000000000029,20344.109999999142
2026-03-23 17:45:00,0,0.0,1.0,71085.16,70973.69,111.47000000000116,20455.579999999143
2026-03-23 18:00:00,0,0.0,1.0,70973.69,70882.7,90.99000000000524,20546.56999999915
2026-03-23 18:15:00,0,1.0,1.0,70882.7,71046.83,-164.13000000000466,20382.439999999144
2026-03-23 18:30:00,0,1.0,0.0,71046.83,71076.22,-29.389999999999418,20353.049999999144
2026-03-23 18:45:00,0,0.0,1.0,71076.22,70935.03,141.19000000000233,20494.239999999147
2026-03-23 19:00:00,0,1.0,1.0,70935.03,71031.95,-96.91999999999825,20397.31999999915
2026-03-23 19:15:00,0,0.0,1.0,71031.95,70904.35,127.59999999999127,20524.91999999914
2026-03-23 19:30:00,0,0.0,1.0,70904.35,70679.05,225.3000000000029,20750.219999999143
2026-03-23 19:45:00,1,1.0,1.0,70679.05,70795.16,116.11000000000058,20866.329999999143
2026-03-23 20:00:00,0,1.0,0.0,70795.16,70811.17,-16.00999999999476,20850.31999999915
2026-03-23 20:15:00,0,1.0,1.0,70811.17,70949.28,-138.11000000000058,20712.209999999148
2026-03-23 20:30:00,0,0.0,0.0,70949.28,70915.59,33.69000000000233,20745.89999999915
2026-03-23 20:45:00,0,0.0,1.0,70915.59,70827.66,87.92999999999302,20833.829999999143
2026-03-23 21:00:00,1,1.0,1.0,70827.66,70894.08,66.41999999999825,20900.24999999914
2026-03-23 21:15:00,0,1.0,0.0,70894.08,70936.0,-41.919999999998254,20858.329999999143
2026-03-23 21:30:00,0,0.0,1.0,70936.0,70851.35,84.64999999999418,20942.979999999137
2026-03-23 21:45:00,0,0.0,1.0,70851.35,70727.6,123.75,21066.729999999137
2026-03-23 22:00:00,0,0.0,1.0,70727.6,70636.01,91.59000000001106,21158.31999999915
2026-03-23 22:15:00,1,1.0,1.0,70636.01,70712.45,76.44000000000233,21234.75999999915
2026-03-23 22:30:00,0,1.0,1.0,70712.45,70780.22,-67.77000000000407,21166.989999999147
2026-03-23 22:45:00,0,0.0,1.0,70780.22,70552.81,227.4100000000035,21394.39999999915
2026-03-23 23:00:00,1,1.0,1.0,70552.81,70707.2,154.38999999999942,21548.78999999915
2026-03-23 23:15:00,0,1.0,1.0,70707.2,70767.17,-59.970000000001164,21488.81999999915
2026-03-23 23:30:00,0,1.0,1.0,70767.17,70906.45,-139.27999999999884,21349.53999999915
2026-03-23 23:45:00,0,0.0,1.0,70906.45,70786.55,119.89999999999418,21469.439999999144
2026-03-24 00:00:00,0,0.0,1.0,70786.55,70720.55,66.0,21535.439999999144
2026-03-24 00:15:00,1,0.0,1.0,70720.55,70592.21,-128.3399999999965,21407.099999999147
2026-03-24 00:30:00,1,1.0,1.0,70592.21,70679.2,86.98999999999069,21494.089999999138
2026-03-24 00:45:00,0,0.0,1.0,70679.2,70565.48,113.72000000000116,21607.80999999914
2026-03-24 01:00:00,0,1.0,1.0,70565.48,70828.15,-262.66999999999825,21345.13999999914
2026-03-24 01:15:00,0,0.0,1.0,70828.15,70392.31,435.8399999999965,21780.979999999137
2026-03-24 01:30:00,1,1.0,1.0,70392.31,70516.57,124.26000000000931,21905.239999999147
2026-03-24 01:45:00,0,0.0,0.0,70516.57,70466.0,50.570000000006985,21955.809999999154
2026-03-24 02:00:00,0,1.0,1.0,70466.0,70559.73,-93.72999999999593,21862.079999999158
2026-03-24 02:15:00,0,0.0,0.0,70559.73,70531.31,28.419999999998254,21890.499999999156
2026-03-24 02:30:00,0,0.0,1.0,70531.31,70453.37,77.94000000000233,21968.43999999916
2026-03-24 02:45:00,1,1.0,0.0,70453.37,70503.1,49.73000000001048,22018.16999999917
2026-03-24 03:00:00,0,1.0,0.0,70503.1,70541.65,-38.54999999998836,21979.61999999918
2026-03-24 03:15:00,0,0.0,0.0,70541.65,70489.98,51.669999999998254,22031.28999999918
2026-03-24 03:30:00,0,1.0,0.0,70489.98,70542.9,-52.919999999998254,21978.36999999918
2026-03-24 03:45:00,0,1.0,1.0,70542.9,70636.56,-93.66000000000349,21884.709999999177
2026-03-24 04:00:00,0,0.0,1.0,70636.56,70532.32,104.23999999999069,21988.949999999168
2026-03-24 04:15:00,0,0.0,1.0,70532.32,70340.32,192.0,22180.949999999168
2026-03-24 04:30:00,1,1.0,0.0,70340.32,70372.44,32.11999999999534,22213.069999999163
2026-03-24 04:45:00,0,0.0,1.0,70372.44,70161.04,211.40000000000873,22424.46999999917
2026-03-24 05:00:00,1,1.0,0.0,70161.04,70181.25,20.210000000006403,22444.679999999178
2026-03-24 05:15:00,0,1.0,1.0,70181.25,70326.12,-144.86999999999534,22299.809999999183
2026-03-24 05:30:00,0,0.0,0.0,70326.12,70283.85,42.26999999998952,22342.079999999172
2026-03-24 05:45:00,0,1.0,1.0,70283.85,70364.14,-80.2899999999936,22261.78999999918
2026-03-24 06:00:00,0,1.0,0.0,70364.14,70378.56,-14.419999999998254,22247.36999999918
2026-03-24 06:15:00,0,1.0,1.0,70378.56,70470.01,-91.44999999999709,22155.919999999183
2026-03-24 06:30:00,0,1.0,1.0,70470.01,70541.38,-71.3700000000099,22084.549999999173
2026-03-24 06:45:00,0,1.0,1.0,70541.38,70835.04,-293.65999999998894,21790.889999999185
2026-03-24 07:00:00,0,1.0,1.0,70835.04,70929.92,-94.88000000000466,21696.00999999918
2026-03-24 07:15:00,0,0.0,0.0,70929.92,70902.71,27.20999999999185,21723.21999999917
2026-03-24 07:30:00,0,1.0,1.0,70902.71,71291.7,-388.9899999999907,21334.22999999918
2026-03-24 07:45:00,0,0.0,1.0,71291.7,71132.08,159.61999999999534,21493.849999999176
2026-03-24 08:00:00,0,0.0,1.0,71132.08,70914.41,217.66999999999825,21711.519999999175
2026-03-24 08:15:00,0,1.0,1.0,70914.41,71068.93,-154.51999999998952,21556.999999999185
2026-03-24 08:30:00,0,0.0,1.0,71068.93,70964.15,104.77999999999884,21661.779999999184
2026-03-24 08:45:00,0,0.0,1.0,70964.15,70876.04,88.11000000000058,21749.889999999185
2026-03-24 09:00:00,1,1.0,1.0,70876.04,71014.7,138.6600000000035,21888.549999999188
2026-03-24 09:15:00,0,1.0,1.0,71014.7,71242.7,-228.0,21660.549999999188
2026-03-24 09:30:00,0,1.0,1.0,71242.7,71316.97,-74.27000000000407,21586.279999999184
2026-03-24 09:45:00,0,0.0,0.0,71316.97,71264.83,52.13999999999942,21638.419999999183
2026-03-24 10:00:00,0,0.0,1.0,71264.83,71114.64,150.19000000000233,21788.609999999186
2026-03-24 10:15:00,1,1.0,1.0,71114.64,71244.13,129.49000000000524,21918.09999999919
2026-03-24 10:30:00,0,1.0,0.0,71244.13,71272.87,-28.739999999990687,21889.3599999992
2026-03-24 10:45:00,0,0.0,1.0,71272.87,71119.61,153.25999999999476,22042.619999999195
2026-03-24 11:00:00,0,0.0,0.0,71119.61,71067.21,52.39999999999418,22095.01999999919
2026-03-24 11:15:00,1,1.0,1.0,71067.21,71244.0,176.7899999999936,22271.809999999183
2026-03-24 11:30:00,0,0.0,1.0,71244.0,71157.77,86.22999999999593,22358.03999999918
2026-03-24 11:45:00,1,0.0,1.0,71157.77,71074.01,-83.76000000000931,22274.27999999917
2026-03-24 12:00:00,1,1.0,0.0,71074.01,71085.9,11.889999999999418,22286.16999999917
2026-03-24 12:15:00,0,0.0,1.0,71085.9,70900.0,185.89999999999418,22472.069999999163
2026-03-24 12:30:00,1,1.0,0.0,70900.0,70956.48,56.479999999995925,22528.54999999916
2026-03-24 12:45:00,0,0.0,1.0,70956.48,70829.23,127.25,22655.79999999916
2026-03-24 13:00:00,1,0.0,1.0,70829.23,70598.69,-230.5399999999936,22425.259999999165
2026-03-24 13:15:00,1,0.0,1.0,70598.69,70321.51,-277.18000000000757,22148.079999999158
2026-03-24 13:30:00,1,0.0,1.0,70321.51,70100.46,-221.04999999998836,21927.02999999917
2026-03-24 13:45:00,1,0.0,1.0,70100.46,69858.64,-241.82000000000698,21685.209999999162
2026-03-24 14:00:00,1,1.0,1.0,69858.64,70000.41,141.77000000000407,21826.979999999166
2026-03-24 14:15:00,0,0.0,1.0,70000.41,69846.28,154.13000000000466,21981.10999999917
2026-03-24 14:30:00,1,1.0,0.0,69846.28,69869.93,23.64999999999418,22004.759999999165
2026-03-24 14:45:00,0,1.0,1.0,69869.93,69966.0,-96.07000000000698,21908.68999999916
2026-03-24 15:00:00,0,1.0,1.0,69966.0,70029.61,-63.61000000000058,21845.079999999158
2026-03-24 15:15:00,0,1.0,0.0,70029.61,70058.12,-28.50999999999476,21816.569999999163
2026-03-24 15:30:00,0,0.0,1.0,70058.12,69873.04,185.08000000000175,22001.649999999165
2026-03-24 15:45:00,1,1.0,0.0,69873.04,69915.27,42.23000000001048,22043.879999999175
2026-03-24 16:00:00,0,0.0,1.0,69915.27,69798.32,116.94999999999709,22160.829999999172
2026-03-24 16:15:00,1,0.0,1.0,69798.32,69564.81,-233.5100000000093,21927.319999999163
2026-03-24 16:30:00,1,0.0,1.0,69564.81,69476.87,-87.94000000000233,21839.37999999916
2026-03-24 16:45:00,1,0.0,1.0,69476.87,69237.43,-239.44000000000233,21599.93999999916
2026-03-24 17:00:00,1,0.0,1.0,69237.43,69177.17,-60.25999999999476,21539.679999999164
2026-03-24 17:15:00,1,0.0,1.0,69177.17,68946.27,-230.89999999999418,21308.77999999917
2026-03-24 17:30:00,1,1.0,1.0,68946.27,69238.43,292.15999999998894,21600.93999999916
2026-03-24 17:45:00,1,1.0,1.0,69238.43,69366.35,127.9200000000128,21728.85999999917
2026-03-24 18:00:00,0,1.0,0.0,69366.35,69408.35,-42.0,21686.85999999917
2026-03-24 18:15:00,0,1.0,1.0,69408.35,69530.83,-122.47999999999593,21564.379999999175
2026-03-24 18:30:00,0,0.0,1.0,69530.83,69430.24,100.58999999999651,21664.96999999917
2026-03-24 18:45:00,1,1.0,1.0,69430.24,69640.8,210.55999999999767,21875.52999999917
2026-03-24 19:00:00,0,0.0,1.0,69640.8,69537.72,103.08000000000175,21978.60999999917
2026-03-24 19:15:00,1,0.0,1.0,69537.72,69445.56,-92.16000000000349,21886.449999999168
2026-03-24 19:30:00,1,0.0,1.0,69445.56,69377.33,-68.22999999999593,21818.21999999917
2026-03-24 19:45:00,1,1.0,0.0,69377.33,69415.54,38.20999999999185,21856.429999999164
2026-03-24 20:00:00,1,1.0,1.0,69415.54,70012.33,596.7900000000081,22453.21999999917
2026-03-24 20:15:00,0,1.0,0.0,70012.33,70059.59,-47.25999999999476,22405.959999999177
2026-03-24 20:30:00,0,1.0,0.0,70059.59,70093.19,-33.60000000000582,22372.35999999917
2026-03-24 20:45:00,0,0.0,1.0,70093.19,69992.84,100.35000000000582,22472.709999999177
2026-03-24 21:00:00,0,1.0,1.0,69992.84,70059.91,-67.07000000000698,22405.63999999917
2026-03-24 21:15:00,0,1.0,1.0,70059.91,70275.75,-215.8399999999965,22189.799999999173
2026-03-24 21:30:00,0,1.0,0.0,70275.75,70332.93,-57.179999999993015,22132.61999999918
2026-03-24 21:45:00,0,1.0,1.0,70332.93,70543.52,-210.59000000001106,21922.02999999917
2026-03-24 22:00:00,0,0.0,1.0,70543.52,70238.88,304.6399999999994,22226.66999999917
2026-03-24 22:15:00,1,1.0,0.0,70238.88,70288.01,49.129999999990105,22275.79999999916
2026-03-24 22:30:00,0,1.0,0.0,70288.01,70316.96,-28.95000000001164,22246.849999999147
2026-03-24 22:45:00,0,1.0,1.0,70316.96,70536.45,-219.4899999999907,22027.359999999157
2026-03-24 23:00:00,0,1.0,1.0,70536.45,70748.6,-212.15000000000873,21815.209999999148
2026-03-24 23:15:00,0,0.0,1.0,70748.6,70665.43,83.1700000000128,21898.37999999916
2026-03-24 23:30:00,0,0.0,1.0,70665.43,70556.74,108.68999999998778,22007.06999999915
2026-03-24 23:45:00,0,1.0,1.0,70556.74,70726.0,-169.25999999999476,21837.809999999154
2026-03-25 00:00:00,0,0.0,1.0,70726.0,70668.99,57.00999999999476,21894.81999999915
2026-03-25 00:15:00,0,1.0,1.0,70668.99,70923.89,-254.89999999999418,21639.919999999154
2026-03-25 00:30:00,0,0.0,1.0,70923.89,70840.75,83.13999999999942,21723.059999999154
2026-03-25 00:45:00,0,0.0,0.0,70840.75,70803.63,37.11999999999534,21760.17999999915
2026-03-25 01:00:00,0,0.0,0.0,70803.63,70763.47,40.16000000000349,21800.339999999152
2026-03-25 01:15:00,1,0.0,0.0,70763.47,70738.5,-24.970000000001164,21775.36999999915
2026-03-25 01:30:00,1,0.0,1.0,70738.5,70677.18,-61.320000000006985,21714.049999999144
2026-03-25 01:45:00,1,0.0,1.0,70677.18,70609.08,-68.09999999999127,21645.949999999153
2026-03-25 02:00:00,1,0.0,0.0,70609.08,70595.04,-14.040000000008149,21631.909999999145
2026-03-25 02:15:00,1,1.0,1.0,70595.04,70695.96,100.9200000000128,21732.829999999158
2026-03-25 02:30:00,0,0.0,1.0,70695.96,70531.09,164.8700000000099,21897.699999999168
2026-03-25 02:45:00,1,0.0,0.0,70531.09,70494.0,-37.08999999999651,21860.60999999917
2026-03-25 03:00:00,1,1.0,0.0,70494.0,70530.14,36.13999999999942,21896.74999999917
2026-03-25 03:15:00,0,1.0,1.0,70530.14,70743.9,-213.75999999999476,21682.989999999176
2026-03-25 03:30:00,0,0.0,0.0,70743.9,70716.7,27.19999999999709,21710.189999999173
2026-03-25 03:45:00,0,1.0,1.0,70716.7,70850.39,-133.69000000000233,21576.49999999917
2026-03-25 04:00:00,0,1.0,0.0,70850.39,70865.74,-15.35000000000582,21561.149999999165
2026-03-25 04:15:00,0,0.0,1.0,70865.74,70769.2,96.54000000000815,21657.689999999173
2026-03-25 04:30:00,0,1.0,1.0,70769.2,70968.64,-199.44000000000233,21458.24999999917
2026-03-25 04:45:00,0,1.0,1.0,70968.64,71245.33,-276.6900000000023,21181.55999999917
2026-03-25 05:00:00,0,0.0,0.0,71245.33,71198.74,46.58999999999651,21228.149999999165
2026-03-25 05:15:00,0,1.0,0.0,71198.74,71220.93,-22.189999999987776,21205.959999999177
2026-03-25 05:30:00,0,0.0,1.0,71220.93,71117.66,103.26999999998952,21309.229999999166
2026-03-25 05:45:00,0,0.0,0.0,71117.66,71076.02,41.63999999999942,21350.869999999166
2026-03-25 06:00:00,1,1.0,1.0,71076.02,71234.41,158.38999999999942,21509.259999999165
2026-03-25 06:15:00,0,0.0,0.0,71234.41,71201.0,33.41000000000349,21542.66999999917
2026-03-25 06:30:00,0,0.0,1.0,71201.0,70991.83,209.16999999999825,21751.839999999167
2026-03-25 06:45:00,1,1.0,1.0,70991.83,71142.98,151.14999999999418,21902.98999999916
2026-03-25 07:00:00,0,0.0,1.0,71142.98,71069.56,73.41999999999825,21976.40999999916
2026-03-25 07:15:00,1,0.0,0.0,71069.56,71056.76,-12.80000000000291,21963.609999999157
2026-03-25 07:30:00,1,0.0,1.0,71056.76,70926.88,-129.8799999999901,21833.729999999166
2026-03-25 07:45:00,1,0.0,1.0,70926.88,70811.41,-115.47000000000116,21718.259999999165
2026-03-25 08:00:00,1,1.0,1.0,70811.41,71192.19,380.77999999999884,22099.039999999164
2026-03-25 08:15:00,1,1.0,1.0,71192.19,71478.32,286.13000000000466,22385.16999999917
2026-03-25 08:30:00,0,0.0,1.0,71478.32,71248.39,229.93000000000757,22615.099999999176
2026-03-25 08:45:00,1,1.0,1.0,71248.39,71334.03,85.63999999999942,22700.739999999176
2026-03-25 09:00:00,0,0.0,1.0,71334.03,71268.2,65.83000000000175,22766.569999999178
2026-03-25 09:15:00,1,0.0,0.0,71268.2,71263.02,-5.179999999993015,22761.389999999185
2026-03-25 09:30:00,1,1.0,1.0,71263.02,71345.91,82.88999999999942,22844.279999999184
2026-03-25 09:45:00,0,1.0,1.0,71345.91,71420.0,-74.08999999999651,22770.189999999187
2026-03-25 10:00:00,0,0.0,0.0,71420.0,71405.92,14.080000000001746,22784.26999999919
2026-03-25 10:15:00,0,1.0,0.0,71405.92,71436.31,-30.389999999999418,22753.87999999919
2026-03-25 10:30:00,0,1.0,1.0,71436.31,71501.39,-65.08000000000175,22688.799999999188
2026-03-25 10:45:00,0,1.0,1.0,71501.39,71599.09,-97.69999999999709,22591.09999999919
2026-03-25 11:00:00,0,1.0,1.0,71599.09,71870.28,-271.1900000000023,22319.90999999919
2026-03-25 11:15:00,0,0.0,0.0,71870.28,71813.42,56.86000000000058,22376.76999999919
2026-03-25 11:30:00,0,0.0,1.0,71813.42,71678.97,134.4499999999971,22511.219999999186
2026-03-25 11:45:00,1,1.0,1.0,71678.97,71750.01,71.0399999999936,22582.25999999918
2026-03-25 12:00:00,0,0.0,1.0,71750.01,71341.68,408.33000000000175,22990.58999999918
2026-03-25 12:15:00,1,1.0,0.0,71341.68,71369.58,27.90000000000873,23018.48999999919
2026-03-25 12:30:00,0,1.0,1.0,71369.58,71715.24,-345.6600000000035,22672.829999999187
2026-03-25 12:45:00,0,0.0,0.0,71715.24,71708.42,6.820000000006985,22679.649999999194
2026-03-25 13:00:00,1,0.0,1.0,71708.42,71621.96,-86.45999999999185,22593.189999999202
2026-03-25 13:15:00,1,1.0,1.0,71621.96,71728.55,106.58999999999651,22699.7799999992
2026-03-25 13:30:00,0,0.0,1.0,71728.55,71581.42,147.13000000000466,22846.909999999203
2026-03-25 13:45:00,1,0.0,1.0,71581.42,71392.91,-188.50999999999476,22658.39999999921
2026-03-25 14:00:00,1,0.0,0.0,71392.91,71366.26,-26.65000000000873,22631.7499999992
2026-03-25 14:15:00,1,0.0,0.0,71366.26,71365.99,-0.2699999999895226,22631.47999999921
2026-03-25 14:30:00,1,0.0,1.0,71365.99,71234.28,-131.7100000000064,22499.769999999204
2026-03-25 14:45:00,1,0.0,1.0,71234.28,70825.25,-409.02999999999884,22090.739999999205
2026-03-25 15:00:00,1,1.0,1.0,70825.25,71023.6,198.35000000000582,22289.08999999921
2026-03-25 15:15:00,1,0.0,1.0,71023.6,70878.43,-145.1700000000128,22143.919999999198
2026-03-25 15:30:00,1,0.0,0.0,70878.43,70832.99,-45.439999999987776,22098.47999999921
2026-03-25 15:45:00,1,1.0,0.0,70832.99,70874.45,41.45999999999185,22139.939999999202
2026-03-25 16:00:00,1,1.0,1.0,70874.45,71506.63,632.1800000000076,22772.11999999921
2026-03-25 16:15:00,0,0.0,0.0,71506.63,71467.51,39.120000000009895,22811.23999999922
2026-03-25 16:30:00,0,0.0,1.0,71467.51,71324.01,143.5,22954.73999999922
2026-03-25 16:45:00,1,0.0,1.0,71324.01,71148.33,-175.67999999999302,22779.059999999226
2026-03-25 17:00:00,1,0.0,1.0,71148.33,71077.88,-70.44999999999709,22708.60999999923
2026-03-25 17:15:00,1,0.0,1.0,71077.88,70913.4,-164.48000000001048,22544.12999999922
2026-03-25 17:30:00,1,0.0,1.0,70913.4,70779.0,-134.39999999999418,22409.729999999225
2026-03-25 17:45:00,1,1.0,1.0,70779.0,70922.94,143.94000000000233,22553.669999999227
2026-03-25 18:00:00,1,1.0,0.0,70922.94,70974.43,51.48999999999069,22605.159999999218
2026-03-25 18:15:00,0,0.0,1.0,70974.43,70848.76,125.66999999999825,22730.829999999216
2026-03-25 18:30:00,1,0.0,0.0,70848.76,70810.34,-38.419999999998254,22692.409999999218
2026-03-25 18:45:00,1,1.0,0.0,70810.34,70851.83,41.49000000000524,22733.899999999223
2026-03-25 19:00:00,0,1.0,1.0,70851.83,70970.65,-118.81999999999243,22615.07999999923
2026-03-25 19:15:00,0,0.0,0.0,70970.65,70940.0,30.64999999999418,22645.729999999225
2026-03-25 19:30:00,0,0.0,0.0,70940.0,70883.31,56.69000000000233,22702.419999999227
2026-03-25 19:45:00,1,0.0,1.0,70883.31,70743.67,-139.63999999999942,22562.779999999228
2026-03-25 20:00:00,1,0.0,0.0,70743.67,70710.85,-32.81999999999243,22529.959999999235
2026-03-25 20:15:00,1,1.0,1.0,70710.85,70946.29,235.43999999998778,22765.399999999223
2026-03-25 20:30:00,1,1.0,1.0,70946.29,71009.5,63.2100000000064,22828.60999999923
2026-03-25 20:45:00,0,1.0,1.0,71009.5,71164.66,-155.1600000000035,22673.449999999226
2026-03-25 21:00:00,0,0.0,1.0,71164.66,70984.04,180.6200000000099,22854.069999999236
2026-03-25 21:15:00,0,1.0,1.0,70984.04,71067.98,-83.94000000000233,22770.129999999233
2026-03-25 21:30:00,0,0.0,0.0,71067.98,71035.24,32.73999999999069,22802.869999999224
2026-03-25 21:45:00,0,0.0,0.0,71035.24,70993.18,42.060000000012224,22844.929999999236
2026-03-25 22:00:00,1,1.0,0.0,70993.18,71042.87,49.69000000000233,22894.61999999924
2026-03-25 22:15:00,0,1.0,1.0,71042.87,71374.34,-331.47000000000116,22563.149999999237
2026-03-25 22:30:00,0,0.0,0.0,71374.34,71369.08,5.259999999994761,22568.409999999232
2026-03-25 22:45:00,0,0.0,0.0,71369.08,71327.7,41.38000000000466,22609.789999999237
2026-03-25 23:00:00,1,1.0,0.0,71327.7,71359.59,31.889999999999418,22641.679999999236
2026-03-25 23:15:00,0,0.0,1.0,71359.59,71216.47,143.11999999999534,22784.79999999923
2026-03-25 23:30:00,1,1.0,1.0,71216.47,71336.53,120.05999999999767,22904.85999999923
2026-03-25 23:45:00,0,0.0,1.0,71336.53,71250.0,86.52999999999884,22991.389999999228
2026-03-26 00:00:00,0,1.0,0.0,71250.0,71306.6,-56.60000000000582,22934.789999999222
2026-03-26 00:15:00,0,1.0,0.0,71306.6,71355.88,-49.279999999998836,22885.509999999224
2026-03-26 00:30:00,0,0.0,0.0,71355.88,71299.27,56.61000000000058,22942.119999999224
2026-03-26 00:45:00,0,0.0,0.0,71299.27,71269.6,29.669999999998254,22971.789999999222
2026-03-26 01:00:00,1,1.0,0.0,71269.6,71319.69,50.08999999999651,23021.87999999922
2026-03-26 01:15:00,0,0.0,1.0,71319.69,71259.48,60.2100000000064,23082.089999999225
2026-03-26 01:30:00,1,0.0,0.0,71259.48,71252.11,-7.369999999995343,23074.71999999923
2026-03-26 01:45:00,1,0.0,1.0,71252.11,71091.99,-160.11999999999534,22914.599999999235
2026-03-26 02:00:00,1,0.0,1.0,71091.99,70894.93,-197.06000000001222,22717.539999999222
2026-03-26 02:15:00,1,0.0,0.0,70894.93,70868.64,-26.289999999993597,22691.24999999923
2026-03-26 02:30:00,1,1.0,0.0,70868.64,70893.01,24.369999999995343,22715.619999999224
2026-03-26 02:45:00,1,1.0,1.0,70893.01,70968.66,75.65000000000873,22791.269999999233
2026-03-26 03:00:00,0,0.0,1.0,70968.66,70713.14,255.52000000000407,23046.789999999237
2026-03-26 03:15:00,1,1.0,1.0,70713.14,70850.74,137.60000000000582,23184.389999999243
2026-03-26 03:30:00,0,1.0,1.0,70850.74,70921.47,-70.72999999999593,23113.659999999247
2026-03-26 03:45:00,0,0.0,1.0,70921.47,70755.06,166.4100000000035,23280.06999999925
2026-03-26 04:00:00,0,1.0,1.0,70755.06,70868.66,-113.60000000000582,23166.469999999244
2026-03-26 04:15:00,0,0.0,0.0,70868.66,70839.99,28.669999999998254,23195.139999999243
2026-03-26 04:30:00,1,0.0,1.0,70839.99,70772.01,-67.98000000001048,23127.159999999232
2026-03-26 04:45:00,1,0.0,1.0,70772.01,70559.07,-212.93999999998778,22914.219999999244
2026-03-26 05:00:00,1,1.0,0.0,70559.07,70577.2,18.129999999990105,22932.349999999235
2026-03-26 05:15:00,0,0.0,1.0,70577.2,70310.9,266.3000000000029,23198.649999999237
2026-03-26 05:30:00,1,0.0,1.0,70310.9,70016.98,-293.91999999999825,22904.72999999924
2026-03-26 05:45:00,1,1.0,0.0,70016.98,70068.0,51.020000000004075,22955.749999999243
2026-03-26 06:00:00,1,0.0,0.0,70068.0,70059.5,-8.5,22947.249999999243
2026-03-26 06:15:00,1,0.0,1.0,70059.5,70000.32,-59.179999999993015,22888.06999999925
2026-03-26 06:30:00,1,1.0,1.0,70000.32,70097.18,96.85999999998603,22984.929999999236
2026-03-26 06:45:00,0,0.0,0.0,70097.18,70048.5,48.679999999993015,23033.60999999923
2026-03-26 07:00:00,1,0.0,1.0,70048.5,69969.87,-78.63000000000466,22954.979999999225
2026-03-26 07:15:00,1,1.0,1.0,69969.87,70071.97,102.10000000000582,23057.07999999923
2026-03-26 07:30:00,0,1.0,0.0,70071.97,70087.44,-15.470000000001164,23041.60999999923
2026-03-26 07:45:00,0,0.0,1.0,70087.44,69924.82,162.61999999999534,23204.229999999225
2026-03-26 08:00:00,1,0.0,1.0,69924.82,69826.84,-97.98000000001048,23106.249999999214
2026-03-26 08:15:00,1,1.0,1.0,69826.84,69937.32,110.48000000001048,23216.729999999225
2026-03-26 08:30:00,0,1.0,1.0,69937.32,70024.77,-87.44999999999709,23129.279999999228
2026-03-26 08:45:00,0,1.0,0.0,70024.77,70028.91,-4.139999999999418,23125.139999999228
2026-03-26 09:00:00,0,0.0,0.0,70028.91,70028.12,0.7900000000081491,23125.929999999236
2026-03-26 09:15:00,0,0.0,1.0,70028.12,69506.64,521.4799999999959,23647.409999999232
2026-03-26 09:30:00,1,1.0,1.0,69506.64,69562.41,55.770000000004075,23703.179999999236
2026-03-26 09:45:00,1,1.0,0.0,69562.41,69579.23,16.819999999992433,23719.99999999923
2026-03-26 10:00:00,0,1.0,1.0,69579.23,69661.45,-82.22000000000116,23637.779999999228
2026-03-26 10:15:00,0,0.0,1.0,69661.45,69548.18,113.27000000000407,23751.04999999923
2026-03-26 10:30:00,1,0.0,0.0,69548.18,69517.68,-30.5,23720.54999999923
2026-03-26 10:45:00,1,1.0,1.0,69517.68,69566.06,48.38000000000466,23768.929999999236
2026-03-26 11:00:00,1,0.0,1.0,69566.06,69321.37,-244.69000000000233,23524.239999999234
2026-03-26 11:15:00,1,1.0,1.0,69321.37,69398.0,76.63000000000466,23600.86999999924
2026-03-26 11:30:00,1,0.0,1.0,69398.0,69276.01,-121.99000000000524,23478.879999999233
2026-03-26 11:45:00,1,1.0,1.0,69276.01,69375.23,99.22000000000116,23578.099999999235
2026-03-26 12:00:00,1,1.0,1.0,69375.23,69420.65,45.419999999998254,23623.519999999233
2026-03-26 12:15:00,0,0.0,1.0,69420.65,69365.73,54.919999999998254,23678.43999999923
2026-03-26 12:30:00,1,1.0,1.0,69365.73,69436.42,70.69000000000233,23749.129999999233
2026-03-26 12:45:00,0,1.0,1.0,69436.42,69484.14,-47.720000000001164,23701.409999999232
2026-03-26 13:00:00,0,0.0,1.0,69484.14,69400.14,84.0,23785.409999999232
2026-03-26 13:15:00,1,1.0,1.0,69400.14,69547.35,147.2100000000064,23932.61999999924
2026-03-26 13:30:00,0,1.0,1.0,69547.35,69646.59,-99.23999999999069,23833.379999999248
2026-03-26 13:45:00,0,0.0,0.0,69646.59,69608.4,38.19000000000233,23871.56999999925
2026-03-26 14:00:00,1,1.0,0.0,69608.4,69611.03,2.6300000000046566,23874.199999999255
2026-03-26 14:15:00,0,0.0,1.0,69611.03,69516.89,94.13999999999942,23968.339999999254
2026-03-26 14:30:00,1,0.0,0.0,69516.89,69479.92,-36.970000000001164,23931.369999999253
2026-03-26 14:45:00,1,0.0,1.0,69479.92,68950.99,-528.929999999993,23402.43999999926
2026-03-26 15:00:00,1,1.0,1.0,68950.99,69030.49,79.5,23481.93999999926
2026-03-26 15:15:00,1,0.0,1.0,69030.49,68988.75,-41.74000000000524,23440.199999999255
2026-03-26 15:30:00,1,1.0,1.0,68988.75,69082.64,93.88999999999942,23534.089999999254
2026-03-26 15:45:00,0,0.0,1.0,69082.64,69022.57,60.06999999999243,23594.159999999247
2026-03-26 16:00:00,1,0.0,1.0,69022.57,68888.01,-134.56000000001222,23459.599999999235
2026-03-26 16:15:00,1,1.0,0.0,68888.01,68918.29,30.279999999998836,23489.879999999233
2026-03-26 16:30:00,1,1.0,0.0,68918.29,68932.52,14.230000000010477,23504.109999999244
2026-03-26 16:45:00,1,0.0,0.0,68932.52,68921.51,-11.010000000009313,23493.099999999235
2026-03-26 17:00:00,1,1.0,1.0,68921.51,69082.98,161.47000000000116,23654.569999999236
2026-03-26 17:15:00,0,0.0,1.0,69082.98,68957.74,125.23999999999069,23779.809999999226
2026-03-26 17:30:00,1,0.0,1.0,68957.74,68486.86,-470.88000000000466,23308.92999999922
2026-03-26 17:45:00,1,0.0,0.0,68486.86,68459.44,-27.419999999998254,23281.509999999224
2026-03-26 18:00:00,1,0.0,1.0,68459.44,68203.58,-255.86000000000058,23025.649999999223
2026-03-26 18:15:00,1,1.0,1.0,68203.58,68336.67,133.0899999999965,23158.73999999922
2026-03-26 18:30:00,1,1.0,1.0,68336.67,68497.25,160.58000000000175,23319.31999999922
2026-03-26 18:45:00,0,0.0,1.0,68497.25,68457.4,39.85000000000582,23359.169999999227
2026-03-26 19:00:00,1,0.0,0.0,68457.4,68435.96,-21.439999999987776,23337.72999999924
2026-03-26 19:15:00,1,1.0,1.0,68435.96,68633.12,197.15999999998894,23534.889999999228
2026-03-26 19:30:00,1,0.0,1.0,68633.12,68534.36,-98.75999999999476,23436.129999999233
2026-03-26 19:45:00,1,1.0,1.0,68534.36,69201.99,667.6300000000047,24103.759999999238
2026-03-26 20:00:00,0,0.0,0.0,69201.99,69168.99,33.0,24136.759999999238
2026-03-26 20:15:00,1,0.0,0.0,69168.99,69158.79,-10.200000000011642,24126.559999999226
2026-03-26 20:30:00,1,0.0,1.0,69158.79,69005.21,-153.5799999999872,23972.97999999924
2026-03-26 20:45:00,1,0.0,1.0,69005.21,68912.92,-92.29000000000815,23880.68999999923
2026-03-26 21:00:00,1,1.0,1.0,68912.92,69092.49,179.57000000000698,24060.259999999238
2026-03-26 21:15:00,0,0.0,1.0,69092.49,69020.98,71.51000000000931,24131.769999999247
2026-03-26 21:30:00,1,0.0,1.0,69020.98,68921.1,-99.8799999999901,24031.889999999257
2026-03-26 21:45:00,1,1.0,0.0,68921.1,68955.84,34.73999999999069,24066.629999999248
2026-03-26 22:00:00,1,0.0,1.0,68955.84,68754.44,-201.39999999999418,23865.229999999254
2026-03-26 22:15:00,1,1.0,1.0,68754.44,68796.22,41.779999999998836,23907.009999999253
2026-03-26 22:30:00,1,1.0,1.0,68796.22,68892.67,96.44999999999709,24003.45999999925
2026-03-26 22:45:00,0,0.0,1.0,68892.67,68817.63,75.0399999999936,24078.499999999243
2026-03-26 23:00:00,1,0.0,1.0,68817.63,68735.8,-81.83000000000175,23996.66999999924
2026-03-26 23:15:00,1,1.0,0.0,68735.8,68754.78,18.979999999995925,24015.649999999237
2026-03-26 23:30:00,1,1.0,1.0,68754.78,68820.31,65.52999999999884,24081.179999999236
2026-03-26 23:45:00,0,1.0,1.0,68820.31,68940.0,-119.69000000000233,23961.489999999234
2026-03-27 00:00:00,0,0.0,1.0,68940.0,68732.26,207.74000000000524,24169.22999999924
2026-03-27 00:15:00,1,0.0,0.0,68732.26,68718.75,-13.509999999994761,24155.719999999244
2026-03-27 00:30:00,1,1.0,1.0,68718.75,68785.01,66.25999999999476,24221.97999999924
2026-03-27 00:45:00,1,1.0,1.0,68785.01,68863.48,78.47000000000116,24300.44999999924
2026-03-27 01:00:00,0,1.0,1.0,68863.48,68909.84,-46.36000000000058,24254.08999999924
2026-03-27 01:15:00,0,0.0,0.0,68909.84,68900.66,9.179999999993015,24263.269999999233
2026-03-27 01:30:00,1,1.0,1.0,68900.66,69051.27,150.61000000000058,24413.879999999233
2026-03-27 01:45:00,0,1.0,0.0,69051.27,69057.22,-5.94999999999709,24407.929999999236
2026-03-27 02:00:00,0,0.0,0.0,69057.22,69023.45,33.770000000004075,24441.69999999924
2026-03-27 02:15:00,1,0.0,1.0,69023.45,68920.51,-102.94000000000233,24338.759999999238
2026-03-27 02:30:00,1,0.0,0.0,68920.51,68903.59,-16.919999999998254,24321.83999999924
2026-03-27 02:45:00,1,0.0,1.0,68903.59,68751.83,-151.75999999999476,24170.079999999245
2026-03-27 03:00:00,1,1.0,1.0,68751.83,68839.31,87.47999999999593,24257.55999999924
2026-03-27 03:15:00,0,1.0,0.0,68839.31,68869.56,-30.25,24227.30999999924
2026-03-27 03:30:00,1,0.0,1.0,68869.56,68767.51,-102.05000000000291,24125.259999999238
2026-03-27 03:45:00,1,0.0,1.0,68767.51,68405.24,-362.2699999999895,23762.98999999925
2026-03-27 04:00:00,1,1.0,1.0,68405.24,68534.05,128.80999999999767,23891.799999999246
2026-03-27 04:15:00,1,1.0,1.0,68534.05,68591.86,57.80999999999767,23949.609999999244
2026-03-27 04:30:00,1,0.0,0.0,68591.86,68578.0,-13.860000000000582,23935.749999999243
2026-03-27 04:45:00,1,1.0,1.0,68578.0,68814.43,236.42999999999302,24172.179999999236
2026-03-27 05:00:00,0,0.0,1.0,68814.43,68599.39,215.0399999999936,24387.21999999923
2026-03-27 05:15:00,1,1.0,0.0,68599.39,68602.79,3.3999999999941792,24390.619999999224
2026-03-27 05:30:00,1,1.0,0.0,68602.79,68630.77,27.980000000010477,24418.599999999235
2026-03-27 05:45:00,0,1.0,1.0,68630.77,68751.32,-120.55000000000291,24298.04999999923
2026-03-27 06:00:00,0,1.0,0.0,68751.32,68789.13,-37.80999999999767,24260.239999999234
2026-03-27 06:15:00,0,0.0,1.0,68789.13,68737.45,51.68000000000757,24311.91999999924
2026-03-27 06:30:00,1,0.0,1.0,68737.45,68656.15,-81.30000000000291,24230.61999999924
2026-03-27 06:45:00,1,1.0,1.0,68656.15,68851.44,195.29000000000815,24425.909999999247
2026-03-27 07:00:00,0,1.0,1.0,68851.44,68924.84,-73.39999999999418,24352.509999999253
2026-03-27 07:15:00,0,0.0,1.0,68924.84,68602.44,322.3999999999942,24674.909999999247
2026-03-27 07:30:00,1,0.0,1.0,68602.44,68540.48,-61.9600000000064,24612.94999999924
2026-03-27 07:45:00,1,0.0,1.0,68540.48,68476.06,-64.41999999999825,24548.529999999242
2026-03-27 08:00:00,1,0.0,1.0,68476.06,68239.13,-236.92999999999302,24311.59999999925
2026-03-27 08:15:00,1,0.0,1.0,68239.13,67825.04,-414.09000000001106,23897.509999999238
2026-03-27 08:30:00,1,1.0,1.0,67825.04,67920.5,95.4600000000064,23992.969999999244
2026-03-27 08:45:00,1,0.0,1.0,67920.5,67749.67,-170.83000000000175,23822.139999999243
2026-03-27 09:00:00,1,1.0,1.0,67749.67,67936.31,186.63999999999942,24008.779999999242
2026-03-27 09:15:00,1,0.0,1.0,67936.31,67723.8,-212.50999999999476,23796.269999999247
2026-03-27 09:30:00,1,0.0,0.0,67723.8,67695.81,-27.99000000000524,23768.279999999242
2026-03-27 09:45:00,1,0.0,0.0,67695.81,67670.68,-25.130000000004657,23743.149999999237
2026-03-27 10:00:00,1,1.0,1.0,67670.68,67765.55,94.8700000000099,23838.019999999247
2026-03-27 10:15:00,1,0.0,1.0,67765.55,66906.57,-858.9799999999959,22979.03999999925
2026-03-27 10:30:00,1,0.0,1.0,66906.57,66502.41,-404.1600000000035,22574.879999999248
2026-03-27 10:45:00,1,1.0,1.0,66502.41,66619.17,116.75999999999476,22691.639999999243
2026-03-27 11:00:00,1,1.0,1.0,66619.17,66712.91,93.74000000000524,22785.379999999248
2026-03-27 11:15:00,0,1.0,1.0,66712.91,66764.79,-51.879999999990105,22733.499999999258
2026-03-27 11:30:00,0,0.0,1.0,66764.79,66702.78,62.00999999999476,22795.509999999253
2026-03-27 11:45:00,1,0.0,1.0,66702.78,66650.0,-52.779999999998836,22742.729999999254
2026-03-27 12:00:00,1,0.0,1.0,66650.0,66540.5,-109.5,22633.229999999254
2026-03-27 12:15:00,1,1.0,1.0,66540.5,66617.39,76.88999999999942,22710.119999999253
2026-03-27 12:30:00,1,1.0,0.0,66617.39,66619.76,2.3699999999953434,22712.48999999925
2026-03-27 12:45:00,0,0.0,1.0,66619.76,66533.19,86.56999999999243,22799.05999999924
2026-03-27 13:00:00,1,1.0,1.0,66533.19,66697.8,164.61000000000058,22963.66999999924
2026-03-27 13:15:00,1,0.0,1.0,66697.8,66514.51,-183.29000000000815,22780.379999999233
2026-03-27 13:30:00,1,0.0,1.0,66514.51,66188.32,-326.1899999999878,22454.189999999246
2026-03-27 13:45:00,1,1.0,1.0,66188.32,66361.24,172.91999999999825,22627.109999999244
2026-03-27 14:00:00,1,0.0,1.0,66361.24,65737.82,-623.4199999999983,22003.689999999246
2026-03-27 14:15:00,1,1.0,1.0,65737.82,65900.79,162.9699999999866,22166.659999999232
2026-03-27 14:30:00,1,1.0,1.0,65900.79,66205.06,304.2700000000041,22470.929999999236
2026-03-27 14:45:00,0,1.0,0.0,66205.06,66243.15,-38.08999999999651,22432.83999999924
2026-03-27 15:00:00,0,1.0,1.0,66243.15,66332.98,-89.83000000000175,22343.009999999238
2026-03-27 15:15:00,0,1.0,1.0,66332.98,66399.04,-66.05999999999767,22276.94999999924
2026-03-27 15:30:00,0,0.0,1.0,66399.04,66112.82,286.2199999999866,22563.169999999227
2026-03-27 15:45:00,1,0.0,1.0,66112.82,65978.14,-134.68000000000757,22428.48999999922
2026-03-27 16:00:00,1,0.0,0.0,65978.14,65955.45,-22.69000000000233,22405.799999999217
2026-03-27 16:15:00,1,1.0,1.0,65955.45,66023.7,68.25,22474.049999999217
2026-03-27 16:30:00,1,0.0,1.0,66023.7,65979.29,-44.41000000000349,22429.639999999214
2026-03-27 16:45:00,1,1.0,1.0,65979.29,66209.99,230.70000000001164,22660.339999999225
2026-03-27 17:00:00,1,0.0,1.0,66209.99,65865.1,-344.8899999999994,22315.449999999226
2026-03-27 17:15:00,1,0.0,1.0,65865.1,65631.7,-233.40000000000873,22082.049999999217
2026-03-27 17:30:00,1,1.0,0.0,65631.7,65632.92,1.2200000000011642,22083.26999999922
2026-03-27 17:45:00,1,0.0,0.0,65632.92,65620.39,-12.529999999998836,22070.73999999922
2026-03-27 18:00:00,1,1.0,1.0,65620.39,65763.5,143.11000000000058,22213.84999999922
2026-03-27 18:15:00,0,1.0,0.0,65763.5,65799.98,-36.479999999995925,22177.369999999224
2026-03-27 18:30:00,0,1.0,0.0,65799.98,65836.69,-36.7100000000064,22140.659999999218
2026-03-27 18:45:00,0,0.0,1.0,65836.69,65775.16,61.529999999998836,22202.189999999217
2026-03-27 19:00:00,1,1.0,1.0,65775.16,65925.48,150.31999999999243,22352.50999999921
2026-03-27 19:15:00,0,1.0,0.0,65925.48,65928.8,-3.320000000006985,22349.189999999202
2026-03-27 19:30:00,0,1.0,1.0,65928.8,66040.66,-111.86000000000058,22237.3299999992
2026-03-27 19:45:00,0,0.0,0.0,66040.66,66004.52,36.13999999999942,22273.4699999992
2026-03-27 20:00:00,1,0.0,1.0,66004.52,65900.32,-104.19999999999709,22169.269999999204
2026-03-27 20:15:00,1,0.0,0.0,65900.32,65896.7,-3.6200000000098953,22165.649999999194
2026-03-27 20:30:00,1,1.0,1.0,65896.7,66020.76,124.05999999999767,22289.70999999919
2026-03-27 20:45:00,0,1.0,1.0,66020.76,66151.33,-130.57000000000698,22159.139999999185
2026-03-27 21:00:00,0,1.0,0.0,66151.33,66151.47,-0.13999999999941792,22158.999999999185
2026-03-27 21:15:00,0,0.0,0.0,66151.47,66129.89,21.580000000001746,22180.579999999187
2026-03-27 21:30:00,1,0.0,0.0,66129.89,66098.0,-31.889999999999418,22148.689999999187
2026-03-27 21:45:00,1,0.0,1.0,66098.0,66000.0,-98.0,22050.689999999187
2026-03-27 22:00:00,1,1.0,0.0,66000.0,66020.91,20.910000000003492,22071.59999999919
2026-03-27 22:15:00,1,1.0,0.0,66020.91,66041.85,20.94000000000233,22092.539999999193
2026-03-27 22:30:00,0,0.0,0.0,66041.85,66020.79,21.060000000012224,22113.599999999205
2026-03-27 22:45:00,0,1.0,1.0,66020.79,66096.8,-76.01000000000931,22037.589999999196
2026-03-27 23:00:00,0,1.0,1.0,66096.8,66190.76,-93.95999999999185,21943.629999999204
2026-03-27 23:15:00,0,1.0,1.0,66190.76,66291.05,-100.29000000000815,21843.339999999196
2026-03-27 23:30:00,0,1.0,1.0,66291.05,66407.28,-116.22999999999593,21727.1099999992
2026-03-27 23:45:00,0,0.0,1.0,66407.28,66306.23,101.05000000000291,21828.159999999203
2026-03-28 00:00:00,1,1.0,1.0,66306.23,66375.01,68.77999999999884,21896.939999999202
2026-03-28 00:15:00,0,1.0,1.0,66375.01,66489.14,-114.13000000000466,21782.809999999197
2026-03-28 00:30:00,0,0.0,1.0,66489.14,66431.55,57.58999999999651,21840.399999999194
2026-03-28 00:45:00,1,0.0,1.0,66431.55,66154.94,-276.6100000000006,21563.789999999193
2026-03-28 01:00:00,1,1.0,1.0,66154.94,66217.1,62.16000000000349,21625.949999999197
2026-03-28 01:15:00,1,0.0,1.0,66217.1,66137.21,-79.88999999999942,21546.059999999197
2026-03-28 01:30:00,1,1.0,1.0,66137.21,66178.85,41.63999999999942,21587.699999999197
2026-03-28 01:45:00,0,1.0,0.0,66178.85,66197.31,-18.45999999999185,21569.239999999205
2026-03-28 02:00:00,0,0.0,1.0,66197.31,66052.62,144.69000000000233,21713.929999999207
2026-03-28 02:15:00,1,0.0,0.0,66052.62,66032.52,-20.09999999999127,21693.829999999216
2026-03-28 02:30:00,1,1.0,0.0,66032.52,66053.2,20.679999999993015,21714.50999999921
2026-03-28 02:45:00,0,1.0,1.0,66053.2,66130.13,-76.93000000000757,21637.5799999992
2026-03-28 03:00:00,0,1.0,1.0,66130.13,66179.04,-48.90999999998894,21588.669999999212
2026-03-28 03:15:00,0,1.0,1.0,66179.04,66231.64,-52.60000000000582,21536.069999999207
2026-03-28 03:30:00,0,1.0,0.0,66231.64,66240.0,-8.360000000000582,21527.709999999206
2026-03-28 03:45:00,0,0.0,1.0,66240.0,66123.66,116.33999999999651,21644.049999999203
2026-03-28 04:00:00,1,1.0,1.0,66123.66,66267.75,144.0899999999965,21788.1399999992
2026-03-28 04:15:00,0,1.0,0.0,66267.75,66297.01,-29.25999999999476,21758.879999999204
2026-03-28 04:30:00,0,0.0,0.0,66297.01,66285.01,12.0,21770.879999999204
2026-03-28 04:45:00,0,0.0,0.0,66285.01,66250.54,34.470000000001164,21805.349999999205
2026-03-28 05:00:00,1,1.0,1.0,66250.54,66336.79,86.25,21891.599999999205
2026-03-28 05:15:00,0,1.0,0.0,66336.79,66345.01,-8.220000000001164,21883.379999999204
2026-03-28 05:30:00,0,0.0,0.0,66345.01,66341.9,3.110000000000582,21886.489999999205
2026-03-28 05:45:00,0,1.0,0.0,66341.9,66367.48,-25.580000000001746,21860.909999999203
2026-03-28 06:00:00,0,1.0,1.0,66367.48,66461.72,-94.24000000000524,21766.669999999198
2026-03-28 06:15:00,0,0.0,0.0,66461.72,66426.0,35.720000000001164,21802.3899999992
2026-03-28 06:30:00,1,0.0,1.0,66426.0,66382.0,-44.0,21758.3899999992
2026-03-28 06:45:00,1,1.0,1.0,66382.0,66437.73,55.729999999995925,21814.119999999195
2026-03-28 07:00:00,1,1.0,0.0,66437.73,66471.17,33.44000000000233,21847.559999999197
2026-03-28 07:15:00,0,0.0,1.0,66471.17,66429.99,41.179999999993015,21888.73999999919
2026-03-28 07:30:00,1,1.0,1.0,66429.99,66561.48,131.4899999999907,22020.22999999918
2026-03-28 07:45:00,0,0.0,1.0,66561.48,66500.17,61.30999999999767,22081.53999999918
2026-03-28 08:00:00,1,1.0,1.0,66500.17,66552.28,52.11000000000058,22133.64999999918
2026-03-28 08:15:00,0,0.0,1.0,66552.28,66421.61,130.66999999999825,22264.319999999178
2026-03-28 08:30:00,1,0.0,0.0,66421.61,66409.33,-12.279999999998836,22252.03999999918
2026-03-28 08:45:00,1,0.0,1.0,66409.33,66349.92,-59.41000000000349,22192.629999999175
2026-03-28 09:00:00,1,1.0,0.0,66349.92,66354.06,4.139999999999418,22196.769999999175
2026-03-28 09:15:00,1,0.0,1.0,66354.06,66259.49,-94.56999999999243,22102.199999999182
2026-03-28 09:30:00,1,1.0,1.0,66259.49,66311.32,51.830000000001746,22154.029999999184
2026-03-28 09:45:00,0,1.0,0.0,66311.32,66323.76,-12.439999999987776,22141.589999999196
2026-03-28 10:00:00,0,0.0,1.0,66323.76,66169.67,154.0899999999965,22295.679999999193
2026-03-28 10:15:00,1,1.0,0.0,66169.67,66192.19,22.520000000004075,22318.199999999197
2026-03-28 10:30:00,0,1.0,0.0,66192.19,66221.38,-29.19000000000233,22289.009999999194
2026-03-28 10:45:00,0,1.0,0.0,66221.38,66254.0,-32.61999999999534,22256.3899999992
2026-03-28 11:00:00,0,1.0,1.0,66254.0,66325.93,-71.92999999999302,22184.459999999206
2026-03-28 11:15:00,0,0.0,0.0,66325.93,66323.92,2.0099999999947613,22186.4699999992
2026-03-28 11:30:00,0,0.0,0.0,66323.92,66319.47,4.44999999999709,22190.919999999198
2026-03-28 11:45:00,0,1.0,1.0,66319.47,66406.28,-86.80999999999767,22104.1099999992
2026-03-28 12:00:00,0,1.0,0.0,66406.28,66440.7,-34.419999999998254,22069.689999999202
2026-03-28 12:15:00,0,0.0,1.0,66440.7,66368.24,72.45999999999185,22142.149999999194
2026-03-28 12:30:00,1,1.0,1.0,66368.24,66455.09,86.84999999999127,22228.999999999185
2026-03-28 12:45:00,0,1.0,0.0,66455.09,66477.15,-22.05999999999767,22206.939999999187
2026-03-28 13:00:00,0,0.0,0.0,66477.15,66469.92,7.2299999999959255,22214.169999999183
2026-03-28 13:15:00,0,1.0,1.0,66469.92,66940.95,-471.02999999999884,21743.139999999185
2026-03-28 13:30:00,0,0.0,1.0,66940.95,66835.1,105.84999999999127,21848.989999999176
2026-03-28 13:45:00,0,0.0,1.0,66835.1,66775.92,59.18000000000757,21908.169999999183
2026-03-28 14:00:00,1,1.0,1.0,66775.92,66816.01,40.08999999999651,21948.25999999918
2026-03-28 14:15:00,0,1.0,1.0,66816.01,66887.5,-71.49000000000524,21876.769999999175
2026-03-28 14:30:00,0,0.0,1.0,66887.5,66742.1,145.39999999999418,22022.16999999917
2026-03-28 14:45:00,1,1.0,1.0,66742.1,66875.38,133.27999999999884,22155.449999999168
2026-03-28 15:00:00,1,1.0,1.0,66875.38,67028.67,153.2899999999936,22308.73999999916
2026-03-28 15:15:00,0,1.0,0.0,67028.67,67051.88,-23.210000000006403,22285.529999999155
2026-03-28 15:30:00,0,0.0,0.0,67051.88,67014.91,36.970000000001164,22322.499999999156
2026-03-28 15:45:00,1,1.0,0.0,67014.91,67026.78,11.869999999995343,22334.36999999915
2026-03-28 16:00:00,0,1.0,1.0,67026.78,67074.07,-47.29000000000815,22287.079999999143
2026-03-28 16:15:00,0,0.0,1.0,67074.07,66899.41,174.6600000000035,22461.739999999147
2026-03-28 16:30:00,1,1.0,0.0,66899.41,66926.95,27.539999999993597,22489.27999999914
2026-03-28 16:45:00,0,0.0,0.0,66926.95,66920.7,6.25,22495.52999999914
2026-03-28 17:00:00,0,0.0,1.0,66920.7,66778.5,142.1999999999971,22637.729999999137
2026-03-28 17:15:00,1,1.0,0.0,66778.5,66812.71,34.2100000000064,22671.939999999144
2026-03-28 17:30:00,1,1.0,0.0,66812.71,66846.21,33.5,22705.439999999144
2026-03-28 17:45:00,0,1.0,1.0,66846.21,66939.21,-93.0,22612.439999999144
2026-03-28 18:00:00,0,0.0,1.0,66939.21,66881.22,57.99000000000524,22670.42999999915
2026-03-28 18:15:00,1,1.0,1.0,66881.22,66949.34,68.11999999999534,22738.549999999144
2026-03-28 18:30:00,0,0.0,1.0,66949.34,66908.03,41.30999999999767,22779.859999999142
2026-03-28 18:45:00,1,0.0,1.0,66908.03,66844.16,-63.86999999999534,22715.989999999147
2026-03-28 19:00:00,1,1.0,0.0,66844.16,66860.09,15.929999999993015,22731.91999999914
2026-03-28 19:15:00,1,0.0,0.0,66860.09,66837.53,-22.55999999999767,22709.359999999142
2026-03-28 19:30:00,1,1.0,1.0,66837.53,66916.52,78.99000000000524,22788.349999999147
2026-03-28 19:45:00,0,1.0,1.0,66916.52,66999.84,-83.31999999999243,22705.029999999155
2026-03-28 20:00:00,0,0.0,1.0,66999.84,66919.07,80.76999999998952,22785.799999999144
2026-03-28 20:15:00,1,0.0,0.0,66919.07,66911.7,-7.370000000009895,22778.429999999134
2026-03-28 20:30:00,1,0.0,0.0,66911.7,66906.0,-5.69999999999709,22772.729999999137
2026-03-28 20:45:00,1,0.0,1.0,66906.0,66836.1,-69.89999999999418,22702.829999999143
2026-03-28 21:00:00,1,1.0,0.0,66836.1,66850.54,14.439999999987776,22717.26999999913
2026-03-28 21:15:00,1,1.0,0.0,66850.54,66862.03,11.490000000005239,22728.759999999136
2026-03-28 21:30:00,0,0.0,1.0,66862.03,66685.53,176.5,22905.259999999136
2026-03-28 21:45:00,1,0.0,1.0,66685.53,66605.92,-79.61000000000058,22825.649999999136
2026-03-28 22:00:00,1,1.0,1.0,66605.92,66778.8,172.88000000000466,22998.52999999914
2026-03-28 22:15:00,1,0.0,1.0,66778.8,66703.99,-74.80999999999767,22923.719999999143
2026-03-28 22:30:00,1,1.0,1.0,66703.99,66755.88,51.88999999999942,22975.609999999142
2026-03-28 22:45:00,0,0.0,1.0,66755.88,66400.75,355.13000000000466,23330.739999999147
2026-03-28 23:00:00,1,0.0,0.0,66400.75,66393.63,-7.119999999995343,23323.61999999915
2026-03-28 23:15:00,1,0.0,0.0,66393.63,66388.23,-5.400000000008731,23318.219999999143
2026-03-28 23:30:00,1,0.0,0.0,66388.23,66377.03,-11.19999999999709,23307.019999999146
2026-03-28 23:45:00,1,1.0,0.0,66377.03,66412.28,35.25,23342.269999999146
2026-03-29 00:00:00,1,0.0,0.0,66412.28,66399.76,-12.520000000004075,23329.74999999914
2026-03-29 00:15:00,1,1.0,0.0,66399.76,66400.82,1.0600000000122236,23330.809999999154
2026-03-29 00:30:00,1,1.0,1.0,66400.82,66487.93,87.10999999998603,23417.91999999914
2026-03-29 00:45:00,0,1.0,1.0,66487.93,66555.61,-67.68000000000757,23350.239999999132
2026-03-29 01:00:00,0,0.0,0.0,66555.61,66550.33,5.279999999998836,23355.51999999913
2026-03-29 01:15:00,0,0.0,1.0,66550.33,66477.88,72.44999999999709,23427.969999999128
2026-03-29 01:30:00,1,1.0,1.0,66477.88,66569.22,91.33999999999651,23519.309999999125
2026-03-29 01:45:00,0,1.0,1.0,66569.22,66643.31,-74.08999999999651,23445.219999999128
2026-03-29 02:00:00,0,1.0,0.0,66643.31,66654.65,-11.339999999996508,23433.87999999913
2026-03-29 02:15:00,0,1.0,1.0,66654.65,66712.21,-57.560000000012224,23376.31999999912
2026-03-29 02:30:00,0,1.0,1.0,66712.21,66818.0,-105.7899999999936,23270.529999999126
2026-03-29 02:45:00,0,0.0,0.0,66818.0,66802.23,15.770000000004075,23286.29999999913
2026-03-29 03:00:00,1,1.0,1.0,66802.23,66975.97,173.74000000000524,23460.039999999135
2026-03-29 03:15:00,0,0.0,1.0,66975.97,66921.48,54.49000000000524,23514.52999999914
2026-03-29 03:30:00,1,0.0,0.0,66921.48,66912.0,-9.479999999995925,23505.049999999144
2026-03-29 03:45:00,1,1.0,0.0,66912.0,66914.5,2.5,23507.549999999144
2026-03-29 04:00:00,0,0.0,1.0,66914.5,66816.72,97.77999999999884,23605.329999999143
2026-03-29 04:15:00,1,0.0,0.0,66816.72,66800.88,-15.839999999996508,23589.489999999147
2026-03-29 04:30:00,1,0.0,1.0,66800.88,66735.14,-65.74000000000524,23523.74999999914
2026-03-29 04:45:00,1,0.0,1.0,66735.14,66690.0,-45.13999999999942,23478.609999999142
2026-03-29 05:00:00,1,0.0,1.0,66690.0,66631.03,-58.970000000001164,23419.63999999914
2026-03-29 05:15:00,1,1.0,1.0,66631.03,66672.92,41.88999999999942,23461.52999999914
2026-03-29 05:30:00,1,1.0,1.0,66672.92,66771.94,99.02000000000407,23560.549999999144
2026-03-29 05:45:00,0,1.0,1.0,66771.94,66817.01,-45.06999999999243,23515.479999999152
2026-03-29 06:00:00,0,0.0,1.0,66817.01,66701.93,115.08000000000175,23630.559999999154
2026-03-29 06:15:00,1,0.0,0.0,66701.93,66678.88,-23.04999999998836,23607.509999999165
2026-03-29 06:30:00,1,1.0,1.0,66678.88,66738.5,59.61999999999534,23667.12999999916
2026-03-29 06:45:00,1,0.0,1.0,66738.5,66602.46,-136.0399999999936,23531.089999999167
2026-03-29 07:00:00,1,1.0,1.0,66602.46,66681.41,78.94999999999709,23610.039999999164
2026-03-29 07:15:00,1,0.0,1.0,66681.41,66637.98,-43.43000000000757,23566.609999999157
2026-03-29 07:30:00,1,1.0,0.0,66637.98,66671.0,33.020000000004075,23599.62999999916
2026-03-29 07:45:00,0,0.0,0.0,66671.0,66654.18,16.820000000006985,23616.449999999168
2026-03-29 08:00:00,1,1.0,0.0,66654.18,66680.02,25.84000000001106,23642.28999999918
2026-03-29 08:15:00,0,1.0,1.0,66680.02,66741.82,-61.80000000000291,23580.489999999176
2026-03-29 08:30:00,0,0.0,0.0,66741.82,66724.0,17.820000000006985,23598.309999999183
2026-03-29 08:45:00,1,0.0,0.0,66724.0,66696.24,-27.75999999999476,23570.549999999188
2026-03-29 09:00:00,1,0.0,0.0,66696.24,66673.6,-22.639999999999418,23547.90999999919
2026-03-29 09:15:00,1,0.0,1.0,66673.6,66581.57,-92.02999999999884,23455.87999999919
2026-03-29 09:30:00,1,1.0,1.0,66581.57,66634.01,52.439999999987776,23508.319999999178
2026-03-29 09:45:00,1,0.0,1.0,66634.01,66548.07,-85.93999999998778,23422.37999999919
2026-03-29 10:00:00,1,0.0,1.0,66548.07,66468.21,-79.86000000000058,23342.51999999919
2026-03-29 10:15:00,1,1.0,1.0,66468.21,66545.09,76.8799999999901,23419.39999999918
2026-03-29 10:30:00,1,0.0,1.0,66545.09,66502.79,-42.30000000000291,23377.099999999176
2026-03-29 10:45:00,1,1.0,1.0,66502.79,66767.96,265.1700000000128,23642.26999999919
2026-03-29 11:00:00,0,1.0,1.0,66767.96,66834.02,-66.05999999999767,23576.20999999919
2026-03-29 11:15:00,0,1.0,1.0,66834.02,66903.98,-69.95999999999185,23506.2499999992
2026-03-29 11:30:00,0,0.0,1.0,66903.98,66816.28,87.69999999999709,23593.949999999197
2026-03-29 11:45:00,1,0.0,1.0,66816.28,66773.06,-43.220000000001164,23550.729999999196
2026-03-29 12:00:00,1,1.0,0.0,66773.06,66781.62,8.559999999997672,23559.289999999193
2026-03-29 12:15:00,0,0.0,1.0,66781.62,66738.0,43.61999999999534,23602.90999999919
2026-03-29 12:30:00,1,1.0,1.0,66738.0,66849.88,111.88000000000466,23714.789999999193
2026-03-29 12:45:00,0,0.0,1.0,66849.88,66606.37,243.5100000000093,23958.299999999203
2026-03-29 13:00:00,1,1.0,0.0,66606.37,66628.0,21.630000000004657,23979.929999999207
2026-03-29 13:15:00,0,1.0,1.0,66628.0,66669.94,-41.94000000000233,23937.989999999205
2026-03-29 13:30:00,0,0.0,1.0,66669.94,66580.36,89.58000000000175,24027.569999999207
2026-03-29 13:45:00,1,1.0,1.0,66580.36,66672.92,92.55999999999767,24120.129999999204
2026-03-29 14:00:00,0,0.0,1.0,66672.92,66538.5,134.41999999999825,24254.549999999203
2026-03-29 14:15:00,1,1.0,1.0,66538.5,66574.96,36.4600000000064,24291.00999999921
2026-03-29 14:30:00,0,1.0,0.0,66574.96,66589.64,-14.679999999993015,24276.329999999216
2026-03-29 14:45:00,0,1.0,0.0,66589.64,66597.3,-7.6600000000034925,24268.669999999212
2026-03-29 15:00:00,0,0.0,1.0,66597.3,66420.74,176.55999999999767,24445.22999999921
2026-03-29 15:15:00,1,1.0,1.0,66420.74,66456.12,35.379999999990105,24480.6099999992
2026-03-29 15:30:00,0,1.0,1.0,66456.12,66523.0,-66.88000000000466,24413.729999999196
2026-03-29 15:45:00,0,0.0,1.0,66523.0,66447.22,75.77999999999884,24489.509999999194
2026-03-29 16:00:00,1,1.0,1.0,66447.22,66617.19,169.97000000000116,24659.479999999196
2026-03-29 16:15:00,0,0.0,1.0,66617.19,66540.0,77.19000000000233,24736.669999999198
2026-03-29 16:30:00,1,0.0,1.0,66540.0,66499.35,-40.64999999999418,24696.019999999204
2026-03-29 16:45:00,1,0.0,1.0,66499.35,66422.35,-77.0,24619.019999999204
2026-03-29 17:00:00,1,0.0,1.0,66422.35,66262.41,-159.94000000000233,24459.0799999992
2026-03-29 17:15:00,1,1.0,1.0,66262.41,66392.26,129.84999999999127,24588.929999999193
2026-03-29 17:30:00,1,0.0,0.0,66392.26,66385.84,-6.419999999998254,24582.509999999194
2026-03-29 17:45:00,1,1.0,0.0,66385.84,66402.54,16.69999999999709,24599.20999999919
2026-03-29 18:00:00,1,0.0,0.0,66402.54,66397.51,-5.029999999998836,24594.179999999193
2026-03-29 18:15:00,1,1.0,0.0,66397.51,66430.59,33.080000000001746,24627.259999999194
2026-03-29 18:30:00,1,0.0,0.0,66430.59,66427.26,-3.3300000000017462,24623.929999999193
2026-03-29 18:45:00,1,1.0,0.0,66427.26,66436.9,9.639999999999418,24633.569999999192
2026-03-29 19:00:00,1,0.0,0.0,66436.9,66425.94,-10.959999999991851,24622.6099999992
2026-03-29 19:15:00,1,0.0,1.0,66425.94,66391.74,-34.19999999999709,24588.409999999203
2026-03-29 19:30:00,1,0.0,1.0,66391.74,66348.62,-43.120000000009895,24545.289999999193
2026-03-29 19:45:00,1,1.0,1.0,66348.62,66461.17,112.55000000000291,24657.839999999196
2026-03-29 20:00:00,0,1.0,1.0,66461.17,66705.65,-244.47999999999593,24413.3599999992
2026-03-29 20:15:00,0,0.0,1.0,66705.65,66596.27,109.3799999999901,24522.73999999919
2026-03-29 20:30:00,1,1.0,0.0,66596.27,66614.05,17.779999999998836,24540.51999999919
2026-03-29 20:45:00,0,0.0,1.0,66614.05,66554.62,59.43000000000757,24599.949999999197
2026-03-29 21:00:00,1,1.0,1.0,66554.62,66653.87,99.25,24699.199999999197
2026-03-29 21:15:00,0,0.0,0.0,66653.87,66640.32,13.549999999988358,24712.749999999185
2026-03-29 21:30:00,1,1.0,1.0,66640.32,66710.12,69.79999999998836,24782.549999999173
2026-03-29 21:45:00,0,0.0,1.0,66710.12,66306.35,403.7699999999895,25186.319999999163
2026-03-29 22:00:00,1,1.0,1.0,66306.35,66384.51,78.15999999998894,25264.479999999152
2026-03-29 22:15:00,1,0.0,1.0,66384.51,65684.25,-700.2599999999948,24564.219999999157
2026-03-29 22:30:00,1,1.0,1.0,65684.25,65860.31,176.05999999999767,24740.279999999155
2026-03-29 22:45:00,1,1.0,1.0,65860.31,66102.11,241.8000000000029,24982.079999999158
2026-03-29 23:00:00,0,0.0,1.0,66102.11,66010.01,92.10000000000582,25074.179999999164
2026-03-29 23:15:00,1,1.0,0.0,66010.01,66029.24,19.230000000010477,25093.409999999174
2026-03-29 23:30:00,1,0.0,0.0,66029.24,66010.93,-18.310000000012224,25075.09999999916
2026-03-29 23:45:00,1,0.0,1.0,66010.93,65853.46,-157.4699999999866,24917.629999999175
2026-03-30 00:00:00,1,1.0,1.0,65853.46,66574.21,720.75,25638.379999999175
2026-03-30 00:15:00,0,0.0,1.0,66574.21,66331.53,242.68000000000757,25881.059999999183
2026-03-30 00:30:00,1,0.0,1.0,66331.53,66280.25,-51.279999999998836,25829.779999999184
2026-03-30 00:45:00,1,1.0,1.0,66280.25,66400.2,119.94999999999709,25949.72999999918
2026-03-30 01:00:00,0,1.0,1.0,66400.2,66603.24,-203.04000000000815,25746.689999999173
2026-03-30 01:15:00,0,1.0,1.0,66603.24,66668.0,-64.75999999999476,25681.929999999178
2026-03-30 01:30:00,0,0.0,0.0,66668.0,66653.74,14.259999999994761,25696.189999999173
2026-03-30 01:45:00,1,1.0,1.0,66653.74,66840.58,186.8399999999965,25883.02999999917
2026-03-30 02:00:00,0,0.0,1.0,66840.58,66755.66,84.91999999999825,25967.949999999168
2026-03-30 02:15:00,1,1.0,1.0,66755.66,67038.75,283.0899999999965,26251.039999999164
2026-03-30 02:30:00,0,1.0,1.0,67038.75,67121.01,-82.25999999999476,26168.77999999917
2026-03-30 02:45:00,0,0.0,1.0,67121.01,67012.46,108.54999999998836,26277.329999999158
2026-03-30 03:00:00,1,1.0,1.0,67012.46,67242.74,230.27999999999884,26507.609999999157
2026-03-30 03:15:00,0,0.0,1.0,67242.74,67196.14,46.60000000000582,26554.209999999162
2026-03-30 03:30:00,1,0.0,0.0,67196.14,67173.8,-22.339999999996508,26531.869999999166
2026-03-30 03:45:00,1,1.0,1.0,67173.8,67432.49,258.6900000000023,26790.55999999917
2026-03-30 04:00:00,0,1.0,0.0,67432.49,67449.19,-16.69999999999709,26773.85999999917
2026-03-30 04:15:00,0,0.0,0.0,67449.19,67419.76,29.430000000007567,26803.28999999918
2026-03-30 04:30:00,1,1.0,1.0,67419.76,67616.29,196.52999999999884,26999.819999999178
2026-03-30 04:45:00,0,1.0,0.0,67616.29,67646.15,-29.860000000000582,26969.959999999177
2026-03-30 05:00:00,0,1.0,0.0,67646.15,67665.0,-18.85000000000582,26951.10999999917
2026-03-30 05:15:00,0,0.0,1.0,67665.0,67500.01,164.99000000000524,27116.099999999176
2026-03-30 05:30:00,1,0.0,0.0,67500.01,67492.46,-7.5499999999883585,27108.549999999188
2026-03-30 05:45:00,1,0.0,1.0,67492.46,67447.09,-45.370000000009895,27063.179999999178
2026-03-30 06:00:00,1,0.0,1.0,67447.09,67309.99,-137.09999999999127,26926.079999999187
2026-03-30 06:15:00,1,1.0,1.0,67309.99,67365.1,55.11000000000058,26981.189999999187
2026-03-30 06:30:00,0,0.0,1.0,67365.1,67305.14,59.9600000000064,27041.149999999194
2026-03-30 06:45:00,1,1.0,1.0,67305.14,67383.02,77.88000000000466,27119.0299999992
2026-03-30 07:00:00,0,0.0,1.0,67383.02,67327.99,55.029999999998836,27174.059999999197
2026-03-30 07:15:00,1,0.0,0.0,67327.99,67318.24,-9.75,27164.309999999197
2026-03-30 07:30:00,1,1.0,1.0,67318.24,67624.39,306.1499999999942,27470.45999999919
2026-03-30 07:45:00,0,1.0,1.0,67624.39,67893.92,-269.52999999999884,27200.929999999193
2026-03-30 08:00:00,0,0.0,1.0,67893.92,67765.16,128.75999999999476,27329.689999999187
2026-03-30 08:15:00,1,0.0,0.0,67765.16,67761.01,-4.150000000008731,27325.53999999918
2026-03-30 08:30:00,1,0.0,1.0,67761.01,67666.44,-94.56999999999243,27230.969999999186
2026-03-30 08:45:00,1,0.0,1.0,67666.44,67580.59,-85.85000000000582,27145.11999999918
2026-03-30 09:00:00,1,0.0,1.0,67580.59,67518.37,-62.220000000001164,27082.89999999918
2026-03-30 09:15:00,1,1.0,1.0,67518.37,67556.95,38.580000000001746,27121.47999999918
2026-03-30 09:30:00,1,0.0,1.0,67556.95,67495.46,-61.48999999999069,27059.98999999919
2026-03-30 09:45:00,1,0.0,1.0,67495.46,67440.51,-54.95000000001164,27005.03999999918
2026-03-30 10:00:00,1,0.0,0.0,67440.51,67424.01,-16.5,26988.53999999918
2026-03-30 10:15:00,1,1.0,0.0,67424.01,67433.32,9.310000000012224,26997.84999999919
2026-03-30 10:30:00,1,1.0,1.0,67433.32,67488.53,55.20999999999185,27053.059999999183
2026-03-30 10:45:00,0,1.0,1.0,67488.53,67585.96,-97.43000000000757,26955.629999999175
2026-03-30 11:00:00,0,1.0,1.0,67585.96,67690.49,-104.52999999999884,26851.099999999176
2026-03-30 11:15:00,0,0.0,1.0,67690.49,67596.01,94.48000000001048,26945.579999999187
2026-03-30 11:30:00,1,1.0,1.0,67596.01,67680.45,84.44000000000233,27030.01999999919
2026-03-30 11:45:00,0,1.0,1.0,67680.45,67850.19,-169.74000000000524,26860.279999999184
2026-03-30 12:00:00,0,1.0,0.0,67850.19,67861.24,-11.05000000000291,26849.22999999918
2026-03-30 12:15:00,0,1.0,0.0,67861.24,67883.35,-22.110000000000582,26827.11999999918
2026-03-30 12:30:00,0,1.0,0.0,67883.35,67899.59,-16.239999999990687,26810.87999999919
2026-03-30 12:45:00,0,1.0,0.0,67899.59,67915.01,-15.419999999998254,26795.45999999919
2026-03-30 13:00:00,0,0.0,1.0,67915.01,67878.85,36.15999999998894,26831.61999999918
2026-03-30 13:15:00,0,0.0,1.0,67878.85,67714.36,164.49000000000524,26996.109999999186
2026-03-30 13:30:00,1,0.0,1.0,67714.36,67529.52,-184.8399999999965,26811.26999999919
2026-03-30 13:45:00,1,1.0,1.0,67529.52,67678.92,149.39999999999418,26960.669999999183
2026-03-30 14:00:00,0,0.0,1.0,67678.92,67313.59,365.33000000000175,27325.999999999185
2026-03-30 14:15:00,1,0.0,1.0,67313.59,67123.93,-189.6600000000035,27136.33999999918
2026-03-30 14:30:00,1,1.0,1.0,67123.93,67799.54,675.6100000000006,27811.949999999182
2026-03-30 14:45:00,0,0.0,1.0,67799.54,67561.67,237.86999999999534,28049.819999999178
2026-03-30 15:00:00,1,0.0,1.0,67561.67,67522.8,-38.86999999999534,28010.949999999182
2026-03-30 15:15:00,1,1.0,1.0,67522.8,67751.6,228.8000000000029,28239.749999999185
2026-03-30 15:30:00,0,0.0,1.0,67751.6,67629.4,122.20000000001164,28361.949999999197
2026-03-30 15:45:00,1,0.0,1.0,67629.4,67441.4,-188.0,28173.949999999197
2026-03-30 16:00:00,1,0.0,1.0,67441.4,67351.12,-90.27999999999884,28083.669999999198
2026-03-30 16:15:00,1,1.0,0.0,67351.12,67372.33,21.210000000006403,28104.879999999204
2026-03-30 16:30:00,1,0.0,0.0,67372.33,67368.1,-4.2299999999959255,28100.64999999921
2026-03-30 16:45:00,1,0.0,1.0,67368.1,67185.24,-182.86000000000058,27917.789999999208
2026-03-30 17:00:00,1,0.0,1.0,67185.24,66805.26,-379.9800000000105,27537.809999999197
2026-03-30 17:15:00,1,1.0,1.0,66805.26,66958.03,152.77000000000407,27690.5799999992
2026-03-30 17:30:00,1,0.0,1.0,66958.03,66828.02,-130.00999999999476,27560.569999999207
2026-03-30 17:45:00,1,0.0,0.0,66828.02,66825.05,-2.970000000001164,27557.599999999205
2026-03-30 18:00:00,1,0.0,1.0,66825.05,66700.12,-124.93000000000757,27432.669999999198
2026-03-30 18:15:00,1,1.0,1.0,66700.12,66739.53,39.41000000000349,27472.0799999992
2026-03-30 18:30:00,1,0.0,1.0,66739.53,66653.46,-86.06999999999243,27386.00999999921
2026-03-30 18:45:00,1,0.0,1.0,66653.46,66425.62,-227.84000000001106,27158.169999999198
2026-03-30 19:00:00,1,0.0,1.0,66425.62,66310.09,-115.52999999999884,27042.6399999992
2026-03-30 19:15:00,1,1.0,0.0,66310.09,66339.0,28.910000000003492,27071.549999999203
2026-03-30 19:30:00,1,1.0,1.0,66339.0,66550.05,211.0500000000029,27282.599999999205
2026-03-30 19:45:00,0,1.0,1.0,66550.05,66598.34,-48.2899999999936,27234.309999999212
2026-03-30 20:00:00,0,1.0,1.0,66598.34,66655.94,-57.60000000000582,27176.709999999206
2026-03-30 20:15:00,0,1.0,0.0,66655.94,66664.66,-8.720000000001164,27167.989999999205
2026-03-30 20:30:00,0,0.0,0.0,66664.66,66651.4,13.260000000009313,27181.249999999214
2026-03-30 20:45:00,1,1.0,1.0,66651.4,66786.13,134.73000000001048,27315.979999999225
2026-03-30 21:00:00,0,1.0,1.0,66786.13,66860.47,-74.33999999999651,27241.639999999228
2026-03-30 21:15:00,0,1.0,1.0,66860.47,66929.46,-68.99000000000524,27172.649999999223
2026-03-30 21:30:00,0,0.0,1.0,66929.46,66809.3,120.16000000000349,27292.809999999226
2026-03-30 21:45:00,1,0.0,1.0,66809.3,66771.62,-37.68000000000757,27255.12999999922
2026-03-30 22:00:00,1,1.0,1.0,66771.62,66820.25,48.63000000000466,27303.759999999224
2026-03-30 22:15:00,0,1.0,0.0,66820.25,66831.69,-11.440000000002328,27292.31999999922
2026-03-30 22:30:00,0,0.0,1.0,66831.69,66784.98,46.7100000000064,27339.029999999228
2026-03-30 22:45:00,1,0.0,1.0,66784.98,66550.32,-234.65999999998894,27104.36999999924
2026-03-30 23:00:00,1,1.0,1.0,66550.32,66707.57,157.25,27261.61999999924
2026-03-30 23:15:00,0,1.0,1.0,66707.57,66765.9,-58.329999999987194,27203.28999999925
2026-03-30 23:30:00,0,1.0,0.0,66765.9,66797.37,-31.470000000001164,27171.81999999925
2026-03-30 23:45:00,0,0.0,1.0,66797.37,66653.19,144.17999999999302,27315.999999999243
2026-03-31 00:00:00,1,1.0,1.0,66653.19,66815.48,162.2899999999936,27478.289999999237
2026-03-31 00:15:00,0,1.0,1.0,66815.48,66942.98,-127.5,27350.789999999237
2026-03-31 00:30:00,0,1.0,1.0,66942.98,67208.75,-265.7700000000041,27085.019999999233
2026-03-31 00:45:00,0,1.0,0.0,67208.75,67234.97,-26.220000000001164,27058.79999999923
2026-03-31 01:00:00,0,1.0,1.0,67234.97,67775.48,-540.5099999999948,26518.289999999237
2026-03-31 01:15:00,0,1.0,1.0,67775.48,67933.31,-157.83000000000175,26360.459999999235
2026-03-31 01:30:00,0,1.0,0.0,67933.31,67938.54,-5.2299999999959255,26355.22999999924
2026-03-31 01:45:00,0,0.0,0.0,67938.54,67916.59,21.94999999999709,26377.179999999236
2026-03-31 02:00:00,0,1.0,1.0,67916.59,68049.04,-132.4499999999971,26244.72999999924
2026-03-31 02:15:00,0,0.0,1.0,68049.04,67989.27,59.76999999998952,26304.49999999923
2026-03-31 02:30:00,0,0.0,1.0,67989.27,67943.43,45.84000000001106,26350.33999999924
2026-03-31 02:45:00,0,0.0,0.0,67943.43,67916.86,26.569999999992433,26376.909999999232
2026-03-31 03:00:00,1,0.0,1.0,67916.86,67845.35,-71.50999999999476,26305.399999999237
2026-03-31 03:15:00,1,0.0,1.0,67845.35,67728.91,-116.44000000000233,26188.959999999235
2026-03-31 03:30:00,1,0.0,0.0,67728.91,67704.74,-24.169999999998254,26164.789999999237
2026-03-31 03:45:00,1,0.0,0.0,67704.74,67673.78,-30.960000000006403,26133.82999999923
2026-03-31 04:00:00,1,0.0,1.0,67673.78,67599.83,-73.94999999999709,26059.879999999233
2026-03-31 04:15:00,1,1.0,0.0,67599.83,67600.93,1.0999999999912689,26060.979999999225
2026-03-31 04:30:00,1,0.0,1.0,67600.93,67544.01,-56.919999999998254,26004.059999999226
2026-03-31 04:45:00,1,0.0,1.0,67544.01,67428.25,-115.75999999999476,25888.29999999923
2026-03-31 05:00:00,1,1.0,1.0,67428.25,67613.99,185.74000000000524,26074.039999999237
2026-03-31 05:15:00,0,1.0,1.0,67613.99,67673.56,-59.56999999999243,26014.469999999244
2026-03-31 05:30:00,0,1.0,0.0,67673.56,67681.68,-8.119999999995343,26006.34999999925
2026-03-31 05:45:00,0,0.0,1.0,67681.68,67476.14,205.5399999999936,26211.889999999243
2026-03-31 06:00:00,1,0.0,1.0,67476.14,67410.7,-65.44000000000233,26146.44999999924
2026-03-31 06:15:00,1,1.0,0.0,67410.7,67410.71,0.010000000009313226,26146.45999999925
2026-03-31 06:30:00,1,1.0,1.0,67410.71,67492.85,82.13999999999942,26228.59999999925
2026-03-31 06:45:00,0,0.0,1.0,67492.85,67294.69,198.1600000000035,26426.759999999253
2026-03-31 07:00:00,1,0.0,0.0,67294.69,67288.37,-6.320000000006985,26420.439999999246
2026-03-31 07:15:00,1,1.0,1.0,67288.37,67323.15,34.779999999998836,26455.219999999244
2026-03-31 07:30:00,0,1.0,1.0,67323.15,67367.69,-44.54000000000815,26410.679999999236
2026-03-31 07:45:00,0,0.0,0.0,67367.69,67351.38,16.30999999999767,26426.989999999234
2026-03-31 08:00:00,0,0.0,1.0,67351.38,67310.57,40.80999999999767,26467.79999999923
2026-03-31 08:15:00,1,0.0,1.0,67310.57,66842.82,-467.75,26000.04999999923
2026-03-31 08:30:00,1,0.0,1.0,66842.82,66778.33,-64.49000000000524,25935.559999999226
2026-03-31 08:45:00,1,0.0,1.0,66778.33,66693.24,-85.08999999999651,25850.46999999923
2026-03-31 09:00:00,1,0.0,1.0,66693.24,66429.75,-263.49000000000524,25586.979999999225
2026-03-31 09:15:00,1,1.0,1.0,66429.75,66503.83,74.08000000000175,25661.059999999226
2026-03-31 09:30:00,1,0.0,1.0,66503.83,66124.99,-378.8399999999965,25282.21999999923
2026-03-31 09:45:00,1,1.0,1.0,66124.99,66381.3,256.3099999999977,25538.529999999228
2026-03-31 10:00:00,1,1.0,0.0,66381.3,66388.82,7.5200000000040745,25546.04999999923
2026-03-31 10:15:00,0,0.0,1.0,66388.82,66283.65,105.1700000000128,25651.219999999244
2026-03-31 10:30:00,1,1.0,1.0,66283.65,66363.38,79.73000000001048,25730.949999999255
2026-03-31 10:45:00,0,1.0,1.0,66363.38,66576.68,-213.29999999998836,25517.649999999267
2026-03-31 11:00:00,0,1.0,1.0,66576.68,66644.0,-67.32000000000698,25450.32999999926
2026-03-31 11:15:00,0,1.0,1.0,66644.0,66730.53,-86.52999999999884,25363.79999999926
2026-03-31 11:30:00,0,0.0,1.0,66730.53,66685.69,44.83999999999651,25408.639999999257
2026-03-31 11:45:00,1,0.0,1.0,66685.69,66576.18,-109.51000000000931,25299.129999999248
2026-03-31 12:00:00,1,1.0,1.0,66576.18,66799.02,222.84000000001106,25521.96999999926
2026-03-31 12:15:00,0,1.0,1.0,66799.02,66904.44,-105.41999999999825,25416.54999999926
2026-03-31 12:30:00,0,0.0,1.0,66904.44,66653.26,251.18000000000757,25667.72999999927
2026-03-31 12:45:00,1,1.0,1.0,66653.26,66826.01,172.75,25840.47999999927
2026-03-31 13:00:00,0,0.0,0.0,66826.01,66807.65,18.360000000000582,25858.83999999927
2026-03-31 13:15:00,1,1.0,1.0,66807.65,66972.97,165.32000000000698,26024.159999999276
2026-03-31 13:30:00,0,1.0,1.0,66972.97,67302.29,-329.31999999999243,25694.839999999283
2026-03-31 13:45:00,0,1.0,1.0,67302.29,67343.29,-41.0,25653.839999999283
2026-03-31 14:00:00,0,1.0,1.0,67343.29,67737.99,-394.70000000001164,25259.139999999272
2026-03-31 14:15:00,0,0.0,1.0,67737.99,67222.48,515.5100000000093,25774.64999999928
2026-03-31 14:30:00,0,0.0,1.0,67222.48,66587.45,635.0299999999988,26409.67999999928
2026-03-31 14:45:00,1,1.0,1.0,66587.45,67241.7,654.25,27063.92999999928
2026-03-31 15:00:00,0,0.0,1.0,67241.7,66955.99,285.70999999999185,27349.639999999272
2026-03-31 15:15:00,1,0.0,0.0,66955.99,66935.0,-20.99000000000524,27328.649999999267
2026-03-31 15:30:00,1,0.0,1.0,66935.0,66736.8,-198.1999999999971,27130.44999999927
2026-03-31 15:45:00,1,1.0,1.0,66736.8,66931.28,194.47999999999593,27324.929999999265
2026-03-31 16:00:00,0,1.0,1.0,66931.28,67096.25,-164.97000000000116,27159.959999999264
2026-03-31 16:15:00,0,1.0,1.0,67096.25,67776.04,-679.7899999999936,26480.16999999927
2026-03-31 16:30:00,0,0.0,1.0,67776.04,67665.83,110.20999999999185,26590.379999999263
2026-03-31 16:45:00,0,1.0,1.0,67665.83,68454.01,-788.179999999993,25802.19999999927
2026-03-31 17:00:00,0,0.0,1.0,68454.01,68034.0,420.00999999999476,26222.209999999264
2026-03-31 17:15:00,0,0.0,1.0,68034.0,67712.83,321.16999999999825,26543.379999999263
2026-03-31 17:30:00,1,0.0,1.0,67712.83,67526.75,-186.08000000000175,26357.29999999926
2026-03-31 17:45:00,1,1.0,1.0,67526.75,67775.47,248.72000000000116,26606.019999999262
2026-03-31 18:00:00,0,1.0,0.0,67775.47,67777.77,-2.3000000000029104,26603.71999999926
2026-03-31 18:15:00,0,1.0,0.0,67777.77,67821.4,-43.629999999990105,26560.08999999927
2026-03-31 18:30:00,0,1.0,0.0,67821.4,67854.05,-32.65000000000873,26527.43999999926
2026-03-31 18:45:00,0,1.0,1.0,67854.05,67995.81,-141.75999999999476,26385.679999999265
2026-03-31 19:00:00,0,0.0,1.0,67995.81,67878.41,117.39999999999418,26503.07999999926
2026-03-31 19:15:00,0,0.0,1.0,67878.41,67830.02,48.38999999999942,26551.46999999926
2026-03-31 19:30:00,0,1.0,0.0,67830.02,67838.8,-8.779999999998836,26542.68999999926
2026-03-31 19:45:00,0,1.0,1.0,67838.8,68146.88,-308.08000000000175,26234.60999999926
2026-03-31 20:00:00,0,0.0,1.0,68146.88,68003.0,143.88000000000466,26378.489999999263
2026-03-31 20:15:00,0,1.0,0.0,68003.0,68044.0,-41.0,26337.489999999263
2026-03-31 20:30:00,0,1.0,1.0,68044.0,68265.53,-221.52999999999884,26115.959999999264
2026-03-31 20:45:00,0,0.0,1.0,68265.53,68019.97,245.55999999999767,26361.519999999262
2026-03-31 21:00:00,0,1.0,0.0,68019.97,68034.37,-14.39999999999418,26347.119999999268
2026-03-31 21:15:00,0,1.0,1.0,68034.37,68167.59,-133.22000000000116,26213.899999999267
2026-03-31 21:30:00,0,1.0,1.0,68167.59,68277.99,-110.40000000000873,26103.499999999258
2026-03-31 21:45:00,0,0.0,1.0,68277.99,68209.49,68.5,26171.999999999258
2026-03-31 22:00:00,0,0.0,1.0,68209.49,68121.0,88.49000000000524,26260.489999999263
2026-03-31 22:15:00,1,1.0,1.0,68121.0,68184.21,63.2100000000064,26323.69999999927
2026-03-31 22:30:00,0,0.0,0.0,68184.21,68172.87,11.34000000001106,26335.03999999928
2026-03-31 22:45:00,0,1.0,1.0,68172.87,68227.3,-54.43000000000757,26280.609999999273
2026-03-31 23:00:00,0,1.0,1.0,68227.3,68274.46,-47.16000000000349,26233.44999999927
2026-03-31 23:15:00,0,1.0,0.0,68274.46,68310.02,-35.55999999999767,26197.889999999272
2026-03-31 23:30:00,0,0.0,0.0,68310.02,68284.48,25.54000000000815,26223.42999999928
2026-03-31 23:45:00,0,0.0,1.0,68284.48,68046.0,238.47999999999593,26461.909999999276
2026-04-01 00:00:00,1,0.0,1.0,68046.0,68000.0,-46.0,26415.909999999276
2026-04-01 00:15:00,1,1.0,1.0,68000.0,68066.0,66.0,26481.909999999276
2026-04-01 00:30:00,0,1.0,1.0,68066.0,68330.75,-264.75,26217.159999999276
2026-04-01 00:45:00,0,0.0,1.0,68330.75,68265.74,65.00999999999476,26282.16999999927
2026-04-01 01:00:00,0,0.0,1.0,68265.74,68046.0,219.74000000000524,26501.909999999276
2026-04-01 01:15:00,1,0.0,1.0,68046.0,67958.01,-87.99000000000524,26413.91999999927
2026-04-01 01:30:00,1,0.0,1.0,67958.01,67782.73,-175.27999999999884,26238.639999999272
2026-04-01 01:45:00,1,1.0,1.0,67782.73,67847.24,64.51000000000931,26303.14999999928
2026-04-01 02:00:00,1,0.0,1.0,67847.24,67639.41,-207.83000000000175,26095.31999999928
2026-04-01 02:15:00,1,1.0,0.0,67639.41,67663.35,23.94000000000233,26119.25999999928
2026-04-01 02:30:00,1,1.0,0.0,67663.35,67668.89,5.539999999993597,26124.799999999275
2026-04-01 02:45:00,0,1.0,1.0,67668.89,67990.15,-321.25999999999476,25803.53999999928
2026-04-01 03:00:00,0,0.0,0.0,67990.15,67973.15,17.0,25820.53999999928
2026-04-01 03:15:00,0,1.0,1.0,67973.15,68062.97,-89.82000000000698,25730.719999999274
2026-04-01 03:30:00,0,1.0,1.0,68062.97,68170.67,-107.69999999999709,25623.019999999276
2026-04-01 03:45:00,0,0.0,1.0,68170.67,68075.22,95.44999999999709,25718.469999999274
2026-04-01 04:00:00,0,1.0,1.0,68075.22,68157.76,-82.5399999999936,25635.92999999928
2026-04-01 04:15:00,0,1.0,1.0,68157.76,68226.91,-69.15000000000873,25566.77999999927
2026-04-01 04:30:00,0,1.0,1.0,68226.91,68303.83,-76.91999999999825,25489.859999999273
2026-04-01 04:45:00,0,1.0,1.0,68303.83,68401.53,-97.69999999999709,25392.159999999276
2026-04-01 05:00:00,0,1.0,1.0,68401.53,68585.97,-184.44000000000233,25207.719999999274
2026-04-01 05:15:00,0,0.0,1.0,68585.97,68507.87,78.10000000000582,25285.81999999928
2026-04-01 05:30:00,0,0.0,1.0,68507.87,68456.02,51.84999999999127,25337.66999999927
2026-04-01 05:45:00,1,1.0,1.0,68456.02,68649.99,193.97000000000116,25531.639999999272
2026-04-01 06:00:00,0,1.0,1.0,68649.99,68859.77,-209.77999999999884,25321.859999999273
2026-04-01 06:15:00,0,1.0,1.0,68859.77,69209.37,-349.59999999999127,24972.25999999928
2026-04-01 06:30:00,0,0.0,1.0,69209.37,69102.85,106.51999999998952,25078.77999999927
2026-04-01 06:45:00,1,1.0,1.0,69102.85,69179.68,76.8299999999872,25155.60999999926
2026-04-01 07:00:00,0,0.0,1.0,69179.68,68896.74,282.9399999999878,25438.549999999246
2026-04-01 07:15:00,1,0.0,0.0,68896.74,68892.97,-3.7700000000040745,25434.779999999242
2026-04-01 07:30:00,1,0.0,1.0,68892.97,68692.0,-200.97000000000116,25233.80999999924
2026-04-01 07:45:00,1,0.0,1.0,68692.0,68528.31,-163.69000000000233,25070.11999999924
2026-04-01 08:00:00,1,1.0,1.0,68528.31,68740.69,212.38000000000466,25282.499999999243
2026-04-01 08:15:00,1,1.0,0.0,68740.69,68779.26,38.56999999999243,25321.069999999236
2026-04-01 08:30:00,0,0.0,1.0,68779.26,68670.16,109.09999999999127,25430.169999999227
2026-04-01 08:45:00,1,0.0,1.0,68670.16,68492.59,-177.57000000000698,25252.59999999922
2026-04-01 09:00:00,1,1.0,1.0,68492.59,68551.45,58.86000000000058,25311.45999999922
2026-04-01 09:15:00,1,0.0,1.0,68551.45,68480.59,-70.86000000000058,25240.59999999922
2026-04-01 09:30:00,1,1.0,1.0,68480.59,68644.0,163.4100000000035,25404.009999999224
2026-04-01 09:45:00,1,0.0,1.0,68644.0,68509.26,-134.74000000000524,25269.26999999922
2026-04-01 10:00:00,1,1.0,0.0,68509.26,68521.16,11.900000000008731,25281.169999999227
2026-04-01 10:15:00,1,0.0,0.0,68521.16,68497.83,-23.330000000001746,25257.839999999225
2026-04-01 10:30:00,1,1.0,1.0,68497.83,68585.55,87.72000000000116,25345.559999999226
2026-04-01 10:45:00,1,1.0,0.0,68585.55,68612.01,26.45999999999185,25372.01999999922
2026-04-01 11:00:00,0,0.0,1.0,68612.01,68552.49,59.51999999998952,25431.539999999208
2026-04-01 11:15:00,1,1.0,1.0,68552.49,68608.35,55.86000000000058,25487.39999999921
2026-04-01 11:30:00,0,1.0,1.0,68608.35,68712.52,-104.16999999999825,25383.22999999921
2026-04-01 11:45:00,0,0.0,1.0,68712.52,68574.13,138.38999999999942,25521.61999999921
2026-04-01 12:00:00,1,0.0,1.0,68574.13,68524.53,-49.60000000000582,25472.019999999204
2026-04-01 12:15:00,1,1.0,1.0,68524.53,68665.68,141.14999999999418,25613.169999999198
2026-04-01 12:30:00,0,0.0,1.0,68665.68,68393.6,272.0799999999872,25885.249999999185
2026-04-01 12:45:00,1,1.0,0.0,68393.6,68432.17,38.56999999999243,25923.819999999178
2026-04-01 13:00:00,0,1.0,1.0,68432.17,68555.87,-123.69999999999709,25800.11999999918
2026-04-01 13:15:00,0,0.0,1.0,68555.87,68114.95,440.91999999999825,26241.03999999918
2026-04-01 13:30:00,1,1.0,0.0,68114.95,68116.07,1.1200000000098953,26242.15999999919
2026-04-01 13:45:00,1,1.0,1.0,68116.07,68263.66,147.5899999999965,26389.749999999185
2026-04-01 14:00:00,1,1.0,1.0,68263.66,68517.23,253.56999999999243,26643.319999999178
2026-04-01 14:15:00,0,0.0,1.0,68517.23,68408.16,109.06999999999243,26752.38999999917
2026-04-01 14:30:00,1,1.0,1.0,68408.16,68593.55,185.38999999999942,26937.77999999917
2026-04-01 14:45:00,0,0.0,1.0,68593.55,68489.19,104.36000000000058,27042.13999999917
2026-04-01 15:00:00,1,1.0,1.0,68489.19,68746.25,257.0599999999977,27299.199999999168
2026-04-01 15:15:00,0,1.0,0.0,68746.25,68756.28,-10.029999999998836,27289.16999999917
2026-04-01 15:30:00,0,1.0,1.0,68756.28,68918.52,-162.24000000000524,27126.929999999164
2026-04-01 15:45:00,0,0.0,1.0,68918.52,68671.85,246.66999999999825,27373.59999999916
2026-04-01 16:00:00,1,1.0,1.0,68671.85,68872.1,200.25,27573.84999999916
2026-04-01 16:15:00,0,1.0,1.0,68872.1,68937.66,-65.55999999999767,27508.289999999164
2026-04-01 16:30:00,0,0.0,1.0,68937.66,68816.34,121.32000000000698,27629.60999999917
2026-04-01 16:45:00,1,0.0,1.0,68816.34,68747.3,-69.0399999999936,27560.569999999178
2026-04-01 17:00:00,1,0.0,1.0,68747.3,68527.97,-219.33000000000175,27341.239999999176
2026-04-01 17:15:00,1,0.0,1.0,68527.97,68426.04,-101.93000000000757,27239.30999999917
2026-04-01 17:30:00,1,0.0,1.0,68426.04,68266.62,-159.41999999999825,27079.88999999917
2026-04-01 17:45:00,1,0.0,1.0,68266.62,68086.03,-180.5899999999965,26899.299999999173
2026-04-01 18:00:00,1,1.0,0.0,68086.03,68089.59,3.5599999999976717,26902.85999999917
2026-04-01 18:15:00,1,1.0,1.0,68089.59,68221.98,132.38999999999942,27035.24999999917
2026-04-01 18:30:00,1,0.0,1.0,68221.98,68084.76,-137.22000000000116,26898.02999999917
2026-04-01 18:45:00,1,0.0,0.0,68084.76,68061.59,-23.169999999998254,26874.85999999917
2026-04-01 19:00:00,1,1.0,1.0,68061.59,68268.34,206.75,27081.60999999917
2026-04-01 19:15:00,1,0.0,1.0,68268.34,68156.98,-111.36000000000058,26970.24999999917
2026-04-01 19:30:00,1,1.0,0.0,68156.98,68176.84,19.860000000000582,26990.10999999917
2026-04-01 19:45:00,1,0.0,1.0,68176.84,68086.01,-90.83000000000175,26899.27999999917
2026-04-01 20:00:00,1,0.0,0.0,68086.01,68051.15,-34.86000000000058,26864.41999999917
2026-04-01 20:15:00,1,1.0,1.0,68051.15,68179.01,127.86000000000058,26992.27999999917
2026-04-01 20:30:00,1,1.0,0.0,68179.01,68191.09,12.080000000001746,27004.35999999917
2026-04-01 20:45:00,0,1.0,1.0,68191.09,68289.65,-98.55999999999767,26905.799999999173
2026-04-01 21:00:00,0,1.0,1.0,68289.65,68437.37,-147.72000000000116,26758.079999999172
2026-04-01 21:15:00,0,0.0,1.0,68437.37,68343.3,94.06999999999243,26852.149999999165
2026-04-01 21:30:00,1,1.0,0.0,68343.3,68362.53,19.229999999995925,26871.37999999916
2026-04-01 21:45:00,0,0.0,1.0,68362.53,68216.38,146.14999999999418,27017.529999999155
2026-04-01 22:00:00,1,0.0,0.0,68216.38,68185.28,-31.10000000000582,26986.42999999915
2026-04-01 22:15:00,1,1.0,1.0,68185.28,68243.81,58.529999999998836,27044.959999999148
2026-04-01 22:30:00,1,0.0,1.0,68243.81,68122.99,-120.81999999999243,26924.139999999155
2026-04-01 22:45:00,1,1.0,1.0,68122.99,68200.0,77.00999999999476,27001.14999999915
2026-04-01 23:00:00,1,0.0,1.0,68200.0,68119.46,-80.5399999999936,26920.609999999157
2026-04-01 23:15:00,1,0.0,0.0,68119.46,68099.87,-19.59000000001106,26901.019999999146
2026-04-01 23:30:00,1,1.0,0.0,68099.87,68113.92,14.05000000000291,26915.06999999915
2026-04-01 23:45:00,1,1.0,1.0,68113.92,68208.26,94.33999999999651,27009.409999999145
2026-04-02 00:00:00,1,1.0,0.0,68208.26,68218.86,10.60000000000582,27020.00999999915
2026-04-02 00:15:00,0,1.0,1.0,68218.86,68526.06,-307.1999999999971,26712.809999999154
2026-04-02 00:30:00,0,1.0,1.0,68526.06,68600.29,-74.22999999999593,26638.579999999158
2026-04-02 00:45:00,0,0.0,1.0,68600.29,68138.05,462.2399999999907,27100.81999999915
2026-04-02 01:00:00,0,0.0,1.0,68138.05,67586.77,551.2799999999988,27652.099999999147
2026-04-02 01:15:00,1,0.0,1.0,67586.77,67174.37,-412.40000000000873,27239.69999999914
2026-04-02 01:30:00,1,1.0,1.0,67174.37,67359.27,184.90000000000873,27424.599999999147
2026-04-02 01:45:00,0,0.0,1.0,67359.27,66860.88,498.3899999999994,27922.989999999147
2026-04-02 02:00:00,1,1.0,0.0,66860.88,66900.63,39.75,27962.739999999147
2026-04-02 02:15:00,1,0.0,1.0,66900.63,66705.79,-194.84000000001106,27767.899999999136
2026-04-02 02:30:00,1,1.0,1.0,66705.79,66852.99,147.20000000001164,27915.099999999147
2026-04-02 02:45:00,0,0.0,1.0,66852.99,66759.97,93.02000000000407,28008.11999999915
2026-04-02 03:00:00,1,1.0,1.0,66759.97,66860.64,100.66999999999825,28108.78999999915
2026-04-02 03:15:00,1,0.0,1.0,66860.64,66606.88,-253.75999999999476,27855.029999999155
2026-04-02 03:30:00,1,0.0,0.0,66606.88,66576.25,-30.630000000004657,27824.39999999915
2026-04-02 03:45:00,1,0.0,0.0,66576.25,66533.43,-42.820000000006985,27781.579999999143
2026-04-02 04:00:00,1,0.0,1.0,66533.43,66427.07,-106.35999999998603,27675.219999999157
2026-04-02 04:15:00,1,0.0,1.0,66427.07,66287.03,-140.04000000000815,27535.17999999915
2026-04-02 04:30:00,1,1.0,0.0,66287.03,66330.27,43.24000000000524,27578.419999999154
2026-04-02 04:45:00,1,1.0,1.0,66330.27,66384.3,54.029999999998836,27632.449999999153
2026-04-02 05:00:00,1,1.0,1.0,66384.3,66474.72,90.41999999999825,27722.86999999915
2026-04-02 05:15:00,0,1.0,1.0,66474.72,66580.15,-105.42999999999302,27617.43999999916
2026-04-02 05:30:00,0,1.0,0.0,66580.15,66591.54,-11.389999999999418,27606.04999999916
2026-04-02 05:45:00,0,0.0,0.0,66591.54,66577.24,14.299999999988358,27620.349999999147
2026-04-02 06:00:00,1,1.0,1.0,66577.24,66642.24,65.0,27685.349999999147
2026-04-02 06:15:00,0,0.0,1.0,66642.24,66549.9,92.34000000001106,27777.68999999916
2026-04-02 06:30:00,1,1.0,1.0,66549.9,66681.49,131.59000000001106,27909.27999999917
2026-04-02 06:45:00,0,0.0,1.0,66681.49,66580.01,101.48000000001048,28010.75999999918
2026-04-02 07:00:00,1,1.0,1.0,66580.01,66679.81,99.80000000000291,28110.559999999183
2026-04-02 07:15:00,0,1.0,1.0,66679.81,66862.85,-183.04000000000815,27927.519999999175
2026-04-02 07:30:00,0,1.0,1.0,66862.85,66930.79,-67.93999999998778,27859.579999999187
2026-04-02 07:45:00,0,0.0,1.0,66930.79,66784.04,146.75,28006.329999999187
2026-04-02 08:00:00,1,0.0,1.0,66784.04,66683.5,-100.5399999999936,27905.789999999193
2026-04-02 08:15:00,1,0.0,1.0,66683.5,66511.17,-172.33000000000175,27733.45999999919
2026-04-02 08:30:00,1,0.0,1.0,66511.17,66439.12,-72.05000000000291,27661.40999999919
2026-04-02 08:45:00,1,0.0,0.0,66439.12,66427.83,-11.289999999993597,27650.119999999195
2026-04-02 09:00:00,1,1.0,1.0,66427.83,66478.73,50.89999999999418,27701.01999999919
2026-04-02 09:15:00,1,0.0,0.0,66478.73,66440.97,-37.75999999999476,27663.259999999194
2026-04-02 09:30:00,1,1.0,0.0,66440.97,66469.6,28.630000000004657,27691.8899999992
2026-04-02 09:45:00,1,0.0,1.0,66469.6,66262.53,-207.07000000000698,27484.819999999192
2026-04-02 10:00:00,1,1.0,1.0,66262.53,66378.59,116.05999999999767,27600.87999999919
2026-04-02 10:15:00,1,1.0,1.0,66378.59,66484.8,106.2100000000064,27707.089999999196
2026-04-02 10:30:00,0,0.0,0.0,66484.8,66457.28,27.520000000004075,27734.6099999992
2026-04-02 10:45:00,1,0.0,1.0,66457.28,66300.0,-157.27999999999884,27577.3299999992
2026-04-02 11:00:00,1,1.0,1.0,66300.0,66456.4,156.39999999999418,27733.729999999196
2026-04-02 11:15:00,0,0.0,1.0,66456.4,66340.0,116.39999999999418,27850.12999999919
2026-04-02 11:30:00,1,0.0,1.0,66340.0,66220.28,-119.72000000000116,27730.40999999919
2026-04-02 11:45:00,1,0.0,0.0,66220.28,66182.05,-38.229999999995925,27692.179999999193
2026-04-02 12:00:00,1,0.0,0.0,66182.05,66149.4,-32.65000000000873,27659.529999999184
2026-04-02 12:15:00,1,1.0,1.0,66149.4,66224.34,74.94000000000233,27734.469999999186
2026-04-02 12:30:00,1,0.0,1.0,66224.34,66052.71,-171.6299999999901,27562.839999999196
2026-04-02 12:45:00,1,0.0,0.0,66052.71,66008.51,-44.20000000001164,27518.639999999185
2026-04-02 13:00:00,1,1.0,1.0,66008.51,66153.24,144.73000000001048,27663.369999999195
2026-04-02 13:15:00,1,0.0,1.0,66153.24,65866.7,-286.54000000000815,27376.829999999187
2026-04-02 13:30:00,1,1.0,1.0,65866.7,66270.87,404.16999999999825,27780.999999999185
2026-04-02 13:45:00,0,1.0,1.0,66270.87,66397.85,-126.98000000001048,27654.019999999175
2026-04-02 14:00:00,0,0.0,1.0,66397.85,66261.89,135.9600000000064,27789.97999999918
2026-04-02 14:15:00,1,1.0,1.0,66261.89,67054.37,792.4799999999959,28582.459999999177
2026-04-02 14:30:00,0,0.0,1.0,67054.37,66868.18,186.19000000000233,28768.64999999918
2026-04-02 14:45:00,1,1.0,0.0,66868.18,66904.01,35.830000000001746,28804.47999999918
2026-04-02 15:00:00,0,0.0,1.0,66904.01,66849.99,54.01999999998952,28858.49999999917
2026-04-02 15:15:00,1,1.0,1.0,66849.99,66936.69,86.69999999999709,28945.199999999168
2026-04-02 15:30:00,0,0.0,1.0,66936.69,66852.91,83.77999999999884,29028.979999999166
2026-04-02 15:45:00,1,1.0,1.0,66852.91,66913.37,60.45999999999185,29089.43999999916
2026-04-02 16:00:00,0,0.0,0.0,66913.37,66884.01,29.360000000000582,29118.79999999916
2026-04-02 16:15:00,1,1.0,1.0,66884.01,67172.97,288.9600000000064,29407.759999999165
2026-04-02 16:30:00,0,0.0,1.0,67172.97,67095.85,77.11999999999534,29484.87999999916
2026-04-02 16:45:00,1,1.0,1.0,67095.85,67169.55,73.69999999999709,29558.579999999158
2026-04-02 17:00:00,0,1.0,1.0,67169.55,67247.69,-78.13999999999942,29480.43999999916
2026-04-02 17:15:00,0,0.0,1.0,67247.69,66991.99,255.6999999999971,29736.139999999155
2026-04-02 17:30:00,1,0.0,1.0,66991.99,66679.16,-312.83000000000175,29423.309999999154
2026-04-02 17:45:00,1,1.0,0.0,66679.16,66696.19,17.029999999998836,29440.339999999152
2026-04-02 18:00:00,1,0.0,1.0,66696.19,66622.71,-73.47999999999593,29366.859999999157
2026-04-02 18:15:00,1,1.0,1.0,66622.71,66740.37,117.65999999998894,29484.519999999146
2026-04-02 18:30:00,1,1.0,1.0,66740.37,66981.99,241.6200000000099,29726.139999999155
2026-04-02 18:45:00,0,1.0,1.0,66981.99,67055.28,-73.2899999999936,29652.84999999916
2026-04-02 19:00:00,0,0.0,0.0,67055.28,67035.36,19.919999999998254,29672.76999999916
2026-04-02 19:15:00,1,0.0,1.0,67035.36,66973.21,-62.14999999999418,29610.619999999166
2026-04-02 19:30:00,1,1.0,0.0,66973.21,66975.99,2.779999999998836,29613.399999999165
2026-04-02 19:45:00,0,0.0,1.0,66975.99,66894.09,81.90000000000873,29695.299999999173
2026-04-02 20:00:00,1,1.0,1.0,66894.09,67052.99,158.90000000000873,29854.199999999182
2026-04-02 20:15:00,0,0.0,0.0,67052.99,67034.14,18.85000000000582,29873.049999999188
2026-04-02 20:30:00,1,0.0,1.0,67034.14,66939.25,-94.88999999999942,29778.15999999919
2026-04-02 20:45:00,1,0.0,1.0,66939.25,66817.39,-121.86000000000058,29656.299999999188
2026-04-02 21:00:00,1,1.0,0.0,66817.39,66836.01,18.619999999995343,29674.919999999183
2026-04-02 21:15:00,1,0.0,1.0,66836.01,66779.26,-56.75,29618.169999999183
2026-04-02 21:30:00,1,1.0,1.0,66779.26,66935.93,156.66999999999825,29774.83999999918
2026-04-02 21:45:00,0,0.0,0.0,66935.93,66898.6,37.329999999987194,29812.16999999917
2026-04-02 22:00:00,1,1.0,0.0,66898.6,66902.8,4.19999999999709,29816.369999999166
2026-04-02 22:15:00,0,1.0,1.0,66902.8,66985.24,-82.44000000000233,29733.929999999164
2026-04-02 22:30:00,0,0.0,0.0,66985.24,66982.48,2.7600000000093132,29736.689999999173
2026-04-02 22:45:00,1,0.0,0.0,66982.48,66951.34,-31.139999999999418,29705.549999999173
2026-04-02 23:00:00,1,0.0,0.0,66951.34,66946.12,-5.220000000001164,29700.329999999172
2026-04-02 23:15:00,1,0.0,1.0,66946.12,66885.83,-60.2899999999936,29640.03999999918
2026-04-02 23:30:00,1,1.0,0.0,66885.83,66901.99,16.160000000003492,29656.199999999182
2026-04-02 23:45:00,0,0.0,0.0,66901.99,66883.68,18.310000000012224,29674.509999999194
2026-04-03 00:00:00,1,0.0,1.0,66883.68,66828.89,-54.7899999999936,29619.7199999992
2026-04-03 00:15:00,1,0.0,0.0,66828.89,66811.79,-17.10000000000582,29602.619999999195
2026-04-03 00:30:00,1,0.0,0.0,66811.79,66785.86,-25.929999999993015,29576.689999999202
2026-04-03 00:45:00,1,1.0,0.0,66785.86,66831.01,45.14999999999418,29621.839999999196
2026-04-03 01:00:00,1,1.0,0.0,66831.01,66863.0,31.99000000000524,29653.8299999992
2026-04-03 01:15:00,0,0.0,1.0,66863.0,66574.33,288.66999999999825,29942.4999999992
2026-04-03 01:30:00,1,1.0,1.0,66574.33,66630.0,55.669999999998254,29998.169999999198
2026-04-03 01:45:00,0,0.0,1.0,66630.0,66508.76,121.24000000000524,30119.409999999203
2026-04-03 02:00:00,1,0.0,1.0,66508.76,66460.64,-48.11999999999534,30071.289999999208
2026-04-03 02:15:00,1,0.0,1.0,66460.64,66349.55,-111.08999999999651,29960.19999999921
2026-04-03 02:30:00,1,1.0,1.0,66349.55,66533.81,184.25999999999476,30144.459999999206
2026-04-03 02:45:00,0,1.0,1.0,66533.81,66651.74,-117.93000000000757,30026.5299999992
2026-04-03 03:00:00,0,0.0,0.0,66651.74,66634.5,17.24000000000524,30043.769999999204
2026-04-03 03:15:00,1,0.0,0.0,66634.5,66607.07,-27.429999999993015,30016.33999999921
2026-04-03 03:30:00,1,0.0,0.0,66607.07,66579.97,-27.10000000000582,29989.239999999205
2026-04-03 03:45:00,1,1.0,1.0,66579.97,66639.65,59.679999999993015,30048.919999999198
2026-04-03 04:00:00,0,0.0,1.0,66639.65,66550.0,89.64999999999418,30138.569999999192
2026-04-03 04:15:00,1,1.0,0.0,66550.0,66578.0,28.0,30166.569999999192
2026-04-03 04:30:00,1,1.0,0.0,66578.0,66602.66,24.660000000003492,30191.229999999196
2026-04-03 04:45:00,0,0.0,0.0,66602.66,66596.78,5.880000000004657,30197.1099999992
2026-04-03 05:00:00,1,0.0,0.0,66596.78,66583.79,-12.990000000005239,30184.119999999195
2026-04-03 05:15:00,1,1.0,1.0,66583.79,66777.54,193.75,30377.869999999195
2026-04-03 05:30:00,0,0.0,1.0,66777.54,66600.35,177.18999999998778,30555.059999999183
2026-04-03 05:45:00,1,1.0,1.0,66600.35,66660.32,59.970000000001164,30615.029999999184
2026-04-03 06:00:00,0,0.0,0.0,66660.32,66624.98,35.34000000001106,30650.369999999195
2026-04-03 06:15:00,1,1.0,1.0,66624.98,66740.63,115.65000000000873,30766.019999999204
2026-04-03 06:30:00,0,1.0,1.0,66740.63,66796.79,-56.15999999998894,30709.859999999215
2026-04-03 06:45:00,0,1.0,0.0,66796.79,66818.36,-21.570000000006985,30688.289999999208
2026-04-03 07:00:00,0,1.0,1.0,66818.36,66942.95,-124.58999999999651,30563.69999999921
2026-04-03 07:15:00,0,1.0,1.0,66942.95,67075.72,-132.77000000000407,30430.929999999207
2026-04-03 07:30:00,0,0.0,0.0,67075.72,67042.08,33.63999999999942,30464.569999999207
2026-04-03 07:45:00,0,1.0,1.0,67042.08,67169.74,-127.66000000000349,30336.909999999203
2026-04-03 08:00:00,0,0.0,1.0,67169.74,67056.25,113.49000000000524,30450.39999999921
2026-04-03 08:15:00,0,0.0,1.0,67056.25,66934.65,121.60000000000582,30571.999999999214
2026-04-03 08:30:00,1,1.0,0.0,66934.65,66965.39,30.74000000000524,30602.73999999922
2026-04-03 08:45:00,0,0.0,1.0,66965.39,66889.47,75.91999999999825,30678.659999999218
2026-04-03 09:00:00,1,0.0,1.0,66889.47,66819.29,-70.18000000000757,30608.47999999921
2026-04-03 09:15:00,1,1.0,1.0,66819.29,66902.2,82.91000000000349,30691.389999999214
2026-04-03 09:30:00,0,0.0,0.0,66902.2,66859.58,42.61999999999534,30734.00999999921
2026-04-03 09:45:00,1,0.0,0.0,66859.58,66828.1,-31.479999999995925,30702.529999999213
2026-04-03 10:00:00,1,0.0,1.0,66828.1,66765.71,-62.38999999999942,30640.139999999214
2026-04-03 10:15:00,1,1.0,0.0,66765.71,66781.91,16.19999999999709,30656.33999999921
2026-04-03 10:30:00,1,1.0,1.0,66781.91,66883.08,101.16999999999825,30757.50999999921
2026-04-03 10:45:00,0,0.0,0.0,66883.08,66852.07,31.00999999999476,30788.519999999204
2026-04-03 11:00:00,1,1.0,1.0,66852.07,66937.63,85.55999999999767,30874.0799999992
2026-04-03 11:15:00,0,1.0,1.0,66937.63,67001.23,-63.59999999999127,30810.47999999921
2026-04-03 11:30:00,0,1.0,0.0,67001.23,67017.44,-16.210000000006403,30794.269999999204
2026-04-03 11:45:00,0,0.0,0.0,67017.44,67008.0,9.440000000002328,30803.709999999206
2026-04-03 12:00:00,1,1.0,1.0,67008.0,67115.99,107.99000000000524,30911.69999999921
2026-04-03 12:15:00,0,0.0,1.0,67115.99,66867.31,248.68000000000757,31160.37999999922
2026-04-03 12:30:00,1,0.0,1.0,66867.31,66722.16,-145.14999999999418,31015.229999999225
2026-04-03 12:45:00,1,0.0,1.0,66722.16,66672.07,-50.08999999999651,30965.139999999228
2026-04-03 13:00:00,1,1.0,0.0,66672.07,66688.73,16.65999999998894,30981.799999999217
2026-04-03 13:15:00,1,0.0,1.0,66688.73,66602.66,-86.06999999999243,30895.729999999225
2026-04-03 13:30:00,1,1.0,1.0,66602.66,66672.0,69.33999999999651,30965.06999999922
2026-04-03 13:45:00,0,1.0,1.0,66672.0,66785.76,-113.75999999999476,30851.309999999226
2026-04-03 14:00:00,0,1.0,1.0,66785.76,66916.1,-130.34000000001106,30720.969999999215
2026-04-03 14:15:00,0,0.0,1.0,66916.1,66814.57,101.52999999999884,30822.499999999214
2026-04-03 14:30:00,1,1.0,1.0,66814.57,66929.81,115.23999999999069,30937.739999999205
2026-04-03 14:45:00,0,1.0,0.0,66929.81,66966.0,-36.19000000000233,30901.549999999203
2026-04-03 15:00:00,0,0.0,0.0,66966.0,66933.71,32.2899999999936,30933.839999999196
2026-04-03 15:15:00,1,0.0,1.0,66933.71,66859.48,-74.23000000001048,30859.609999999186
2026-04-03 15:30:00,1,0.0,0.0,66859.48,66827.15,-32.330000000001746,30827.279999999184
2026-04-03 15:45:00,1,1.0,1.0,66827.15,66907.05,79.90000000000873,30907.179999999193
2026-04-03 16:00:00,0,1.0,1.0,66907.05,66993.14,-86.08999999999651,30821.089999999196
2026-04-03 16:15:00,0,0.0,0.0,66993.14,66974.91,18.229999999995925,30839.319999999192
2026-04-03 16:30:00,1,1.0,0.0,66974.91,67010.46,35.55000000000291,30874.869999999195
2026-04-03 16:45:00,0,0.0,1.0,67010.46,66964.01,46.45000000001164,30921.319999999207
2026-04-03 17:00:00,1,0.0,1.0,66964.01,66880.8,-83.20999999999185,30838.109999999215
2026-04-03 17:15:00,1,1.0,0.0,66880.8,66895.09,14.289999999993597,30852.39999999921
2026-04-03 17:30:00,1,0.0,1.0,66895.09,66855.01,-40.080000000001746,30812.319999999207
2026-04-03 17:45:00,1,0.0,0.0,66855.01,66837.72,-17.289999999993597,30795.029999999213
2026-04-03 18:00:00,1,1.0,1.0,66837.72,66882.24,44.520000000004075,30839.549999999217
2026-04-03 18:15:00,0,0.0,0.0,66882.24,66856.83,25.410000000003492,30864.95999999922
2026-04-03 18:30:00,1,0.0,1.0,66856.83,66812.03,-44.80000000000291,30820.159999999218
2026-04-03 18:45:00,1,0.0,0.0,66812.03,66782.02,-30.00999999999476,30790.149999999223
2026-04-03 19:00:00,1,1.0,0.0,66782.02,66794.83,12.809999999997672,30802.95999999922
2026-04-03 19:15:00,0,1.0,1.0,66794.83,66857.67,-62.83999999999651,30740.119999999224
2026-04-03 19:30:00,0,1.0,0.0,66857.67,66885.74,-28.070000000006985,30712.049999999217
2026-04-03 19:45:00,0,1.0,0.0,66885.74,66899.99,-14.25,30697.799999999217
2026-04-03 20:00:00,0,0.0,0.0,66899.99,66881.23,18.760000000009313,30716.559999999226
2026-04-03 20:15:00,1,1.0,0.0,66881.23,66884.8,3.570000000006985,30720.129999999233
2026-04-03 20:30:00,0,0.0,1.0,66884.8,66831.98,52.820000000006985,30772.94999999924
2026-04-03 20:45:00,1,1.0,1.0,66831.98,66909.66,77.68000000000757,30850.629999999248
2026-04-03 21:00:00,0,0.0,0.0,66909.66,66887.99,21.669999999998254,30872.299999999246
2026-04-03 21:15:00,1,1.0,1.0,66887.99,66940.26,52.26999999998952,30924.569999999236
2026-04-03 21:30:00,0,1.0,0.0,66940.26,66964.21,-23.95000000001164,30900.619999999224
2026-04-03 21:45:00,0,0.0,1.0,66964.21,66871.0,93.2100000000064,30993.82999999923
2026-04-03 22:00:00,1,1.0,1.0,66871.0,66918.0,47.0,31040.82999999923
2026-04-03 22:15:00,0,1.0,0.0,66918.0,66929.97,-11.970000000001164,31028.85999999923
2026-04-03 22:30:00,0,0.0,1.0,66929.97,66888.76,41.2100000000064,31070.069999999236
2026-04-03 22:45:00,1,0.0,0.0,66888.76,66870.59,-18.169999999998254,31051.899999999237
2026-04-03 23:00:00,1,0.0,0.0,66870.59,66856.23,-14.360000000000582,31037.539999999237
2026-04-03 23:15:00,1,1.0,0.0,66856.23,66868.78,12.55000000000291,31050.08999999924
2026-04-03 23:30:00,1,1.0,1.0,66868.78,66964.3,95.52000000000407,31145.609999999244
2026-04-03 23:45:00,0,0.0,1.0,66964.3,66911.19,53.11000000000058,31198.719999999244
2026-04-04 00:00:00,1,1.0,0.0,66911.19,66918.95,7.759999999994761,31206.47999999924
2026-04-04 00:15:00,0,1.0,0.0,66918.95,66939.61,-20.660000000003492,31185.819999999236
2026-04-04 00:30:00,0,0.0,1.0,66939.61,66893.39,46.220000000001164,31232.039999999237
2026-04-04 00:45:00,1,0.0,1.0,66893.39,66852.23,-41.16000000000349,31190.879999999233
2026-04-04 01:00:00,1,0.0,0.0,66852.23,66840.6,-11.629999999990105,31179.249999999243
2026-04-04 01:15:00,1,0.0,0.0,66840.6,66832.94,-7.6600000000034925,31171.58999999924
2026-04-04 01:30:00,1,1.0,0.0,66832.94,66852.0,19.05999999999767,31190.649999999237
2026-04-04 01:45:00,1,0.0,0.0,66852.0,66844.34,-7.6600000000034925,31182.989999999234
2026-04-04 02:00:00,1,0.0,0.0,66844.34,66834.32,-10.019999999989523,31172.969999999244
2026-04-04 02:15:00,1,0.0,0.0,66834.32,66826.82,-7.5,31165.469999999244
2026-04-04 02:30:00,1,1.0,0.0,66826.82,66844.83,18.00999999999476,31183.47999999924
2026-04-04 02:45:00,0,1.0,1.0,66844.83,66900.84,-56.00999999999476,31127.469999999244
2026-04-04 03:00:00,0,0.0,1.0,66900.84,66852.11,48.729999999995925,31176.19999999924
2026-04-04 03:15:00,1,0.0,0.0,66852.11,66840.75,-11.360000000000582,31164.83999999924
2026-04-04 03:30:00,1,0.0,0.0,66840.75,66832.18,-8.570000000006985,31156.269999999233
2026-04-04 03:45:00,1,0.0,0.0,66832.18,66800.01,-32.169999999998254,31124.099999999235
2026-04-04 04:00:00,1,1.0,1.0,66800.01,66857.72,57.7100000000064,31181.80999999924
2026-04-04 04:15:00,1,0.0,0.0,66857.72,66857.22,-0.5,31181.30999999924
2026-04-04 04:30:00,1,1.0,0.0,66857.22,66860.73,3.5099999999947613,31184.819999999236
2026-04-04 04:45:00,1,1.0,0.0,66860.73,66861.78,1.0500000000029104,31185.86999999924
2026-04-04 05:00:00,0,1.0,0.0,66861.78,66878.36,-16.580000000001746,31169.289999999237
2026-04-04 05:15:00,0,1.0,0.0,66878.36,66895.21,-16.85000000000582,31152.43999999923
2026-04-04 05:30:00,0,1.0,0.0,66895.21,66916.29,-21.079999999987194,31131.359999999244
2026-04-04 05:45:00,0,1.0,1.0,66916.29,66955.24,-38.95000000001164,31092.409999999232
2026-04-04 06:00:00,0,1.0,0.0,66955.24,66955.97,-0.7299999999959255,31091.679999999236
2026-04-04 06:15:00,0,1.0,0.0,66955.97,66966.95,-10.979999999995925,31080.69999999924
2026-04-04 06:30:00,0,1.0,1.0,66966.95,67013.24,-46.29000000000815,31034.409999999232
2026-04-04 06:45:00,0,0.0,0.0,67013.24,67002.92,10.320000000006985,31044.72999999924
2026-04-04 07:00:00,1,0.0,1.0,67002.92,66967.37,-35.55000000000291,31009.179999999236
2026-04-04 07:15:00,1,0.0,0.0,66967.37,66966.02,-1.3499999999912689,31007.829999999245
2026-04-04 07:30:00,1,1.0,1.0,66966.02,67014.96,48.94000000000233,31056.769999999247
2026-04-04 07:45:00,0,0.0,0.0,67014.96,67001.23,13.730000000010477,31070.499999999258
2026-04-04 08:00:00,1,1.0,1.0,67001.23,67051.99,50.76000000000931,31121.259999999267
2026-04-04 08:15:00,0,0.0,1.0,67051.99,66980.12,71.8700000000099,31193.129999999277
2026-04-04 08:30:00,1,0.0,1.0,66980.12,66940.0,-40.11999999999534,31153.00999999928
2026-04-04 08:45:00,1,1.0,1.0,66940.0,66983.71,43.7100000000064,31196.719999999288
2026-04-04 09:00:00,0,0.0,0.0,66983.71,66977.48,6.230000000010477,31202.9499999993
2026-04-04 09:15:00,1,0.0,0.0,66977.48,66963.96,-13.519999999989523,31189.42999999931
2026-04-04 09:30:00,1,1.0,0.0,66963.96,66988.05,24.089999999996508,31213.519999999306
2026-04-04 09:45:00,0,0.0,1.0,66988.05,66918.0,70.05000000000291,31283.56999999931
2026-04-04 10:00:00,1,1.0,0.0,66918.0,66943.37,25.369999999995343,31308.939999999304
2026-04-04 10:15:00,0,1.0,1.0,66943.37,67050.0,-106.63000000000466,31202.3099999993
2026-04-04 10:30:00,0,1.0,1.0,67050.0,67167.0,-117.0,31085.3099999993
2026-04-04 10:45:00,0,1.0,0.0,67167.0,67170.22,-3.220000000001164,31082.089999999298
2026-04-04 11:00:00,0,0.0,1.0,67170.22,67125.44,44.779999999998836,31126.869999999297
2026-04-04 11:15:00,1,1.0,0.0,67125.44,67142.12,16.679999999993015,31143.54999999929
2026-04-04 11:30:00,0,1.0,0.0,67142.12,67156.93,-14.809999999997672,31128.739999999292
2026-04-04 11:45:00,0,0.0,1.0,67156.93,67121.94,34.98999999999069,31163.729999999283
2026-04-04 12:00:00,1,0.0,0.0,67121.94,67112.73,-9.210000000006403,31154.519999999276
2026-04-04 12:15:00,1,0.0,1.0,67112.73,67060.57,-52.15999999998894,31102.359999999288
2026-04-04 12:30:00,1,1.0,1.0,67060.57,67097.87,37.29999999998836,31139.659999999276
2026-04-04 12:45:00,0,1.0,0.0,67097.87,67109.23,-11.360000000000582,31128.299999999275
2026-04-04 13:00:00,0,1.0,0.0,67109.23,67113.41,-4.180000000007567,31124.119999999268
2026-04-04 13:15:00,0,1.0,1.0,67113.41,67239.97,-126.55999999999767,30997.55999999927
2026-04-04 13:30:00,0,0.0,1.0,67239.97,67193.44,46.529999999998836,31044.08999999927
2026-04-04 13:45:00,1,1.0,0.0,67193.44,67200.23,6.789999999993597,31050.879999999263
2026-04-04 14:00:00,0,0.0,0.0,67200.23,67187.71,12.519999999989523,31063.399999999252
2026-04-04 14:15:00,1,0.0,1.0,67187.71,67105.15,-82.56000000001222,30980.83999999924
2026-04-04 14:30:00,1,1.0,1.0,67105.15,67215.24,110.09000000001106,31090.92999999925
2026-04-04 14:45:00,0,1.0,1.0,67215.24,67383.16,-167.91999999999825,30923.009999999253
2026-04-04 15:00:00,0,0.0,1.0,67383.16,67339.03,44.13000000000466,30967.139999999257
2026-04-04 15:15:00,0,0.0,0.0,67339.03,67328.62,10.410000000003492,30977.54999999926
2026-04-04 15:30:00,1,1.0,1.0,67328.62,67383.66,55.04000000000815,31032.58999999927
2026-04-04 15:45:00,0,0.0,1.0,67383.66,67350.87,32.79000000000815,31065.379999999277
2026-04-04 16:00:00,0,1.0,1.0,67350.87,67446.36,-95.49000000000524,30969.889999999272
2026-04-04 16:15:00,0,1.0,1.0,67446.36,67513.78,-67.41999999999825,30902.469999999274
2026-04-04 16:30:00,0,0.0,1.0,67513.78,67366.68,147.10000000000582,31049.56999999928
2026-04-04 16:45:00,1,1.0,0.0,67366.68,67375.36,8.680000000007567,31058.249999999287
2026-04-04 17:00:00,0,1.0,0.0,67375.36,67390.28,-14.919999999998254,31043.32999999929
2026-04-04 17:15:00,0,0.0,1.0,67390.28,67326.01,64.27000000000407,31107.599999999293
2026-04-04 17:30:00,1,1.0,0.0,67326.01,67329.4,3.389999999999418,31110.989999999292
2026-04-04 17:45:00,0,1.0,0.0,67329.4,67332.67,-3.2700000000040745,31107.719999999288
2026-04-04 18:00:00,0,1.0,0.0,67332.67,67336.0,-3.3300000000017462,31104.389999999286
2026-04-04 18:15:00,0,0.0,1.0,67336.0,67285.63,50.36999999999534,31154.75999999928
2026-04-04 18:30:00,1,1.0,0.0,67285.63,67295.47,9.839999999996508,31164.59999999928
2026-04-04 18:45:00,0,1.0,1.0,67295.47,67497.19,-201.72000000000116,30962.879999999277
2026-04-04 19:00:00,0,0.0,1.0,67497.19,67365.72,131.47000000000116,31094.34999999928
2026-04-04 19:15:00,1,0.0,1.0,67365.72,67298.52,-67.19999999999709,31027.14999999928
2026-04-04 19:30:00,1,0.0,0.0,67298.52,67288.42,-10.10000000000582,31017.049999999275
2026-04-04 19:45:00,1,0.0,1.0,67288.42,67227.19,-61.229999999995925,30955.81999999928
2026-04-04 20:00:00,1,1.0,1.0,67227.19,67270.01,42.81999999999243,30998.639999999272
2026-04-04 20:15:00,0,0.0,0.0,67270.01,67261.45,8.559999999997672,31007.19999999927
2026-04-04 20:30:00,1,1.0,0.0,67261.45,67268.4,6.94999999999709,31014.149999999267
2026-04-04 20:45:00,0,0.0,1.0,67268.4,67235.66,32.73999999999069,31046.889999999257
2026-04-04 21:00:00,1,1.0,1.0,67235.66,67273.44,37.779999999998836,31084.669999999256
2026-04-04 21:15:00,0,1.0,1.0,67273.44,67311.17,-37.729999999995925,31046.93999999926
2026-04-04 21:30:00,0,1.0,1.0,67311.17,67359.2,-48.029999999998836,30998.90999999926
2026-04-04 21:45:00,0,1.0,1.0,67359.2,67389.64,-30.44000000000233,30968.46999999926
2026-04-04 22:00:00,0,1.0,1.0,67389.64,67427.77,-38.13000000000466,30930.339999999254
2026-04-04 22:15:00,0,1.0,1.0,67427.77,67465.19,-37.419999999998254,30892.919999999256
2026-04-04 22:30:00,0,0.0,1.0,67465.19,67399.92,65.27000000000407,30958.18999999926
2026-04-04 22:45:00,0,0.0,1.0,67399.92,67362.46,37.45999999999185,30995.649999999252
2026-04-04 23:00:00,1,0.0,1.0,67362.46,67305.64,-56.820000000006985,30938.829999999245
2026-04-04 23:15:00,1,1.0,0.0,67305.64,67325.25,19.610000000000582,30958.439999999246
2026-04-04 23:30:00,0,0.0,0.0,67325.25,67300.42,24.830000000001746,30983.269999999247
2026-04-04 23:45:00,1,0.0,1.0,67300.42,67257.37,-43.05000000000291,30940.219999999244
2026-04-05 00:00:00,1,1.0,0.0,67257.37,67264.42,7.05000000000291,30947.269999999247
2026-04-05 00:15:00,1,0.0,0.0,67264.42,67247.83,-16.589999999996508,30930.67999999925
2026-04-05 00:30:00,1,0.0,0.0,67247.83,67225.0,-22.830000000001746,30907.84999999925
2026-04-05 00:45:00,1,0.0,1.0,67225.0,67189.67,-35.330000000001746,30872.519999999247
2026-04-05 01:00:00,1,0.0,1.0,67189.67,67130.21,-59.45999999999185,30813.059999999256
2026-04-05 01:15:00,1,0.0,1.0,67130.21,67086.71,-43.5,30769.559999999256
2026-04-05 01:30:00,1,0.0,0.0,67086.71,67085.0,-1.7100000000064028,30767.84999999925
2026-04-05 01:45:00,1,0.0,1.0,67085.0,66998.37,-86.63000000000466,30681.219999999244
2026-04-05 02:00:00,1,1.0,1.0,66998.37,67129.5,131.13000000000466,30812.34999999925
2026-04-05 02:15:00,0,1.0,0.0,67129.5,67135.96,-6.460000000006403,30805.889999999243
2026-04-05 02:30:00,0,1.0,1.0,67135.96,67170.16,-34.19999999999709,30771.689999999246
2026-04-05 02:45:00,0,1.0,0.0,67170.16,67188.08,-17.919999999998254,30753.769999999247
2026-04-05 03:00:00,0,0.0,1.0,67188.08,67154.64,33.44000000000233,30787.20999999925
2026-04-05 03:15:00,1,0.0,0.0,67154.64,67139.12,-15.520000000004075,30771.689999999246
2026-04-05 03:30:00,1,1.0,0.0,67139.12,67145.98,6.860000000000582,30778.549999999246
2026-04-05 03:45:00,0,0.0,1.0,67145.98,67087.21,58.76999999998952,30837.319999999236
2026-04-05 04:00:00,1,1.0,1.0,67087.21,67188.51,101.29999999998836,30938.619999999224
2026-04-05 04:15:00,0,0.0,1.0,67188.51,67130.29,58.220000000001164,30996.839999999225
2026-04-05 04:30:00,1,0.0,1.0,67130.29,67101.65,-28.639999999999418,30968.199999999226
2026-04-05 04:45:00,1,1.0,0.0,67101.65,67112.59,10.940000000002328,30979.139999999228
2026-04-05 05:00:00,0,0.0,0.0,67112.59,67095.0,17.589999999996508,30996.729999999225
2026-04-05 05:15:00,1,0.0,0.0,67095.0,67085.48,-9.520000000004075,30987.20999999922
2026-04-05 05:30:00,1,0.0,1.0,67085.48,66931.65,-153.83000000000175,30833.37999999922
2026-04-05 05:45:00,1,0.0,1.0,66931.65,66660.33,-271.31999999999243,30562.059999999226
2026-04-05 06:00:00,1,1.0,1.0,66660.33,66763.88,103.55000000000291,30665.60999999923
2026-04-05 06:15:00,1,1.0,1.0,66763.88,66826.59,62.70999999999185,30728.31999999922
2026-04-05 06:30:00,0,0.0,0.0,66826.59,66802.24,24.34999999999127,30752.669999999212
2026-04-05 06:45:00,1,1.0,1.0,66802.24,66905.1,102.86000000000058,30855.529999999213
2026-04-05 07:00:00,0,0.0,1.0,66905.1,66816.96,88.13999999999942,30943.669999999212
2026-04-05 07:15:00,1,0.0,1.0,66816.96,66767.02,-49.94000000000233,30893.72999999921
2026-04-05 07:30:00,1,1.0,1.0,66767.02,66820.64,53.61999999999534,30947.349999999205
2026-04-05 07:45:00,0,1.0,1.0,66820.64,66862.19,-41.55000000000291,30905.799999999203
2026-04-05 08:00:00,0,1.0,0.0,66862.19,66875.07,-12.880000000004657,30892.919999999198
2026-04-05 08:15:00,0,0.0,0.0,66875.07,66860.24,14.830000000001746,30907.7499999992
2026-04-05 08:30:00,1,1.0,1.0,66860.24,66933.18,72.93999999998778,30980.689999999187
2026-04-05 08:45:00,0,0.0,0.0,66933.18,66929.99,3.1899999999877764,30983.879999999175
2026-04-05 09:00:00,1,1.0,1.0,66929.99,67015.59,85.59999999999127,31069.479999999166
2026-04-05 09:15:00,0,1.0,0.0,67015.59,67026.81,-11.220000000001164,31058.259999999165
2026-04-05 09:30:00,0,1.0,0.0,67026.81,67035.15,-8.339999999996508,31049.91999999917
2026-04-05 09:45:00,0,0.0,1.0,67035.15,66975.67,59.479999999995925,31109.399999999165
2026-04-05 10:00:00,1,1.0,0.0,66975.67,66992.92,17.25,31126.649999999165
2026-04-05 10:15:00,0,1.0,1.0,66992.92,67085.99,-93.07000000000698,31033.579999999158
2026-04-05 10:30:00,0,0.0,1.0,67085.99,67046.01,39.98000000001048,31073.55999999917
2026-04-05 10:45:00,1,0.0,0.0,67046.01,67045.87,-0.13999999999941792,31073.41999999917
2026-04-05 11:00:00,0,0.0,1.0,67045.87,67010.16,35.70999999999185,31109.12999999916
2026-04-05 11:15:00,1,0.0,0.0,67010.16,66992.0,-18.160000000003492,31090.969999999157
2026-04-05 11:30:00,1,1.0,0.0,66992.0,66999.0,7.0,31097.969999999157
2026-04-05 11:45:00,0,0.0,1.0,66999.0,66905.95,93.05000000000291,31191.01999999916
2026-04-05 12:00:00,1,0.0,0.0,66905.95,66885.92,-20.029999999998836,31170.98999999916
2026-04-05 12:15:00,1,0.0,1.0,66885.92,66745.0,-140.91999999999825,31030.069999999163
2026-04-05 12:30:00,1,1.0,1.0,66745.0,66783.58,38.580000000001746,31068.649999999165
2026-04-05 12:45:00,1,0.0,0.0,66783.58,66760.42,-23.160000000003492,31045.48999999916
2026-04-05 13:00:00,1,0.0,1.0,66760.42,66703.66,-56.75999999999476,30988.729999999166
2026-04-05 13:15:00,1,1.0,1.0,66703.66,66830.99,127.33000000000175,31116.05999999917
2026-04-05 13:30:00,0,1.0,1.0,66830.99,66890.7,-59.70999999999185,31056.349999999176
2026-04-05 13:45:00,0,0.0,0.0,66890.7,66872.11,18.589999999996508,31074.939999999173
2026-04-05 14:00:00,1,1.0,1.0,66872.11,66908.0,35.88999999999942,31110.829999999172
2026-04-05 14:15:00,0,1.0,1.0,66908.0,66946.7,-38.69999999999709,31072.129999999175
2026-04-05 14:30:00,0,0.0,1.0,66946.7,66918.03,28.669999999998254,31100.799999999173
2026-04-05 14:45:00,1,1.0,0.0,66918.03,66929.04,11.009999999994761,31111.80999999917
2026-04-05 15:00:00,0,1.0,1.0,66929.04,67499.99,-570.9500000000116,30540.859999999157
2026-04-05 15:15:00,0,0.0,1.0,67499.99,67437.2,62.79000000000815,30603.649999999165
2026-04-05 15:30:00,0,0.0,1.0,67437.2,67306.64,130.55999999999767,30734.209999999162
2026-04-05 15:45:00,1,0.0,0.0,67306.64,67295.15,-11.490000000005239,30722.719999999157
2026-04-05 16:00:00,1,1.0,1.0,67295.15,67325.57,30.420000000012806,30753.13999999917
2026-04-05 16:15:00,0,0.0,0.0,67325.57,67323.49,2.0800000000017462,30755.21999999917
2026-04-05 16:30:00,0,0.0,1.0,67323.49,67212.62,110.8700000000099,30866.08999999918
2026-04-05 16:45:00,1,1.0,1.0,67212.62,67284.83,72.2100000000064,30938.299999999188
2026-04-05 17:00:00,0,1.0,1.0,67284.83,67339.55,-54.720000000001164,30883.579999999187
2026-04-05 17:15:00,0,1.0,1.0,67339.55,67360.97,-21.419999999998254,30862.15999999919
2026-04-05 17:30:00,0,1.0,0.0,67360.97,67373.64,-12.669999999998254,30849.48999999919
2026-04-05 17:45:00,0,0.0,1.0,67373.64,67304.84,68.80000000000291,30918.289999999193
2026-04-05 18:00:00,0,0.0,0.0,67304.84,67299.53,5.309999999997672,30923.59999999919
2026-04-05 18:15:00,1,1.0,1.0,67299.53,67425.48,125.94999999999709,31049.549999999188
2026-04-05 18:30:00,0,0.0,0.0,67425.48,67413.78,11.69999999999709,31061.249999999185
2026-04-05 18:45:00,0,1.0,0.0,67413.78,67418.29,-4.509999999994761,31056.73999999919
2026-04-05 19:00:00,0,1.0,1.0,67418.29,67465.22,-46.93000000000757,31009.809999999183
2026-04-05 19:15:00,0,0.0,1.0,67465.22,67308.79,156.43000000000757,31166.23999999919
2026-04-05 19:30:00,1,1.0,1.0,67308.79,67361.01,52.220000000001164,31218.45999999919
2026-04-05 19:45:00,0,1.0,0.0,67361.01,67378.0,-16.99000000000524,31201.469999999186
2026-04-05 20:00:00,0,1.0,1.0,67378.0,67479.04,-101.0399999999936,31100.429999999193
2026-04-05 20:15:00,0,1.0,1.0,67479.04,67554.7,-75.66000000000349,31024.76999999919
2026-04-05 20:30:00,0,1.0,1.0,67554.7,67658.35,-103.65000000000873,30921.11999999918
2026-04-05 20:45:00,0,0.0,1.0,67658.35,67521.87,136.48000000001048,31057.59999999919
2026-04-05 21:00:00,0,0.0,1.0,67521.87,67476.37,45.5,31103.09999999919
2026-04-05 21:15:00,1,1.0,0.0,67476.37,67492.0,15.630000000004657,31118.729999999196
2026-04-05 21:30:00,0,1.0,1.0,67492.0,67553.43,-61.429999999993015,31057.299999999203
2026-04-05 21:45:00,0,0.0,0.0,67553.43,67534.8,18.629999999990105,31075.929999999193
2026-04-05 22:00:00,0,0.0,1.0,67534.8,67436.61,98.19000000000233,31174.119999999195
2026-04-05 22:15:00,1,1.0,1.0,67436.61,67964.31,527.6999999999971,31701.819999999192
2026-04-05 22:30:00,0,1.0,1.0,67964.31,68338.43,-374.11999999999534,31327.699999999197
2026-04-05 22:45:00,0,1.0,1.0,68338.43,68599.99,-261.5600000000122,31066.139999999185
2026-04-05 23:00:00,0,1.0,1.0,68599.99,68804.34,-204.34999999999127,30861.789999999193
2026-04-05 23:15:00,0,1.0,1.0,68804.34,68949.99,-145.65000000000873,30716.139999999185
2026-04-05 23:30:00,0,1.0,1.0,68949.99,69034.18,-84.18999999998778,30631.949999999197
2026-04-05 23:45:00,0,1.0,1.0,69034.18,69234.56,-200.38000000000466,30431.569999999192
2026-04-06 00:00:00,0,0.0,1.0,69234.56,69182.01,52.55000000000291,30484.119999999195
2026-04-06 00:15:00,1,1.0,1.0,69182.01,69312.72,130.7100000000064,30614.8299999992
2026-04-06 00:30:00,0,0.0,1.0,69312.72,69083.78,228.94000000000233,30843.769999999204
2026-04-06 00:45:00,1,0.0,1.0,69083.78,68854.65,-229.13000000000466,30614.6399999992
2026-04-06 01:00:00,1,1.0,1.0,68854.65,68985.2,130.5500000000029,30745.189999999202
2026-04-06 01:15:00,0,0.0,1.0,68985.2,68800.66,184.5399999999936,30929.729999999196
2026-04-06 01:30:00,1,1.0,0.0,68800.66,68810.18,9.519999999989523,30939.249999999185
2026-04-06 01:45:00,0,1.0,1.0,68810.18,69112.58,-302.40000000000873,30636.849999999176
2026-04-06 02:00:00,0,1.0,1.0,69112.58,69233.76,-121.17999999999302,30515.669999999183
2026-04-06 02:15:00,0,0.0,0.0,69233.76,69221.11,12.64999999999418,30528.319999999178
2026-04-06 02:30:00,1,0.0,0.0,69221.11,69207.99,-13.119999999995343,30515.199999999182
2026-04-06 02:45:00,1,0.0,1.0,69207.99,69131.06,-76.93000000000757,30438.269999999175
2026-04-06 03:00:00,1,1.0,1.0,69131.06,69182.0,50.94000000000233,30489.209999999177
2026-04-06 03:15:00,0,0.0,1.0,69182.0,69120.0,62.0,30551.209999999177
2026-04-06 03:30:00,1,1.0,0.0,69120.0,69123.69,3.6900000000023283,30554.89999999918
2026-04-06 03:45:00,1,0.0,1.0,69123.69,69075.93,-47.76000000000931,30507.13999999917
2026-04-06 04:00:00,1,0.0,1.0,69075.93,68999.99,-75.93999999998778,30431.199999999182
2026-04-06 04:15:00,1,1.0,1.0,68999.99,69184.07,184.08000000000175,30615.279999999184
2026-04-06 04:30:00,0,0.0,1.0,69184.07,69141.8,42.270000000004075,30657.549999999188
2026-04-06 04:45:00,1,1.0,0.0,69141.8,69162.19,20.389999999999418,30677.939999999187
2026-04-06 05:00:00,0,1.0,0.0,69162.19,69173.19,-11.0,30666.939999999187
2026-04-06 05:15:00,0,1.0,1.0,69173.19,69219.57,-46.38000000000466,30620.559999999183
2026-04-06 05:30:00,0,0.0,0.0,69219.57,69199.31,20.260000000009313,30640.819999999192
2026-04-06 05:45:00,0,1.0,1.0,69199.31,69309.24,-109.93000000000757,30530.889999999185
2026-04-06 06:00:00,0,0.0,1.0,69309.24,68844.9,464.34000000001106,30995.229999999196
2026-04-06 06:15:00,1,1.0,1.0,68844.9,68926.65,81.75,31076.979999999196
2026-04-06 06:30:00,0,1.0,1.0,68926.65,68976.67,-50.020000000004075,31026.95999999919
2026-04-06 06:45:00,0,0.0,1.0,68976.67,68897.76,78.91000000000349,31105.869999999195
2026-04-06 07:00:00,0,1.0,1.0,68897.76,69079.52,-181.7600000000093,30924.109999999186
2026-04-06 07:15:00,0,0.0,1.0,69079.52,68982.23,97.29000000000815,31021.399999999194
2026-04-06 07:30:00,1,1.0,1.0,68982.23,69115.91,133.68000000000757,31155.0799999992
2026-04-06 07:45:00,0,1.0,1.0,69115.91,69170.18,-54.26999999998952,31100.809999999212
2026-04-06 08:00:00,0,1.0,1.0,69170.18,69234.81,-64.63000000000466,31036.179999999207
2026-04-06 08:15:00,0,1.0,1.0,69234.81,69302.53,-67.72000000000116,30968.459999999206
2026-04-06 08:30:00,0,0.0,1.0,69302.53,69224.63,77.89999999999418,31046.3599999992
2026-04-06 08:45:00,0,1.0,1.0,69224.63,69633.59,-408.95999999999185,30637.39999999921
2026-04-06 09:00:00,0,1.0,1.0,69633.59,69932.88,-299.29000000000815,30338.1099999992
2026-04-06 09:15:00,0,0.0,1.0,69932.88,69853.31,79.57000000000698,30417.679999999207
2026-04-06 09:30:00,1,0.0,1.0,69853.31,69728.0,-125.30999999999767,30292.36999999921
2026-04-06 09:45:00,1,1.0,1.0,69728.0,69821.63,93.63000000000466,30385.999999999214
2026-04-06 10:00:00,1,0.0,1.0,69821.63,69769.82,-51.80999999999767,30334.189999999217
2026-04-06 10:15:00,1,1.0,1.0,69769.82,69894.5,124.67999999999302,30458.86999999921
2026-04-06 10:30:00,1,0.0,1.0,69894.5,69770.88,-123.61999999999534,30335.249999999214
2026-04-06 10:45:00,1,0.0,1.0,69770.88,69682.42,-88.4600000000064,30246.789999999208
2026-04-06 11:00:00,1,0.0,1.0,69682.42,69625.6,-56.81999999999243,30189.969999999215
2026-04-06 11:15:00,1,1.0,0.0,69625.6,69650.9,25.29999999998836,30215.269999999204
2026-04-06 11:30:00,1,0.0,1.0,69650.9,69614.91,-35.98999999999069,30179.279999999213
2026-04-06 11:45:00,1,0.0,1.0,69614.91,69482.58,-132.33000000000175,30046.94999999921
2026-04-06 12:00:00,1,0.0,0.0,69482.58,69465.27,-17.30999999999767,30029.639999999214
2026-04-06 12:15:00,1,1.0,1.0,69465.27,69493.05,27.779999999998836,30057.419999999212
2026-04-06 12:30:00,1,0.0,1.0,69493.05,69366.75,-126.30000000000291,29931.11999999921
2026-04-06 12:45:00,1,1.0,1.0,69366.75,69410.02,43.270000000004075,29974.389999999214
2026-04-06 13:00:00,1,1.0,1.0,69410.02,69474.58,64.55999999999767,30038.94999999921
2026-04-06 13:15:00,0,0.0,1.0,69474.58,69325.22,149.36000000000058,30188.309999999212
2026-04-06 13:30:00,1,1.0,1.0,69325.22,69428.23,103.00999999999476,30291.319999999207
2026-04-06 13:45:00,0,0.0,1.0,69428.23,69348.26,79.97000000000116,30371.289999999208
2026-04-06 14:00:00,1,1.0,1.0,69348.26,69546.77,198.5100000000093,30569.799999999217
2026-04-06 14:15:00,0,0.0,1.0,69546.77,69462.66,84.11000000000058,30653.909999999218
2026-04-06 14:30:00,1,1.0,1.0,69462.66,69654.38,191.72000000000116,30845.62999999922
2026-04-06 14:45:00,1,1.0,1.0,69654.38,69705.5,51.11999999999534,30896.749999999214
2026-04-06 15:00:00,0,1.0,1.0,69705.5,69742.91,-37.41000000000349,30859.33999999921
2026-04-06 15:15:00,0,1.0,1.0,69742.91,69825.66,-82.75,30776.58999999921
2026-04-06 15:30:00,0,1.0,1.0,69825.66,69968.87,-143.20999999999185,30633.37999999922
2026-04-06 15:45:00,0,1.0,1.0,69968.87,70074.76,-105.88999999999942,30527.48999999922
2026-04-06 16:00:00,0,0.0,1.0,70074.76,69907.24,167.51999999998952,30695.00999999921
2026-04-06 16:15:00,1,1.0,1.0,69907.24,70129.86,222.61999999999534,30917.629999999204
2026-04-06 16:30:00,0,0.0,1.0,70129.86,69799.14,330.72000000000116,31248.349999999205
2026-04-06 16:45:00,1,0.0,1.0,69799.14,69346.42,-452.72000000000116,30795.629999999204
2026-04-06 17:00:00,1,1.0,1.0,69346.42,69537.56,191.13999999999942,30986.769999999204
2026-04-06 17:15:00,1,0.0,1.0,69537.56,69462.95,-74.61000000000058,30912.159999999203
2026-04-06 17:30:00,1,1.0,1.0,69462.95,69574.61,111.66000000000349,31023.819999999207
2026-04-06 17:45:00,1,1.0,1.0,69574.61,69754.97,180.36000000000058,31204.179999999207
2026-04-06 18:00:00,1,1.0,1.0,69754.97,69854.01,99.0399999999936,31303.2199999992
2026-04-06 18:15:00,0,0.0,1.0,69854.01,69777.91,76.09999999999127,31379.319999999192
2026-04-06 18:30:00,1,1.0,1.0,69777.91,69888.97,111.05999999999767,31490.37999999919
2026-04-06 18:45:00,1,0.0,1.0,69888.97,69729.99,-158.97999999999593,31331.399999999194
2026-04-06 19:00:00,1,1.0,1.0,69729.99,69847.01,117.01999999998952,31448.419999999183
2026-04-06 19:15:00,1,0.0,1.0,69847.01,69763.8,-83.20999999999185,31365.20999999919
2026-04-06 19:30:00,1,0.0,0.0,69763.8,69739.53,-24.270000000004075,31340.939999999187
2026-04-06 19:45:00,1,1.0,0.0,69739.53,69759.16,19.630000000004657,31360.569999999192
2026-04-06 20:00:00,1,1.0,1.0,69759.16,69960.1,200.94000000000233,31561.509999999194
2026-04-06 20:15:00,1,0.0,1.0,69960.1,69903.37,-56.73000000001048,31504.779999999184
2026-04-06 20:30:00,1,0.0,1.0,69903.37,69826.01,-77.36000000000058,31427.419999999183
2026-04-06 20:45:00,1,0.0,1.0,69826.01,69724.31,-101.69999999999709,31325.719999999186
2026-04-06 21:00:00,1,0.0,1.0,69724.31,69658.26,-66.05000000000291,31259.669999999183
2026-04-06 21:15:00,1,0.0,1.0,69658.26,69438.12,-220.13999999999942,31039.529999999184
2026-04-06 21:30:00,1,1.0,1.0,69438.12,69504.99,66.8700000000099,31106.399999999194
2026-04-06 21:45:00,1,1.0,1.0,69504.99,69549.31,44.31999999999243,31150.719999999186
2026-04-06 22:00:00,1,0.0,1.0,69549.31,69368.61,-180.6999999999971,30970.01999999919
2026-04-06 22:15:00,1,0.0,1.0,69368.61,69236.31,-132.3000000000029,30837.719999999186
2026-04-06 22:30:00,1,0.0,1.0,69236.31,68811.0,-425.3099999999977,30412.40999999919
2026-04-06 22:45:00,1,0.0,1.0,68811.0,68602.81,-208.19000000000233,30204.219999999186
2026-04-06 23:00:00,1,0.0,1.0,68602.81,68522.02,-80.7899999999936,30123.429999999193
2026-04-06 23:15:00,1,1.0,1.0,68522.02,68789.73,267.70999999999185,30391.139999999185
2026-04-06 23:30:00,1,1.0,1.0,68789.73,68853.66,63.93000000000757,30455.069999999192
2026-04-06 23:45:00,1,1.0,1.0,68853.66,68942.01,88.34999999999127,30543.419999999183
2026-04-07 00:00:00,0,0.0,0.0,68942.01,68924.0,18.00999999999476,30561.429999999178
2026-04-07 00:15:00,1,0.0,1.0,68924.0,68784.67,-139.33000000000175,30422.099999999176
2026-04-07 00:30:00,1,0.0,0.0,68784.67,68775.7,-8.970000000001164,30413.129999999175
2026-04-07 00:45:00,1,0.0,1.0,68775.7,68591.14,-184.55999999999767,30228.569999999178
2026-04-07 01:00:00,1,1.0,1.0,68591.14,68728.03,136.88999999999942,30365.459999999177
2026-04-07 01:15:00,1,0.0,1.0,68728.03,68635.16,-92.86999999999534,30272.58999999918
2026-04-07 01:30:00,1,0.0,1.0,68635.16,68400.01,-235.15000000000873,30037.439999999173
2026-04-07 01:45:00,1,1.0,0.0,68400.01,68425.5,25.49000000000524,30062.929999999178
2026-04-07 02:00:00,1,1.0,1.0,68425.5,68580.01,154.50999999999476,30217.439999999173
2026-04-07 02:15:00,0,1.0,1.0,68580.01,68624.4,-44.38999999999942,30173.049999999173
2026-04-07 02:30:00,0,1.0,1.0,68624.4,68674.0,-49.60000000000582,30123.449999999168
2026-04-07 02:45:00,0,1.0,0.0,68674.0,68683.13,-9.130000000004657,30114.319999999163
2026-04-07 03:00:00,0,1.0,1.0,68683.13,68787.45,-104.31999999999243,30009.99999999917
2026-04-07 03:15:00,0,1.0,0.0,68787.45,68793.85,-6.400000000008731,30003.59999999916
2026-04-07 03:30:00,0,0.0,0.0,68793.85,68779.21,14.639999999999418,30018.23999999916
2026-04-07 03:45:00,0,0.0,1.0,68779.21,68674.44,104.77000000000407,30123.009999999165
2026-04-07 04:00:00,1,0.0,1.0,68674.44,68601.73,-72.7100000000064,30050.29999999916
2026-04-07 04:15:00,1,1.0,1.0,68601.73,68856.27,254.54000000000815,30304.839999999167
2026-04-07 04:30:00,1,0.0,0.0,68856.27,68854.65,-1.6200000000098953,30303.219999999157
2026-04-07 04:45:00,1,0.0,1.0,68854.65,68809.21,-45.439999999987776,30257.77999999917
2026-04-07 05:00:00,1,0.0,1.0,68809.21,68705.16,-104.05000000000291,30153.729999999166
2026-04-07 05:15:00,1,0.0,1.0,68705.16,68650.01,-55.15000000000873,30098.579999999158
2026-04-07 05:30:00,1,1.0,0.0,68650.01,68669.0,18.99000000000524,30117.569999999163
2026-04-07 05:45:00,1,0.0,1.0,68669.0,68523.78,-145.22000000000116,29972.34999999916
2026-04-07 06:00:00,1,1.0,1.0,68523.78,68568.99,45.2100000000064,30017.55999999917
2026-04-07 06:15:00,1,0.0,0.0,68568.99,68554.85,-14.139999999999418,30003.41999999917
2026-04-07 06:30:00,1,1.0,0.0,68554.85,68568.35,13.5,30016.91999999917
2026-04-07 06:45:00,0,0.0,0.0,68568.35,68551.98,16.370000000009895,30033.28999999918
2026-04-07 07:00:00,1,1.0,0.0,68551.98,68580.59,28.610000000000582,30061.89999999918
2026-04-07 07:15:00,0,1.0,1.0,68580.59,68675.9,-95.30999999999767,29966.58999999918
2026-04-07 07:30:00,0,0.0,1.0,68675.9,68624.61,51.2899999999936,30017.879999999175
2026-04-07 07:45:00,1,1.0,1.0,68624.61,68734.97,110.36000000000058,30128.239999999176
2026-04-07 08:00:00,0,1.0,0.0,68734.97,68756.14,-21.169999999998254,30107.069999999178
2026-04-07 08:15:00,0,1.0,1.0,68756.14,68919.01,-162.86999999999534,29944.199999999182
2026-04-07 08:30:00,0,1.0,0.0,68919.01,68936.71,-17.70000000001164,29926.49999999917
2026-04-07 08:45:00,0,1.0,1.0,68936.71,69107.64,-170.92999999999302,29755.569999999178
2026-04-07 09:00:00,0,0.0,1.0,69107.64,69055.08,52.55999999999767,29808.129999999175
2026-04-07 09:15:00,0,1.0,1.0,69055.08,69185.89,-130.80999999999767,29677.319999999178
2026-04-07 09:30:00,0,0.0,1.0,69185.89,69150.05,35.83999999999651,29713.159999999174
2026-04-07 09:45:00,1,0.0,1.0,69150.05,68915.52,-234.52999999999884,29478.629999999175
2026-04-07 10:00:00,1,0.0,1.0,68915.52,68736.99,-178.52999999999884,29300.099999999176
2026-04-07 10:15:00,1,0.0,1.0,68736.99,68474.2,-262.79000000000815,29037.30999999917
2026-04-07 10:30:00,1,0.0,1.0,68474.2,68237.93,-236.27000000000407,28801.039999999164
2026-04-07 10:45:00,1,1.0,1.0,68237.93,68342.85,104.9200000000128,28905.959999999177
2026-04-07 11:00:00,1,1.0,1.0,68342.85,68378.29,35.439999999987776,28941.399999999165
2026-04-07 11:15:00,0,1.0,0.0,68378.29,68408.1,-29.810000000012224,28911.589999999152
2026-04-07 11:30:00,0,0.0,1.0,68408.1,68345.75,62.35000000000582,28973.93999999916
2026-04-07 11:45:00,1,0.0,1.0,68345.75,68270.19,-75.55999999999767,28898.37999999916
2026-04-07 12:00:00,1,1.0,1.0,68270.19,68423.34,153.14999999999418,29051.529999999155
2026-04-07 12:15:00,0,0.0,1.0,68423.34,68320.62,102.72000000000116,29154.249999999156
2026-04-07 12:30:00,1,1.0,1.0,68320.62,68392.18,71.55999999999767,29225.809999999154
2026-04-07 12:45:00,0,1.0,1.0,68392.18,68616.77,-224.59000000001106,29001.219999999143
2026-04-07 13:00:00,0,0.0,1.0,68616.77,68481.92,134.85000000000582,29136.06999999915
2026-04-07 13:15:00,1,0.0,1.0,68481.92,68338.42,-143.5,28992.56999999915
2026-04-07 13:30:00,1,0.0,1.0,68338.42,68231.99,-106.42999999999302,28886.139999999155
2026-04-07 13:45:00,1,0.0,1.0,68231.99,67891.76,-340.2300000000105,28545.909999999145
2026-04-07 14:00:00,1,1.0,1.0,67891.76,68151.26,259.5,28805.409999999145
2026-04-07 14:15:00,0,0.0,1.0,68151.26,67999.61,151.64999999999418,28957.05999999914
2026-04-07 14:30:00,1,0.0,1.0,67999.61,67860.48,-139.13000000000466,28817.929999999134
2026-04-07 14:45:00,1,1.0,0.0,67860.48,67888.63,28.15000000000873,28846.079999999143
2026-04-07 15:00:00,1,1.0,1.0,67888.63,68189.16,300.52999999999884,29146.609999999142
2026-04-07 15:15:00,0,0.0,1.0,68189.16,68091.12,98.04000000000815,29244.64999999915
2026-04-07 15:30:00,1,1.0,1.0,68091.12,68168.1,76.98000000001048,29321.62999999916
2026-04-07 15:45:00,0,0.0,0.0,68168.1,68154.12,13.980000000010477,29335.60999999917
2026-04-07 16:00:00,0,1.0,1.0,68154.12,68391.95,-237.83000000000175,29097.77999999917
2026-04-07 16:15:00,0,0.0,1.0,68391.95,68320.29,71.66000000000349,29169.439999999173
2026-04-07 16:30:00,0,0.0,1.0,68320.29,68229.99,90.29999999998836,29259.73999999916
2026-04-07 16:45:00,1,1.0,1.0,68229.99,68304.62,74.6299999999901,29334.36999999915
2026-04-07 17:00:00,0,1.0,1.0,68304.62,68414.39,-109.77000000000407,29224.599999999147
2026-04-07 17:15:00,0,1.0,1.0,68414.39,68694.16,-279.7700000000041,28944.829999999143
2026-04-07 17:30:00,0,1.0,0.0,68694.16,68705.81,-11.64999999999418,28933.17999999915
2026-04-07 17:45:00,0,0.0,1.0,68705.81,68647.55,58.25999999999476,28991.439999999144
2026-04-07 18:00:00,0,0.0,0.0,68647.55,68644.66,2.889999999999418,28994.329999999143
2026-04-07 18:15:00,1,0.0,1.0,68644.66,68522.78,-121.88000000000466,28872.44999999914
2026-04-07 18:30:00,1,0.0,1.0,68522.78,68442.53,-80.25,28792.19999999914
2026-04-07 18:45:00,1,1.0,0.0,68442.53,68457.31,14.779999999998836,28806.979999999137
2026-04-07 19:00:00,1,1.0,1.0,68457.31,68582.48,125.16999999999825,28932.149999999136
2026-04-07 19:15:00,0,0.0,1.0,68582.48,68510.09,72.38999999999942,29004.539999999135
2026-04-07 19:30:00,1,1.0,1.0,68510.09,69011.29,501.1999999999971,29505.739999999132
2026-04-07 19:45:00,1,1.0,1.0,69011.29,69438.16,426.8700000000099,29932.609999999142
2026-04-07 20:00:00,1,0.0,1.0,69438.16,69364.14,-74.02000000000407,29858.589999999138
2026-04-07 20:15:00,1,0.0,1.0,69364.14,69301.82,-62.31999999999243,29796.269999999146
2026-04-07 20:30:00,1,1.0,0.0,69301.82,69319.39,17.569999999992433,29813.839999999138
2026-04-07 20:45:00,1,1.0,1.0,69319.39,69981.17,661.7799999999988,30475.619999999137
2026-04-07 21:00:00,0,0.0,1.0,69981.17,69591.76,389.4100000000035,30865.02999999914
2026-04-07 21:15:00,1,1.0,1.0,69591.76,69912.11,320.3500000000058,31185.379999999146
2026-04-07 21:30:00,0,1.0,0.0,69912.11,69927.64,-15.529999999998836,31169.849999999147
2026-04-07 21:45:00,0,1.0,1.0,69927.64,70289.99,-362.3500000000058,30807.49999999914
2026-04-07 22:00:00,0,1.0,1.0,70289.99,70419.11,-129.11999999999534,30678.379999999146
2026-04-07 22:15:00,0,1.0,1.0,70419.11,70761.78,-342.66999999999825,30335.709999999148
2026-04-07 22:30:00,0,1.0,1.0,70761.78,71514.09,-752.3099999999977,29583.39999999915
2026-04-07 22:45:00,0,0.0,0.0,71514.09,71487.34,26.75,29610.14999999915
2026-04-07 23:00:00,1,1.0,1.0,71487.34,72753.27,1265.9300000000076,30876.079999999158
2026-04-07 23:15:00,0,0.0,1.0,72753.27,72011.99,741.2799999999988,31617.359999999157
2026-04-07 23:30:00,1,0.0,1.0,72011.99,71924.22,-87.77000000000407,31529.589999999152
2026-04-07 23:45:00,1,1.0,0.0,71924.22,71966.18,41.95999999999185,31571.549999999144
2026-04-08 00:00:00,1,0.0,0.0,71966.18,71924.83,-41.34999999999127,31530.199999999153
2026-04-08 00:15:00,1,0.0,1.0,71924.83,71836.22,-88.61000000000058,31441.589999999152
2026-04-08 00:30:00,1,0.0,1.0,71836.22,71710.19,-126.02999999999884,31315.559999999154
2026-04-08 00:45:00,1,0.0,0.0,71710.19,71685.21,-24.979999999995925,31290.579999999158
2026-04-08 01:00:00,1,0.0,1.0,71685.21,71481.68,-203.5300000000134,31087.049999999144
2026-04-08 01:15:00,1,0.0,0.0,71481.68,71477.7,-3.9799999999959255,31083.06999999915
2026-04-08 01:30:00,1,0.0,0.0,71477.7,71476.97,-0.7299999999959255,31082.339999999152
2026-04-08 01:45:00,1,1.0,1.0,71476.97,71718.78,241.80999999999767,31324.14999999915
2026-04-08 02:00:00,1,0.0,1.0,71718.78,71465.14,-253.63999999999942,31070.50999999915
2026-04-08 02:15:00,1,0.0,1.0,71465.14,71316.04,-149.10000000000582,30921.409999999145
2026-04-08 02:30:00,1,1.0,1.0,71316.04,71364.94,48.90000000000873,30970.309999999154
2026-04-08 02:45:00,1,0.0,1.0,71364.94,71293.22,-71.72000000000116,30898.589999999152
2026-04-08 03:00:00,1,1.0,1.0,71293.22,71479.96,186.74000000000524,31085.329999999158
2026-04-08 03:15:00,1,0.0,1.0,71479.96,71374.4,-105.56000000001222,30979.769999999146
2026-04-08 03:30:00,1,0.0,1.0,71374.4,71287.39,-87.00999999999476,30892.75999999915
2026-04-08 03:45:00,1,1.0,1.0,71287.39,71521.27,233.88000000000466,31126.639999999155
2026-04-08 04:00:00,0,1.0,1.0,71521.27,71570.06,-48.7899999999936,31077.84999999916
2026-04-08 04:15:00,0,1.0,0.0,71570.06,71611.06,-41.0,31036.84999999916
2026-04-08 04:30:00,0,0.0,0.0,71611.06,71566.18,44.88000000000466,31081.729999999166
2026-04-08 04:45:00,1,1.0,1.0,71566.18,71666.79,100.61000000000058,31182.339999999167
2026-04-08 05:00:00,0,1.0,1.0,71666.79,71720.97,-54.18000000000757,31128.15999999916
2026-04-08 05:15:00,0,0.0,0.0,71720.97,71709.0,11.970000000001164,31140.12999999916
2026-04-08 05:30:00,0,1.0,0.0,71709.0,71731.1,-22.10000000000582,31118.029999999155
2026-04-08 05:45:00,0,1.0,1.0,71731.1,71799.8,-68.69999999999709,31049.329999999158
2026-04-08 06:00:00,0,1.0,1.0,71799.8,71855.74,-55.94000000000233,30993.389999999155
2026-04-08 06:15:00,0,0.0,0.0,71855.74,71810.0,45.74000000000524,31039.12999999916
2026-04-08 06:30:00,0,0.0,1.0,71810.0,71732.69,77.30999999999767,31116.43999999916
2026-04-08 06:45:00,1,1.0,0.0,71732.69,71751.41,18.720000000001164,31135.15999999916
2026-04-08 07:00:00,1,1.0,1.0,71751.41,71811.91,60.5,31195.65999999916
2026-04-08 07:15:00,0,0.0,1.0,71811.91,71645.75,166.1600000000035,31361.819999999163
2026-04-08 07:30:00,1,0.0,0.0,71645.75,71627.59,-18.160000000003492,31343.65999999916
2026-04-08 07:45:00,1,1.0,1.0,71627.59,71712.49,84.90000000000873,31428.55999999917
2026-04-08 08:00:00,1,1.0,0.0,71712.49,71751.41,38.919999999998254,31467.479999999166
2026-04-08 08:15:00,0,0.0,0.0,71751.41,71729.89,21.520000000004075,31488.99999999917
2026-04-08 08:30:00,1,1.0,1.0,71729.89,71800.0,70.11000000000058,31559.10999999917
2026-04-08 08:45:00,0,1.0,0.0,71800.0,71822.0,-22.0,31537.10999999917
2026-04-08 09:00:00,0,0.0,1.0,71822.0,71680.24,141.75999999999476,31678.869999999166
2026-04-08 09:15:00,1,0.0,1.0,71680.24,71593.29,-86.95000000001164,31591.919999999154
2026-04-08 09:30:00,1,1.0,1.0,71593.29,71678.87,85.58000000000175,31677.499999999156
2026-04-08 09:45:00,0,0.0,1.0,71678.87,71611.51,67.36000000000058,31744.859999999157
2026-04-08 10:00:00,1,1.0,0.0,71611.51,71645.51,34.0,31778.859999999157
2026-04-08 10:15:00,1,0.0,1.0,71645.51,71554.72,-90.7899999999936,31688.069999999163
2026-04-08 10:30:00,1,0.0,1.0,71554.72,71476.98,-77.74000000000524,31610.329999999158
2026-04-08 10:45:00,1,1.0,1.0,71476.98,71636.84,159.86000000000058,31770.18999999916
2026-04-08 11:00:00,1,1.0,0.0,71636.84,71659.79,22.94999999999709,31793.139999999155
2026-04-08 11:15:00,0,0.0,1.0,71659.79,71521.02,138.76999999998952,31931.909999999145
2026-04-08 11:30:00,1,1.0,1.0,71521.02,71675.12,154.09999999999127,32086.009999999136
2026-04-08 11:45:00,0,1.0,1.0,71675.12,71837.75,-162.63000000000466,31923.37999999913
2026-04-08 12:00:00,0,0.0,1.0,71837.75,71767.25,70.5,31993.87999999913
2026-04-08 12:15:00,1,1.0,1.0,71767.25,71937.54,170.2899999999936,32164.169999999125
2026-04-08 12:30:00,0,1.0,1.0,71937.54,72071.95,-134.4100000000035,32029.75999999912
2026-04-08 12:45:00,0,1.0,1.0,72071.95,72626.37,-554.4199999999983,31475.339999999123
2026-04-08 13:00:00,0,0.0,1.0,72626.37,72487.85,138.51999999998952,31613.859999999113
2026-04-08 13:15:00,1,0.0,1.0,72487.85,71676.19,-811.6600000000035,30802.19999999911
2026-04-08 13:30:00,1,0.0,1.0,71676.19,71600.01,-76.18000000000757,30726.019999999102
2026-04-08 13:45:00,1,0.0,1.0,71600.01,71507.89,-92.11999999999534,30633.899999999107
2026-04-08 14:00:00,1,0.0,1.0,71507.89,71454.76,-53.13000000000466,30580.769999999102
2026-04-08 14:15:00,1,0.0,1.0,71454.76,71091.78,-362.9799999999959,30217.789999999106
2026-04-08 14:30:00,1,0.0,1.0,71091.78,70912.88,-178.89999999999418,30038.88999999911
2026-04-08 14:45:00,1,1.0,1.0,70912.88,71106.03,193.14999999999418,30232.039999999106
2026-04-08 15:00:00,1,1.0,1.0,71106.03,71184.2,78.16999999999825,30310.209999999104
2026-04-08 15:15:00,1,1.0,0.0,71184.2,71193.85,9.650000000008731,30319.859999999113
2026-04-08 15:30:00,1,1.0,1.0,71193.85,71310.0,116.14999999999418,30436.009999999107
2026-04-08 15:45:00,0,1.0,0.0,71310.0,71338.0,-28.0,30408.009999999107
2026-04-08 16:00:00,0,1.0,1.0,71338.0,71394.28,-56.279999999998836,30351.72999999911
2026-04-08 16:15:00,0,1.0,1.0,71394.28,71454.1,-59.820000000006985,30291.9099999991
2026-04-08 16:30:00,0,1.0,1.0,71454.1,71602.1,-148.0,30143.9099999991
2026-04-08 16:45:00,0,1.0,1.0,71602.1,71783.97,-181.86999999999534,29962.039999999106
2026-04-08 17:00:00,0,0.0,1.0,71783.97,71636.74,147.22999999999593,30109.269999999102
2026-04-08 17:15:00,0,1.0,1.0,71636.74,71848.97,-212.22999999999593,29897.039999999106
2026-04-08 17:30:00,0,1.0,0.0,71848.97,71888.19,-39.220000000001164,29857.819999999105
2026-04-08 17:45:00,0,0.0,1.0,71888.19,71707.15,181.04000000000815,30038.859999999113
2026-04-08 18:00:00,1,0.0,1.0,71707.15,71389.94,-317.20999999999185,29721.64999999912
2026-04-08 18:15:00,1,0.0,1.0,71389.94,71299.99,-89.94999999999709,29631.699999999124
2026-04-08 18:30:00,1,0.0,1.0,71299.99,71099.63,-200.36000000000058,29431.339999999123
2026-04-08 18:45:00,1,1.0,1.0,71099.63,71270.13,170.5,29601.839999999123
2026-04-08 19:00:00,1,0.0,1.0,71270.13,71127.04,-143.09000000001106,29458.749999999112
2026-04-08 19:15:00,1,1.0,1.0,71127.04,71304.93,177.88999999999942,29636.63999999911
2026-04-08 19:30:00,1,1.0,0.0,71304.93,71318.48,13.55000000000291,29650.189999999115
2026-04-08 19:45:00,0,1.0,1.0,71318.48,71432.08,-113.60000000000582,29536.58999999911
2026-04-08 20:00:00,0,1.0,0.0,71432.08,71438.66,-6.580000000001746,29530.009999999107
2026-04-08 20:15:00,0,0.0,1.0,71438.66,71303.81,134.85000000000582,29664.859999999113
2026-04-08 20:30:00,1,1.0,1.0,71303.81,71372.93,69.11999999999534,29733.97999999911
2026-04-08 20:45:00,0,1.0,1.0,71372.93,71518.04,-145.11000000000058,29588.869999999108
2026-04-08 21:00:00,0,1.0,1.0,71518.04,71668.01,-149.97000000000116,29438.899999999107
2026-04-08 21:15:00,0,0.0,1.0,71668.01,71548.26,119.75,29558.649999999107
2026-04-08 21:30:00,1,1.0,0.0,71548.26,71551.39,3.1300000000046566,29561.77999999911
2026-04-08 21:45:00,0,0.0,1.0,71551.39,71450.64,100.75,29662.52999999911
2026-04-08 22:00:00,1,0.0,1.0,71450.64,71165.36,-285.27999999999884,29377.249999999112
2026-04-08 22:15:00,1,1.0,1.0,71165.36,71239.86,74.5,29451.749999999112
2026-04-08 22:30:00,1,0.0,1.0,71239.86,71064.84,-175.02000000000407,29276.72999999911
2026-04-08 22:45:00,1,1.0,1.0,71064.84,71165.36,100.52000000000407,29377.249999999112
2026-04-08 23:00:00,1,0.0,1.0,71165.36,71031.78,-133.58000000000175,29243.66999999911
2026-04-08 23:15:00,1,1.0,1.0,71031.78,71083.29,51.50999999999476,29295.179999999105
2026-04-08 23:30:00,1,0.0,0.0,71083.29,71069.93,-13.360000000000582,29281.819999999105
2026-04-08 23:45:00,1,0.0,1.0,71069.93,70997.74,-72.18999999998778,29209.629999999117
