timestamp,pred_dir,label,mask,close,next_close,pnl_usdt_1btc,cumulative_pnl_usdt_1btc
2026-01-01 00:00:00,1,1.0,1.0,87809.23,87960.0,150.77000000000407,150.77000000000407
2026-01-01 01:00:00,0,0.0,0.0,87960.0,87914.0,46.0,196.77000000000407
2026-01-01 02:00:00,1,0.0,0.0,87914.0,87846.02,-67.97999999999593,128.79000000000815
2026-01-01 03:00:00,1,0.0,1.0,87846.02,87590.4,-255.6200000000099,-126.83000000000175
2026-01-01 04:00:00,1,1.0,1.0,87590.4,87704.39,113.99000000000524,-12.839999999996508
2026-01-01 05:00:00,1,0.0,0.0,87704.39,87658.0,-46.38999999999942,-59.229999999995925
2026-01-01 06:00:00,1,0.0,0.0,87658.0,87631.88,-26.119999999995343,-85.34999999999127
2026-01-01 07:00:00,1,1.0,1.0,87631.88,87770.9,139.01999999998952,53.669999999998254
2026-01-01 08:00:00,1,1.0,1.0,87770.9,87877.99,107.09000000001106,160.7600000000093
2026-01-01 09:00:00,0,0.0,0.0,87877.99,87863.76,14.230000000010477,174.9900000000198
2026-01-01 10:00:00,1,1.0,1.0,87863.76,88024.64,160.88000000000466,335.87000000002445
2026-01-01 11:00:00,0,0.0,1.0,88024.64,87950.0,74.63999999999942,410.51000000002387
2026-01-01 12:00:00,1,0.0,0.0,87950.0,87922.64,-27.360000000000582,383.1500000000233
2026-01-01 13:00:00,1,1.0,0.0,87922.64,87967.05,44.41000000000349,427.5600000000268
2026-01-01 14:00:00,0,1.0,0.0,87967.05,88032.18,-65.1299999999901,362.43000000003667
2026-01-01 15:00:00,0,0.0,0.0,88032.18,87988.76,43.419999999998254,405.8500000000349
2026-01-01 16:00:00,1,1.0,1.0,87988.76,88316.37,327.6100000000006,733.4600000000355
2026-01-01 17:00:00,0,0.0,1.0,88316.37,88193.94,122.42999999999302,855.8900000000285
2026-01-01 18:00:00,1,1.0,1.0,88193.94,88391.15,197.20999999999185,1053.1000000000204
2026-01-01 19:00:00,0,0.0,1.0,88391.15,88258.12,133.02999999999884,1186.1300000000192
2026-01-01 20:00:00,1,1.0,1.0,88258.12,88377.67,119.55000000000291,1305.6800000000221
2026-01-01 21:00:00,0,1.0,1.0,88377.67,88645.57,-267.90000000000873,1037.7800000000134
2026-01-01 22:00:00,0,1.0,1.0,88645.57,88839.04,-193.4699999999866,844.3100000000268
2026-01-01 23:00:00,0,0.0,0.0,88839.04,88833.97,5.069999999992433,849.3800000000192
2026-01-02 00:00:00,0,0.0,1.0,88833.97,88639.89,194.08000000000175,1043.460000000021
2026-01-02 01:00:00,0,0.0,0.0,88639.89,88637.03,2.860000000000582,1046.3200000000215
2026-01-02 02:00:00,0,1.0,1.0,88637.03,88950.65,-313.61999999999534,732.7000000000262
2026-01-02 03:00:00,0,0.0,1.0,88950.65,88637.64,313.00999999999476,1045.710000000021
2026-01-02 04:00:00,1,1.0,1.0,88637.64,88765.2,127.55999999999767,1173.2700000000186
2026-01-02 05:00:00,0,1.0,1.0,88765.2,88935.04,-169.8399999999965,1003.4300000000221
2026-01-02 06:00:00,0,0.0,1.0,88935.04,88857.61,77.42999999999302,1080.8600000000151
2026-01-02 07:00:00,0,1.0,1.0,88857.61,89178.13,-320.5200000000041,760.3400000000111
2026-01-02 08:00:00,0,1.0,1.0,89178.13,89467.32,-289.1900000000023,471.15000000000873
2026-01-02 09:00:00,0,1.0,1.0,89467.32,89666.29,-198.9699999999866,272.1800000000221
2026-01-02 10:00:00,0,0.0,1.0,89666.29,89502.95,163.3399999999965,435.5200000000186
2026-01-02 11:00:00,0,0.0,1.0,89502.95,89400.0,102.94999999999709,538.4700000000157
2026-01-02 12:00:00,0,0.0,0.0,89400.0,89348.68,51.320000000006985,589.7900000000227
2026-01-02 13:00:00,0,1.0,1.0,89348.68,89580.0,-231.32000000000698,358.4700000000157
2026-01-02 14:00:00,0,0.0,1.0,89580.0,89418.11,161.88999999999942,520.3600000000151
2026-01-02 15:00:00,0,1.0,1.0,89418.11,90376.05,-957.9400000000023,-437.5799999999872
2026-01-02 16:00:00,0,0.0,0.0,90376.05,90370.52,5.529999999998836,-432.04999999998836
2026-01-02 17:00:00,0,0.0,1.0,90370.52,89773.1,597.4199999999983,165.3700000000099
2026-01-02 18:00:00,0,1.0,1.0,89773.1,89897.23,-124.1299999999901,41.24000000001979
2026-01-02 19:00:00,0,0.0,1.0,89897.23,89740.0,157.22999999999593,198.47000000001572
2026-01-02 20:00:00,0,1.0,1.0,89740.0,90065.8,-325.8000000000029,-127.3299999999872
2026-01-02 21:00:00,0,1.0,1.0,90065.8,90195.37,-129.56999999999243,-256.8999999999796
2026-01-02 22:00:00,0,0.0,1.0,90195.37,89995.13,200.2399999999907,-56.65999999998894
2026-01-02 23:00:00,0,1.0,1.0,89995.13,90156.19,-161.05999999999767,-217.7199999999866
2026-01-03 00:00:00,0,1.0,1.0,90156.19,90282.69,-126.5,-344.2199999999866
2026-01-03 01:00:00,0,1.0,0.0,90282.69,90340.0,-57.30999999999767,-401.5299999999843
2026-01-03 02:00:00,0,0.0,0.0,90340.0,90321.22,18.779999999998836,-382.74999999998545
2026-01-03 03:00:00,0,0.0,1.0,90321.22,90170.0,151.22000000000116,-231.52999999998428
2026-01-03 04:00:00,0,0.0,1.0,90170.0,90031.1,138.89999999999418,-92.6299999999901
2026-01-03 05:00:00,1,0.0,1.0,90031.1,89871.05,-160.0500000000029,-252.67999999999302
2026-01-03 06:00:00,1,0.0,1.0,89871.05,89577.13,-293.91999999999825,-546.5999999999913
2026-01-03 07:00:00,1,1.0,1.0,89577.13,89670.51,93.3799999999901,-453.22000000000116
2026-01-03 08:00:00,0,1.0,1.0,89670.51,89791.99,-121.48000000001048,-574.7000000000116
2026-01-03 09:00:00,0,0.0,0.0,89791.99,89754.47,37.520000000004075,-537.1800000000076
2026-01-03 10:00:00,0,0.0,0.0,89754.47,89752.74,1.7299999999959255,-535.4500000000116
2026-01-03 11:00:00,0,1.0,1.0,89752.74,90039.13,-286.3899999999994,-821.8400000000111
2026-01-03 12:00:00,0,0.0,0.0,90039.13,90004.96,34.169999999998254,-787.6700000000128
2026-01-03 13:00:00,0,1.0,1.0,90004.96,90126.02,-121.05999999999767,-908.7300000000105
2026-01-03 14:00:00,0,0.0,1.0,90126.02,89969.31,156.7100000000064,-752.0200000000041
2026-01-03 15:00:00,0,1.0,1.0,89969.31,90105.24,-135.93000000000757,-887.9500000000116
2026-01-03 16:00:00,0,0.0,0.0,90105.24,90093.99,11.25,-876.7000000000116
2026-01-03 17:00:00,0,1.0,0.0,90093.99,90138.87,-44.879999999990105,-921.5800000000017
2026-01-03 18:00:00,0,0.0,0.0,90138.87,90123.77,15.099999999991269,-906.4800000000105
2026-01-03 19:00:00,0,1.0,1.0,90123.77,90372.39,-248.61999999999534,-1155.1000000000058
2026-01-03 20:00:00,0,1.0,1.0,90372.39,90564.31,-191.91999999999825,-1347.020000000004
2026-01-03 21:00:00,0,1.0,0.0,90564.31,90590.04,-25.729999999995925,-1372.75
2026-01-03 22:00:00,0,1.0,0.0,90590.04,90628.01,-37.970000000001164,-1410.7200000000012
2026-01-03 23:00:00,0,1.0,1.0,90628.01,91341.47,-713.4600000000064,-2124.1800000000076
2026-01-04 00:00:00,0,0.0,1.0,91341.47,91235.37,106.10000000000582,-2018.0800000000017
2026-01-04 01:00:00,0,0.0,1.0,91235.37,91124.0,111.36999999999534,-1906.7100000000064
2026-01-04 02:00:00,0,1.0,1.0,91124.0,91236.78,-112.77999999999884,-2019.4900000000052
2026-01-04 03:00:00,0,1.0,1.0,91236.78,91400.0,-163.22000000000116,-2182.7100000000064
2026-01-04 04:00:00,0,1.0,1.0,91400.0,91480.04,-80.0399999999936,-2262.75
2026-01-04 05:00:00,0,0.0,1.0,91480.04,91237.55,242.4899999999907,-2020.2600000000093
2026-01-04 06:00:00,0,1.0,1.0,91237.55,91532.0,-294.4499999999971,-2314.7100000000064
2026-01-04 07:00:00,0,0.0,1.0,91532.0,91374.99,157.00999999999476,-2157.7000000000116
2026-01-04 08:00:00,0,1.0,1.0,91374.99,91468.28,-93.2899999999936,-2250.9900000000052
2026-01-04 09:00:00,0,1.0,1.0,91468.28,91600.62,-132.3399999999965,-2383.3300000000017
2026-01-04 10:00:00,0,0.0,1.0,91600.62,91300.0,300.61999999999534,-2082.7100000000064
2026-01-04 11:00:00,0,0.0,1.0,91300.0,91150.98,149.02000000000407,-1933.6900000000023
2026-01-04 12:00:00,0,1.0,1.0,91150.98,91264.0,-113.02000000000407,-2046.7100000000064
2026-01-04 13:00:00,0,1.0,1.0,91264.0,91336.39,-72.38999999999942,-2119.100000000006
2026-01-04 14:00:00,0,0.0,0.0,91336.39,91334.94,1.4499999999970896,-2117.6500000000087
2026-01-04 15:00:00,0,0.0,0.0,91334.94,91321.0,13.940000000002328,-2103.7100000000064
2026-01-04 16:00:00,0,1.0,0.0,91321.0,91335.73,-14.729999999995925,-2118.4400000000023
2026-01-04 17:00:00,0,0.0,1.0,91335.73,91205.39,130.3399999999965,-1988.1000000000058
2026-01-04 18:00:00,1,0.0,0.0,91205.39,91138.07,-67.31999999999243,-2055.4199999999983
2026-01-04 19:00:00,1,1.0,1.0,91138.07,91313.94,175.86999999999534,-1879.550000000003
2026-01-04 20:00:00,0,0.0,0.0,91313.94,91279.99,33.94999999999709,-1845.6000000000058
2026-01-04 21:00:00,0,0.0,0.0,91279.99,91220.01,59.98000000001048,-1785.6199999999953
2026-01-04 22:00:00,1,1.0,1.0,91220.01,91529.73,309.72000000000116,-1475.8999999999942
2026-01-04 23:00:00,0,1.0,1.0,91529.73,92405.46,-875.7300000000105,-2351.6300000000047
2026-01-05 00:00:00,0,1.0,1.0,92405.46,92967.28,-561.8199999999924,-2913.449999999997
2026-01-05 01:00:00,0,1.0,0.0,92967.28,93033.11,-65.83000000000175,-2979.279999999999
2026-01-05 02:00:00,0,0.0,1.0,93033.11,92878.22,154.88999999999942,-2824.3899999999994
2026-01-05 03:00:00,0,0.0,1.0,92878.22,92595.07,283.1499999999942,-2541.2400000000052
2026-01-05 04:00:00,0,0.0,1.0,92595.07,92359.99,235.08000000000175,-2306.1600000000035
2026-01-05 05:00:00,1,1.0,1.0,92359.99,92491.81,131.81999999999243,-2174.340000000011
2026-01-05 06:00:00,0,1.0,0.0,92491.81,92520.63,-28.820000000006985,-2203.160000000018
2026-01-05 07:00:00,0,0.0,0.0,92520.63,92467.53,53.10000000000582,-2150.060000000012
2026-01-05 08:00:00,0,1.0,1.0,92467.53,92688.6,-221.07000000000698,-2371.130000000019
2026-01-05 09:00:00,0,1.0,1.0,92688.6,93080.0,-391.3999999999942,-2762.5300000000134
2026-01-05 10:00:00,0,1.0,0.0,93080.0,93134.26,-54.25999999999476,-2816.790000000008
2026-01-05 11:00:00,0,0.0,1.0,93134.26,92874.28,259.9799999999959,-2556.810000000012
2026-01-05 12:00:00,0,0.0,1.0,92874.28,92742.74,131.5399999999936,-2425.2700000000186
2026-01-05 13:00:00,0,1.0,1.0,92742.74,93428.0,-685.2599999999948,-3110.5300000000134
2026-01-05 14:00:00,0,1.0,1.0,93428.0,93957.73,-529.7299999999959,-3640.2600000000093
2026-01-05 15:00:00,0,0.0,1.0,93957.73,93701.31,256.41999999999825,-3383.840000000011
2026-01-05 16:00:00,0,1.0,1.0,93701.31,94317.84,-616.5299999999988,-4000.37000000001
2026-01-05 17:00:00,0,1.0,1.0,94317.84,94449.62,-131.77999999999884,-4132.150000000009
2026-01-05 18:00:00,0,0.0,1.0,94449.62,94303.4,146.22000000000116,-3985.9300000000076
2026-01-05 19:00:00,0,0.0,1.0,94303.4,94177.99,125.40999999998894,-3860.5200000000186
2026-01-05 20:00:00,0,0.0,1.0,94177.99,94095.78,82.2100000000064,-3778.310000000012
2026-01-05 21:00:00,1,1.0,1.0,94095.78,94171.22,75.44000000000233,-3702.87000000001
2026-01-05 22:00:00,0,0.0,1.0,94171.22,93859.71,311.50999999999476,-3391.360000000015
2026-01-05 23:00:00,0,0.0,0.0,93859.71,93816.7,43.01000000000931,-3348.350000000006
2026-01-06 00:00:00,1,0.0,0.0,93816.7,93771.82,-44.879999999990105,-3393.229999999996
2026-01-06 01:00:00,1,0.0,1.0,93771.82,93620.6,-151.22000000000116,-3544.449999999997
2026-01-06 02:00:00,1,1.0,1.0,93620.6,93769.24,148.63999999999942,-3395.8099999999977
2026-01-06 03:00:00,0,1.0,0.0,93769.24,93801.07,-31.830000000001746,-3427.6399999999994
2026-01-06 04:00:00,0,0.0,1.0,93801.07,93599.99,201.08000000000175,-3226.5599999999977
2026-01-06 05:00:00,1,1.0,1.0,93599.99,93780.01,180.01999999998952,-3046.540000000008
2026-01-06 06:00:00,0,0.0,1.0,93780.01,93255.08,524.929999999993,-2521.610000000015
2026-01-06 07:00:00,0,0.0,0.0,93255.08,93240.17,14.910000000003492,-2506.7000000000116
2026-01-06 08:00:00,1,1.0,1.0,93240.17,93462.72,222.5500000000029,-2284.1500000000087
2026-01-06 09:00:00,0,1.0,1.0,93462.72,93579.56,-116.83999999999651,-2400.9900000000052
2026-01-06 10:00:00,0,1.0,1.0,93579.56,93840.0,-260.4400000000023,-2661.4300000000076
2026-01-06 11:00:00,0,1.0,0.0,93840.0,93872.16,-32.16000000000349,-2693.590000000011
2026-01-06 12:00:00,0,0.0,1.0,93872.16,93716.53,155.63000000000466,-2537.9600000000064
2026-01-06 13:00:00,0,1.0,1.0,93716.53,93836.81,-120.27999999999884,-2658.2400000000052
2026-01-06 14:00:00,0,0.0,1.0,93836.81,93648.99,187.81999999999243,-2470.420000000013
2026-01-06 15:00:00,0,0.0,1.0,93648.99,92692.32,956.6699999999983,-1513.7500000000146
2026-01-06 16:00:00,1,0.0,1.0,92692.32,91589.24,-1103.0800000000017,-2616.8300000000163
2026-01-06 17:00:00,1,1.0,1.0,91589.24,92034.09,444.84999999999127,-2171.980000000025
2026-01-06 18:00:00,0,1.0,0.0,92034.09,92104.5,-70.41000000000349,-2242.3900000000285
2026-01-06 19:00:00,0,1.0,1.0,92104.5,92505.32,-400.820000000007,-2643.2100000000355
2026-01-06 20:00:00,0,1.0,1.0,92505.32,93258.05,-752.7299999999959,-3395.9400000000314
2026-01-06 21:00:00,0,1.0,1.0,93258.05,93362.68,-104.6299999999901,-3500.5700000000215
2026-01-06 22:00:00,0,1.0,1.0,93362.68,93747.97,-385.29000000000815,-3885.8600000000297
2026-01-06 23:00:00,0,0.0,1.0,93747.97,92709.52,1038.449999999997,-2847.4100000000326
2026-01-07 00:00:00,0,0.0,1.0,92709.52,92435.35,274.16999999999825,-2573.2400000000343
2026-01-07 01:00:00,0,1.0,1.0,92435.35,92949.77,-514.4199999999983,-3087.6600000000326
2026-01-07 02:00:00,0,0.0,1.0,92949.77,92815.83,133.94000000000233,-2953.7200000000303
2026-01-07 03:00:00,0,0.0,1.0,92815.83,92670.29,145.54000000000815,-2808.180000000022
2026-01-07 04:00:00,1,0.0,1.0,92670.29,92529.54,-140.75,-2948.930000000022
2026-01-07 05:00:00,1,1.0,1.0,92529.54,92614.84,85.30000000000291,-2863.630000000019
2026-01-07 06:00:00,0,1.0,1.0,92614.84,92879.13,-264.29000000000815,-3127.9200000000274
2026-01-07 07:00:00,0,0.0,1.0,92879.13,92718.9,160.23000000001048,-2967.690000000017
2026-01-07 08:00:00,0,0.0,1.0,92718.9,91716.14,1002.7599999999948,-1964.9300000000221
2026-01-07 09:00:00,1,1.0,1.0,91716.14,91975.31,259.16999999999825,-1705.7600000000239
2026-01-07 10:00:00,0,1.0,1.0,91975.31,92087.21,-111.90000000000873,-1817.6600000000326
2026-01-07 11:00:00,0,0.0,1.0,92087.21,91997.86,89.35000000000582,-1728.3100000000268
2026-01-07 12:00:00,0,1.0,0.0,91997.86,92044.67,-46.80999999999767,-1775.1200000000244
2026-01-07 13:00:00,0,0.0,1.0,92044.67,91959.04,85.63000000000466,-1689.4900000000198
2026-01-07 14:00:00,0,0.0,1.0,91959.04,91349.96,609.0799999999872,-1080.4100000000326
2026-01-07 15:00:00,1,0.0,1.0,91349.96,91264.54,-85.4200000000128,-1165.8300000000454
2026-01-07 16:00:00,1,0.0,0.0,91264.54,91252.14,-12.39999999999418,-1178.2300000000396
2026-01-07 17:00:00,1,0.0,1.0,91252.14,90901.39,-350.75,-1528.9800000000396
2026-01-07 18:00:00,1,1.0,1.0,90901.39,91186.07,284.68000000000757,-1244.300000000032
2026-01-07 19:00:00,0,0.0,1.0,91186.07,91047.49,138.58000000000175,-1105.7200000000303
2026-01-07 20:00:00,1,1.0,0.0,91047.49,91089.5,42.00999999999476,-1063.7100000000355
2026-01-07 21:00:00,0,1.0,1.0,91089.5,91180.85,-91.35000000000582,-1155.0600000000413
2026-01-07 22:00:00,0,1.0,1.0,91180.85,91364.16,-183.30999999999767,-1338.370000000039
2026-01-07 23:00:00,0,1.0,0.0,91364.16,91394.71,-30.55000000000291,-1368.920000000042
2026-01-08 00:00:00,0,1.0,0.0,91394.71,91428.4,-33.689999999987776,-1402.6100000000297
2026-01-08 01:00:00,0,0.0,1.0,91428.4,90956.49,471.90999999998894,-930.7000000000407
2026-01-08 02:00:00,0,0.0,1.0,90956.49,90813.4,143.09000000001106,-787.6100000000297
2026-01-08 03:00:00,1,1.0,1.0,90813.4,91022.75,209.35000000000582,-578.2600000000239
2026-01-08 04:00:00,0,0.0,1.0,91022.75,90829.58,193.16999999999825,-385.0900000000256
2026-01-08 05:00:00,0,0.0,1.0,90829.58,89898.01,931.570000000007,546.4799999999814
2026-01-08 06:00:00,1,1.0,1.0,89898.01,90548.02,650.0100000000093,1196.4899999999907
2026-01-08 07:00:00,0,0.0,1.0,90548.02,90227.25,320.7700000000041,1517.2599999999948
2026-01-08 08:00:00,1,0.0,1.0,90227.25,90010.0,-217.25,1300.0099999999948
2026-01-08 09:00:00,1,1.0,1.0,90010.0,90410.1,400.1000000000058,1700.1100000000006
2026-01-08 10:00:00,0,0.0,1.0,90410.1,90226.77,183.33000000000175,1883.4400000000023
2026-01-08 11:00:00,0,0.0,1.0,90226.77,89989.21,237.55999999999767,2121.0
2026-01-08 12:00:00,1,0.0,0.0,89989.21,89962.14,-27.070000000006985,2093.929999999993
2026-01-08 13:00:00,1,1.0,0.0,89962.14,90024.01,61.86999999999534,2155.7999999999884
2026-01-08 14:00:00,0,1.0,1.0,90024.01,90781.57,-757.5600000000122,1398.2399999999761
2026-01-08 15:00:00,0,1.0,1.0,90781.57,90926.84,-145.26999999998952,1252.9699999999866
2026-01-08 16:00:00,0,1.0,1.0,90926.84,91366.39,-439.5500000000029,813.4199999999837
2026-01-08 17:00:00,0,0.0,1.0,91366.39,91117.35,249.0399999999936,1062.4599999999773
2026-01-08 18:00:00,0,0.0,1.0,91117.35,90937.41,179.94000000000233,1242.3999999999796
2026-01-08 19:00:00,0,0.0,0.0,90937.41,90927.62,9.790000000008149,1252.1899999999878
2026-01-08 20:00:00,1,1.0,1.0,90927.62,91272.96,345.34000000001106,1597.5299999999988
2026-01-08 21:00:00,0,0.0,0.0,91272.96,91231.9,41.060000000012224,1638.590000000011
2026-01-08 22:00:00,0,0.0,1.0,91231.9,91099.99,131.90999999998894,1770.5
2026-01-08 23:00:00,1,1.0,1.0,91099.99,91290.33,190.3399999999965,1960.8399999999965
2026-01-09 00:00:00,0,0.0,1.0,91290.33,91056.19,234.13999999999942,2194.979999999996
2026-01-09 01:00:00,0,0.0,0.0,91056.19,91038.38,17.80999999999767,2212.7899999999936
2026-01-09 02:00:00,1,1.0,1.0,91038.38,91220.23,181.84999999999127,2394.639999999985
2026-01-09 03:00:00,0,0.0,1.0,91220.23,91012.8,207.42999999999302,2602.069999999978
2026-01-09 04:00:00,0,1.0,1.0,91012.8,91091.82,-79.02000000000407,2523.049999999974
2026-01-09 05:00:00,0,1.0,0.0,91091.82,91137.58,-45.75999999999476,2477.289999999979
2026-01-09 06:00:00,0,0.0,1.0,91137.58,90741.84,395.74000000000524,2873.0299999999843
2026-01-09 07:00:00,0,0.0,1.0,90741.84,90033.52,708.3199999999924,3581.3499999999767
2026-01-09 08:00:00,1,1.0,1.0,90033.52,90338.46,304.9400000000023,3886.289999999979
2026-01-09 09:00:00,0,1.0,1.0,90338.46,90485.87,-147.40999999998894,3738.87999999999
2026-01-09 10:00:00,0,0.0,0.0,90485.87,90463.11,22.75999999999476,3761.639999999985
2026-01-09 11:00:00,0,0.0,0.0,90463.11,90449.23,13.880000000004657,3775.5199999999895
2026-01-09 12:00:00,0,1.0,1.0,90449.23,90607.66,-158.43000000000757,3617.089999999982
2026-01-09 13:00:00,0,0.0,1.0,90607.66,90150.0,457.6600000000035,4074.7499999999854
2026-01-09 14:00:00,1,1.0,1.0,90150.0,91176.47,1026.4700000000012,5101.219999999987
2026-01-09 15:00:00,0,1.0,1.0,91176.47,91623.89,-447.41999999999825,4653.799999999988
2026-01-09 16:00:00,0,0.0,1.0,91623.89,91422.23,201.6600000000035,4855.459999999992
2026-01-09 17:00:00,0,0.0,1.0,91422.23,90820.31,601.9199999999983,5457.37999999999
2026-01-09 18:00:00,0,0.0,1.0,90820.31,90332.15,488.1600000000035,5945.539999999994
2026-01-09 19:00:00,1,0.0,0.0,90332.15,90303.36,-28.789999999993597,5916.75
2026-01-09 20:00:00,1,1.0,1.0,90303.36,90541.97,238.61000000000058,6155.360000000001
2026-01-09 21:00:00,0,1.0,1.0,90541.97,90630.08,-88.11000000000058,6067.25
2026-01-09 22:00:00,0,1.0,0.0,90630.08,90641.28,-11.19999999999709,6056.050000000003
2026-01-09 23:00:00,0,0.0,0.0,90641.28,90600.0,41.279999999998836,6097.330000000002
2026-01-10 00:00:00,0,1.0,1.0,90600.0,90688.0,-88.0,6009.330000000002
2026-01-10 01:00:00,0,1.0,0.0,90688.0,90697.17,-9.169999999998254,6000.1600000000035
2026-01-10 02:00:00,0,0.0,0.0,90697.17,90626.14,71.02999999999884,6071.190000000002
2026-01-10 03:00:00,0,0.0,1.0,90626.14,90448.3,177.8399999999965,6249.029999999999
2026-01-10 04:00:00,0,1.0,1.0,90448.3,90603.52,-155.22000000000116,6093.809999999998
2026-01-10 05:00:00,0,0.0,1.0,90603.52,90505.47,98.05000000000291,6191.860000000001
2026-01-10 06:00:00,0,1.0,1.0,90505.47,90678.5,-173.02999999999884,6018.830000000002
2026-01-10 07:00:00,0,0.0,0.0,90678.5,90661.95,16.55000000000291,6035.380000000005
2026-01-10 08:00:00,0,1.0,1.0,90661.95,90768.96,-107.01000000000931,5928.369999999995
2026-01-10 09:00:00,0,1.0,0.0,90768.96,90828.0,-59.0399999999936,5869.330000000002
2026-01-10 10:00:00,0,0.0,1.0,90828.0,90723.86,104.13999999999942,5973.470000000001
2026-01-10 11:00:00,0,1.0,0.0,90723.86,90733.71,-9.85000000000582,5963.619999999995
2026-01-10 12:00:00,0,0.0,1.0,90733.71,90656.51,77.20000000001164,6040.820000000007
2026-01-10 13:00:00,0,0.0,0.0,90656.51,90591.01,65.5,6106.320000000007
2026-01-10 14:00:00,0,1.0,1.0,90591.01,90665.75,-74.74000000000524,6031.580000000002
2026-01-10 15:00:00,0,1.0,0.0,90665.75,90676.66,-10.910000000003492,6020.669999999998
2026-01-10 16:00:00,0,0.0,1.0,90676.66,90544.96,131.6999999999971,6152.369999999995
2026-01-10 17:00:00,0,1.0,0.0,90544.96,90595.62,-50.65999999998894,6101.710000000006
2026-01-10 18:00:00,0,1.0,0.0,90595.62,90626.54,-30.919999999998254,6070.790000000008
2026-01-10 19:00:00,0,0.0,0.0,90626.54,90572.86,53.679999999993015,6124.470000000001
2026-01-10 20:00:00,0,0.0,0.0,90572.86,90510.74,62.11999999999534,6186.5899999999965
2026-01-10 21:00:00,0,0.0,1.0,90510.74,90427.76,82.98000000001048,6269.570000000007
2026-01-10 22:00:00,1,1.0,1.0,90427.76,90504.7,76.94000000000233,6346.510000000009
2026-01-10 23:00:00,0,1.0,1.0,90504.7,90640.44,-135.74000000000524,6210.770000000004
2026-01-11 00:00:00,0,0.0,0.0,90640.44,90628.23,12.210000000006403,6222.9800000000105
2026-01-11 01:00:00,0,1.0,1.0,90628.23,90699.0,-70.77000000000407,6152.210000000006
2026-01-11 02:00:00,0,1.0,0.0,90699.0,90733.5,-34.5,6117.710000000006
2026-01-11 03:00:00,0,1.0,0.0,90733.5,90785.48,-51.979999999995925,6065.7300000000105
2026-01-11 04:00:00,0,0.0,0.0,90785.48,90774.43,11.05000000000291,6076.780000000013
2026-01-11 05:00:00,0,0.0,0.0,90774.43,90744.0,30.429999999993015,6107.210000000006
2026-01-11 06:00:00,0,0.0,0.0,90744.0,90710.79,33.2100000000064,6140.420000000013
2026-01-11 07:00:00,1,1.0,1.0,90710.79,90790.01,79.22000000000116,6219.640000000014
2026-01-11 08:00:00,0,0.0,0.0,90790.01,90740.02,49.98999999999069,6269.630000000005
2026-01-11 09:00:00,0,0.0,0.0,90740.02,90736.67,3.3500000000058208,6272.9800000000105
2026-01-11 10:00:00,1,1.0,0.0,90736.67,90754.99,18.320000000006985,6291.3000000000175
2026-01-11 11:00:00,0,1.0,1.0,90754.99,90938.13,-183.13999999999942,6108.160000000018
2026-01-11 12:00:00,0,0.0,1.0,90938.13,90849.45,88.68000000000757,6196.840000000026
2026-01-11 13:00:00,0,1.0,1.0,90849.45,91127.16,-277.7100000000064,5919.130000000019
2026-01-11 14:00:00,0,0.0,1.0,91127.16,90875.79,251.3700000000099,6170.500000000029
2026-01-11 15:00:00,0,1.0,1.0,90875.79,91039.15,-163.36000000000058,6007.1400000000285
2026-01-11 16:00:00,0,0.0,0.0,91039.15,90986.68,52.470000000001164,6059.61000000003
2026-01-11 17:00:00,0,0.0,1.0,90986.68,90886.68,100.0,6159.61000000003
2026-01-11 18:00:00,1,0.0,1.0,90886.68,90690.8,-195.8799999999901,5963.73000000004
2026-01-11 19:00:00,1,1.0,0.0,90690.8,90708.26,17.45999999999185,5981.190000000031
2026-01-11 20:00:00,0,1.0,0.0,90708.26,90757.06,-48.80000000000291,5932.3900000000285
2026-01-11 21:00:00,0,0.0,1.0,90757.06,90526.02,231.0399999999936,6163.430000000022
2026-01-11 22:00:00,0,1.0,1.0,90526.02,91013.65,-487.6299999999901,5675.800000000032
2026-01-11 23:00:00,0,1.0,1.0,91013.65,91258.65,-245.0,5430.800000000032
2026-01-12 00:00:00,0,1.0,1.0,91258.65,91412.44,-153.79000000000815,5277.010000000024
2026-01-12 01:00:00,0,1.0,1.0,91412.44,92203.56,-791.1199999999953,4485.8900000000285
2026-01-12 02:00:00,0,0.0,1.0,92203.56,91808.12,395.4400000000023,4881.330000000031
2026-01-12 03:00:00,0,1.0,1.0,91808.12,92175.78,-367.6600000000035,4513.670000000027
2026-01-12 04:00:00,0,0.0,0.0,92175.78,92111.86,63.919999999998254,4577.590000000026
2026-01-12 05:00:00,0,0.0,1.0,92111.86,91836.34,275.5200000000041,4853.11000000003
2026-01-12 06:00:00,1,0.0,1.0,91836.34,91408.09,-428.25,4424.86000000003
2026-01-12 07:00:00,1,0.0,1.0,91408.09,90752.27,-655.8199999999924,3769.0400000000373
2026-01-12 08:00:00,1,0.0,0.0,90752.27,90685.64,-66.63000000000466,3702.4100000000326
2026-01-12 09:00:00,1,0.0,1.0,90685.64,90433.46,-252.17999999999302,3450.2300000000396
2026-01-12 10:00:00,1,1.0,1.0,90433.46,90620.96,187.5,3637.7300000000396
2026-01-12 11:00:00,0,1.0,1.0,90620.96,90789.37,-168.40999999998894,3469.3200000000506
2026-01-12 12:00:00,0,0.0,1.0,90789.37,90636.01,153.36000000000058,3622.680000000051
2026-01-12 13:00:00,0,1.0,1.0,90636.01,90908.95,-272.9400000000023,3349.740000000049
2026-01-12 14:00:00,0,1.0,1.0,90908.95,91665.0,-756.0500000000029,2593.690000000046
2026-01-12 15:00:00,0,1.0,1.0,91665.0,92123.52,-458.5200000000041,2135.170000000042
2026-01-12 16:00:00,0,0.0,1.0,92123.52,91522.83,600.6900000000023,2735.8600000000442
2026-01-12 17:00:00,0,1.0,1.0,91522.83,91691.8,-168.97000000000116,2566.890000000043
2026-01-12 18:00:00,0,1.0,1.0,91691.8,91861.27,-169.47000000000116,2397.420000000042
2026-01-12 19:00:00,0,0.0,1.0,91861.27,91484.86,376.4100000000035,2773.8300000000454
2026-01-12 20:00:00,0,0.0,1.0,91484.86,91055.17,429.6900000000023,3203.5200000000477
2026-01-12 21:00:00,1,1.0,1.0,91055.17,91244.99,189.82000000000698,3393.3400000000547
2026-01-12 22:00:00,0,1.0,0.0,91244.99,91296.2,-51.20999999999185,3342.130000000063
2026-01-12 23:00:00,0,1.0,1.0,91296.2,91482.74,-186.54000000000815,3155.5900000000547
2026-01-13 00:00:00,0,0.0,1.0,91482.74,91185.35,297.3899999999994,3452.980000000054
2026-01-13 01:00:00,0,0.0,0.0,91185.35,91118.3,67.05000000000291,3520.030000000057
2026-01-13 02:00:00,0,1.0,1.0,91118.3,91408.91,-290.6100000000006,3229.4200000000565
2026-01-13 03:00:00,0,1.0,1.0,91408.91,91515.16,-106.25,3123.1700000000565
2026-01-13 04:00:00,0,1.0,1.0,91515.16,91920.99,-405.83000000000175,2717.3400000000547
2026-01-13 05:00:00,0,1.0,1.0,91920.99,92184.36,-263.36999999999534,2453.9700000000594
2026-01-13 06:00:00,0,0.0,1.0,92184.36,91942.0,242.36000000000058,2696.33000000006
2026-01-13 07:00:00,0,1.0,1.0,91942.0,92165.9,-223.89999999999418,2472.430000000066
2026-01-13 08:00:00,0,1.0,1.0,92165.9,92269.42,-103.52000000000407,2368.9100000000617
2026-01-13 09:00:00,0,0.0,1.0,92269.42,92128.62,140.8000000000029,2509.7100000000646
2026-01-13 10:00:00,0,0.0,1.0,92128.62,92000.74,127.8799999999901,2637.5900000000547
2026-01-13 11:00:00,0,1.0,1.0,92000.74,92109.35,-108.61000000000058,2528.980000000054
2026-01-13 12:00:00,0,0.0,0.0,92109.35,92076.12,33.23000000001048,2562.2100000000646
2026-01-13 13:00:00,0,1.0,1.0,92076.12,92462.03,-385.9100000000035,2176.300000000061
2026-01-13 14:00:00,0,1.0,1.0,92462.03,93449.99,-987.9600000000064,1188.3400000000547
2026-01-13 15:00:00,0,0.0,0.0,93449.99,93389.63,60.36000000000058,1248.7000000000553
2026-01-13 16:00:00,0,0.0,1.0,93389.63,93241.99,147.63999999999942,1396.3400000000547
2026-01-13 17:00:00,0,1.0,1.0,93241.99,93633.71,-391.72000000000116,1004.6200000000536
2026-01-13 18:00:00,0,1.0,1.0,93633.71,94226.84,-593.1299999999901,411.49000000006345
2026-01-13 19:00:00,0,1.0,1.0,94226.84,94408.7,-181.86000000000058,229.63000000006286
2026-01-13 20:00:00,0,0.0,1.0,94408.7,94087.23,321.47000000000116,551.100000000064
2026-01-13 21:00:00,0,1.0,1.0,94087.23,95757.21,-1669.9800000000105,-1118.8799999999464
2026-01-13 22:00:00,0,0.0,1.0,95757.21,95414.0,343.2100000000064,-775.66999999994
2026-01-13 23:00:00,0,0.0,1.0,95414.0,95236.84,177.1600000000035,-598.5099999999366
2026-01-14 00:00:00,1,1.0,0.0,95236.84,95245.6,8.760000000009313,-589.7499999999272
2026-01-14 01:00:00,0,1.0,1.0,95245.6,95347.46,-101.86000000000058,-691.6099999999278
2026-01-14 02:00:00,0,1.0,1.0,95347.46,95720.99,-373.52999999999884,-1065.1399999999267
2026-01-14 03:00:00,0,0.0,1.0,95720.99,95245.16,475.83000000000175,-589.3099999999249
2026-01-14 04:00:00,0,0.0,1.0,95245.16,95005.0,240.1600000000035,-349.1499999999214
2026-01-14 05:00:00,1,1.0,0.0,95005.0,95028.87,23.869999999995343,-325.2799999999261
2026-01-14 06:00:00,0,1.0,1.0,95028.87,95205.1,-176.23000000001048,-501.50999999993655
2026-01-14 07:00:00,0,0.0,1.0,95205.1,94900.01,305.09000000001106,-196.4199999999255
2026-01-14 08:00:00,0,1.0,1.0,94900.01,95088.24,-188.23000000001048,-384.64999999993597
2026-01-14 09:00:00,0,1.0,0.0,95088.24,95091.75,-3.5099999999947613,-388.15999999993073
2026-01-14 10:00:00,0,0.0,1.0,95091.75,94792.99,298.75999999999476,-89.39999999993597
2026-01-14 11:00:00,0,1.0,1.0,94792.99,95077.56,-284.56999999999243,-373.9699999999284
2026-01-14 12:00:00,0,0.0,0.0,95077.56,94998.19,79.36999999999534,-294.59999999993306
2026-01-14 13:00:00,0,1.0,1.0,94998.19,96493.15,-1494.9599999999919,-1789.559999999925
2026-01-14 14:00:00,0,1.0,1.0,96493.15,96764.57,-271.4200000000128,-2060.9799999999377
2026-01-14 15:00:00,0,1.0,1.0,96764.57,97293.24,-528.6699999999983,-2589.649999999936
2026-01-14 16:00:00,0,0.0,1.0,97293.24,96956.07,337.16999999999825,-2252.4799999999377
2026-01-14 17:00:00,0,0.0,1.0,96956.07,96806.55,149.52000000000407,-2102.9599999999336
2026-01-14 18:00:00,1,1.0,1.0,96806.55,97267.42,460.86999999999534,-1642.0899999999383
2026-01-14 19:00:00,0,1.0,1.0,97267.42,97655.28,-387.8600000000006,-2029.9499999999389
2026-01-14 20:00:00,0,0.0,1.0,97655.28,97564.0,91.27999999999884,-1938.66999999994
2026-01-14 21:00:00,0,0.0,1.0,97564.0,96878.34,685.6600000000035,-1253.0099999999366
2026-01-14 22:00:00,0,1.0,0.0,96878.34,96951.78,-73.44000000000233,-1326.4499999999389
2026-01-14 23:00:00,0,0.0,1.0,96951.78,96658.03,293.75,-1032.6999999999389
2026-01-15 00:00:00,0,0.0,1.0,96658.03,96445.31,212.72000000000116,-819.9799999999377
2026-01-15 01:00:00,1,0.0,1.0,96445.31,96339.91,-105.39999999999418,-925.3799999999319
2026-01-15 02:00:00,1,0.0,1.0,96339.91,95985.1,-354.8099999999977,-1280.1899999999296
2026-01-15 03:00:00,1,1.0,1.0,95985.1,96316.27,331.16999999999825,-949.0199999999313
2026-01-15 04:00:00,0,1.0,1.0,96316.27,96429.71,-113.44000000000233,-1062.4599999999336
2026-01-15 05:00:00,0,0.0,1.0,96429.71,96243.78,185.93000000000757,-876.5299999999261
2026-01-15 06:00:00,0,1.0,1.0,96243.78,96630.48,-386.6999999999971,-1263.2299999999232
2026-01-15 07:00:00,0,1.0,0.0,96630.48,96643.0,-12.520000000004075,-1275.7499999999272
2026-01-15 08:00:00,0,1.0,1.0,96643.0,97040.75,-397.75,-1673.4999999999272
2026-01-15 09:00:00,0,0.0,1.0,97040.75,96818.68,222.07000000000698,-1451.4299999999203
2026-01-15 10:00:00,0,0.0,1.0,96818.68,96581.08,237.59999999999127,-1213.829999999929
2026-01-15 11:00:00,0,1.0,1.0,96581.08,96981.65,-400.56999999999243,-1614.3999999999214
2026-01-15 12:00:00,0,0.0,1.0,96981.65,96846.75,134.89999999999418,-1479.4999999999272
2026-01-15 13:00:00,0,0.0,1.0,96846.75,96063.43,783.320000000007,-696.1799999999203
2026-01-15 14:00:00,1,1.0,1.0,96063.43,96737.04,673.6100000000006,-22.569999999919673
2026-01-15 15:00:00,0,1.0,0.0,96737.04,96738.51,-1.4700000000011642,-24.039999999920838
2026-01-15 16:00:00,0,0.0,1.0,96738.51,96636.35,102.15999999998894,78.1200000000681
2026-01-15 17:00:00,0,0.0,1.0,96636.35,95835.0,801.3500000000058,879.4700000000739
2026-01-15 18:00:00,1,0.0,1.0,95835.0,95516.01,-318.99000000000524,560.4800000000687
2026-01-15 19:00:00,1,0.0,1.0,95516.01,95260.67,-255.3399999999965,305.1400000000722
2026-01-15 20:00:00,1,1.0,1.0,95260.67,95584.35,323.68000000000757,628.8200000000797
2026-01-15 21:00:00,0,0.0,0.0,95584.35,95583.87,0.4800000000104774,629.3000000000902
2026-01-15 22:00:00,0,1.0,0.0,95583.87,95604.8,-20.930000000007567,608.3700000000827
2026-01-15 23:00:00,0,1.0,0.0,95604.8,95633.5,-28.69999999999709,579.6700000000856
2026-01-16 00:00:00,0,1.0,0.0,95633.5,95664.18,-30.679999999993015,548.9900000000926
2026-01-16 01:00:00,0,0.0,1.0,95664.18,95504.4,159.77999999999884,708.7700000000914
2026-01-16 02:00:00,0,0.0,1.0,95504.4,95354.69,149.70999999999185,858.4800000000832
2026-01-16 03:00:00,1,0.0,1.0,95354.69,95261.29,-93.40000000000873,765.0800000000745
2026-01-16 04:00:00,1,1.0,1.0,95261.29,95660.37,399.08000000000175,1164.1600000000763
2026-01-16 05:00:00,0,1.0,0.0,95660.37,95741.21,-80.84000000001106,1083.3200000000652
2026-01-16 06:00:00,0,0.0,1.0,95741.21,95653.16,88.05000000000291,1171.370000000068
2026-01-16 07:00:00,0,1.0,0.0,95653.16,95676.0,-22.839999999996508,1148.5300000000716
2026-01-16 08:00:00,0,0.0,0.0,95676.0,95613.53,62.470000000001164,1211.0000000000728
2026-01-16 09:00:00,0,0.0,1.0,95613.53,95307.35,306.179999999993,1517.1800000000658
2026-01-16 10:00:00,1,1.0,1.0,95307.35,95429.09,121.73999999999069,1638.9200000000565
2026-01-16 11:00:00,0,1.0,0.0,95429.09,95458.55,-29.460000000006403,1609.46000000005
2026-01-16 12:00:00,0,0.0,0.0,95458.55,95448.87,9.680000000007567,1619.1400000000576
2026-01-16 13:00:00,0,0.0,1.0,95448.87,95192.36,256.50999999999476,1875.6500000000524
2026-01-16 14:00:00,1,0.0,1.0,95192.36,94585.98,-606.3800000000047,1269.2700000000477
2026-01-16 15:00:00,1,1.0,1.0,94585.98,94872.55,286.570000000007,1555.8400000000547
2026-01-16 16:00:00,0,1.0,1.0,94872.55,95076.08,-203.52999999999884,1352.3100000000559
2026-01-16 17:00:00,0,0.0,0.0,95076.08,95001.19,74.88999999999942,1427.2000000000553
2026-01-16 18:00:00,0,1.0,0.0,95001.19,95002.09,-0.8999999999941792,1426.3000000000611
2026-01-16 19:00:00,0,1.0,1.0,95002.09,95553.6,-551.5100000000093,874.7900000000518
2026-01-16 20:00:00,0,0.0,0.0,95553.6,95523.52,30.080000000001746,904.8700000000536
2026-01-16 21:00:00,0,0.0,0.0,95523.52,95514.0,9.520000000004075,914.3900000000576
2026-01-16 22:00:00,0,1.0,0.0,95514.0,95550.94,-36.94000000000233,877.4500000000553
2026-01-16 23:00:00,0,0.0,0.0,95550.94,95465.97,84.97000000000116,962.4200000000565
2026-01-17 00:00:00,0,0.0,0.0,95465.97,95399.93,66.04000000000815,1028.4600000000646
2026-01-17 01:00:00,1,0.0,0.0,95399.93,95371.35,-28.579999999987194,999.8800000000774
2026-01-17 02:00:00,1,1.0,0.0,95371.35,95372.95,1.5999999999912689,1001.4800000000687
2026-01-17 03:00:00,0,0.0,0.0,95372.95,95303.64,69.30999999999767,1070.7900000000664
2026-01-17 04:00:00,1,1.0,0.0,95303.64,95323.67,20.029999999998836,1090.8200000000652
2026-01-17 05:00:00,0,0.0,0.0,95323.67,95240.07,83.59999999999127,1174.4200000000565
2026-01-17 06:00:00,1,0.0,1.0,95240.07,95101.67,-138.40000000000873,1036.0200000000477
2026-01-17 07:00:00,1,1.0,1.0,95101.67,95247.51,145.8399999999965,1181.8600000000442
2026-01-17 08:00:00,0,1.0,0.0,95247.51,95260.65,-13.139999999999418,1168.7200000000448
2026-01-17 09:00:00,0,0.0,1.0,95260.65,95116.48,144.16999999999825,1312.890000000043
2026-01-17 10:00:00,0,1.0,1.0,95116.48,95323.86,-207.38000000000466,1105.5100000000384
2026-01-17 11:00:00,0,0.0,0.0,95323.86,95251.15,72.7100000000064,1178.2200000000448
2026-01-17 12:00:00,0,1.0,1.0,95251.15,95438.32,-187.1700000000128,991.050000000032
2026-01-17 13:00:00,0,1.0,0.0,95438.32,95471.18,-32.85999999998603,958.190000000046
2026-01-17 14:00:00,0,1.0,1.0,95471.18,95573.64,-102.4600000000064,855.7300000000396
2026-01-17 15:00:00,0,0.0,1.0,95573.64,95315.23,258.4100000000035,1114.140000000043
2026-01-17 16:00:00,0,1.0,0.0,95315.23,95357.24,-42.01000000000931,1072.1300000000338
2026-01-17 17:00:00,0,1.0,0.0,95357.24,95428.25,-71.00999999999476,1001.120000000039
2026-01-17 18:00:00,0,0.0,1.0,95428.25,95291.38,136.86999999999534,1137.9900000000343
2026-01-17 19:00:00,0,1.0,1.0,95291.38,95378.18,-86.79999999998836,1051.190000000046
2026-01-17 20:00:00,0,0.0,0.0,95378.18,95302.94,75.23999999999069,1126.4300000000367
2026-01-17 21:00:00,0,0.0,1.0,95302.94,95170.97,131.97000000000116,1258.4000000000378
2026-01-17 22:00:00,1,0.0,0.0,95170.97,95147.77,-23.19999999999709,1235.2000000000407
2026-01-17 23:00:00,1,0.0,0.0,95147.77,95112.47,-35.30000000000291,1199.9000000000378
2026-01-18 00:00:00,1,0.0,1.0,95112.47,94966.9,-145.57000000000698,1054.3300000000309
2026-01-18 01:00:00,1,1.0,0.0,94966.9,95022.01,55.11000000000058,1109.4400000000314
2026-01-18 02:00:00,0,1.0,1.0,95022.01,95200.29,-178.27999999999884,931.1600000000326
2026-01-18 03:00:00,0,0.0,1.0,95200.29,95095.68,104.61000000000058,1035.7700000000332
2026-01-18 04:00:00,0,1.0,1.0,95095.68,95188.55,-92.8700000000099,942.9000000000233
2026-01-18 05:00:00,0,0.0,0.0,95188.55,95171.43,17.120000000009895,960.0200000000332
2026-01-18 06:00:00,0,0.0,1.0,95171.43,95028.27,143.15999999998894,1103.1800000000221
2026-01-18 07:00:00,1,1.0,1.0,95028.27,95183.93,155.65999999998894,1258.840000000011
2026-01-18 08:00:00,0,1.0,1.0,95183.93,95275.73,-91.80000000000291,1167.0400000000081
2026-01-18 09:00:00,0,0.0,1.0,95275.73,95180.66,95.06999999999243,1262.1100000000006
2026-01-18 10:00:00,0,0.0,0.0,95180.66,95168.06,12.60000000000582,1274.7100000000064
2026-01-18 11:00:00,1,0.0,0.0,95168.06,95113.25,-54.80999999999767,1219.9000000000087
2026-01-18 12:00:00,1,1.0,0.0,95113.25,95146.82,33.570000000006985,1253.4700000000157
2026-01-18 13:00:00,0,0.0,1.0,95146.82,94955.79,191.0300000000134,1444.500000000029
2026-01-18 14:00:00,0,1.0,1.0,94955.79,95119.28,-163.49000000000524,1281.0100000000239
2026-01-18 15:00:00,0,1.0,0.0,95119.28,95169.35,-50.070000000006985,1230.9400000000169
2026-01-18 16:00:00,0,1.0,1.0,95169.35,95274.36,-105.00999999999476,1125.9300000000221
2026-01-18 17:00:00,0,1.0,1.0,95274.36,95439.6,-165.24000000000524,960.6900000000169
2026-01-18 18:00:00,0,0.0,0.0,95439.6,95380.99,58.61000000000058,1019.3000000000175
2026-01-18 19:00:00,0,0.0,0.0,95380.99,95304.01,76.98000000001048,1096.280000000028
2026-01-18 20:00:00,0,1.0,1.0,95304.01,95430.44,-126.43000000000757,969.8500000000204
2026-01-18 21:00:00,0,1.0,0.0,95430.44,95498.61,-68.16999999999825,901.6800000000221
2026-01-18 22:00:00,0,0.0,1.0,95498.61,93673.14,1825.4700000000012,2727.1500000000233
2026-01-18 23:00:00,1,0.0,1.0,93673.14,92711.02,-962.1199999999953,1765.030000000028
2026-01-19 00:00:00,1,0.0,1.0,92711.02,92586.65,-124.3700000000099,1640.660000000018
2026-01-19 01:00:00,1,0.0,0.0,92586.65,92566.8,-19.84999999999127,1620.8100000000268
2026-01-19 02:00:00,1,1.0,1.0,92566.8,92690.09,123.2899999999936,1744.1000000000204
2026-01-19 03:00:00,0,0.0,0.0,92690.09,92665.0,25.089999999996508,1769.1900000000169
2026-01-19 04:00:00,1,0.0,1.0,92665.0,92511.77,-153.22999999999593,1615.960000000021
2026-01-19 05:00:00,1,1.0,0.0,92511.77,92583.27,71.5,1687.460000000021
2026-01-19 06:00:00,0,1.0,1.0,92583.27,92841.62,-258.34999999999127,1429.1100000000297
2026-01-19 07:00:00,0,1.0,1.0,92841.62,93259.09,-417.47000000000116,1011.6400000000285
2026-01-19 08:00:00,0,0.0,1.0,93259.09,93060.06,199.02999999999884,1210.6700000000274
2026-01-19 09:00:00,0,1.0,0.0,93060.06,93064.88,-4.820000000006985,1205.8500000000204
2026-01-19 10:00:00,0,1.0,1.0,93064.88,93191.96,-127.08000000000175,1078.7700000000186
2026-01-19 11:00:00,0,0.0,1.0,93191.96,93070.6,121.36000000000058,1200.1300000000192
2026-01-19 12:00:00,0,0.0,0.0,93070.6,93031.86,38.74000000000524,1238.8700000000244
2026-01-19 13:00:00,0,0.0,1.0,93031.86,92812.43,219.43000000000757,1458.300000000032
2026-01-19 14:00:00,1,1.0,1.0,92812.43,93068.62,256.1900000000023,1714.4900000000343
2026-01-19 15:00:00,0,1.0,1.0,93068.62,93301.86,-233.24000000000524,1481.250000000029
2026-01-19 16:00:00,0,0.0,0.0,93301.86,93242.99,58.86999999999534,1540.1200000000244
2026-01-19 17:00:00,0,0.0,1.0,93242.99,93065.84,177.15000000000873,1717.2700000000332
2026-01-19 18:00:00,0,1.0,0.0,93065.84,93105.85,-40.01000000000931,1677.2600000000239
2026-01-19 19:00:00,0,1.0,0.0,93105.85,93141.94,-36.08999999999651,1641.1700000000274
2026-01-19 20:00:00,0,0.0,1.0,93141.94,93003.42,138.52000000000407,1779.6900000000314
2026-01-19 21:00:00,0,0.0,1.0,93003.42,92565.78,437.6399999999994,2217.330000000031
2026-01-19 22:00:00,1,1.0,0.0,92565.78,92631.0,65.22000000000116,2282.550000000032
2026-01-19 23:00:00,0,1.0,1.0,92631.0,92717.9,-86.89999999999418,2195.650000000038
2026-01-20 00:00:00,0,0.0,0.0,92717.9,92716.48,1.4199999999982538,2197.070000000036
2026-01-20 01:00:00,0,0.0,1.0,92716.48,92552.16,164.31999999999243,2361.3900000000285
2026-01-20 02:00:00,1,0.0,1.0,92552.16,92434.92,-117.24000000000524,2244.1500000000233
2026-01-20 03:00:00,1,0.0,1.0,92434.92,92062.61,-372.3099999999977,1871.8400000000256
2026-01-20 04:00:00,1,0.0,1.0,92062.61,91624.18,-438.43000000000757,1433.410000000018
2026-01-20 05:00:00,1,0.0,1.0,91624.18,90929.98,-694.1999999999971,739.210000000021
2026-01-20 06:00:00,1,1.0,1.0,90929.98,91177.98,248.0,987.210000000021
2026-01-20 07:00:00,1,0.0,0.0,91177.98,91116.0,-61.979999999995925,925.230000000025
2026-01-20 08:00:00,1,0.0,1.0,91116.0,91036.25,-79.75,845.480000000025
2026-01-20 09:00:00,1,1.0,1.0,91036.25,91269.58,233.33000000000175,1078.8100000000268
2026-01-20 10:00:00,1,0.0,0.0,91269.58,91218.99,-50.58999999999651,1028.2200000000303
2026-01-20 11:00:00,1,1.0,0.0,91218.99,91280.31,61.31999999999243,1089.5400000000227
2026-01-20 12:00:00,1,0.0,1.0,91280.31,90958.88,-321.429999999993,768.1100000000297
2026-01-20 13:00:00,1,0.0,1.0,90958.88,90531.15,-427.7300000000105,340.3800000000192
2026-01-20 14:00:00,1,1.0,1.0,90531.15,90684.95,153.8000000000029,494.1800000000221
2026-01-20 15:00:00,1,0.0,1.0,90684.95,90165.51,-519.4400000000023,-25.25999999998021
2026-01-20 16:00:00,1,0.0,1.0,90165.51,89775.46,-390.04999999998836,-415.30999999996857
2026-01-20 17:00:00,1,0.0,1.0,89775.46,89501.0,-274.4600000000064,-689.769999999975
2026-01-20 18:00:00,1,1.0,1.0,89501.0,89725.76,224.75999999999476,-465.0099999999802
2026-01-20 19:00:00,1,1.0,0.0,89725.76,89733.99,8.230000000010477,-456.77999999996973
2026-01-20 20:00:00,1,0.0,1.0,89733.99,89476.01,-257.9800000000105,-714.7599999999802
2026-01-20 21:00:00,1,0.0,1.0,89476.01,88509.18,-966.8300000000017,-1681.589999999982
2026-01-20 22:00:00,1,0.0,1.0,88509.18,88427.66,-81.51999999998952,-1763.1099999999715
2026-01-20 23:00:00,1,1.0,1.0,88427.66,88936.01,508.34999999999127,-1254.7599999999802
2026-01-21 00:00:00,1,1.0,1.0,88936.01,89020.91,84.90000000000873,-1169.8599999999715
2026-01-21 01:00:00,1,1.0,0.0,89020.91,89048.57,27.660000000003492,-1142.199999999968
2026-01-21 02:00:00,1,1.0,1.0,89048.57,89432.33,383.75999999999476,-758.4399999999732
2026-01-21 03:00:00,0,1.0,0.0,89432.33,89448.89,-16.55999999999767,-774.9999999999709
2026-01-21 04:00:00,1,1.0,1.0,89448.89,89950.04,501.1499999999942,-273.8499999999767
2026-01-21 05:00:00,0,0.0,1.0,89950.04,89649.62,300.41999999999825,26.570000000021537
2026-01-21 06:00:00,1,0.0,1.0,89649.62,89213.95,-435.66999999999825,-409.0999999999767
2026-01-21 07:00:00,1,0.0,0.0,89213.95,89197.35,-16.59999999999127,-425.699999999968
2026-01-21 08:00:00,1,0.0,1.0,89197.35,89112.3,-85.05000000000291,-510.7499999999709
2026-01-21 09:00:00,1,1.0,1.0,89112.3,89248.99,136.69000000000233,-374.05999999996857
2026-01-21 10:00:00,1,0.0,1.0,89248.99,88789.99,-459.0,-833.0599999999686
2026-01-21 11:00:00,1,0.0,0.0,88789.99,88736.31,-53.68000000000757,-886.7399999999761
2026-01-21 12:00:00,1,0.0,0.0,88736.31,88672.64,-63.669999999998254,-950.4099999999744
2026-01-21 13:00:00,1,1.0,1.0,88672.64,89805.43,1132.7899999999936,182.3800000000192
2026-01-21 14:00:00,0,1.0,1.0,89805.43,90288.04,-482.6100000000006,-300.2299999999814
2026-01-21 15:00:00,0,0.0,1.0,90288.04,87602.4,2685.6399999999994,2385.410000000018
2026-01-21 16:00:00,1,1.0,1.0,87602.4,87932.38,329.9800000000105,2715.3900000000285
2026-01-21 17:00:00,1,1.0,1.0,87932.38,88485.43,553.0499999999884,3268.440000000017
2026-01-21 18:00:00,1,1.0,1.0,88485.43,90355.56,1870.1300000000047,5138.5700000000215
2026-01-21 19:00:00,0,0.0,1.0,90355.56,90214.01,141.5500000000029,5280.120000000024
2026-01-21 20:00:00,1,1.0,0.0,90214.01,90249.18,35.169999999998254,5315.290000000023
2026-01-21 21:00:00,1,0.0,1.0,90249.18,89763.51,-485.66999999999825,4829.620000000024
2026-01-21 22:00:00,1,0.0,1.0,89763.51,89454.73,-308.77999999999884,4520.840000000026
2026-01-21 23:00:00,1,1.0,1.0,89454.73,89908.49,453.7600000000093,4974.600000000035
2026-01-22 00:00:00,1,1.0,1.0,89908.49,90113.19,204.6999999999971,5179.300000000032
2026-01-22 01:00:00,1,0.0,1.0,90113.19,89938.3,-174.88999999999942,5004.410000000033
2026-01-22 02:00:00,1,0.0,0.0,89938.3,89899.51,-38.79000000000815,4965.620000000024
2026-01-22 03:00:00,1,1.0,1.0,89899.51,89998.91,99.40000000000873,5065.020000000033
2026-01-22 04:00:00,1,1.0,0.0,89998.91,90026.3,27.389999999999418,5092.410000000033
2026-01-22 05:00:00,1,1.0,1.0,90026.3,90172.11,145.80999999999767,5238.22000000003
2026-01-22 06:00:00,0,0.0,1.0,90172.11,89818.79,353.320000000007,5591.540000000037
2026-01-22 07:00:00,1,1.0,1.0,89818.79,89920.16,101.3700000000099,5692.910000000047
2026-01-22 08:00:00,1,1.0,1.0,89920.16,90033.02,112.86000000000058,5805.770000000048
2026-01-22 09:00:00,1,1.0,0.0,90033.02,90078.77,45.75,5851.520000000048
2026-01-22 10:00:00,1,0.0,1.0,90078.77,89941.26,-137.5100000000093,5714.010000000038
2026-01-22 11:00:00,1,1.0,0.0,89941.26,90021.09,79.83000000000175,5793.84000000004
2026-01-22 12:00:00,1,0.0,1.0,90021.09,89619.81,-401.27999999999884,5392.560000000041
2026-01-22 13:00:00,1,0.0,1.0,89619.81,89088.59,-531.2200000000012,4861.34000000004
2026-01-22 14:00:00,1,0.0,0.0,89088.59,89000.01,-88.58000000000175,4772.760000000038
2026-01-22 15:00:00,1,1.0,0.0,89000.01,89054.06,54.05000000000291,4826.810000000041
2026-01-22 16:00:00,1,1.0,1.0,89054.06,89550.01,495.9499999999971,5322.760000000038
2026-01-22 17:00:00,0,0.0,1.0,89550.01,89333.94,216.06999999999243,5538.830000000031
2026-01-22 18:00:00,1,1.0,1.0,89333.94,89777.9,443.95999999999185,5982.790000000023
2026-01-22 19:00:00,0,0.0,1.0,89777.9,89409.72,368.179999999993,6350.970000000016
2026-01-22 20:00:00,1,0.0,1.0,89409.72,89268.66,-141.05999999999767,6209.910000000018
2026-01-22 21:00:00,1,1.0,0.0,89268.66,89346.99,78.33000000000175,6288.24000000002
2026-01-22 22:00:00,1,1.0,1.0,89346.99,89559.67,212.67999999999302,6500.920000000013
2026-01-22 23:00:00,1,0.0,0.0,89559.67,89520.01,-39.66000000000349,6461.260000000009
2026-01-23 00:00:00,1,1.0,1.0,89520.01,89939.38,419.3700000000099,6880.630000000019
2026-01-23 01:00:00,0,0.0,1.0,89939.38,89663.48,275.90000000000873,7156.530000000028
2026-01-23 02:00:00,1,1.0,1.0,89663.48,89924.78,261.3000000000029,7417.830000000031
2026-01-23 03:00:00,0,1.0,0.0,89924.78,89965.42,-40.63999999999942,7377.190000000031
2026-01-23 04:00:00,1,0.0,1.0,89965.42,89616.03,-349.3899999999994,7027.800000000032
2026-01-23 05:00:00,1,0.0,1.0,89616.03,89509.59,-106.44000000000233,6921.36000000003
2026-01-23 06:00:00,1,1.0,0.0,89509.59,89549.45,39.86000000000058,6961.22000000003
2026-01-23 07:00:00,1,0.0,1.0,89549.45,89221.46,-327.9899999999907,6633.23000000004
2026-01-23 08:00:00,1,0.0,1.0,89221.46,88977.72,-243.74000000000524,6389.490000000034
2026-01-23 09:00:00,1,1.0,0.0,88977.72,89046.49,68.77000000000407,6458.260000000038
2026-01-23 10:00:00,1,1.0,1.0,89046.49,89202.48,155.9899999999907,6614.250000000029
2026-01-23 11:00:00,1,1.0,0.0,89202.48,89267.83,65.35000000000582,6679.600000000035
2026-01-23 12:00:00,1,1.0,0.0,89267.83,89350.81,82.97999999999593,6762.580000000031
2026-01-23 13:00:00,0,0.0,1.0,89350.81,89017.85,332.95999999999185,7095.540000000023
2026-01-23 14:00:00,1,1.0,1.0,89017.85,89761.61,743.7599999999948,7839.3000000000175
2026-01-23 15:00:00,0,1.0,1.0,89761.61,90124.85,-363.24000000000524,7476.060000000012
2026-01-23 16:00:00,0,1.0,1.0,90124.85,90600.0,-475.1499999999942,7000.910000000018
2026-01-23 17:00:00,0,0.0,0.0,90600.0,90530.45,69.55000000000291,7070.460000000021
2026-01-23 18:00:00,1,0.0,1.0,90530.45,89982.79,-547.6600000000035,6522.8000000000175
2026-01-23 19:00:00,1,0.0,1.0,89982.79,89503.68,-479.1100000000006,6043.690000000017
2026-01-23 20:00:00,1,0.0,1.0,89503.68,89349.99,-153.68999999998778,5890.000000000029
2026-01-23 21:00:00,1,1.0,1.0,89349.99,89624.61,274.61999999999534,6164.620000000024
2026-01-23 22:00:00,1,0.0,0.0,89624.61,89600.26,-24.35000000000582,6140.270000000019
2026-01-23 23:00:00,1,0.0,1.0,89600.26,89452.83,-147.42999999999302,5992.840000000026
2026-01-24 00:00:00,1,1.0,1.0,89452.83,89550.24,97.41000000000349,6090.250000000029
2026-01-24 01:00:00,1,1.0,1.0,89550.24,89702.85,152.61000000000058,6242.86000000003
2026-01-24 02:00:00,1,1.0,0.0,89702.85,89770.02,67.16999999999825,6310.030000000028
2026-01-24 03:00:00,1,1.0,0.0,89770.02,89829.35,59.330000000001746,6369.36000000003
2026-01-24 04:00:00,1,0.0,0.0,89829.35,89775.2,-54.15000000000873,6315.210000000021
2026-01-24 05:00:00,1,0.0,1.0,89775.2,89649.32,-125.8799999999901,6189.330000000031
2026-01-24 06:00:00,1,0.0,0.0,89649.32,89620.1,-29.220000000001164,6160.11000000003
2026-01-24 07:00:00,1,1.0,0.0,89620.1,89660.88,40.779999999998836,6200.8900000000285
2026-01-24 08:00:00,1,0.0,0.0,89660.88,89600.0,-60.88000000000466,6140.010000000024
2026-01-24 09:00:00,1,1.0,0.0,89600.0,89626.8,26.80000000000291,6166.810000000027
2026-01-24 10:00:00,0,0.0,0.0,89626.8,89595.4,31.40000000000873,6198.2100000000355
2026-01-24 11:00:00,1,0.0,0.0,89595.4,89537.82,-57.579999999987194,6140.630000000048
2026-01-24 12:00:00,1,0.0,1.0,89537.82,89368.22,-169.60000000000582,5971.0300000000425
2026-01-24 13:00:00,1,1.0,0.0,89368.22,89450.03,81.80999999999767,6052.84000000004
2026-01-24 14:00:00,0,0.0,1.0,89450.03,89275.77,174.25999999999476,6227.100000000035
2026-01-24 15:00:00,1,1.0,0.0,89275.77,89290.01,14.239999999990687,6241.340000000026
2026-01-24 16:00:00,0,1.0,1.0,89290.01,89406.5,-116.49000000000524,6124.85000000002
2026-01-24 17:00:00,1,0.0,0.0,89406.5,89395.23,-11.270000000004075,6113.580000000016
2026-01-24 18:00:00,1,0.0,0.0,89395.23,89331.36,-63.86999999999534,6049.710000000021
2026-01-24 19:00:00,1,1.0,0.0,89331.36,89380.01,48.64999999999418,6098.360000000015
2026-01-24 20:00:00,1,1.0,0.0,89380.01,89386.61,6.600000000005821,6104.960000000021
2026-01-24 21:00:00,0,1.0,0.0,89386.61,89430.0,-43.38999999999942,6061.5700000000215
2026-01-24 22:00:00,0,0.0,1.0,89430.0,89225.34,204.6600000000035,6266.230000000025
2026-01-24 23:00:00,1,1.0,0.0,89225.34,89315.18,89.83999999999651,6356.0700000000215
2026-01-25 00:00:00,0,0.0,1.0,89315.18,89176.31,138.86999999999534,6494.940000000017
2026-01-25 01:00:00,1,0.0,0.0,89176.31,89139.04,-37.270000000004075,6457.670000000013
2026-01-25 02:00:00,1,0.0,1.0,89139.04,88960.35,-178.68999999998778,6278.980000000025
2026-01-25 03:00:00,1,1.0,0.0,88960.35,89006.96,46.61000000000058,6325.590000000026
2026-01-25 04:00:00,0,0.0,0.0,89006.96,88990.9,16.060000000012224,6341.650000000038
2026-01-25 05:00:00,1,0.0,1.0,88990.9,88831.36,-159.5399999999936,6182.110000000044
2026-01-25 06:00:00,1,0.0,1.0,88831.36,88659.99,-171.36999999999534,6010.740000000049
2026-01-25 07:00:00,1,0.0,1.0,88659.99,88300.01,-359.9800000000105,5650.760000000038
2026-01-25 08:00:00,1,1.0,1.0,88300.01,88398.38,98.3700000000099,5749.130000000048
2026-01-25 09:00:00,1,1.0,1.0,88398.38,88659.51,261.1299999999901,6010.260000000038
2026-01-25 10:00:00,0,0.0,0.0,88659.51,88570.17,89.33999999999651,6099.600000000035
2026-01-25 11:00:00,1,1.0,1.0,88570.17,88791.99,221.82000000000698,6321.420000000042
2026-01-25 12:00:00,0,1.0,1.0,88791.99,88921.0,-129.00999999999476,6192.410000000047
2026-01-25 13:00:00,0,0.0,1.0,88921.0,88710.1,210.89999999999418,6403.310000000041
2026-01-25 14:00:00,1,0.0,1.0,88710.1,88446.5,-263.6000000000058,6139.7100000000355
2026-01-25 15:00:00,1,0.0,1.0,88446.5,88077.26,-369.24000000000524,5770.47000000003
2026-01-25 16:00:00,1,0.0,1.0,88077.26,87892.17,-185.0899999999965,5585.380000000034
2026-01-25 17:00:00,1,0.0,1.0,87892.17,87420.01,-472.1600000000035,5113.22000000003
2026-01-25 18:00:00,1,0.0,1.0,87420.01,86495.16,-924.8499999999913,4188.370000000039
2026-01-25 19:00:00,1,1.0,1.0,86495.16,86654.61,159.4499999999971,4347.820000000036
2026-01-25 20:00:00,0,0.0,0.0,86654.61,86568.5,86.11000000000058,4433.930000000037
2026-01-25 21:00:00,1,0.0,0.0,86568.5,86521.39,-47.11000000000058,4386.820000000036
2026-01-25 22:00:00,1,1.0,1.0,86521.39,86670.36,148.97000000000116,4535.790000000037
2026-01-25 23:00:00,0,1.0,1.0,86670.36,86854.86,-184.5,4351.290000000037
2026-01-26 00:00:00,0,1.0,1.0,86854.86,87698.73,-843.8699999999953,3507.420000000042
2026-01-26 01:00:00,0,0.0,1.0,87698.73,87563.38,135.34999999999127,3642.770000000033
2026-01-26 02:00:00,1,0.0,1.0,87563.38,87282.05,-281.33000000000175,3361.4400000000314
2026-01-26 03:00:00,1,1.0,1.0,87282.05,87737.06,455.00999999999476,3816.450000000026
2026-01-26 04:00:00,0,1.0,1.0,87737.06,87826.01,-88.94999999999709,3727.500000000029
2026-01-26 05:00:00,0,1.0,1.0,87826.01,87937.44,-111.43000000000757,3616.0700000000215
2026-01-26 06:00:00,0,1.0,0.0,87937.44,88000.64,-63.19999999999709,3552.8700000000244
2026-01-26 07:00:00,0,0.0,0.0,88000.64,87975.39,25.25,3578.1200000000244
2026-01-26 08:00:00,1,0.0,1.0,87975.39,87663.12,-312.2700000000041,3265.8500000000204
2026-01-26 09:00:00,1,1.0,1.0,87663.12,87897.55,234.43000000000757,3500.280000000028
2026-01-26 10:00:00,0,0.0,0.0,87897.55,87855.0,42.55000000000291,3542.830000000031
2026-01-26 11:00:00,1,0.0,0.0,87855.0,87799.45,-55.55000000000291,3487.280000000028
2026-01-26 12:00:00,1,1.0,1.0,87799.45,87960.01,160.55999999999767,3647.8400000000256
2026-01-26 13:00:00,0,1.0,1.0,87960.01,88178.1,-218.09000000001106,3429.7500000000146
2026-01-26 14:00:00,0,0.0,1.0,88178.1,87641.41,536.6900000000023,3966.440000000017
2026-01-26 15:00:00,1,0.0,0.0,87641.41,87606.99,-34.419999999998254,3932.0200000000186
2026-01-26 16:00:00,1,1.0,1.0,87606.99,87700.62,93.6299999999901,4025.6500000000087
2026-01-26 17:00:00,0,1.0,1.0,87700.62,88403.72,-703.1000000000058,3322.550000000003
2026-01-26 18:00:00,0,0.0,1.0,88403.72,88013.19,390.52999999999884,3713.0800000000017
2026-01-26 19:00:00,1,0.0,1.0,88013.19,87629.22,-383.97000000000116,3329.1100000000006
2026-01-26 20:00:00,1,1.0,1.0,87629.22,88064.69,435.47000000000116,3764.5800000000017
2026-01-26 21:00:00,1,1.0,0.0,88064.69,88140.01,75.31999999999243,3839.899999999994
2026-01-26 22:00:00,0,1.0,1.0,88140.01,88347.08,-207.07000000000698,3632.829999999987
2026-01-26 23:00:00,0,1.0,0.0,88347.08,88353.97,-6.889999999999418,3625.939999999988
2026-01-27 00:00:00,0,1.0,1.0,88353.97,88550.61,-196.63999999999942,3429.2999999999884
2026-01-27 01:00:00,0,1.0,1.0,88550.61,88831.6,-280.99000000000524,3148.309999999983
2026-01-27 02:00:00,0,0.0,0.0,88831.6,88788.0,43.60000000000582,3191.909999999989
2026-01-27 03:00:00,1,0.0,1.0,88788.0,88579.58,-208.41999999999825,2983.4899999999907
2026-01-27 04:00:00,1,0.0,1.0,88579.58,88456.3,-123.27999999999884,2860.209999999992
2026-01-27 05:00:00,1,0.0,1.0,88456.3,88332.67,-123.63000000000466,2736.579999999987
2026-01-27 06:00:00,1,0.0,0.0,88332.67,88320.41,-12.259999999994761,2724.3199999999924
2026-01-27 07:00:00,1,0.0,1.0,88320.41,88170.82,-149.5899999999965,2574.729999999996
2026-01-27 08:00:00,1,0.0,1.0,88170.82,87886.82,-284.0,2290.729999999996
2026-01-27 09:00:00,1,0.0,1.0,87886.82,87786.53,-100.29000000000815,2190.439999999988
2026-01-27 10:00:00,1,1.0,1.0,87786.53,87992.74,206.2100000000064,2396.649999999994
2026-01-27 11:00:00,1,0.0,0.0,87992.74,87986.96,-5.779999999998836,2390.8699999999953
2026-01-27 12:00:00,1,0.0,0.0,87986.96,87982.15,-4.810000000012224,2386.059999999983
2026-01-27 13:00:00,1,0.0,1.0,87982.15,87745.02,-237.1299999999901,2148.929999999993
2026-01-27 14:00:00,1,1.0,1.0,87745.02,88047.46,302.4400000000023,2451.3699999999953
2026-01-27 15:00:00,1,1.0,1.0,88047.46,88641.44,593.9799999999959,3045.3499999999913
2026-01-27 16:00:00,0,0.0,1.0,88641.44,87546.58,1094.8600000000006,4140.209999999992
2026-01-27 17:00:00,1,1.0,1.0,87546.58,88285.05,738.4700000000012,4878.679999999993
2026-01-27 18:00:00,0,1.0,1.0,88285.05,88408.77,-123.72000000000116,4754.959999999992
2026-01-27 19:00:00,1,1.0,1.0,88408.77,89396.16,987.3899999999994,5742.349999999991
2026-01-27 20:00:00,0,0.0,1.0,89396.16,89081.46,314.6999999999971,6057.049999999988
2026-01-27 21:00:00,1,1.0,1.0,89081.46,89243.63,162.16999999999825,6219.219999999987
2026-01-27 22:00:00,0,1.0,0.0,89243.63,89250.0,-6.369999999995343,6212.849999999991
2026-01-27 23:00:00,0,1.0,1.0,89250.0,89467.72,-217.72000000000116,5995.12999999999
2026-01-28 00:00:00,0,0.0,0.0,89467.72,89404.57,63.14999999999418,6058.279999999984
2026-01-28 01:00:00,1,0.0,1.0,89404.57,89285.77,-118.80000000000291,5939.479999999981
2026-01-28 02:00:00,1,0.0,1.0,89285.77,89126.67,-159.10000000000582,5780.379999999976
2026-01-28 03:00:00,1,0.0,1.0,89126.67,88975.04,-151.63000000000466,5628.749999999971
2026-01-28 04:00:00,1,1.0,1.0,88975.04,89084.1,109.06000000001222,5737.809999999983
2026-01-28 05:00:00,1,1.0,1.0,89084.1,89317.47,233.36999999999534,5971.1799999999785
2026-01-28 06:00:00,0,0.0,1.0,89317.47,89134.35,183.11999999999534,6154.299999999974
2026-01-28 07:00:00,1,0.0,1.0,89134.35,88925.47,-208.88000000000466,5945.419999999969
2026-01-28 08:00:00,1,1.0,1.0,88925.47,89567.25,641.7799999999988,6587.199999999968
2026-01-28 09:00:00,0,0.0,1.0,89567.25,89403.77,163.47999999999593,6750.679999999964
2026-01-28 10:00:00,1,1.0,1.0,89403.77,90080.0,676.2299999999959,7426.90999999996
2026-01-28 11:00:00,0,0.0,0.0,90080.0,89998.69,81.30999999999767,7508.2199999999575
2026-01-28 12:00:00,1,1.0,1.0,89998.69,90257.91,259.22000000000116,7767.439999999959
2026-01-28 13:00:00,0,0.0,1.0,90257.91,89617.27,640.6399999999994,8408.079999999958
2026-01-28 14:00:00,1,0.0,1.0,89617.27,89479.66,-137.61000000000058,8270.469999999958
2026-01-28 15:00:00,1,1.0,1.0,89479.66,89629.66,150.0,8420.469999999958
2026-01-28 16:00:00,0,1.0,1.0,89629.66,90169.88,-540.2200000000012,7880.249999999956
2026-01-28 17:00:00,0,0.0,1.0,90169.88,89546.24,623.6399999999994,8503.889999999956
2026-01-28 18:00:00,1,0.0,1.0,89546.24,89402.58,-143.6600000000035,8360.229999999952
2026-01-28 19:00:00,1,0.0,1.0,89402.58,89130.63,-271.9499999999971,8088.279999999955
2026-01-28 20:00:00,1,1.0,1.0,89130.63,89412.17,281.5399999999936,8369.819999999949
2026-01-28 21:00:00,1,0.0,0.0,89412.17,89396.15,-16.020000000004075,8353.799999999945
2026-01-28 22:00:00,1,0.0,1.0,89396.15,89299.99,-96.15999999998894,8257.639999999956
2026-01-28 23:00:00,1,0.0,1.0,89299.99,89143.91,-156.08000000000175,8101.559999999954
2026-01-29 00:00:00,1,0.0,1.0,89143.91,88603.56,-540.3500000000058,7561.209999999948
2026-01-29 01:00:00,1,0.0,1.0,88603.56,87907.06,-696.5,6864.709999999948
2026-01-29 02:00:00,1,1.0,1.0,87907.06,88053.71,146.65000000000873,7011.359999999957
2026-01-29 03:00:00,1,1.0,1.0,88053.71,88315.2,261.4899999999907,7272.849999999948
2026-01-29 04:00:00,1,0.0,1.0,88315.2,88186.54,-128.6600000000035,7144.189999999944
2026-01-29 05:00:00,1,1.0,1.0,88186.54,88319.35,132.81000000001222,7276.999999999956
2026-01-29 06:00:00,1,1.0,0.0,88319.35,88352.97,33.61999999999534,7310.619999999952
2026-01-29 07:00:00,1,0.0,1.0,88352.97,88064.16,-288.8099999999977,7021.809999999954
2026-01-29 08:00:00,1,0.0,1.0,88064.16,87892.01,-172.15000000000873,6849.659999999945
2026-01-29 09:00:00,1,1.0,0.0,87892.01,87946.46,54.45000000001164,6904.109999999957
2026-01-29 10:00:00,1,0.0,1.0,87946.46,87846.5,-99.9600000000064,6804.1499999999505
2026-01-29 11:00:00,1,1.0,1.0,87846.5,88121.21,274.7100000000064,7078.859999999957
2026-01-29 12:00:00,1,0.0,0.0,88121.21,88052.88,-68.33000000000175,7010.529999999955
2026-01-29 13:00:00,1,0.0,1.0,88052.88,87014.4,-1038.4800000000105,5972.049999999945
2026-01-29 14:00:00,1,0.0,1.0,87014.4,84934.02,-2080.37999999999,3891.6699999999546
2026-01-29 15:00:00,1,1.0,1.0,84934.02,85270.0,335.9799999999959,4227.6499999999505
2026-01-29 16:00:00,1,0.0,1.0,85270.0,84261.66,-1008.3399999999965,3219.309999999954
2026-01-29 17:00:00,1,0.0,1.0,84261.66,83477.02,-784.6399999999994,2434.6699999999546
2026-01-29 18:00:00,1,1.0,1.0,83477.02,84012.11,535.0899999999965,2969.759999999951
2026-01-29 19:00:00,1,1.0,1.0,84012.11,84216.91,204.8000000000029,3174.559999999954
2026-01-29 20:00:00,1,1.0,1.0,84216.91,84526.57,309.6600000000035,3484.2199999999575
2026-01-29 21:00:00,0,1.0,0.0,84526.57,84570.05,-43.479999999995925,3440.7399999999616
2026-01-29 22:00:00,0,1.0,0.0,84570.05,84650.16,-80.11000000000058,3360.629999999961
2026-01-29 23:00:00,0,0.0,1.0,84650.16,84192.0,458.1600000000035,3818.7899999999645
2026-01-30 00:00:00,1,0.0,1.0,84192.0,82468.02,-1723.979999999996,2094.8099999999686
2026-01-30 01:00:00,1,0.0,1.0,82468.02,82164.88,-303.1399999999994,1791.6699999999691
2026-01-30 02:00:00,1,1.0,1.0,82164.88,82676.43,511.54999999998836,2303.2199999999575
2026-01-30 03:00:00,0,1.0,1.0,82676.43,82938.92,-262.49000000000524,2040.7299999999523
2026-01-30 04:00:00,0,0.0,0.0,82938.92,82914.19,24.729999999995925,2065.459999999948
2026-01-30 05:00:00,0,0.0,1.0,82914.19,82602.81,311.38000000000466,2376.839999999953
2026-01-30 06:00:00,1,1.0,1.0,82602.81,82816.98,214.16999999999825,2591.009999999951
2026-01-30 07:00:00,1,0.0,1.0,82816.98,82671.7,-145.27999999999884,2445.7299999999523
2026-01-30 08:00:00,1,0.0,1.0,82671.7,82363.72,-307.9799999999959,2137.7499999999563
2026-01-30 09:00:00,1,1.0,1.0,82363.72,82833.92,470.1999999999971,2607.9499999999534
2026-01-30 10:00:00,0,1.0,1.0,82833.92,83151.36,-317.4400000000023,2290.509999999951
2026-01-30 11:00:00,0,0.0,1.0,83151.36,82800.5,350.8600000000006,2641.3699999999517
2026-01-30 12:00:00,1,0.0,0.0,82800.5,82740.92,-59.580000000001746,2581.78999999995
2026-01-30 13:00:00,1,1.0,1.0,82740.92,83098.0,357.08000000000175,2938.8699999999517
2026-01-30 14:00:00,0,0.0,1.0,83098.0,82883.94,214.05999999999767,3152.9299999999494
2026-01-30 15:00:00,1,1.0,1.0,82883.94,83149.0,265.0599999999977,3417.989999999947
2026-01-30 16:00:00,0,0.0,1.0,83149.0,82943.23,205.77000000000407,3623.759999999951
2026-01-30 17:00:00,1,1.0,1.0,82943.23,83931.13,987.9000000000087,4611.65999999996
2026-01-30 18:00:00,0,1.0,1.0,83931.13,84242.99,-311.8600000000006,4299.799999999959
2026-01-30 19:00:00,0,0.0,1.0,84242.99,83906.34,336.65000000000873,4636.449999999968
2026-01-30 20:00:00,1,1.0,1.0,83906.34,84273.7,367.3600000000006,5003.809999999969
2026-01-30 21:00:00,0,0.0,0.0,84273.7,84219.99,53.70999999999185,5057.51999999996
2026-01-30 22:00:00,1,1.0,0.0,84219.99,84260.49,40.5,5098.01999999996
2026-01-30 23:00:00,0,0.0,1.0,84260.49,84067.83,192.6600000000035,5290.679999999964
2026-01-31 00:00:00,1,0.0,0.0,84067.83,83999.99,-67.83999999999651,5222.839999999967
2026-01-31 01:00:00,1,1.0,1.0,83999.99,84130.01,130.01999999998952,5352.859999999957
2026-01-31 02:00:00,0,0.0,1.0,84130.01,84022.69,107.31999999999243,5460.179999999949
2026-01-31 03:00:00,1,0.0,0.0,84022.69,83992.45,-30.24000000000524,5429.939999999944
2026-01-31 04:00:00,0,1.0,0.0,83992.45,84000.01,-7.559999999997672,5422.379999999946
2026-01-31 05:00:00,0,0.0,1.0,84000.01,83786.09,213.91999999999825,5636.299999999945
2026-01-31 06:00:00,1,0.0,1.0,83786.09,83546.81,-239.27999999999884,5397.019999999946
2026-01-31 07:00:00,1,0.0,1.0,83546.81,83074.07,-472.7399999999907,4924.279999999955
2026-01-31 08:00:00,1,1.0,0.0,83074.07,83109.1,35.029999999998836,4959.309999999954
2026-01-31 09:00:00,0,1.0,0.0,83109.1,83160.0,-50.89999999999418,4908.40999999996
2026-01-31 10:00:00,0,0.0,1.0,83160.0,83020.0,140.0,5048.40999999996
2026-01-31 11:00:00,1,0.0,1.0,83020.0,82762.0,-258.0,4790.40999999996
2026-01-31 12:00:00,1,1.0,0.0,82762.0,82767.99,5.990000000005239,4796.399999999965
2026-01-31 13:00:00,0,0.0,1.0,82767.99,81479.99,1288.0,6084.399999999965
2026-01-31 14:00:00,1,0.0,1.0,81479.99,81302.15,-177.84000000001106,5906.559999999954
2026-01-31 15:00:00,1,0.0,1.0,81302.15,80365.04,-937.1100000000006,4969.449999999953
2026-01-31 16:00:00,1,0.0,1.0,80365.04,78893.92,-1471.1199999999953,3498.329999999958
2026-01-31 17:00:00,1,0.0,1.0,78893.92,78038.38,-855.5399999999936,2642.7899999999645
2026-01-31 18:00:00,1,0.0,1.0,78038.38,77750.01,-288.3700000000099,2354.4199999999546
2026-01-31 19:00:00,1,1.0,1.0,77750.01,77999.03,249.02000000000407,2603.4399999999587
2026-01-31 20:00:00,0,1.0,1.0,77999.03,78292.0,-292.97000000000116,2310.4699999999575
2026-01-31 21:00:00,0,0.0,1.0,78292.0,78155.17,136.83000000000175,2447.2999999999593
2026-01-31 22:00:00,1,1.0,1.0,78155.17,78741.09,585.9199999999983,3033.2199999999575
2026-01-31 23:00:00,0,1.0,1.0,78741.09,78902.31,-161.22000000000116,2871.9999999999563
2026-02-01 00:00:00,0,0.0,1.0,78902.31,78532.17,370.1399999999994,3242.1399999999558
2026-02-01 01:00:00,1,1.0,1.0,78532.17,78900.01,367.8399999999965,3609.9799999999523
2026-02-01 02:00:00,0,0.0,0.0,78900.01,78868.28,31.729999999995925,3641.709999999948
2026-02-01 03:00:00,0,1.0,1.0,78868.28,78971.75,-103.47000000000116,3538.239999999947
2026-02-01 04:00:00,0,0.0,1.0,78971.75,78620.91,350.8399999999965,3889.0799999999435
2026-02-01 05:00:00,1,0.0,1.0,78620.91,78300.0,-320.9100000000035,3568.16999999994
2026-02-01 06:00:00,1,1.0,0.0,78300.0,78343.0,43.0,3611.16999999994
2026-02-01 07:00:00,0,1.0,1.0,78343.0,78604.02,-261.0200000000041,3350.149999999936
2026-02-01 08:00:00,0,1.0,1.0,78604.02,79034.45,-430.429999999993,2919.719999999943
2026-02-01 09:00:00,0,0.0,1.0,79034.45,78279.73,754.7200000000012,3674.439999999944
2026-02-01 10:00:00,1,1.0,1.0,78279.73,78743.56,463.83000000000175,4138.269999999946
2026-02-01 11:00:00,0,0.0,1.0,78743.56,78459.67,283.8899999999994,4422.159999999945
2026-02-01 12:00:00,1,0.0,1.0,78459.67,78317.51,-142.1600000000035,4279.999999999942
2026-02-01 13:00:00,1,0.0,1.0,78317.51,78211.12,-106.38999999999942,4173.609999999942
2026-02-01 14:00:00,1,0.0,1.0,78211.12,77593.4,-617.7200000000012,3555.889999999941
2026-02-01 15:00:00,1,0.0,1.0,77593.4,77494.77,-98.6299999999901,3457.259999999951
2026-02-01 16:00:00,1,1.0,1.0,77494.77,77745.32,250.5500000000029,3707.809999999954
2026-02-01 17:00:00,0,1.0,1.0,77745.32,78029.28,-283.95999999999185,3423.849999999962
2026-02-01 18:00:00,0,0.0,1.0,78029.28,77174.78,854.5,4278.349999999962
2026-02-01 19:00:00,1,0.0,0.0,77174.78,77103.04,-71.74000000000524,4206.609999999957
2026-02-01 20:00:00,0,0.0,1.0,77103.04,76526.03,577.0099999999948,4783.619999999952
2026-02-01 21:00:00,1,1.0,1.0,76526.03,77249.31,723.2799999999988,5506.8999999999505
2026-02-01 22:00:00,0,0.0,1.0,77249.31,76968.21,281.09999999999127,5787.999999999942
2026-02-01 23:00:00,1,1.0,1.0,76968.21,77672.61,704.3999999999942,6492.399999999936
2026-02-02 00:00:00,0,0.0,1.0,77672.61,77518.87,153.74000000000524,6646.139999999941
2026-02-02 01:00:00,1,0.0,1.0,77518.87,76491.17,-1027.699999999997,5618.439999999944
2026-02-02 02:00:00,1,0.0,1.0,76491.17,76292.98,-198.19000000000233,5420.249999999942
2026-02-02 03:00:00,1,0.0,1.0,76292.98,75894.15,-398.83000000000175,5021.41999999994
2026-02-02 04:00:00,1,0.0,1.0,75894.15,75502.1,-392.04999999998836,4629.369999999952
2026-02-02 05:00:00,1,1.0,1.0,75502.1,76549.32,1047.2200000000012,5676.589999999953
2026-02-02 06:00:00,0,1.0,1.0,76549.32,76660.79,-111.46999999998661,5565.119999999966
2026-02-02 07:00:00,0,1.0,1.0,76660.79,76881.28,-220.49000000000524,5344.629999999961
2026-02-02 08:00:00,0,1.0,1.0,76881.28,77725.33,-844.0500000000029,4500.579999999958
2026-02-02 09:00:00,0,0.0,1.0,77725.33,77504.54,220.79000000000815,4721.369999999966
2026-02-02 10:00:00,1,1.0,1.0,77504.54,77759.99,255.45000000001164,4976.819999999978
2026-02-02 11:00:00,0,1.0,1.0,77759.99,77988.51,-228.51999999998952,4748.299999999988
2026-02-02 12:00:00,0,1.0,1.0,77988.51,78224.79,-236.27999999999884,4512.0199999999895
2026-02-02 13:00:00,0,0.0,1.0,78224.79,77844.79,380.0,4892.0199999999895
2026-02-02 14:00:00,1,1.0,1.0,77844.79,78850.06,1005.2700000000041,5897.289999999994
2026-02-02 15:00:00,0,0.0,1.0,78850.06,78634.76,215.3000000000029,6112.5899999999965
2026-02-02 16:00:00,1,1.0,1.0,78634.76,78988.64,353.88000000000466,6466.470000000001
2026-02-02 17:00:00,0,0.0,1.0,78988.64,78569.84,418.8000000000029,6885.270000000004
2026-02-02 18:00:00,1,0.0,1.0,78569.84,78341.5,-228.3399999999965,6656.930000000008
2026-02-02 19:00:00,1,0.0,1.0,78341.5,78008.59,-332.9100000000035,6324.020000000004
2026-02-02 20:00:00,1,1.0,1.0,78008.59,78532.06,523.4700000000012,6847.490000000005
2026-02-02 21:00:00,0,1.0,1.0,78532.06,78795.2,-263.1399999999994,6584.350000000006
2026-02-02 22:00:00,0,0.0,0.0,78795.2,78738.61,56.58999999999651,6640.940000000002
2026-02-02 23:00:00,1,1.0,1.0,78738.61,79065.24,326.63000000000466,6967.570000000007
2026-02-03 00:00:00,0,0.0,0.0,79065.24,79017.63,47.61000000000058,7015.180000000008
2026-02-03 01:00:00,1,0.0,1.0,79017.63,77808.01,-1209.62000000001,5805.559999999998
2026-02-03 02:00:00,1,1.0,1.0,77808.01,78753.32,945.3100000000122,6750.87000000001
2026-02-03 03:00:00,0,1.0,0.0,78753.32,78798.39,-45.06999999999243,6705.8000000000175
2026-02-03 04:00:00,0,0.0,1.0,78798.39,78240.45,557.9400000000023,7263.74000000002
2026-02-03 05:00:00,1,1.0,1.0,78240.45,78594.17,353.72000000000116,7617.460000000021
2026-02-03 06:00:00,0,1.0,1.0,78594.17,78794.67,-200.5,7416.960000000021
2026-02-03 07:00:00,0,0.0,0.0,78794.67,78747.96,46.70999999999185,7463.670000000013
2026-02-03 08:00:00,1,0.0,1.0,78747.96,78400.01,-347.95000000001164,7115.720000000001
2026-02-03 09:00:00,1,0.0,1.0,78400.01,78120.36,-279.6499999999942,6836.070000000007
2026-02-03 10:00:00,1,0.0,0.0,78120.36,78079.5,-40.86000000000058,6795.210000000006
2026-02-03 11:00:00,0,1.0,1.0,78079.5,78330.26,-250.75999999999476,6544.450000000012
2026-02-03 12:00:00,0,0.0,0.0,78330.26,78307.65,22.610000000000582,6567.060000000012
2026-02-03 13:00:00,0,0.0,1.0,78307.65,77201.22,1106.429999999993,7673.490000000005
2026-02-03 14:00:00,1,1.0,1.0,77201.22,78132.33,931.1100000000006,8604.600000000006
2026-02-03 15:00:00,0,0.0,1.0,78132.33,76488.08,1644.25,10248.850000000006
2026-02-03 16:00:00,1,0.0,1.0,76488.08,74915.79,-1572.2900000000081,8676.559999999998
2026-02-03 17:00:00,1,0.0,1.0,74915.79,73139.13,-1776.659999999989,6899.900000000009
2026-02-03 18:00:00,1,1.0,1.0,73139.13,74935.0,1795.8699999999953,8695.770000000004
2026-02-03 19:00:00,0,1.0,1.0,74935.0,76475.52,-1540.520000000004,7155.25
2026-02-03 20:00:00,0,0.0,1.0,76475.52,76239.43,236.09000000001106,7391.340000000011
2026-02-03 21:00:00,0,0.0,1.0,76239.43,75708.83,530.5999999999913,7921.940000000002
2026-02-03 22:00:00,1,1.0,0.0,75708.83,75770.21,61.38000000000466,7983.320000000007
2026-02-03 23:00:00,0,1.0,1.0,75770.21,75910.88,-140.66999999999825,7842.650000000009
2026-02-04 00:00:00,0,1.0,1.0,75910.88,76423.73,-512.8499999999913,7329.8000000000175
2026-02-04 01:00:00,0,0.0,1.0,76423.73,75963.35,460.3799999999901,7790.180000000008
2026-02-04 02:00:00,1,1.0,1.0,75963.35,76698.17,734.8199999999924,8525.0
2026-02-04 03:00:00,0,0.0,1.0,76698.17,76479.75,218.41999999999825,8743.419999999998
2026-02-04 04:00:00,1,0.0,1.0,76479.75,76279.99,-199.75999999999476,8543.660000000003
2026-02-04 05:00:00,0,1.0,1.0,76279.99,76652.68,-372.6899999999878,8170.970000000016
2026-02-04 06:00:00,0,0.0,1.0,76652.68,76514.3,138.3799999999901,8309.350000000006
2026-02-04 07:00:00,0,1.0,0.0,76514.3,76587.26,-72.95999999999185,8236.390000000014
2026-02-04 08:00:00,0,0.0,1.0,76587.26,76119.0,468.25999999999476,8704.650000000009
2026-02-04 09:00:00,0,1.0,1.0,76119.0,76302.1,-183.10000000000582,8521.550000000003
2026-02-04 10:00:00,0,0.0,1.0,76302.1,76017.25,284.8500000000058,8806.400000000009
2026-02-04 11:00:00,0,1.0,1.0,76017.25,76180.85,-163.60000000000582,8642.800000000003
2026-02-04 12:00:00,0,0.0,1.0,76180.85,74867.0,1313.8500000000058,9956.650000000009
2026-02-04 13:00:00,1,0.0,1.0,74867.0,74359.53,-507.47000000000116,9449.180000000008
2026-02-04 14:00:00,1,0.0,1.0,74359.53,74136.36,-223.16999999999825,9226.01000000001
2026-02-04 15:00:00,1,0.0,1.0,74136.36,73636.01,-500.3500000000058,8725.660000000003
2026-02-04 16:00:00,1,0.0,1.0,73636.01,72576.08,-1059.929999999993,7665.7300000000105
2026-02-04 17:00:00,1,1.0,1.0,72576.08,73425.96,849.8800000000047,8515.610000000015
2026-02-04 18:00:00,0,1.0,1.0,73425.96,73923.29,-497.3299999999872,8018.280000000028
2026-02-04 19:00:00,0,0.0,1.0,73923.29,73516.3,406.9899999999907,8425.270000000019
2026-02-04 20:00:00,1,0.0,1.0,73516.3,72799.99,-716.3099999999977,7708.960000000021
2026-02-04 21:00:00,1,0.0,1.0,72799.99,72543.38,-256.6100000000006,7452.35000000002
2026-02-04 22:00:00,1,1.0,1.0,72543.38,73165.83,622.4499999999971,8074.8000000000175
2026-02-04 23:00:00,0,0.0,1.0,73165.83,72868.02,297.8099999999977,8372.610000000015
2026-02-05 00:00:00,1,0.0,1.0,72868.02,72421.26,-446.7600000000093,7925.850000000006
2026-02-05 01:00:00,1,0.0,1.0,72421.26,71454.44,-966.8199999999924,6959.030000000013
2026-02-05 02:00:00,1,0.0,1.0,71454.44,71223.25,-231.19000000000233,6727.840000000011
2026-02-05 03:00:00,1,0.0,1.0,71223.25,70888.08,-335.16999999999825,6392.670000000013
2026-02-05 04:00:00,1,0.0,1.0,70888.08,70732.72,-155.36000000000058,6237.310000000012
2026-02-05 05:00:00,1,1.0,1.0,70732.72,70951.51,218.7899999999936,6456.100000000006
2026-02-05 06:00:00,0,0.0,1.0,70951.51,70756.85,194.65999999998894,6650.759999999995
2026-02-05 07:00:00,0,1.0,1.0,70756.85,71054.99,-298.1399999999994,6352.619999999995
2026-02-05 08:00:00,0,1.0,1.0,71054.99,71550.0,-495.00999999999476,5857.610000000001
2026-02-05 09:00:00,0,0.0,1.0,71550.0,70858.13,691.8699999999953,6549.479999999996
2026-02-05 10:00:00,1,0.0,1.0,70858.13,70318.35,-539.7799999999988,6009.699999999997
2026-02-05 11:00:00,1,0.0,1.0,70318.35,69563.57,-754.7799999999988,5254.919999999998
2026-02-05 12:00:00,1,1.0,1.0,69563.57,69688.94,125.36999999999534,5380.289999999994
2026-02-05 13:00:00,0,0.0,1.0,69688.94,69404.76,284.18000000000757,5664.470000000001
2026-02-05 14:00:00,1,0.0,1.0,69404.76,67489.07,-1915.6899999999878,3748.7800000000134
2026-02-05 15:00:00,1,1.0,1.0,67489.07,68295.15,806.0799999999872,4554.860000000001
2026-02-05 16:00:00,0,0.0,1.0,68295.15,66181.69,2113.459999999992,6668.319999999992
2026-02-05 17:00:00,1,1.0,1.0,66181.69,66347.0,165.30999999999767,6833.62999999999
2026-02-05 18:00:00,0,0.0,1.0,66347.0,65265.65,1081.3499999999985,7914.979999999989
2026-02-05 19:00:00,1,0.0,1.0,65265.65,63775.67,-1489.9800000000032,6424.999999999985
2026-02-05 20:00:00,1,0.0,1.0,63775.67,63213.34,-562.3300000000017,5862.669999999984
2026-02-05 21:00:00,1,1.0,1.0,63213.34,63907.86,694.5200000000041,6557.189999999988
2026-02-05 22:00:00,0,0.0,1.0,63907.86,62909.86,998.0,7555.189999999988
2026-02-05 23:00:00,1,1.0,1.0,62909.86,63509.39,599.5299999999988,8154.719999999987
2026-02-06 00:00:00,0,1.0,1.0,63509.39,65714.96,-2205.570000000007,5949.14999999998
2026-02-06 01:00:00,0,0.0,1.0,65714.96,64990.1,724.8600000000079,6674.0099999999875
2026-02-06 02:00:00,1,0.0,1.0,64990.1,64168.33,-821.7699999999968,5852.239999999991
2026-02-06 03:00:00,1,1.0,1.0,64168.33,64905.84,737.5099999999948,6589.749999999985
2026-02-06 04:00:00,0,1.0,1.0,64905.84,66408.11,-1502.270000000004,5087.479999999981
2026-02-06 05:00:00,0,0.0,1.0,66408.11,64988.26,1419.8499999999985,6507.32999999998
2026-02-06 06:00:00,1,0.0,1.0,64988.26,64856.0,-132.26000000000204,6375.069999999978
2026-02-06 07:00:00,0,1.0,0.0,64856.0,64895.05,-39.05000000000291,6336.019999999975
2026-02-06 08:00:00,0,1.0,1.0,64895.05,65799.55,-904.5,5431.519999999975
2026-02-06 09:00:00,0,1.0,1.0,65799.55,65967.51,-167.95999999999185,5263.559999999983
2026-02-06 10:00:00,0,1.0,1.0,65967.51,66631.32,-663.8100000000122,4599.749999999971
2026-02-06 11:00:00,0,0.0,0.0,66631.32,66557.93,73.39000000001397,4673.139999999985
2026-02-06 12:00:00,0,1.0,1.0,66557.93,67316.82,-758.890000000014,3914.249999999971
2026-02-06 13:00:00,0,1.0,1.0,67316.82,68194.89,-878.0699999999924,3036.1799999999785
2026-02-06 14:00:00,0,1.0,1.0,68194.89,68626.0,-431.1100000000006,2605.069999999978
2026-02-06 15:00:00,0,1.0,1.0,68626.0,69954.01,-1328.0099999999948,1277.0599999999831
2026-02-06 16:00:00,0,1.0,1.0,69954.01,70753.53,-799.5200000000041,477.53999999997905
2026-02-06 17:00:00,0,0.0,1.0,70753.53,69776.68,976.8500000000058,1454.3899999999849
2026-02-06 18:00:00,1,1.0,1.0,69776.68,70731.46,954.7800000000134,2409.1699999999983
2026-02-06 19:00:00,0,0.0,1.0,70731.46,70000.13,731.3300000000017,3140.5
2026-02-06 20:00:00,1,1.0,1.0,70000.13,70358.43,358.29999999998836,3498.7999999999884
2026-02-06 21:00:00,0,1.0,1.0,70358.43,71354.46,-996.0300000000134,2502.769999999975
2026-02-06 22:00:00,0,0.0,1.0,71354.46,70580.26,774.2000000000116,3276.9699999999866
2026-02-06 23:00:00,1,0.0,1.0,70580.26,69958.0,-622.2599999999948,2654.709999999992
2026-02-07 00:00:00,1,1.0,1.0,69958.0,70471.49,513.4900000000052,3168.199999999997
2026-02-07 01:00:00,0,0.0,0.0,70471.49,70361.37,110.1200000000099,3278.320000000007
2026-02-07 02:00:00,1,1.0,1.0,70361.37,70918.99,557.6200000000099,3835.940000000017
2026-02-07 03:00:00,0,0.0,1.0,70918.99,70768.13,150.86000000000058,3986.8000000000175
2026-02-07 04:00:00,1,0.0,1.0,70768.13,70161.5,-606.6300000000047,3380.170000000013
2026-02-07 05:00:00,1,0.0,1.0,70161.5,68769.65,-1391.8500000000058,1988.320000000007
2026-02-07 06:00:00,1,0.0,1.0,68769.65,68087.14,-682.5099999999948,1305.8100000000122
2026-02-07 07:00:00,1,1.0,1.0,68087.14,68495.01,407.86999999999534,1713.6800000000076
2026-02-07 08:00:00,0,0.0,1.0,68495.01,68138.2,356.8099999999977,2070.4900000000052
2026-02-07 09:00:00,1,0.0,1.0,68138.2,67987.0,-151.1999999999971,1919.2900000000081
2026-02-07 10:00:00,1,0.0,0.0,67987.0,67972.65,-14.35000000000582,1904.9400000000023
2026-02-07 11:00:00,0,1.0,1.0,67972.65,69024.98,-1052.3300000000017,852.6100000000006
2026-02-07 12:00:00,0,1.0,0.0,69024.98,69093.98,-69.0,783.6100000000006
2026-02-07 13:00:00,0,0.0,1.0,69093.98,68645.99,447.9899999999907,1231.5999999999913
2026-02-07 14:00:00,1,1.0,1.0,68645.99,69151.5,505.50999999999476,1737.109999999986
2026-02-07 15:00:00,0,0.0,1.0,69151.5,68957.16,194.3399999999965,1931.4499999999825
2026-02-07 16:00:00,1,1.0,1.0,68957.16,69188.81,231.64999999999418,2163.0999999999767
2026-02-07 17:00:00,0,1.0,1.0,69188.81,69514.11,-325.3000000000029,1837.7999999999738
2026-02-07 18:00:00,0,0.0,0.0,69514.11,69373.61,140.5,1978.2999999999738
2026-02-07 19:00:00,1,1.0,1.0,69373.61,69631.18,257.56999999999243,2235.8699999999662
2026-02-07 20:00:00,0,0.0,0.0,69631.18,69497.99,133.18999999998778,2369.059999999954
2026-02-07 21:00:00,1,0.0,0.0,69497.99,69399.34,-98.65000000000873,2270.4099999999453
2026-02-07 22:00:00,1,0.0,0.0,69399.34,69289.38,-109.95999999999185,2160.4499999999534
2026-02-07 23:00:00,1,0.0,1.0,69289.38,69133.79,-155.59000000001106,2004.8599999999424
2026-02-08 00:00:00,1,1.0,1.0,69133.79,69379.57,245.7800000000134,2250.6399999999558
2026-02-08 01:00:00,0,0.0,0.0,69379.57,69370.7,8.870000000009895,2259.5099999999657
2026-02-08 02:00:00,0,0.0,1.0,69370.7,69099.99,270.70999999999185,2530.2199999999575
2026-02-08 03:00:00,0,1.0,1.0,69099.99,69340.16,-240.16999999999825,2290.0499999999593
2026-02-08 04:00:00,0,0.0,0.0,69340.16,69220.52,119.63999999999942,2409.6899999999587
2026-02-08 05:00:00,1,1.0,0.0,69220.52,69361.18,140.65999999998894,2550.3499999999476
2026-02-08 06:00:00,0,1.0,1.0,69361.18,69710.69,-349.5100000000093,2200.8399999999383
2026-02-08 07:00:00,0,1.0,1.0,69710.69,70665.59,-954.8999999999942,1245.9399999999441
2026-02-08 08:00:00,0,0.0,1.0,70665.59,70107.19,558.3999999999942,1804.3399999999383
2026-02-08 09:00:00,1,1.0,1.0,70107.19,70266.41,159.22000000000116,1963.5599999999395
2026-02-08 10:00:00,0,1.0,1.0,70266.41,70999.98,-733.5699999999924,1229.989999999947
2026-02-08 11:00:00,0,1.0,1.0,70999.98,71249.95,-249.97000000000116,980.0199999999459
2026-02-08 12:00:00,0,1.0,1.0,71249.95,71514.77,-264.820000000007,715.1999999999389
2026-02-08 13:00:00,0,0.0,1.0,71514.77,71262.19,252.58000000000175,967.7799999999406
2026-02-08 14:00:00,1,0.0,0.0,71262.19,71188.99,-73.19999999999709,894.5799999999435
2026-02-08 15:00:00,1,0.0,1.0,71188.99,70416.0,-772.9900000000052,121.5899999999383
2026-02-08 16:00:00,1,1.0,1.0,70416.0,70785.99,369.99000000000524,491.57999999994354
2026-02-08 17:00:00,0,1.0,1.0,70785.99,71147.25,-361.25999999999476,130.31999999994878
2026-02-08 18:00:00,0,1.0,1.0,71147.25,71422.97,-275.72000000000116,-145.4000000000524
2026-02-08 19:00:00,0,0.0,1.0,71422.97,70835.17,587.8000000000029,442.3999999999505
2026-02-08 20:00:00,1,0.0,0.0,70835.17,70700.0,-135.16999999999825,307.22999999995227
2026-02-08 21:00:00,1,1.0,1.0,70700.0,71066.09,366.0899999999965,673.3199999999488
2026-02-08 22:00:00,0,0.0,1.0,71066.09,70330.38,735.7099999999919,1409.0299999999406
2026-02-08 23:00:00,1,1.0,1.0,70330.38,70502.38,172.0,1581.0299999999406
2026-02-09 00:00:00,0,0.0,0.0,70502.38,70369.53,132.85000000000582,1713.8799999999464
2026-02-09 01:00:00,1,1.0,1.0,70369.53,70629.99,260.4600000000064,1974.3399999999529
2026-02-09 02:00:00,0,1.0,1.0,70629.99,71307.56,-677.5699999999924,1296.7699999999604
2026-02-09 03:00:00,0,0.0,1.0,71307.56,71005.01,302.5500000000029,1599.3199999999633
2026-02-09 04:00:00,1,1.0,0.0,71005.01,71044.51,39.5,1638.8199999999633
2026-02-09 05:00:00,0,0.0,1.0,71044.51,70667.95,376.5599999999977,2015.379999999961
2026-02-09 06:00:00,1,0.0,1.0,70667.95,70422.59,-245.36000000000058,1770.0199999999604
2026-02-09 07:00:00,1,0.0,1.0,70422.59,69873.99,-548.5999999999913,1221.4199999999691
2026-02-09 08:00:00,1,0.0,1.0,69873.99,69630.35,-243.63999999999942,977.7799999999697
2026-02-09 09:00:00,1,0.0,1.0,69630.35,68727.88,-902.4700000000012,75.30999999996857
2026-02-09 10:00:00,1,1.0,1.0,68727.88,68928.72,200.8399999999965,276.1499999999651
2026-02-09 11:00:00,0,1.0,1.0,68928.72,69147.01,-218.2899999999936,57.85999999997148
2026-02-09 12:00:00,0,0.0,1.0,69147.01,68594.57,552.4399999999878,610.2999999999593
2026-02-09 13:00:00,1,1.0,1.0,68594.57,69272.0,677.429999999993,1287.7299999999523
2026-02-09 14:00:00,0,1.0,1.0,69272.0,69563.37,-291.36999999999534,996.3599999999569
2026-02-09 15:00:00,0,1.0,1.0,69563.37,70093.01,-529.6399999999994,466.7199999999575
2026-02-09 16:00:00,0,1.0,1.0,70093.01,70612.29,-519.2799999999988,-52.56000000004133
2026-02-09 17:00:00,0,0.0,1.0,70612.29,70418.68,193.61000000000058,141.04999999995925
2026-02-09 18:00:00,1,1.0,1.0,70418.68,70957.01,538.3300000000017,679.379999999961
2026-02-09 19:00:00,0,0.0,1.0,70957.01,70738.71,218.29999999998836,897.6799999999494
2026-02-09 20:00:00,1,0.0,1.0,70738.71,70400.0,-338.7100000000064,558.969999999943
2026-02-09 21:00:00,1,0.0,0.0,70400.0,70372.96,-27.039999999993597,531.9299999999494
2026-02-09 22:00:00,0,0.0,1.0,70372.96,70138.0,234.9600000000064,766.8899999999558
2026-02-09 23:00:00,1,0.0,1.0,70138.0,69827.33,-310.66999999999825,456.2199999999575
2026-02-10 00:00:00,1,1.0,1.0,69827.33,70486.82,659.4900000000052,1115.7099999999627
2026-02-10 01:00:00,0,0.0,1.0,70486.82,70102.89,383.93000000000757,1499.6399999999703
2026-02-10 02:00:00,1,0.0,1.0,70102.89,69511.83,-591.0599999999977,908.5799999999726
2026-02-10 03:00:00,1,1.0,1.0,69511.83,69831.62,319.7899999999936,1228.3699999999662
2026-02-10 04:00:00,0,0.0,1.0,69831.62,69447.64,383.9799999999959,1612.3499999999622
2026-02-10 05:00:00,1,0.0,1.0,69447.64,68921.35,-526.2899999999936,1086.0599999999686
2026-02-10 06:00:00,1,0.0,0.0,68921.35,68919.66,-1.6900000000023283,1084.3699999999662
2026-02-10 07:00:00,0,1.0,1.0,68919.66,69142.0,-222.3399999999965,862.0299999999697
2026-02-10 08:00:00,0,1.0,0.0,69142.0,69151.5,-9.5,852.5299999999697
2026-02-10 09:00:00,0,0.0,1.0,69151.5,68921.68,229.82000000000698,1082.3499999999767
2026-02-10 10:00:00,1,0.0,1.0,68921.68,68535.01,-386.66999999999825,695.6799999999785
2026-02-10 11:00:00,1,1.0,0.0,68535.01,68610.12,75.11000000000058,770.789999999979
2026-02-10 12:00:00,0,1.0,1.0,68610.12,69027.95,-417.83000000000175,352.9599999999773
2026-02-10 13:00:00,0,0.0,1.0,69027.95,68460.4,567.5500000000029,920.5099999999802
2026-02-10 14:00:00,1,1.0,1.0,68460.4,69293.37,832.9700000000012,1753.4799999999814
2026-02-10 15:00:00,0,1.0,1.0,69293.37,69517.71,-224.34000000001106,1529.1399999999703
2026-02-10 16:00:00,0,1.0,1.0,69517.71,69925.31,-407.59999999999127,1121.539999999979
2026-02-10 17:00:00,0,0.0,1.0,69925.31,68894.36,1030.949999999997,2152.489999999976
2026-02-10 18:00:00,1,1.0,1.0,68894.36,69062.01,167.64999999999418,2320.1399999999703
2026-02-10 19:00:00,0,0.0,1.0,69062.01,68753.7,308.3099999999977,2628.449999999968
2026-02-10 20:00:00,1,0.0,0.0,68753.7,68656.21,-97.48999999999069,2530.9599999999773
2026-02-10 21:00:00,1,1.0,0.0,68656.21,68707.18,50.96999999998661,2581.929999999964
2026-02-10 22:00:00,0,1.0,0.0,68707.18,68841.29,-134.11000000000058,2447.8199999999633
2026-02-10 23:00:00,0,1.0,1.0,68841.29,69201.14,-359.8500000000058,2087.9699999999575
2026-02-11 00:00:00,0,0.0,1.0,69201.14,68982.0,219.13999999999942,2307.109999999957
2026-02-11 01:00:00,1,0.0,1.0,68982.0,68677.33,-304.66999999999825,2002.4399999999587
2026-02-11 02:00:00,1,0.0,1.0,68677.33,68187.99,-489.3399999999965,1513.0999999999622
2026-02-11 03:00:00,1,0.0,1.0,68187.99,67584.46,-603.5299999999988,909.5699999999633
2026-02-11 04:00:00,1,0.0,1.0,67584.46,67404.28,-180.18000000000757,729.3899999999558
2026-02-11 05:00:00,1,0.0,1.0,67404.28,66820.32,-583.9599999999919,145.4299999999639
2026-02-11 06:00:00,1,1.0,1.0,66820.32,67032.72,212.39999999999418,357.8299999999581
2026-02-11 07:00:00,0,0.0,0.0,67032.72,66981.07,51.64999999999418,409.47999999995227
2026-02-11 08:00:00,1,0.0,0.0,66981.07,66872.03,-109.04000000000815,300.4399999999441
2026-02-11 09:00:00,1,0.0,1.0,66872.03,66531.99,-340.0399999999936,-39.60000000004948
2026-02-11 10:00:00,1,1.0,1.0,66531.99,67053.03,521.0399999999936,481.4399999999441
2026-02-11 11:00:00,0,1.0,0.0,67053.03,67133.5,-80.47000000000116,400.96999999994296
2026-02-11 12:00:00,0,1.0,1.0,67133.5,67454.49,-320.99000000000524,79.97999999993772
2026-02-11 13:00:00,0,0.0,1.0,67454.49,66584.6,869.8899999999994,949.8699999999371
2026-02-11 14:00:00,1,0.0,0.0,66584.6,66519.73,-64.8700000000099,884.9999999999272
2026-02-11 15:00:00,1,0.0,1.0,66519.73,66039.09,-480.6399999999994,404.3599999999278
2026-02-11 16:00:00,1,1.0,1.0,66039.09,66518.26,479.16999999999825,883.5299999999261
2026-02-11 17:00:00,0,1.0,1.0,66518.26,67275.34,-757.0800000000017,126.44999999992433
2026-02-11 18:00:00,0,1.0,1.0,67275.34,67586.67,-311.33000000000175,-184.88000000007742
2026-02-11 19:00:00,0,0.0,0.0,67586.67,67555.98,30.69000000000233,-154.1900000000751
2026-02-11 20:00:00,0,1.0,1.0,67555.98,67811.17,-255.19000000000233,-409.3800000000774
2026-02-11 21:00:00,0,0.0,1.0,67811.17,67433.14,378.02999999999884,-31.35000000007858
2026-02-11 22:00:00,1,0.0,1.0,67433.14,67082.52,-350.61999999999534,-381.9700000000739
2026-02-11 23:00:00,1,1.0,1.0,67082.52,67460.75,378.2299999999959,-3.7400000000779983
2026-02-12 00:00:00,0,1.0,1.0,67460.75,67699.01,-238.25999999999476,-242.00000000007276
2026-02-12 01:00:00,0,0.0,1.0,67699.01,67439.14,259.86999999999534,17.869999999922584
2026-02-12 02:00:00,1,1.0,0.0,67439.14,67580.99,141.85000000000582,159.7199999999284
2026-02-12 03:00:00,0,0.0,1.0,67580.99,67018.4,562.5900000000111,722.3099999999395
2026-02-12 04:00:00,1,1.0,0.0,67018.4,67141.93,123.52999999999884,845.8399999999383
2026-02-12 05:00:00,0,0.0,0.0,67141.93,67125.57,16.35999999998603,862.1999999999243
2026-02-12 06:00:00,1,1.0,0.0,67125.57,67217.72,92.14999999999418,954.3499999999185
2026-02-12 07:00:00,0,0.0,0.0,67217.72,67141.15,76.57000000000698,1030.9199999999255
2026-02-12 08:00:00,1,1.0,1.0,67141.15,67550.47,409.320000000007,1440.2399999999325
2026-02-12 09:00:00,0,1.0,1.0,67550.47,68014.01,-463.5399999999936,976.6999999999389
2026-02-12 10:00:00,0,1.0,0.0,68014.01,68076.01,-62.0,914.6999999999389
2026-02-12 11:00:00,0,0.0,1.0,68076.01,67865.31,210.6999999999971,1125.399999999936
2026-02-12 12:00:00,1,1.0,1.0,67865.31,68376.58,511.2700000000041,1636.66999999994
2026-02-12 13:00:00,0,0.0,1.0,68376.58,67577.02,799.5599999999977,2436.2299999999377
2026-02-12 14:00:00,1,0.0,1.0,67577.02,67134.74,-442.27999999999884,1993.9499999999389
2026-02-12 15:00:00,1,0.0,1.0,67134.74,65863.37,-1271.37000000001,722.579999999929
2026-02-12 16:00:00,1,0.0,1.0,65863.37,65413.99,-449.3799999999974,273.1999999999316
2026-02-12 17:00:00,1,1.0,1.0,65413.99,65590.95,176.95999999999913,450.15999999993073
2026-02-12 18:00:00,0,1.0,1.0,65590.95,65788.36,-197.4100000000035,252.74999999992724
2026-02-12 19:00:00,0,0.0,1.0,65788.36,65428.56,359.8000000000029,612.5499999999302
2026-02-12 20:00:00,1,1.0,1.0,65428.56,65849.87,421.3099999999977,1033.8599999999278
2026-02-12 21:00:00,0,1.0,1.0,65849.87,66288.0,-438.13000000000466,595.7299999999232
2026-02-12 22:00:00,0,0.0,0.0,66288.0,66272.17,15.830000000001746,611.5599999999249
2026-02-12 23:00:00,0,0.0,1.0,66272.17,65918.6,353.56999999999243,965.1299999999173
2026-02-13 00:00:00,1,1.0,1.0,65918.6,66454.95,536.3499999999913,1501.4799999999086
2026-02-13 01:00:00,0,1.0,1.0,66454.95,66663.08,-208.13000000000466,1293.349999999904
2026-02-13 02:00:00,0,0.0,0.0,66663.08,66553.08,110.0,1403.349999999904
2026-02-13 03:00:00,1,0.0,1.0,66553.08,66329.22,-223.86000000000058,1179.4899999999034
2026-02-13 04:00:00,1,0.0,1.0,66329.22,66175.79,-153.43000000000757,1026.0599999998958
2026-02-13 05:00:00,1,1.0,1.0,66175.79,66359.28,183.49000000000524,1209.549999999901
2026-02-13 06:00:00,0,0.0,1.0,66359.28,66208.96,150.31999999999243,1359.8699999998935
2026-02-13 07:00:00,1,1.0,1.0,66208.96,66699.96,491.0,1850.8699999998935
2026-02-13 08:00:00,0,1.0,1.0,66699.96,66959.71,-259.75,1591.1199999998935
2026-02-13 09:00:00,0,1.0,0.0,66959.71,66977.66,-17.94999999999709,1573.1699999998964
2026-02-13 10:00:00,0,1.0,1.0,66977.66,67171.42,-193.75999999999476,1379.4099999999016
2026-02-13 11:00:00,0,0.0,0.0,67171.42,67084.0,87.41999999999825,1466.8299999998999
2026-02-13 12:00:00,1,1.0,1.0,67084.0,67274.15,190.14999999999418,1656.979999999894
2026-02-13 13:00:00,0,1.0,1.0,67274.15,67733.51,-459.3600000000006,1197.6199999998935
2026-02-13 14:00:00,0,1.0,1.0,67733.51,68692.12,-958.6100000000006,239.0099999998929
2026-02-13 15:00:00,0,1.0,1.0,68692.12,68954.69,-262.570000000007,-23.560000000114087
2026-02-13 16:00:00,0,1.0,0.0,68954.69,69047.99,-93.30000000000291,-116.860000000117
2026-02-13 17:00:00,0,1.0,0.0,69047.99,69129.99,-82.0,-198.860000000117
2026-02-13 18:00:00,0,0.0,1.0,69129.99,68938.91,191.08000000000175,-7.780000000115251
2026-02-13 19:00:00,1,0.0,1.0,68938.91,68777.12,-161.79000000000815,-169.5700000001234
2026-02-13 20:00:00,1,1.0,0.0,68777.12,68902.48,125.36000000000058,-44.21000000012282
2026-02-13 21:00:00,0,1.0,0.0,68902.48,68995.28,-92.80000000000291,-137.01000000012573
2026-02-13 22:00:00,0,0.0,0.0,68995.28,68853.96,141.31999999999243,4.3099999998667045
2026-02-13 23:00:00,1,1.0,1.0,68853.96,69090.24,236.27999999999884,240.58999999986554
2026-02-14 00:00:00,0,0.0,0.0,69090.24,68964.51,125.73000000001048,366.319999999876
2026-02-14 01:00:00,1,0.0,0.0,68964.51,68884.21,-80.29999999998836,286.01999999988766
2026-02-14 02:00:00,1,1.0,0.0,68884.21,68981.99,97.77999999999884,383.7999999998865
2026-02-14 03:00:00,0,0.0,1.0,68981.99,68790.0,191.99000000000524,575.7899999998917
2026-02-14 04:00:00,1,0.0,0.0,68790.0,68773.42,-16.580000000001746,559.20999999989
2026-02-14 05:00:00,0,1.0,1.0,68773.42,68936.98,-163.55999999999767,395.6499999998923
2026-02-14 06:00:00,0,1.0,1.0,68936.98,69219.26,-282.27999999999884,113.36999999989348
2026-02-14 07:00:00,0,1.0,1.0,69219.26,69746.2,-526.9400000000023,-413.57000000010885
2026-02-14 08:00:00,0,0.0,0.0,69746.2,69714.93,31.270000000004075,-382.3000000001048
2026-02-14 09:00:00,1,0.0,0.0,69714.93,69671.86,-43.06999999999243,-425.3700000000972
2026-02-14 10:00:00,1,1.0,1.0,69671.86,70505.74,833.8800000000047,408.50999999990745
2026-02-14 11:00:00,0,0.0,1.0,70505.74,69640.2,865.5400000000081,1274.0499999999156
2026-02-14 12:00:00,1,0.0,1.0,69640.2,69460.0,-180.1999999999971,1093.8499999999185
2026-02-14 13:00:00,1,1.0,1.0,69460.0,69701.66,241.6600000000035,1335.509999999922
2026-02-14 14:00:00,0,1.0,0.0,69701.66,69778.28,-76.61999999999534,1258.8899999999267
2026-02-14 15:00:00,0,0.0,0.0,69778.28,69755.1,23.179999999993015,1282.0699999999197
2026-02-14 16:00:00,1,0.0,0.0,69755.1,69739.38,-15.720000000001164,1266.3499999999185
2026-02-14 17:00:00,1,1.0,0.0,69739.38,69772.31,32.929999999993015,1299.2799999999115
2026-02-14 18:00:00,0,1.0,0.0,69772.31,69873.99,-101.68000000000757,1197.599999999904
2026-02-14 19:00:00,0,1.0,1.0,69873.99,70023.09,-149.09999999999127,1048.4999999999127
2026-02-14 20:00:00,0,0.0,0.0,70023.09,69935.86,87.22999999999593,1135.7299999999086
2026-02-14 21:00:00,1,1.0,0.0,69935.86,69959.75,23.889999999999418,1159.619999999908
2026-02-14 22:00:00,0,0.0,0.0,69959.75,69822.95,136.8000000000029,1296.419999999911
2026-02-14 23:00:00,1,0.0,0.0,69822.95,69777.07,-45.879999999990105,1250.5399999999208
2026-02-15 00:00:00,1,0.0,0.0,69777.07,69717.65,-59.420000000012806,1191.119999999908
2026-02-15 01:00:00,1,0.0,1.0,69717.65,69480.01,-237.63999999999942,953.4799999999086
2026-02-15 02:00:00,1,1.0,1.0,69480.01,69954.5,474.49000000000524,1427.9699999999139
2026-02-15 03:00:00,0,1.0,1.0,69954.5,70183.99,-229.49000000000524,1198.4799999999086
2026-02-15 04:00:00,0,1.0,0.0,70183.99,70267.61,-83.61999999999534,1114.8599999999133
2026-02-15 05:00:00,0,1.0,0.0,70267.61,70405.12,-137.50999999999476,977.3499999999185
2026-02-15 06:00:00,0,1.0,1.0,70405.12,70828.42,-423.3000000000029,554.0499999999156
2026-02-15 07:00:00,0,0.0,1.0,70828.42,70446.52,381.8999999999942,935.9499999999098
2026-02-15 08:00:00,1,0.0,0.0,70446.52,70419.11,-27.410000000003492,908.5399999999063
2026-02-15 09:00:00,1,1.0,0.0,70419.11,70427.02,7.9100000000034925,916.4499999999098
2026-02-15 10:00:00,0,0.0,0.0,70427.02,70295.22,131.8000000000029,1048.2499999999127
2026-02-15 11:00:00,1,0.0,1.0,70295.22,69314.21,-981.0099999999948,67.23999999991793
2026-02-15 12:00:00,1,0.0,1.0,69314.21,68930.0,-384.2100000000064,-316.9700000000885
2026-02-15 13:00:00,1,1.0,1.0,68930.0,69170.51,240.50999999999476,-76.46000000009371
2026-02-15 14:00:00,0,0.0,0.0,69170.51,69099.99,70.51999999998952,-5.940000000104192
2026-02-15 15:00:00,1,0.0,0.0,69099.99,69017.75,-82.24000000000524,-88.18000000010943
2026-02-15 16:00:00,1,0.0,1.0,69017.75,68641.21,-376.5399999999936,-464.720000000103
2026-02-15 17:00:00,1,0.0,1.0,68641.21,68451.44,-189.77000000000407,-654.4900000001071
2026-02-15 18:00:00,1,0.0,1.0,68451.44,68286.63,-164.80999999999767,-819.3000000001048
2026-02-15 19:00:00,1,1.0,1.0,68286.63,68450.0,163.36999999999534,-655.9300000001094
2026-02-15 20:00:00,1,1.0,1.0,68450.0,68852.01,402.00999999999476,-253.92000000011467
2026-02-15 21:00:00,0,1.0,1.0,68852.01,68999.96,-147.95000000001164,-401.8700000001263
2026-02-15 22:00:00,0,0.0,1.0,68999.96,68832.58,167.38000000000466,-234.49000000012165
2026-02-15 23:00:00,1,1.0,0.0,68832.58,68845.81,13.229999999995925,-221.26000000012573
2026-02-16 00:00:00,1,0.0,1.0,68845.81,68630.81,-215.0,-436.26000000012573
2026-02-16 01:00:00,1,0.0,1.0,68630.81,68320.48,-310.33000000000175,-746.5900000001275
2026-02-16 02:00:00,1,1.0,0.0,68320.48,68424.82,104.34000000001106,-642.2500000001164
2026-02-16 03:00:00,1,1.0,1.0,68424.82,68870.07,445.25,-197.00000000011642
2026-02-16 04:00:00,0,0.0,1.0,68870.07,68385.29,484.7800000000134,287.779999999897
2026-02-16 05:00:00,1,1.0,0.0,68385.29,68450.8,65.51000000000931,353.2899999999063
2026-02-16 06:00:00,1,1.0,1.0,68450.8,68587.9,137.09999999999127,490.38999999989755
2026-02-16 07:00:00,0,1.0,1.0,68587.9,68762.85,-174.95000000001164,315.4399999998859
2026-02-16 08:00:00,0,1.0,1.0,68762.85,68992.71,-229.86000000000058,85.57999999988533
2026-02-16 09:00:00,0,0.0,1.0,68992.71,68798.22,194.49000000000524,280.06999999989057
2026-02-16 10:00:00,1,1.0,0.0,68798.22,68812.83,14.610000000000582,294.67999999989115
2026-02-16 11:00:00,0,1.0,1.0,68812.83,69763.24,-950.4100000000035,-655.7300000001123
2026-02-16 12:00:00,0,0.0,1.0,69763.24,68395.1,1368.1399999999994,712.4099999998871
2026-02-16 13:00:00,1,1.0,0.0,68395.1,68427.64,32.5399999999936,744.9499999998807
2026-02-16 14:00:00,1,0.0,1.0,68427.64,67539.52,-888.1199999999953,-143.17000000011467
2026-02-16 15:00:00,1,1.0,1.0,67539.52,67888.7,349.179999999993,206.00999999987835
2026-02-16 16:00:00,1,1.0,0.0,67888.7,67951.86,63.16000000000349,269.16999999988184
2026-02-16 17:00:00,1,0.0,0.0,67951.86,67860.13,-91.72999999999593,177.4399999998859
2026-02-16 18:00:00,1,1.0,0.0,67860.13,67913.43,53.29999999998836,230.73999999987427
2026-02-16 19:00:00,1,1.0,1.0,67913.43,68530.0,616.570000000007,847.3099999998813
2026-02-16 20:00:00,0,1.0,1.0,68530.0,68862.88,-332.88000000000466,514.4299999998766
2026-02-16 21:00:00,0,0.0,1.0,68862.88,68591.02,271.8600000000006,786.2899999998772
2026-02-16 22:00:00,1,1.0,1.0,68591.02,68892.43,301.40999999998894,1087.6999999998661
2026-02-16 23:00:00,0,0.0,0.0,68892.43,68878.27,14.15999999998894,1101.859999999855
2026-02-17 00:00:00,1,0.0,1.0,68878.27,68618.11,-260.1600000000035,841.6999999998516
2026-02-17 01:00:00,1,1.0,1.0,68618.11,68838.48,220.36999999999534,1062.069999999847
2026-02-17 02:00:00,1,0.0,1.0,68838.48,68474.9,-363.58000000000175,698.4899999998452
2026-02-17 03:00:00,1,1.0,0.0,68474.9,68481.67,6.7700000000040745,705.2599999998492
2026-02-17 04:00:00,1,0.0,1.0,68481.67,68245.71,-235.95999999999185,469.2999999998574
2026-02-17 05:00:00,1,1.0,1.0,68245.71,68400.0,154.2899999999936,623.589999999851
2026-02-17 06:00:00,1,0.0,0.0,68400.0,68388.12,-11.880000000004657,611.7099999998463
2026-02-17 07:00:00,1,0.0,1.0,68388.12,68177.53,-210.5899999999965,401.1199999998498
2026-02-17 08:00:00,1,0.0,0.0,68177.53,68126.28,-51.25,349.8699999998498
2026-02-17 09:00:00,1,0.0,1.0,68126.28,67845.3,-280.9799999999959,68.8899999998539
2026-02-17 10:00:00,1,1.0,0.0,67845.3,67854.6,9.30000000000291,78.18999999985681
2026-02-17 11:00:00,1,1.0,0.0,67854.6,67919.49,64.88999999999942,143.07999999985623
2026-02-17 12:00:00,1,1.0,1.0,67919.49,68136.34,216.84999999999127,359.9299999998475
2026-02-17 13:00:00,0,0.0,1.0,68136.34,66875.06,1261.2799999999988,1621.2099999998463
2026-02-17 14:00:00,1,1.0,1.0,66875.06,67392.05,516.9900000000052,2138.1999999998516
2026-02-17 15:00:00,0,1.0,1.0,67392.05,67517.36,-125.30999999999767,2012.889999999854
2026-02-17 16:00:00,0,0.0,1.0,67517.36,67244.22,273.1399999999994,2286.0299999998533
2026-02-17 17:00:00,1,1.0,1.0,67244.22,68098.62,854.3999999999942,3140.4299999998475
2026-02-17 18:00:00,0,0.0,1.0,68098.62,67793.32,305.29999999998836,3445.729999999836
2026-02-17 19:00:00,1,0.0,0.0,67793.32,67753.3,-40.020000000004075,3405.709999999832
2026-02-17 20:00:00,1,0.0,0.0,67753.3,67680.54,-72.76000000000931,3332.9499999998225
2026-02-17 21:00:00,1,0.0,1.0,67680.54,67527.72,-152.81999999999243,3180.12999999983
2026-02-17 22:00:00,1,0.0,0.0,67527.72,67503.52,-24.19999999999709,3155.929999999833
2026-02-17 23:00:00,1,0.0,1.0,67503.52,67302.65,-200.8700000000099,2955.059999999823
2026-02-18 00:00:00,1,0.0,1.0,67302.65,67165.2,-137.4499999999971,2817.609999999826
2026-02-18 01:00:00,1,1.0,1.0,67165.2,67335.04,169.8399999999965,2987.4499999998225
2026-02-18 02:00:00,1,1.0,1.0,67335.04,67629.11,294.070000000007,3281.5199999998295
2026-02-18 03:00:00,1,1.0,1.0,67629.11,67823.54,194.42999999999302,3475.9499999998225
2026-02-18 04:00:00,0,0.0,1.0,67823.54,67654.8,168.7399999999907,3644.689999999813
2026-02-18 05:00:00,1,1.0,1.0,67654.8,67850.52,195.72000000000116,3840.4099999998143
2026-02-18 06:00:00,1,1.0,1.0,67850.52,68106.44,255.91999999999825,4096.329999999813
2026-02-18 07:00:00,0,1.0,0.0,68106.44,68132.82,-26.380000000004657,4069.949999999808
2026-02-18 08:00:00,0,1.0,0.0,68132.82,68157.79,-24.969999999986612,4044.9799999998213
2026-02-18 09:00:00,0,0.0,1.0,68157.79,67801.26,356.52999999999884,4401.50999999982
2026-02-18 10:00:00,1,0.0,1.0,67801.26,67369.75,-431.50999999999476,3969.9999999998254
2026-02-18 11:00:00,1,1.0,0.0,67369.75,67458.06,88.30999999999767,4058.309999999823
2026-02-18 12:00:00,1,0.0,1.0,67458.06,67236.88,-221.17999999999302,3837.12999999983
2026-02-18 13:00:00,1,0.0,0.0,67236.88,67223.76,-13.120000000009895,3824.00999999982
2026-02-18 14:00:00,1,1.0,1.0,67223.76,67694.01,470.25,4294.25999999982
2026-02-18 15:00:00,0,0.0,1.0,67694.01,67145.34,548.6699999999983,4842.929999999818
2026-02-18 16:00:00,1,1.0,0.0,67145.34,67187.39,42.05000000000291,4884.979999999821
2026-02-18 17:00:00,1,0.0,1.0,67187.39,66359.99,-827.3999999999942,4057.579999999827
2026-02-18 18:00:00,1,0.0,1.0,66359.99,66177.14,-182.85000000000582,3874.7299999998213
2026-02-18 19:00:00,1,1.0,0.0,66177.14,66268.39,91.25,3965.9799999998213
2026-02-18 20:00:00,1,1.0,0.0,66268.39,66342.76,74.36999999999534,4040.3499999998166
2026-02-18 21:00:00,1,1.0,0.0,66342.76,66408.82,66.06000000001222,4106.409999999829
2026-02-18 22:00:00,1,1.0,0.0,66408.82,66461.0,52.179999999993015,4158.589999999822
2026-02-18 23:00:00,1,0.0,0.0,66461.0,66446.49,-14.509999999994761,4144.079999999827
2026-02-19 00:00:00,1,1.0,1.0,66446.49,66866.62,420.1299999999901,4564.209999999817
2026-02-19 01:00:00,0,0.0,0.0,66866.62,66835.2,31.419999999998254,4595.6299999998155
2026-02-19 02:00:00,1,1.0,1.0,66835.2,66980.91,145.7100000000064,4741.339999999822
2026-02-19 03:00:00,0,0.0,1.0,66980.91,66802.75,178.1600000000035,4919.499999999825
2026-02-19 04:00:00,1,1.0,0.0,66802.75,66871.35,68.60000000000582,4988.099999999831
2026-02-19 05:00:00,1,1.0,1.0,66871.35,67150.12,278.7699999999895,5266.869999999821
2026-02-19 06:00:00,0,1.0,0.0,67150.12,67206.45,-56.330000000001746,5210.539999999819
2026-02-19 07:00:00,0,0.0,1.0,67206.45,66966.12,240.33000000000175,5450.869999999821
2026-02-19 08:00:00,1,0.0,1.0,66966.12,66836.0,-130.11999999999534,5320.749999999825
2026-02-19 09:00:00,1,1.0,0.0,66836.0,66843.08,7.080000000001746,5327.829999999827
2026-02-19 10:00:00,1,0.0,1.0,66843.08,66496.02,-347.0599999999977,4980.769999999829
2026-02-19 11:00:00,1,1.0,0.0,66496.02,66516.67,20.64999999999418,5001.419999999824
2026-02-19 12:00:00,1,0.0,1.0,66516.67,65913.37,-603.3000000000029,4398.119999999821
2026-02-19 13:00:00,1,1.0,1.0,65913.37,66421.2,507.83000000000175,4905.9499999998225
2026-02-19 14:00:00,0,0.0,0.0,66421.2,66398.0,23.19999999999709,4929.14999999982
2026-02-19 15:00:00,1,0.0,1.0,66398.0,66293.53,-104.47000000000116,4824.679999999818
2026-02-19 16:00:00,1,1.0,0.0,66293.53,66369.42,75.88999999999942,4900.569999999818
2026-02-19 17:00:00,1,1.0,1.0,66369.42,67030.49,661.070000000007,5561.639999999825
2026-02-19 18:00:00,0,1.0,0.0,67030.49,67050.0,-19.50999999999476,5542.12999999983
2026-02-19 19:00:00,0,1.0,1.0,67050.0,67149.11,-99.11000000000058,5443.019999999829
2026-02-19 20:00:00,0,0.0,1.0,67149.11,66916.51,232.60000000000582,5675.619999999835
2026-02-19 21:00:00,1,0.0,0.0,66916.51,66915.14,-1.3699999999953434,5674.24999999984
2026-02-19 22:00:00,1,1.0,0.0,66915.14,67003.73,88.58999999999651,5762.839999999836
2026-02-19 23:00:00,0,1.0,1.0,67003.73,67228.91,-225.18000000000757,5537.659999999829
2026-02-20 00:00:00,0,1.0,0.0,67228.91,67279.9,-50.98999999999069,5486.669999999838
2026-02-20 01:00:00,0,0.0,0.0,67279.9,67242.03,37.86999999999534,5524.5399999998335
2026-02-20 02:00:00,1,1.0,1.0,67242.03,67366.25,124.22000000000116,5648.759999999835
2026-02-20 03:00:00,0,0.0,1.0,67366.25,67264.83,101.41999999999825,5750.179999999833
2026-02-20 04:00:00,1,1.0,1.0,67264.83,67790.1,525.2700000000041,6275.449999999837
2026-02-20 05:00:00,0,1.0,0.0,67790.1,67847.47,-57.36999999999534,6218.079999999842
2026-02-20 06:00:00,0,0.0,0.0,67847.47,67825.91,21.55999999999767,6239.639999999839
2026-02-20 07:00:00,1,1.0,0.0,67825.91,67879.99,54.080000000001746,6293.719999999841
2026-02-20 08:00:00,0,1.0,1.0,67879.99,68218.85,-338.8600000000006,5954.8599999998405
2026-02-20 09:00:00,0,0.0,1.0,68218.85,67948.99,269.8600000000006,6224.719999999841
2026-02-20 10:00:00,1,0.0,1.0,67948.99,67318.41,-630.5800000000017,5594.139999999839
2026-02-20 11:00:00,1,1.0,1.0,67318.41,67541.77,223.36000000000058,5817.49999999984
2026-02-20 12:00:00,0,0.0,1.0,67541.77,66801.62,740.1500000000087,6557.649999999849
2026-02-20 13:00:00,1,1.0,1.0,66801.62,67069.65,268.02999999999884,6825.6799999998475
2026-02-20 14:00:00,0,1.0,1.0,67069.65,67582.95,-513.3000000000029,6312.379999999845
2026-02-20 15:00:00,0,1.0,1.0,67582.95,67795.47,-212.52000000000407,6099.8599999998405
2026-02-20 16:00:00,0,0.0,1.0,67795.47,67613.37,182.10000000000582,6281.959999999846
2026-02-20 17:00:00,1,1.0,1.0,67613.37,67924.21,310.84000000001106,6592.799999999857
2026-02-20 18:00:00,0,0.0,1.0,67924.21,67646.03,278.18000000000757,6870.979999999865
2026-02-20 19:00:00,1,1.0,1.0,67646.03,67750.4,104.36999999999534,6975.34999999986
2026-02-20 20:00:00,0,1.0,0.0,67750.4,67825.87,-75.47000000000116,6899.879999999859
2026-02-20 21:00:00,0,1.0,1.0,67825.87,68078.13,-252.2600000000093,6647.61999999985
2026-02-20 22:00:00,0,0.0,0.0,68078.13,68020.01,58.120000000009895,6705.73999999986
2026-02-20 23:00:00,1,0.0,1.0,68020.01,67841.0,-179.00999999999476,6526.729999999865
2026-02-21 00:00:00,1,1.0,1.0,67841.0,67951.24,110.24000000000524,6636.96999999987
2026-02-21 01:00:00,0,1.0,0.0,67951.24,68001.05,-49.80999999999767,6587.1599999998725
2026-02-21 02:00:00,0,0.0,1.0,68001.05,67667.77,333.27999999999884,6920.439999999871
2026-02-21 03:00:00,1,1.0,1.0,67667.77,67816.97,149.1999999999971,7069.639999999868
2026-02-21 04:00:00,0,1.0,0.0,67816.97,67851.93,-34.95999999999185,7034.679999999877
2026-02-21 05:00:00,0,0.0,0.0,67851.93,67793.38,58.54999999998836,7093.229999999865
2026-02-21 06:00:00,1,1.0,0.0,67793.38,67856.01,62.629999999990105,7155.859999999855
2026-02-21 07:00:00,0,1.0,1.0,67856.01,68055.03,-199.02000000000407,6956.839999999851
2026-02-21 08:00:00,0,1.0,1.0,68055.03,68147.53,-92.5,6864.339999999851
2026-02-21 09:00:00,0,1.0,0.0,68147.53,68215.54,-68.00999999999476,6796.329999999856
2026-02-21 10:00:00,0,0.0,1.0,68215.54,68092.45,123.08999999999651,6919.419999999853
2026-02-21 11:00:00,1,1.0,1.0,68092.45,68203.42,110.97000000000116,7030.389999999854
2026-02-21 12:00:00,0,1.0,0.0,68203.42,68259.99,-56.570000000006985,6973.819999999847
2026-02-21 13:00:00,0,1.0,1.0,68259.99,68450.01,-190.01999999998952,6783.799999999857
2026-02-21 14:00:00,0,1.0,1.0,68450.01,68615.0,-164.99000000000524,6618.809999999852
2026-02-21 15:00:00,0,0.0,1.0,68615.0,68322.6,292.3999999999942,6911.209999999846
2026-02-21 16:00:00,1,1.0,1.0,68322.6,68437.45,114.84999999999127,7026.059999999838
2026-02-21 17:00:00,0,1.0,1.0,68437.45,68574.0,-136.5500000000029,6889.509999999835
2026-02-21 18:00:00,0,0.0,0.0,68574.0,68543.51,30.49000000000524,6919.99999999984
2026-02-21 19:00:00,1,0.0,1.0,68543.51,68211.19,-332.31999999999243,6587.6799999998475
2026-02-21 20:00:00,1,1.0,1.0,68211.19,68379.95,168.75999999999476,6756.439999999842
2026-02-21 21:00:00,0,0.0,1.0,68379.95,67972.0,407.9499999999971,7164.389999999839
2026-02-21 22:00:00,1,1.0,0.0,67972.0,67975.93,3.929999999993015,7168.319999999832
2026-02-21 23:00:00,1,0.0,0.0,67975.93,67946.0,-29.929999999993015,7138.389999999839
2026-02-22 00:00:00,1,1.0,1.0,67946.0,68159.31,213.30999999999767,7351.699999999837
2026-02-22 01:00:00,1,0.0,1.0,68159.31,67909.68,-249.63000000000466,7102.069999999832
2026-02-22 02:00:00,1,1.0,1.0,67909.68,68041.43,131.75,7233.819999999832
2026-02-22 03:00:00,0,0.0,0.0,68041.43,67983.5,57.929999999993015,7291.749999999825
2026-02-22 04:00:00,1,0.0,0.0,67983.5,67977.52,-5.9799999999959255,7285.769999999829
2026-02-22 05:00:00,1,1.0,0.0,67977.52,68038.13,60.61000000000058,7346.37999999983
2026-02-22 06:00:00,0,0.0,0.0,68038.13,68005.3,32.830000000001746,7379.209999999832
2026-02-22 07:00:00,1,0.0,0.0,68005.3,67950.1,-55.19999999999709,7324.009999999835
2026-02-22 08:00:00,1,1.0,1.0,67950.1,68053.32,103.22000000000116,7427.229999999836
2026-02-22 09:00:00,1,1.0,0.0,68053.32,68129.56,76.23999999999069,7503.4699999998265
2026-02-22 10:00:00,0,1.0,1.0,68129.56,68219.97,-90.41000000000349,7413.059999999823
2026-02-22 11:00:00,0,0.0,1.0,68219.97,67928.22,291.75,7704.809999999823
2026-02-22 12:00:00,1,0.0,1.0,67928.22,67652.38,-275.8399999999965,7428.9699999998265
2026-02-22 13:00:00,1,0.0,1.0,67652.38,67443.89,-208.49000000000524,7220.479999999821
2026-02-22 14:00:00,1,1.0,1.0,67443.89,67684.14,240.25,7460.729999999821
2026-02-22 15:00:00,0,0.0,0.0,67684.14,67632.76,51.38000000000466,7512.109999999826
2026-02-22 16:00:00,1,0.0,1.0,67632.76,67384.49,-248.26999999998952,7263.839999999836
2026-02-22 17:00:00,1,1.0,0.0,67384.49,67422.62,38.129999999990105,7301.9699999998265
2026-02-22 18:00:00,1,1.0,0.0,67422.62,67428.32,5.7000000000116415,7307.669999999838
2026-02-22 19:00:00,1,0.0,0.0,67428.32,67401.74,-26.580000000001746,7281.089999999836
2026-02-22 20:00:00,1,1.0,1.0,67401.74,67612.66,210.91999999999825,7492.009999999835
2026-02-22 21:00:00,1,1.0,0.0,67612.66,67666.16,53.5,7545.509999999835
2026-02-22 22:00:00,0,0.0,0.0,67666.16,67643.4,22.760000000009313,7568.269999999844
2026-02-22 23:00:00,1,0.0,1.0,67643.4,66740.47,-902.929999999993,6665.339999999851
2026-02-23 00:00:00,1,0.0,1.0,66740.47,64427.65,-2312.8199999999997,4352.519999999851
2026-02-23 01:00:00,1,1.0,1.0,64427.65,64783.56,355.9099999999962,4708.4299999998475
2026-02-23 02:00:00,1,1.0,1.0,64783.56,64934.17,150.61000000000058,4859.039999999848
2026-02-23 03:00:00,1,0.0,1.0,64934.17,64808.31,-125.86000000000058,4733.1799999998475
2026-02-23 04:00:00,1,1.0,1.0,64808.31,65070.9,262.5900000000038,4995.769999999851
2026-02-23 05:00:00,1,1.0,1.0,65070.9,65757.32,686.4200000000055,5682.189999999857
2026-02-23 06:00:00,0,1.0,1.0,65757.32,65958.94,-201.61999999999534,5480.5699999998615
2026-02-23 07:00:00,1,0.0,1.0,65958.94,65676.44,-282.5,5198.0699999998615
2026-02-23 08:00:00,1,1.0,1.0,65676.44,66404.91,728.4700000000012,5926.539999999863
2026-02-23 09:00:00,0,0.0,0.0,66404.91,66319.69,85.22000000000116,6011.759999999864
2026-02-23 10:00:00,1,0.0,1.0,66319.69,66207.23,-112.4600000000064,5899.299999999857
2026-02-23 11:00:00,1,1.0,0.0,66207.23,66280.4,73.16999999999825,5972.469999999856
2026-02-23 12:00:00,1,0.0,1.0,66280.4,66132.66,-147.7399999999907,5824.729999999865
2026-02-23 13:00:00,1,0.0,1.0,66132.66,65923.53,-209.13000000000466,5615.59999999986
2026-02-23 14:00:00,1,0.0,1.0,65923.53,65660.1,-263.429999999993,5352.169999999867
2026-02-23 15:00:00,1,0.0,1.0,65660.1,65364.65,-295.45000000000437,5056.719999999863
2026-02-23 16:00:00,1,0.0,1.0,65364.65,64813.26,-551.3899999999994,4505.3299999998635
2026-02-23 17:00:00,1,0.0,1.0,64813.26,64635.49,-177.77000000000407,4327.559999999859
2026-02-23 18:00:00,1,0.0,1.0,64635.49,64295.1,-340.3899999999994,3987.16999999986
2026-02-23 19:00:00,1,1.0,1.0,64295.1,64473.14,178.04000000000087,4165.209999999861
2026-02-23 20:00:00,1,1.0,1.0,64473.14,64580.66,107.52000000000407,4272.729999999865
2026-02-23 21:00:00,1,1.0,1.0,64580.66,64725.56,144.89999999999418,4417.629999999859
2026-02-23 22:00:00,1,0.0,0.0,64725.56,64656.02,-69.54000000000087,4348.089999999858
2026-02-23 23:00:00,1,1.0,1.0,64656.02,64941.43,285.4100000000035,4633.499999999862
2026-02-24 00:00:00,1,0.0,1.0,64941.43,64160.27,-781.1600000000035,3852.3399999998583
2026-02-24 01:00:00,1,0.0,0.0,64160.27,64109.81,-50.45999999999913,3801.879999999859
2026-02-24 02:00:00,1,0.0,1.0,64109.81,63595.51,-514.2999999999956,3287.5799999998635
2026-02-24 03:00:00,1,0.0,1.0,63595.51,63378.84,-216.67000000000553,3070.909999999858
2026-02-24 04:00:00,1,0.0,1.0,63378.84,63104.79,-274.04999999999563,2796.8599999998623
2026-02-24 05:00:00,1,0.0,0.0,63104.79,63082.79,-22.0,2774.8599999998623
2026-02-24 06:00:00,1,1.0,1.0,63082.79,63192.96,110.16999999999825,2885.0299999998606
2026-02-24 07:00:00,0,1.0,1.0,63192.96,63392.15,-199.19000000000233,2685.8399999998583
2026-02-24 08:00:00,0,0.0,1.0,63392.15,63249.99,142.1600000000035,2827.9999999998618
2026-02-24 09:00:00,1,1.0,0.0,63249.99,63284.5,34.51000000000204,2862.509999999864
2026-02-24 10:00:00,0,0.0,0.0,63284.5,63227.1,57.400000000001455,2919.9099999998652
2026-02-24 11:00:00,1,0.0,1.0,63227.1,62969.05,-258.04999999999563,2661.8599999998696
2026-02-24 12:00:00,1,0.0,0.0,62969.05,62900.0,-69.05000000000291,2592.8099999998667
2026-02-24 13:00:00,1,1.0,1.0,62900.0,63453.99,553.989999999998,3146.7999999998647
2026-02-24 14:00:00,0,1.0,1.0,63453.99,63973.97,-519.9800000000032,2626.8199999998615
2026-02-24 15:00:00,0,1.0,1.0,63973.97,64265.52,-291.54999999999563,2335.269999999866
2026-02-24 16:00:00,0,0.0,0.0,64265.52,64219.71,45.80999999999767,2381.0799999998635
2026-02-24 17:00:00,1,1.0,1.0,64219.71,64435.06,215.34999999999854,2596.429999999862
2026-02-24 18:00:00,0,0.0,0.0,64435.06,64435.03,0.029999999998835847,2596.459999999861
2026-02-24 19:00:00,0,1.0,0.0,64435.03,64472.9,-37.87000000000262,2558.5899999998583
2026-02-24 20:00:00,0,0.0,1.0,64472.9,64042.66,430.23999999999796,2988.829999999856
2026-02-24 21:00:00,1,1.0,0.0,64042.66,64120.95,78.2899999999936,3067.11999999985
2026-02-24 22:00:00,1,0.0,0.0,64120.95,64058.15,-62.799999999995634,3004.319999999854
2026-02-24 23:00:00,1,1.0,1.0,64058.15,64224.3,166.15000000000146,3170.4699999998556
2026-02-25 00:00:00,0,1.0,1.0,64224.3,65896.75,-1672.449999999997,1498.0199999998586
2026-02-25 01:00:00,0,0.0,0.0,65896.75,65884.83,11.919999999998254,1509.9399999998568
2026-02-25 02:00:00,1,0.0,1.0,65884.83,65391.73,-493.09999999999854,1016.8399999998583
2026-02-25 03:00:00,1,1.0,0.0,65391.73,65457.99,66.25999999999476,1083.099999999853
2026-02-25 04:00:00,1,0.0,1.0,65457.99,64882.76,-575.2299999999959,507.8699999998571
2026-02-25 05:00:00,1,1.0,0.0,64882.76,64898.22,15.459999999999127,523.3299999998562
2026-02-25 06:00:00,1,1.0,1.0,64898.22,65028.3,130.08000000000175,653.409999999858
2026-02-25 07:00:00,1,1.0,1.0,65028.3,65530.49,502.18999999999505,1155.599999999853
2026-02-25 08:00:00,0,1.0,0.0,65530.49,65558.71,-28.22000000000844,1127.3799999998446
2026-02-25 09:00:00,0,0.0,1.0,65558.71,65400.87,157.84000000000378,1285.2199999998484
2026-02-25 10:00:00,1,1.0,0.0,65400.87,65430.04,29.169999999998254,1314.3899999998466
2026-02-25 11:00:00,1,1.0,1.0,65430.04,66068.94,638.9000000000015,1953.289999999848
2026-02-25 12:00:00,0,1.0,1.0,66068.94,66248.62,-179.67999999999302,1773.609999999855
2026-02-25 13:00:00,0,1.0,1.0,66248.62,66973.2,-724.5800000000017,1049.0299999998533
2026-02-25 14:00:00,0,1.0,1.0,66973.2,67412.33,-439.13000000000466,609.8999999998487
2026-02-25 15:00:00,0,1.0,1.0,67412.33,68297.35,-885.0200000000041,-275.1200000001554
2026-02-25 16:00:00,0,1.0,1.0,68297.35,68674.2,-376.84999999999127,-651.9700000001467
2026-02-25 17:00:00,0,1.0,1.0,68674.2,69328.07,-653.8700000000099,-1305.8400000001566
2026-02-25 18:00:00,0,0.0,1.0,69328.07,69038.26,289.8100000000122,-1016.0300000001444
2026-02-25 19:00:00,0,1.0,1.0,69038.26,69148.69,-110.43000000000757,-1126.460000000152
2026-02-25 20:00:00,0,0.0,1.0,69148.69,68919.72,228.97000000000116,-897.4900000001508
2026-02-25 21:00:00,0,0.0,1.0,68919.72,68432.13,487.5899999999965,-409.90000000015425
2026-02-25 22:00:00,1,0.0,1.0,68432.13,67988.04,-444.09000000001106,-853.9900000001653
2026-02-25 23:00:00,1,1.0,1.0,67988.04,68335.99,347.95000000001164,-506.04000000015367
2026-02-26 00:00:00,0,0.0,0.0,68335.99,68248.3,87.69000000000233,-418.35000000015134
2026-02-26 01:00:00,0,1.0,0.0,68248.3,68257.45,-9.14999999999418,-427.5000000001455
2026-02-26 02:00:00,0,0.0,0.0,68257.45,68216.86,40.58999999999651,-386.910000000149
2026-02-26 03:00:00,0,1.0,1.0,68216.86,68571.36,-354.5,-741.410000000149
2026-02-26 04:00:00,0,0.0,1.0,68571.36,68443.81,127.55000000000291,-613.8600000001461
2026-02-26 05:00:00,0,0.0,1.0,68443.81,68176.75,267.0599999999977,-346.80000000014843
2026-02-26 06:00:00,1,0.0,1.0,68176.75,67825.04,-351.7100000000064,-698.5100000001548
2026-02-26 07:00:00,1,1.0,1.0,67825.04,67954.01,128.97000000000116,-569.5400000001537
2026-02-26 08:00:00,0,1.0,1.0,67954.01,68589.41,-635.4000000000087,-1204.9400000001624
2026-02-26 09:00:00,0,0.0,1.0,68589.41,68301.62,287.79000000000815,-917.1500000001543
2026-02-26 10:00:00,0,0.0,1.0,68301.62,68051.31,250.30999999999767,-666.8400000001566
2026-02-26 11:00:00,1,1.0,1.0,68051.31,68171.56,120.25,-546.5900000001566
2026-02-26 12:00:00,0,0.0,1.0,68171.56,67905.35,266.20999999999185,-280.3800000001647
2026-02-26 13:00:00,1,0.0,1.0,67905.35,67697.74,-207.61000000000058,-487.9900000001653
2026-02-26 14:00:00,1,0.0,1.0,67697.74,67382.0,-315.74000000000524,-803.7300000001705
2026-02-26 15:00:00,1,0.0,1.0,67382.0,66643.55,-738.4499999999971,-1542.1800000001676
2026-02-26 16:00:00,1,1.0,1.0,66643.55,66826.8,183.25,-1358.9300000001676
2026-02-26 17:00:00,1,1.0,1.0,66826.8,67310.53,483.7299999999959,-875.2000000001717
2026-02-26 18:00:00,0,1.0,1.0,67310.53,67589.22,-278.6900000000023,-1153.890000000174
2026-02-26 19:00:00,0,0.0,1.0,67589.22,67414.07,175.14999999999418,-978.7400000001799
2026-02-26 20:00:00,1,1.0,0.0,67414.07,67463.65,49.579999999987194,-929.1600000001927
2026-02-26 21:00:00,0,1.0,1.0,67463.65,67572.3,-108.65000000000873,-1037.8100000002014
2026-02-26 22:00:00,0,0.0,0.0,67572.3,67485.18,87.1200000000099,-950.6900000001915
2026-02-26 23:00:00,1,0.0,1.0,67485.18,67226.5,-258.679999999993,-1209.3700000001845
2026-02-27 00:00:00,1,1.0,1.0,67226.5,67352.26,125.75999999999476,-1083.6100000001898
2026-02-27 01:00:00,1,0.0,0.0,67352.26,67266.58,-85.67999999999302,-1169.2900000001828
2026-02-27 02:00:00,1,1.0,1.0,67266.58,67600.84,334.25999999999476,-835.030000000188
2026-02-27 03:00:00,0,1.0,1.0,67600.84,67747.49,-146.65000000000873,-981.6800000001967
2026-02-27 04:00:00,0,0.0,0.0,67747.49,67724.99,22.5,-959.1800000001967
2026-02-27 05:00:00,0,0.0,0.0,67724.99,67658.14,66.85000000000582,-892.3300000001909
2026-02-27 06:00:00,1,1.0,0.0,67658.14,67690.6,32.4600000000064,-859.8700000001845
2026-02-27 07:00:00,0,1.0,1.0,67690.6,67926.24,-235.63999999999942,-1095.510000000184
2026-02-27 08:00:00,0,0.0,1.0,67926.24,67355.73,570.5100000000093,-525.0000000001746
2026-02-27 09:00:00,1,0.0,1.0,67355.73,66604.91,-750.8199999999924,-1275.820000000167
2026-02-27 10:00:00,1,0.0,1.0,66604.91,66126.99,-477.91999999999825,-1753.7400000001653
2026-02-27 11:00:00,1,0.0,1.0,66126.99,65928.01,-198.98000000001048,-1952.7200000001758
2026-02-27 12:00:00,1,1.0,1.0,65928.01,66270.55,342.54000000000815,-1610.1800000001676
2026-02-27 13:00:00,1,0.0,1.0,66270.55,65887.59,-382.9600000000064,-1993.140000000174
2026-02-27 14:00:00,1,1.0,1.0,65887.59,66095.4,207.80999999999767,-1785.3300000001764
2026-02-27 15:00:00,1,0.0,1.0,66095.4,65475.21,-620.189999999995,-2405.5200000001714
2026-02-27 16:00:00,1,1.0,1.0,65475.21,65703.19,227.9800000000032,-2177.540000000168
2026-02-27 17:00:00,1,0.0,1.0,65703.19,65314.76,-388.4300000000003,-2565.9700000001685
2026-02-27 18:00:00,1,1.0,0.0,65314.76,65392.18,77.41999999999825,-2488.5500000001703
2026-02-27 19:00:00,1,1.0,1.0,65392.18,65594.67,202.48999999999796,-2286.0600000001723
2026-02-27 20:00:00,1,0.0,0.0,65594.67,65527.59,-67.08000000000175,-2353.140000000174
2026-02-27 21:00:00,1,1.0,1.0,65527.59,65637.99,110.40000000000873,-2242.7400000001653
2026-02-27 22:00:00,1,1.0,1.0,65637.99,65872.1,234.11000000000058,-2008.6300000001647
2026-02-27 23:00:00,0,1.0,0.0,65872.1,65942.0,-69.89999999999418,-2078.530000000159
2026-02-28 00:00:00,0,0.0,1.0,65942.0,65770.36,171.63999999999942,-1906.8900000001595
2026-02-28 01:00:00,1,1.0,1.0,65770.36,65961.13,190.77000000000407,-1716.1200000001554
2026-02-28 02:00:00,0,0.0,1.0,65961.13,65797.42,163.7100000000064,-1552.410000000149
2026-02-28 03:00:00,1,0.0,1.0,65797.42,65663.2,-134.22000000000116,-1686.6300000001502
2026-02-28 04:00:00,1,0.0,0.0,65663.2,65591.03,-72.16999999999825,-1758.8000000001484
2026-02-28 05:00:00,1,0.0,1.0,65591.03,63216.01,-2375.019999999997,-4133.820000000145
2026-02-28 06:00:00,1,1.0,1.0,63216.01,63826.0,609.989999999998,-3523.8300000001473
2026-02-28 07:00:00,1,0.0,1.0,63826.0,63473.28,-352.72000000000116,-3876.5500000001484
2026-02-28 08:00:00,1,1.0,1.0,63473.28,63658.54,185.26000000000204,-3691.2900000001464
2026-02-28 09:00:00,1,1.0,1.0,63658.54,64010.39,351.84999999999854,-3339.440000000148
2026-02-28 10:00:00,1,0.0,1.0,64010.39,63844.2,-166.19000000000233,-3505.63000000015
2026-02-28 11:00:00,1,1.0,1.0,63844.2,64017.19,172.99000000000524,-3332.640000000145
2026-02-28 12:00:00,1,1.0,1.0,64017.19,65106.44,1089.25,-2243.390000000145
2026-02-28 13:00:00,0,0.0,1.0,65106.44,64435.61,670.8300000000017,-1572.5600000001432
2026-02-28 14:00:00,1,1.0,1.0,64435.61,64841.18,405.5699999999997,-1166.9900000001435
2026-02-28 15:00:00,1,1.0,1.0,64841.18,65094.3,253.12000000000262,-913.8700000001409
2026-02-28 16:00:00,0,1.0,1.0,65094.3,65442.62,-348.3199999999997,-1262.1900000001406
2026-02-28 17:00:00,0,1.0,1.0,65442.62,65911.84,-469.2199999999939,-1731.4100000001345
2026-02-28 18:00:00,0,1.0,1.0,65911.84,66362.01,-450.16999999999825,-2181.5800000001327
2026-02-28 19:00:00,0,1.0,1.0,66362.01,66959.62,-597.6100000000006,-2779.1900000001333
2026-02-28 20:00:00,0,0.0,1.0,66959.62,66723.22,236.39999999999418,-2542.790000000139
2026-02-28 21:00:00,1,1.0,1.0,66723.22,67103.64,380.41999999999825,-2162.370000000141
2026-02-28 22:00:00,0,0.0,1.0,67103.64,66973.26,130.38000000000466,-2031.9900000001362
2026-02-28 23:00:00,1,0.0,1.0,66973.26,66791.29,-181.97000000000116,-2213.9600000001374
2026-03-01 00:00:00,1,1.0,1.0,66791.29,67339.36,548.070000000007,-1665.8900000001304
2026-03-01 01:00:00,0,1.0,1.0,67339.36,67620.65,-281.2899999999936,-1947.180000000124
2026-03-01 02:00:00,0,0.0,1.0,67620.65,67502.16,118.48999999999069,-1828.6900000001333
2026-03-01 03:00:00,0,0.0,1.0,67502.16,67346.5,155.6600000000035,-1673.0300000001298
2026-03-01 04:00:00,1,0.0,0.0,67346.5,67292.09,-54.41000000000349,-1727.4400000001333
2026-03-01 05:00:00,1,0.0,1.0,67292.09,66926.68,-365.4100000000035,-2092.850000000137
2026-03-01 06:00:00,1,1.0,1.0,66926.68,67141.39,214.7100000000064,-1878.1400000001304
2026-03-01 07:00:00,0,0.0,1.0,67141.39,66560.14,581.25,-1296.8900000001304
2026-03-01 08:00:00,1,0.0,1.0,66560.14,66410.08,-150.05999999999767,-1446.950000000128
2026-03-01 09:00:00,1,1.0,0.0,66410.08,66467.06,56.979999999995925,-1389.9700000001321
2026-03-01 10:00:00,1,1.0,0.0,66467.06,66468.03,0.9700000000011642,-1389.000000000131
2026-03-01 11:00:00,1,0.0,1.0,66468.03,66296.48,-171.5500000000029,-1560.5500000001339
2026-03-01 12:00:00,1,1.0,1.0,66296.48,66934.79,638.3099999999977,-922.2400000001362
2026-03-01 13:00:00,0,0.0,0.0,66934.79,66847.8,86.98999999999069,-835.2500000001455
2026-03-01 14:00:00,1,0.0,0.0,66847.8,66842.42,-5.380000000004657,-840.6300000001502
2026-03-01 15:00:00,1,0.0,1.0,66842.42,66135.45,-706.9700000000012,-1547.6000000001513
2026-03-01 16:00:00,1,0.0,1.0,66135.45,65979.61,-155.8399999999965,-1703.4400000001478
2026-03-01 17:00:00,1,1.0,1.0,65979.61,66316.83,337.22000000000116,-1366.2200000001467
2026-03-01 18:00:00,1,0.0,1.0,66316.83,65962.17,-354.6600000000035,-1720.8800000001502
2026-03-01 19:00:00,1,0.0,1.0,65962.17,65300.0,-662.1699999999983,-2383.0500000001484
2026-03-01 20:00:00,1,1.0,1.0,65300.0,65666.2,366.1999999999971,-2016.8500000001513
2026-03-01 21:00:00,0,0.0,1.0,65666.2,65268.71,397.48999999999796,-1619.3600000001534
2026-03-01 22:00:00,1,1.0,1.0,65268.71,65776.47,507.76000000000204,-1111.6000000001513
2026-03-01 23:00:00,0,1.0,1.0,65776.47,66501.52,-725.0500000000029,-1836.6500000001543
2026-03-02 00:00:00,0,1.0,0.0,66501.52,66532.02,-30.5,-1867.1500000001543
2026-03-02 01:00:00,0,0.0,1.0,66532.02,66276.77,255.25,-1611.9000000001543
2026-03-02 02:00:00,1,1.0,1.0,66276.77,66820.03,543.2599999999948,-1068.6400000001595
2026-03-02 03:00:00,0,1.0,0.0,66820.03,66862.12,-42.08999999999651,-1110.730000000156
2026-03-02 04:00:00,0,0.0,1.0,66862.12,66730.78,131.3399999999965,-979.3900000001595
2026-03-02 05:00:00,1,0.0,1.0,66730.78,66204.9,-525.8800000000047,-1505.2700000001641
2026-03-02 06:00:00,1,0.0,1.0,66204.9,66007.52,-197.3799999999901,-1702.6500000001543
2026-03-02 07:00:00,1,1.0,1.0,66007.52,66282.0,274.4799999999959,-1428.1700000001583
2026-03-02 08:00:00,1,0.0,1.0,66282.0,66168.62,-113.38000000000466,-1541.550000000163
2026-03-02 09:00:00,1,1.0,1.0,66168.62,66316.4,147.77999999999884,-1393.7700000001641
2026-03-02 10:00:00,1,1.0,0.0,66316.4,66359.68,43.279999999998836,-1350.4900000001653
2026-03-02 11:00:00,0,0.0,1.0,66359.68,65963.43,396.25,-954.2400000001653
2026-03-02 12:00:00,1,0.0,1.0,65963.43,65440.01,-523.419999999991,-1477.6600000001563
2026-03-02 13:00:00,1,1.0,1.0,65440.01,67177.06,1737.0499999999956,259.38999999983935
2026-03-02 14:00:00,0,1.0,1.0,67177.06,69130.2,-1953.1399999999994,-1693.75000000016
2026-03-02 15:00:00,0,1.0,1.0,69130.2,69428.62,-298.41999999999825,-1992.1700000001583
2026-03-02 16:00:00,0,0.0,1.0,69428.62,69198.0,230.61999999999534,-1761.550000000163
2026-03-02 17:00:00,0,0.0,1.0,69198.0,68877.67,320.33000000000175,-1441.2200000001612
2026-03-02 18:00:00,0,1.0,0.0,68877.67,68966.53,-88.86000000000058,-1530.0800000001618
2026-03-02 19:00:00,0,1.0,1.0,68966.53,69106.58,-140.0500000000029,-1670.1300000001647
2026-03-02 20:00:00,0,1.0,1.0,69106.58,69413.82,-307.24000000000524,-1977.37000000017
2026-03-02 21:00:00,0,1.0,0.0,69413.82,69440.49,-26.669999999998254,-2004.0400000001682
2026-03-02 22:00:00,0,0.0,1.0,69440.49,68830.06,610.4300000000076,-1393.6100000001607
2026-03-02 23:00:00,0,1.0,1.0,68830.06,69092.88,-262.820000000007,-1656.4300000001676
2026-03-03 00:00:00,0,0.0,1.0,69092.88,68760.01,332.8700000000099,-1323.5600000001577
2026-03-03 01:00:00,0,0.0,1.0,68760.01,68512.17,247.8399999999965,-1075.7200000001612
2026-03-03 02:00:00,0,0.0,1.0,68512.17,68377.94,134.22999999999593,-941.4900000001653
2026-03-03 03:00:00,0,0.0,1.0,68377.94,68123.2,254.74000000000524,-686.7500000001601
2026-03-03 04:00:00,1,0.0,1.0,68123.2,67947.75,-175.4499999999971,-862.2000000001572
2026-03-03 05:00:00,1,1.0,1.0,67947.75,68106.73,158.97999999999593,-703.2200000001612
2026-03-03 06:00:00,0,1.0,0.0,68106.73,68172.8,-66.07000000000698,-769.2900000001682
2026-03-03 07:00:00,0,0.0,1.0,68172.8,67003.3,1169.5,400.2099999998318
2026-03-03 08:00:00,1,0.0,1.0,67003.3,66647.98,-355.320000000007,44.889999999824795
2026-03-03 09:00:00,1,1.0,1.0,66647.98,66860.3,212.32000000000698,257.2099999998318
2026-03-03 10:00:00,1,1.0,1.0,66860.3,67026.61,166.30999999999767,423.51999999982945
2026-03-03 11:00:00,0,1.0,1.0,67026.61,67399.85,-373.24000000000524,50.27999999982421
2026-03-03 12:00:00,0,0.0,1.0,67399.85,66931.31,468.54000000000815,518.8199999998324
2026-03-03 13:00:00,1,0.0,1.0,66931.31,66568.95,-362.3600000000006,156.45999999983178
2026-03-03 14:00:00,1,1.0,1.0,66568.95,67725.81,1156.8600000000006,1313.3199999998324
2026-03-03 15:00:00,0,1.0,1.0,67725.81,68175.9,-450.0899999999965,863.2299999998359
2026-03-03 16:00:00,0,1.0,1.0,68175.9,68318.66,-142.7600000000093,720.4699999998265
2026-03-03 17:00:00,0,1.0,1.0,68318.66,68628.49,-309.83000000000175,410.6399999998248
2026-03-03 18:00:00,0,0.0,1.0,68628.49,68435.0,193.49000000000524,604.12999999983
2026-03-03 19:00:00,0,0.0,1.0,68435.0,68266.0,169.0,773.12999999983
2026-03-03 20:00:00,0,0.0,1.0,68266.0,68024.62,241.38000000000466,1014.5099999998347
2026-03-03 21:00:00,1,1.0,1.0,68024.62,68327.2,302.58000000000175,1317.0899999998364
2026-03-03 22:00:00,0,1.0,0.0,68327.2,68338.0,-10.80000000000291,1306.2899999998335
2026-03-03 23:00:00,0,0.0,1.0,68338.0,68093.19,244.80999999999767,1551.0999999998312
2026-03-04 00:00:00,0,1.0,1.0,68093.19,68405.0,-311.8099999999977,1239.2899999998335
2026-03-04 01:00:00,0,0.0,0.0,68405.0,68323.33,81.66999999999825,1320.9599999998318
2026-03-04 02:00:00,0,0.0,1.0,68323.33,67732.2,591.1300000000047,1912.0899999998364
2026-03-04 03:00:00,1,1.0,0.0,67732.2,67786.0,53.80000000000291,1965.8899999998393
2026-03-04 04:00:00,0,1.0,1.0,67786.0,68206.59,-420.5899999999965,1545.2999999998428
2026-03-04 05:00:00,0,1.0,1.0,68206.59,68508.02,-301.43000000000757,1243.8699999998353
2026-03-04 06:00:00,0,1.0,1.0,68508.02,69493.13,-985.1100000000006,258.7599999998347
2026-03-04 07:00:00,0,1.0,1.0,69493.13,71011.4,-1518.2699999999895,-1259.5100000001548
2026-03-04 08:00:00,0,1.0,1.0,71011.4,71520.76,-509.3600000000006,-1768.8700000001554
2026-03-04 09:00:00,0,0.0,1.0,71520.76,71348.92,171.8399999999965,-1597.030000000159
2026-03-04 10:00:00,0,0.0,1.0,71348.92,71111.4,237.52000000000407,-1359.5100000001548
2026-03-04 11:00:00,0,1.0,1.0,71111.4,71339.71,-228.31000000001222,-1587.820000000167
2026-03-04 12:00:00,0,1.0,1.0,71339.71,71477.17,-137.45999999999185,-1725.280000000159
2026-03-04 13:00:00,0,1.0,1.0,71477.17,71621.04,-143.86999999999534,-1869.1500000001543
2026-03-04 14:00:00,0,1.0,1.0,71621.04,73396.88,-1775.840000000011,-3644.9900000001653
2026-03-04 15:00:00,0,0.0,0.0,73396.88,73294.84,102.04000000000815,-3542.950000000157
2026-03-04 16:00:00,0,0.0,0.0,73294.84,73218.92,75.91999999999825,-3467.030000000159
2026-03-04 17:00:00,1,1.0,1.0,73218.92,73693.5,474.58000000000175,-2992.450000000157
2026-03-04 18:00:00,0,0.0,0.0,73693.5,73611.1,82.39999999999418,-2910.050000000163
2026-03-04 19:00:00,0,0.0,1.0,73611.1,73019.68,591.4200000000128,-2318.63000000015
2026-03-04 20:00:00,1,1.0,1.0,73019.68,73309.72,290.04000000000815,-2028.590000000142
2026-03-04 21:00:00,0,0.0,1.0,73309.72,72705.86,603.8600000000006,-1424.7300000001414
2026-03-04 22:00:00,0,0.0,0.0,72705.86,72666.77,39.08999999999651,-1385.640000000145
2026-03-04 23:00:00,1,1.0,0.0,72666.77,72760.0,93.22999999999593,-1292.410000000149
2026-03-05 00:00:00,0,0.0,1.0,72760.0,72538.72,221.27999999999884,-1071.1300000001502
2026-03-05 01:00:00,0,0.0,0.0,72538.72,72506.19,32.529999999998836,-1038.6000000001513
2026-03-05 02:00:00,1,0.0,0.0,72506.19,72497.89,-8.30000000000291,-1046.9000000001543
2026-03-05 03:00:00,1,1.0,1.0,72497.89,72815.7,317.8099999999977,-729.0900000001566
2026-03-05 04:00:00,0,0.0,1.0,72815.7,72412.15,403.5500000000029,-325.54000000015367
2026-03-05 05:00:00,0,1.0,1.0,72412.15,72553.62,-141.47000000000116,-467.01000000015483
2026-03-05 06:00:00,0,0.0,1.0,72553.62,72055.5,498.11999999999534,31.10999999984051
2026-03-05 07:00:00,0,1.0,1.0,72055.5,72333.7,-278.1999999999971,-247.09000000015658
2026-03-05 08:00:00,0,1.0,1.0,72333.7,72591.59,-257.8899999999994,-504.980000000156
2026-03-05 09:00:00,0,1.0,1.0,72591.59,73388.92,-797.3300000000017,-1302.3100000001577
2026-03-05 10:00:00,0,0.0,1.0,73388.92,72915.79,473.13000000000466,-829.1800000001531
2026-03-05 11:00:00,0,0.0,0.0,72915.79,72890.73,25.05999999999767,-804.1200000001554
2026-03-05 12:00:00,0,0.0,1.0,72890.73,72467.79,422.9400000000023,-381.1800000001531
2026-03-05 13:00:00,1,1.0,1.0,72467.79,72609.29,141.5,-239.6800000001531
2026-03-05 14:00:00,0,0.0,1.0,72609.29,71652.77,956.5199999999895,716.8399999998364
2026-03-05 15:00:00,0,0.0,1.0,71652.77,71305.92,346.8500000000058,1063.6899999998423
2026-03-05 16:00:00,1,0.0,1.0,71305.92,70704.41,-601.5099999999948,462.1799999998475
2026-03-05 17:00:00,1,1.0,1.0,70704.41,70990.65,286.2399999999907,748.4199999998382
2026-03-05 18:00:00,0,0.0,0.0,70990.65,70918.07,72.5799999999872,820.9999999998254
2026-03-05 19:00:00,0,1.0,1.0,70918.07,71236.51,-318.4399999999878,502.5599999998376
2026-03-05 20:00:00,0,0.0,0.0,71236.51,71141.93,94.58000000000175,597.1399999998393
2026-03-05 21:00:00,0,1.0,0.0,71141.93,71208.54,-66.61000000000058,530.5299999998388
2026-03-05 22:00:00,0,0.0,1.0,71208.54,70890.72,317.81999999999243,848.3499999998312
2026-03-05 23:00:00,0,1.0,0.0,70890.72,70988.19,-97.47000000000116,750.87999999983
2026-03-06 00:00:00,0,1.0,1.0,70988.19,71257.2,-269.00999999999476,481.8699999998353
2026-03-06 01:00:00,0,0.0,0.0,71257.2,71252.43,4.7700000000040745,486.63999999983935
2026-03-06 02:00:00,0,0.0,1.0,71252.43,71080.38,172.04999999998836,658.6899999998277
2026-03-06 03:00:00,1,0.0,1.0,71080.38,70613.61,-466.7700000000041,191.91999999982363
2026-03-06 04:00:00,1,0.0,1.0,70613.61,70436.19,-177.41999999999825,14.499999999825377
2026-03-06 05:00:00,1,1.0,1.0,70436.19,70597.23,161.0399999999936,175.53999999981897
2026-03-06 06:00:00,0,1.0,1.0,70597.23,71056.44,-459.2100000000064,-283.67000000018743
2026-03-06 07:00:00,0,0.0,1.0,71056.44,70789.49,266.9499999999971,-16.72000000019034
2026-03-06 08:00:00,0,0.0,1.0,70789.49,70565.56,223.93000000000757,207.20999999981723
2026-03-06 09:00:00,1,0.0,0.0,70565.56,70527.93,-37.63000000000466,169.57999999981257
2026-03-06 10:00:00,1,0.0,1.0,70527.93,70212.95,-314.9799999999959,-145.40000000018335
2026-03-06 11:00:00,1,0.0,1.0,70212.95,69907.0,-305.9499999999971,-451.35000000018044
2026-03-06 12:00:00,1,0.0,1.0,69907.0,69208.0,-699.0,-1150.3500000001804
2026-03-06 13:00:00,1,0.0,1.0,69208.0,68409.89,-798.1100000000006,-1948.460000000181
2026-03-06 14:00:00,1,1.0,0.0,68409.89,68504.71,94.82000000000698,-1853.640000000174
2026-03-06 15:00:00,1,0.0,0.0,68504.71,68446.52,-58.19000000000233,-1911.8300000001764
2026-03-06 16:00:00,1,0.0,1.0,68446.52,67955.1,-491.41999999999825,-2403.2500000001746
2026-03-06 17:00:00,1,1.0,1.0,67955.1,68181.2,226.09999999999127,-2177.1500000001834
2026-03-06 18:00:00,0,0.0,0.0,68181.2,68131.79,49.41000000000349,-2127.74000000018
2026-03-06 19:00:00,1,0.0,0.0,68131.79,68111.03,-20.75999999999476,-2148.5000000001746
2026-03-06 20:00:00,1,1.0,1.0,68111.03,68289.1,178.07000000000698,-1970.4300000001676
2026-03-06 21:00:00,0,1.0,0.0,68289.1,68319.89,-30.789999999993597,-2001.2200000001612
2026-03-06 22:00:00,0,0.0,1.0,68319.89,68114.02,205.86999999999534,-1795.350000000166
2026-03-06 23:00:00,1,1.0,1.0,68114.02,68290.45,176.42999999999302,-1618.9200000001729
2026-03-07 00:00:00,0,0.0,0.0,68290.45,68262.01,28.44000000000233,-1590.4800000001705
2026-03-07 01:00:00,0,1.0,0.0,68262.01,68350.04,-88.02999999999884,-1678.5100000001694
2026-03-07 02:00:00,0,0.0,1.0,68350.04,68095.5,254.5399999999936,-1423.9700000001758
2026-03-07 03:00:00,1,0.0,0.0,68095.5,68063.43,-32.070000000006985,-1456.0400000001828
2026-03-07 04:00:00,1,0.0,0.0,68063.43,68018.26,-45.169999999998254,-1501.210000000181
2026-03-07 05:00:00,1,0.0,1.0,68018.26,67690.86,-327.3999999999942,-1828.6100000001752
2026-03-07 06:00:00,1,1.0,1.0,67690.86,67842.67,151.80999999999767,-1676.8000000001775
2026-03-07 07:00:00,0,0.0,0.0,67842.67,67795.4,47.270000000004075,-1629.5300000001735
2026-03-07 08:00:00,1,1.0,1.0,67795.4,68000.0,204.60000000000582,-1424.9300000001676
2026-03-07 09:00:00,0,0.0,1.0,68000.0,67880.31,119.69000000000233,-1305.2400000001653
2026-03-07 10:00:00,1,1.0,1.0,67880.31,68010.01,129.6999999999971,-1175.5400000001682
2026-03-07 11:00:00,0,0.0,0.0,68010.01,67992.54,17.470000000001164,-1158.070000000167
2026-03-07 12:00:00,0,0.0,0.0,67992.54,67931.06,61.479999999995925,-1096.5900000001711
2026-03-07 13:00:00,1,1.0,0.0,67931.06,68016.7,85.63999999999942,-1010.9500000001717
2026-03-07 14:00:00,0,0.0,1.0,68016.7,67877.45,139.25,-871.7000000001717
2026-03-07 15:00:00,1,0.0,0.0,67877.45,67783.63,-93.81999999999243,-965.5200000001641
2026-03-07 16:00:00,1,1.0,0.0,67783.63,67788.41,4.779999999998836,-960.7400000001653
2026-03-07 17:00:00,1,0.0,1.0,67788.41,67568.13,-220.27999999999884,-1181.0200000001641
2026-03-07 18:00:00,1,0.0,1.0,67568.13,67080.34,-487.79000000000815,-1668.8100000001723
2026-03-07 19:00:00,1,1.0,1.0,67080.34,67402.98,322.6399999999994,-1346.1700000001729
2026-03-07 20:00:00,0,1.0,0.0,67402.98,67452.98,-50.0,-1396.1700000001729
2026-03-07 21:00:00,0,0.0,1.0,67452.98,67258.65,194.33000000000175,-1201.8400000001711
2026-03-07 22:00:00,1,1.0,0.0,67258.65,67262.91,4.260000000009313,-1197.5800000001618
2026-03-07 23:00:00,1,0.0,0.0,67262.91,67194.77,-68.13999999999942,-1265.7200000001612
2026-03-08 00:00:00,1,1.0,0.0,67194.77,67297.27,102.5,-1163.2200000001612
2026-03-08 01:00:00,1,0.0,1.0,67297.27,66925.44,-371.83000000000175,-1535.050000000163
2026-03-08 02:00:00,1,1.0,0.0,66925.44,67000.26,74.81999999999243,-1460.2300000001705
2026-03-08 03:00:00,1,0.0,1.0,67000.26,66637.36,-362.8999999999942,-1823.1300000001647
2026-03-08 04:00:00,1,1.0,1.0,66637.36,67149.93,512.5699999999924,-1310.5600000001723
2026-03-08 05:00:00,0,1.0,0.0,67149.93,67161.52,-11.59000000001106,-1322.1500000001834
2026-03-08 06:00:00,0,1.0,1.0,67161.52,67319.91,-158.38999999999942,-1480.5400000001828
2026-03-08 07:00:00,0,1.0,1.0,67319.91,67539.33,-219.41999999999825,-1699.960000000181
2026-03-08 08:00:00,0,1.0,1.0,67539.33,67681.0,-141.66999999999825,-1841.6300000001793
2026-03-08 09:00:00,0,1.0,1.0,67681.0,67904.14,-223.13999999999942,-2064.7700000001787
2026-03-08 10:00:00,0,0.0,1.0,67904.14,67515.0,389.1399999999994,-1675.6300000001793
2026-03-08 11:00:00,0,0.0,1.0,67515.0,67324.72,190.27999999999884,-1485.3500000001804
2026-03-08 12:00:00,1,0.0,0.0,67324.72,67234.86,-89.86000000000058,-1575.210000000181
2026-03-08 13:00:00,1,1.0,0.0,67234.86,67339.76,104.89999999999418,-1470.3100000001868
2026-03-08 14:00:00,0,0.0,1.0,67339.76,67218.23,121.52999999999884,-1348.780000000188
2026-03-08 15:00:00,1,0.0,1.0,67218.23,66872.15,-346.08000000000175,-1694.8600000001898
2026-03-08 16:00:00,1,1.0,1.0,66872.15,67065.0,192.85000000000582,-1502.010000000184
2026-03-08 17:00:00,1,0.0,1.0,67065.0,66804.0,-261.0,-1763.010000000184
2026-03-08 18:00:00,1,1.0,1.0,66804.0,67337.42,533.4199999999983,-1229.5900000001857
2026-03-08 19:00:00,0,0.0,0.0,67337.42,67238.8,98.61999999999534,-1130.9700000001903
2026-03-08 20:00:00,1,0.0,1.0,67238.8,67020.01,-218.79000000000815,-1349.7600000001985
2026-03-08 21:00:00,1,0.0,1.0,67020.01,66236.8,-783.2099999999919,-2132.9700000001903
2026-03-08 22:00:00,1,0.0,1.0,66236.8,65971.2,-265.6000000000058,-2398.570000000196
2026-03-08 23:00:00,1,1.0,1.0,65971.2,66370.01,398.8099999999977,-1999.7600000001985
2026-03-09 00:00:00,1,0.0,1.0,66370.01,66196.01,-174.0,-2173.7600000001985
2026-03-09 01:00:00,1,1.0,1.0,66196.01,66537.32,341.3100000000122,-1832.4500000001863
2026-03-09 02:00:00,0,1.0,1.0,66537.32,67205.05,-667.7299999999959,-2500.180000000182
2026-03-09 03:00:00,0,0.0,0.0,67205.05,67130.14,74.91000000000349,-2425.2700000001787
2026-03-09 04:00:00,1,1.0,1.0,67130.14,67911.16,781.0200000000041,-1644.2500000001746
2026-03-09 05:00:00,0,0.0,1.0,67911.16,67267.18,643.9800000000105,-1000.2700000001641
2026-03-09 06:00:00,1,1.0,1.0,67267.18,67555.13,287.95000000001164,-712.3200000001525
2026-03-09 07:00:00,0,1.0,1.0,67555.13,67814.69,-259.5599999999977,-971.8800000001502
2026-03-09 08:00:00,0,1.0,1.0,67814.69,67981.02,-166.33000000000175,-1138.210000000152
2026-03-09 09:00:00,0,0.0,1.0,67981.02,67608.13,372.8899999999994,-765.3200000001525
2026-03-09 10:00:00,0,1.0,1.0,67608.13,67764.98,-156.84999999999127,-922.1700000001438
2026-03-09 11:00:00,0,1.0,1.0,67764.98,68151.93,-386.9499999999971,-1309.1200000001409
2026-03-09 12:00:00,0,1.0,1.0,68151.93,68976.0,-824.070000000007,-2133.190000000148
2026-03-09 13:00:00,0,1.0,1.0,68976.0,69151.5,-175.5,-2308.690000000148
2026-03-09 14:00:00,0,0.0,1.0,69151.5,68863.66,287.8399999999965,-2020.8500000001513
2026-03-09 15:00:00,0,1.0,0.0,68863.66,68960.12,-96.45999999999185,-2117.310000000143
2026-03-09 16:00:00,0,0.0,1.0,68960.12,68600.71,359.40999999998894,-1757.9000000001543
2026-03-09 17:00:00,0,0.0,1.0,68600.71,68356.37,244.34000000001106,-1513.5600000001432
2026-03-09 18:00:00,0,1.0,1.0,68356.37,68991.93,-635.5599999999977,-2149.120000000141
2026-03-09 19:00:00,0,0.0,0.0,68991.93,68961.71,30.219999999986612,-2118.9000000001543
2026-03-09 20:00:00,0,0.0,0.0,68961.71,68919.72,41.99000000000524,-2076.910000000149
2026-03-09 21:00:00,0,0.0,1.0,68919.72,68635.88,283.8399999999965,-1793.0700000001525
2026-03-09 22:00:00,0,0.0,1.0,68635.88,68432.16,203.72000000000116,-1589.3500000001513
2026-03-09 23:00:00,0,1.0,1.0,68432.16,69157.37,-725.2099999999919,-2314.560000000143
2026-03-10 00:00:00,0,1.0,0.0,69157.37,69260.01,-102.63999999999942,-2417.2000000001426
2026-03-10 01:00:00,0,1.0,1.0,69260.01,70272.01,-1012.0,-3429.2000000001426
2026-03-10 02:00:00,0,0.0,1.0,70272.01,69429.85,842.1599999999889,-2587.0400000001537
2026-03-10 03:00:00,0,1.0,1.0,69429.85,70072.94,-643.0899999999965,-3230.13000000015
2026-03-10 04:00:00,0,0.0,0.0,70072.94,69971.34,101.60000000000582,-3128.5300000001444
2026-03-10 05:00:00,0,0.0,0.0,69971.34,69910.91,60.429999999993015,-3068.1000000001513
2026-03-10 06:00:00,0,1.0,1.0,69910.91,70406.01,-495.09999999999127,-3563.2000000001426
2026-03-10 07:00:00,0,1.0,1.0,70406.01,70709.37,-303.3600000000006,-3866.560000000143
2026-03-10 08:00:00,0,1.0,1.0,70709.37,71078.92,-369.5500000000029,-4236.110000000146
2026-03-10 09:00:00,0,0.0,1.0,71078.92,70774.04,304.88000000000466,-3931.2300000001414
2026-03-10 10:00:00,0,0.0,1.0,70774.04,70580.94,193.09999999999127,-3738.13000000015
2026-03-10 11:00:00,0,0.0,0.0,70580.94,70519.86,61.080000000001746,-3677.0500000001484
2026-03-10 12:00:00,0,0.0,1.0,70519.86,69921.12,598.7400000000052,-3078.310000000143
2026-03-10 13:00:00,1,1.0,1.0,69921.12,71467.81,1546.6900000000023,-1531.6200000001409
2026-03-10 14:00:00,0,0.0,1.0,71467.81,71346.16,121.64999999999418,-1409.9700000001467
2026-03-10 15:00:00,0,0.0,0.0,71346.16,71268.59,77.57000000000698,-1332.4000000001397
2026-03-10 16:00:00,0,0.0,1.0,71268.59,70868.61,399.9799999999959,-932.4200000001438
2026-03-10 17:00:00,1,0.0,1.0,70868.61,70013.87,-854.7400000000052,-1787.160000000149
2026-03-10 18:00:00,1,1.0,0.0,70013.87,70043.63,29.760000000009313,-1757.4000000001397
2026-03-10 19:00:00,0,1.0,1.0,70043.63,70235.6,-191.97000000000116,-1949.3700000001409
2026-03-10 20:00:00,0,0.0,1.0,70235.6,69763.01,472.59000000001106,-1476.7800000001298
2026-03-10 21:00:00,0,0.0,0.0,69763.01,69721.58,41.429999999993015,-1435.3500000001368
2026-03-10 22:00:00,0,1.0,1.0,69721.58,69948.63,-227.0500000000029,-1662.4000000001397
2026-03-10 23:00:00,0,1.0,0.0,69948.63,70044.87,-96.23999999999069,-1758.6400000001304
2026-03-11 00:00:00,0,1.0,0.0,70044.87,70071.26,-26.389999999999418,-1785.0300000001298
2026-03-11 01:00:00,0,0.0,1.0,70071.26,69810.72,260.5399999999936,-1524.4900000001362
2026-03-11 02:00:00,0,0.0,1.0,69810.72,69551.91,258.8099999999977,-1265.6800000001385
2026-03-11 03:00:00,0,1.0,1.0,69551.91,70130.99,-579.0800000000017,-1844.7600000001403
2026-03-11 04:00:00,0,0.0,1.0,70130.99,69510.36,620.6300000000047,-1224.1300000001356
2026-03-11 05:00:00,0,1.0,1.0,69510.36,69950.01,-439.6499999999942,-1663.7800000001298
2026-03-11 06:00:00,0,0.0,1.0,69950.01,69648.29,301.72000000000116,-1362.0600000001286
2026-03-11 07:00:00,0,1.0,0.0,69648.29,69662.24,-13.950000000011642,-1376.0100000001403
2026-03-11 08:00:00,0,0.0,1.0,69662.24,69466.75,195.49000000000524,-1180.520000000135
2026-03-11 09:00:00,0,1.0,1.0,69466.75,69604.9,-138.14999999999418,-1318.6700000001292
2026-03-11 10:00:00,0,0.0,1.0,69604.9,69173.0,431.8999999999942,-886.770000000135
2026-03-11 11:00:00,0,1.0,1.0,69173.0,69361.13,-188.13000000000466,-1074.9000000001397
2026-03-11 12:00:00,0,1.0,1.0,69361.13,70186.09,-824.9599999999919,-1899.8600000001315
2026-03-11 13:00:00,0,1.0,1.0,70186.09,70578.7,-392.6100000000006,-2292.470000000132
2026-03-11 14:00:00,0,0.0,1.0,70578.7,70227.91,350.7899999999936,-1941.6800000001385
2026-03-11 15:00:00,0,1.0,1.0,70227.91,70570.71,-342.8000000000029,-2284.4800000001414
2026-03-11 16:00:00,0,1.0,1.0,70570.71,70785.99,-215.27999999999884,-2499.7600000001403
2026-03-11 17:00:00,0,0.0,1.0,70785.99,70617.64,168.35000000000582,-2331.4100000001345
2026-03-11 18:00:00,0,1.0,0.0,70617.64,70641.82,-24.180000000007567,-2355.590000000142
2026-03-11 19:00:00,0,0.0,0.0,70641.82,70634.96,6.860000000000582,-2348.7300000001414
2026-03-11 20:00:00,0,1.0,0.0,70634.96,70741.26,-106.29999999998836,-2455.03000000013
2026-03-11 21:00:00,0,0.0,1.0,70741.26,70373.01,368.25,-2086.78000000013
2026-03-11 22:00:00,0,0.0,1.0,70373.01,70191.86,181.14999999999418,-1905.6300000001356
2026-03-11 23:00:00,0,1.0,0.0,70191.86,70225.34,-33.479999999995925,-1939.1100000001315
2026-03-12 00:00:00,0,0.0,1.0,70225.34,69841.31,384.02999999999884,-1555.0800000001327
2026-03-12 01:00:00,0,0.0,1.0,69841.31,69286.56,554.75,-1000.3300000001327
2026-03-12 02:00:00,1,1.0,1.0,69286.56,69446.61,160.0500000000029,-840.2800000001298
2026-03-12 03:00:00,0,0.0,0.0,69446.61,69372.0,74.61000000000058,-765.6700000001292
2026-03-12 04:00:00,0,1.0,0.0,69372.0,69480.54,-108.5399999999936,-874.2100000001228
2026-03-12 05:00:00,0,1.0,0.0,69480.54,69501.44,-20.90000000000873,-895.1100000001315
2026-03-12 06:00:00,0,1.0,1.0,69501.44,69826.19,-324.75,-1219.8600000001315
2026-03-12 07:00:00,0,1.0,0.0,69826.19,69917.37,-91.17999999999302,-1311.0400000001246
2026-03-12 08:00:00,0,1.0,0.0,69917.37,69952.51,-35.13999999999942,-1346.180000000124
2026-03-12 09:00:00,0,1.0,1.0,69952.51,70412.11,-459.6000000000058,-1805.7800000001298
2026-03-12 10:00:00,0,1.0,0.0,70412.11,70427.91,-15.80000000000291,-1821.5800000001327
2026-03-12 11:00:00,0,0.0,0.0,70427.91,70381.8,46.11000000000058,-1775.4700000001321
2026-03-12 12:00:00,0,0.0,1.0,70381.8,69972.15,409.65000000000873,-1365.8200000001234
2026-03-12 13:00:00,0,0.0,1.0,69972.15,69590.09,382.0599999999977,-983.7600000001257
2026-03-12 14:00:00,1,1.0,1.0,69590.09,70334.88,744.7900000000081,-238.97000000011758
2026-03-12 15:00:00,0,1.0,0.0,70334.88,70381.16,-46.279999999998836,-285.2500000001164
2026-03-12 16:00:00,0,0.0,1.0,70381.16,70212.06,169.10000000000582,-116.1500000001106
2026-03-12 17:00:00,0,0.0,1.0,70212.06,69819.64,392.41999999999825,276.26999999988766
2026-03-12 18:00:00,0,1.0,1.0,69819.64,70432.32,-612.6800000000076,-336.4100000001199
2026-03-12 19:00:00,0,0.0,1.0,70432.32,70164.49,267.83000000000175,-68.58000000011816
2026-03-12 20:00:00,0,1.0,0.0,70164.49,70268.55,-104.05999999999767,-172.64000000011583
2026-03-12 21:00:00,0,0.0,0.0,70268.55,70175.64,92.91000000000349,-79.73000000011234
2026-03-12 22:00:00,0,1.0,1.0,70175.64,70541.34,-365.6999999999971,-445.43000000010943
2026-03-12 23:00:00,0,1.0,1.0,70541.34,71475.61,-934.2700000000041,-1379.7000000001135
2026-03-13 00:00:00,0,1.0,1.0,71475.61,71672.39,-196.77999999999884,-1576.4800000001123
2026-03-13 01:00:00,0,0.0,1.0,71672.39,71143.8,528.5899999999965,-1047.8900000001158
2026-03-13 02:00:00,0,1.0,1.0,71143.8,71405.75,-261.9499999999971,-1309.840000000113
2026-03-13 03:00:00,0,0.0,0.0,71405.75,71393.94,11.809999999997672,-1298.0300000001153
2026-03-13 04:00:00,0,1.0,1.0,71393.94,71546.29,-152.34999999999127,-1450.3800000001065
2026-03-13 05:00:00,0,0.0,1.0,71546.29,71342.0,204.2899999999936,-1246.090000000113
2026-03-13 06:00:00,0,1.0,1.0,71342.0,71612.22,-270.22000000000116,-1516.310000000114
2026-03-13 07:00:00,0,1.0,1.0,71612.22,71821.02,-208.8000000000029,-1725.110000000117
2026-03-13 08:00:00,0,1.0,1.0,71821.02,72006.57,-185.5500000000029,-1910.66000000012
2026-03-13 09:00:00,0,1.0,1.0,72006.57,72458.12,-451.54999999998836,-2362.2100000001083
2026-03-13 10:00:00,0,0.0,1.0,72458.12,72228.82,229.29999999998836,-2132.91000000012
2026-03-13 11:00:00,0,1.0,1.0,72228.82,72784.73,-555.9099999999889,-2688.820000000109
2026-03-13 12:00:00,0,1.0,1.0,72784.73,73379.18,-594.4499999999971,-3283.270000000106
2026-03-13 13:00:00,0,0.0,1.0,73379.18,72382.72,996.4599999999919,-2286.810000000114
2026-03-13 14:00:00,0,0.0,1.0,72382.72,71831.46,551.2599999999948,-1735.5500000001193
2026-03-13 15:00:00,1,1.0,0.0,71831.46,71885.57,54.11000000000058,-1681.4400000001187
2026-03-13 16:00:00,0,0.0,1.0,71885.57,71037.93,847.640000000014,-833.8000000001048
2026-03-13 17:00:00,0,1.0,0.0,71037.93,71055.45,-17.520000000004075,-851.3200000001088
2026-03-13 18:00:00,0,1.0,1.0,71055.45,71189.95,-134.5,-985.8200000001088
2026-03-13 19:00:00,0,1.0,1.0,71189.95,71346.84,-156.88999999999942,-1142.7100000001083
2026-03-13 20:00:00,0,0.0,1.0,71346.84,71104.65,242.19000000000233,-900.5200000001059
2026-03-13 21:00:00,0,0.0,1.0,71104.65,70814.0,290.6499999999942,-609.8700000001118
2026-03-13 22:00:00,1,1.0,1.0,70814.0,70930.0,116.0,-493.87000000011176
2026-03-13 23:00:00,0,0.0,1.0,70930.0,70631.97,298.02999999999884,-195.84000000011292
2026-03-14 00:00:00,0,1.0,1.0,70631.97,70831.7,-199.72999999999593,-395.57000000010885
2026-03-14 01:00:00,0,0.0,0.0,70831.7,70783.27,48.429999999993015,-347.14000000011583
2026-03-14 02:00:00,0,1.0,1.0,70783.27,71081.3,-298.02999999999884,-645.1700000001147
2026-03-14 03:00:00,0,0.0,0.0,71081.3,71039.58,41.720000000001164,-603.4500000001135
2026-03-14 04:00:00,0,0.0,0.0,71039.58,71013.75,25.830000000001746,-577.6200000001118
2026-03-14 05:00:00,1,0.0,1.0,71013.75,70622.08,-391.66999999999825,-969.29000000011
2026-03-14 06:00:00,1,0.0,0.0,70622.08,70596.68,-25.40000000000873,-994.6900000001187
2026-03-14 07:00:00,1,0.0,0.0,70596.68,70585.63,-11.049999999988358,-1005.7400000001071
2026-03-14 08:00:00,1,0.0,0.0,70585.63,70501.16,-84.47000000000116,-1090.2100000001083
2026-03-14 09:00:00,1,1.0,0.0,70501.16,70570.44,69.27999999999884,-1020.9300000001094
2026-03-14 10:00:00,0,1.0,1.0,70570.44,70751.42,-180.97999999999593,-1201.9100000001054
2026-03-14 11:00:00,0,1.0,0.0,70751.42,70780.59,-29.169999999998254,-1231.0800000001036
2026-03-14 12:00:00,0,1.0,0.0,70780.59,70847.35,-66.76000000000931,-1297.840000000113
2026-03-14 13:00:00,0,0.0,1.0,70847.35,70599.22,248.13000000000466,-1049.7100000001083
2026-03-14 14:00:00,0,0.0,0.0,70599.22,70580.09,19.130000000004657,-1030.5800000001036
2026-03-14 15:00:00,1,1.0,0.0,70580.09,70672.53,92.44000000000233,-938.1400000001013
2026-03-14 16:00:00,0,0.0,0.0,70672.53,70617.01,55.520000000004075,-882.6200000000972
2026-03-14 17:00:00,0,1.0,0.0,70617.01,70668.23,-51.220000000001164,-933.8400000000984
2026-03-14 18:00:00,0,1.0,0.0,70668.23,70700.0,-31.770000000004075,-965.6100000001024
2026-03-14 19:00:00,0,1.0,1.0,70700.0,70805.71,-105.7100000000064,-1071.3200000001088
2026-03-14 20:00:00,0,0.0,0.0,70805.71,70799.99,5.720000000001164,-1065.6000000001077
2026-03-14 21:00:00,0,0.0,0.0,70799.99,70710.91,89.08000000000175,-976.5200000001059
2026-03-14 22:00:00,1,1.0,1.0,70710.91,71211.95,501.0399999999936,-475.48000000011234
2026-03-14 23:00:00,0,0.0,1.0,71211.95,70985.28,226.66999999999825,-248.8100000001141
2026-03-15 00:00:00,0,1.0,0.0,70985.28,70985.83,-0.5500000000029104,-249.360000000117
2026-03-15 01:00:00,0,1.0,1.0,70985.83,71450.53,-464.6999999999971,-714.0600000001141
2026-03-15 02:00:00,0,0.0,0.0,71450.53,71363.14,87.38999999999942,-626.6700000001147
2026-03-15 03:00:00,0,1.0,1.0,71363.14,71606.32,-243.18000000000757,-869.8500000001222
2026-03-15 04:00:00,0,0.0,1.0,71606.32,71489.68,116.64000000001397,-753.2100000001083
2026-03-15 05:00:00,0,0.0,0.0,71489.68,71458.41,31.269999999989523,-721.9400000001187
2026-03-15 06:00:00,1,0.0,0.0,71458.41,71453.59,-4.820000000006985,-726.7600000001257
2026-03-15 07:00:00,1,1.0,1.0,71453.59,71717.5,263.9100000000035,-462.85000000012224
2026-03-15 08:00:00,0,1.0,0.0,71717.5,71791.1,-73.60000000000582,-536.4500000001281
2026-03-15 09:00:00,0,0.0,0.0,71791.1,71783.09,8.010000000009313,-528.4400000001187
2026-03-15 10:00:00,0,1.0,0.0,71783.09,71839.42,-56.330000000001746,-584.7700000001205
2026-03-15 11:00:00,0,0.0,1.0,71839.42,71610.33,229.0899999999965,-355.680000000124
2026-03-15 12:00:00,0,0.0,0.0,71610.33,71607.54,2.790000000008149,-352.89000000011583
2026-03-15 13:00:00,1,1.0,0.0,71607.54,71622.03,14.490000000005239,-338.4000000001106
2026-03-15 14:00:00,0,0.0,1.0,71622.03,71481.24,140.7899999999936,-197.610000000117
2026-03-15 15:00:00,0,0.0,0.0,71481.24,71437.35,43.88999999999942,-153.72000000011758
2026-03-15 16:00:00,1,1.0,1.0,71437.35,71819.95,382.59999999999127,228.8799999998737
2026-03-15 17:00:00,0,0.0,1.0,71819.95,71390.53,429.41999999999825,658.2999999998719
2026-03-15 18:00:00,0,1.0,1.0,71390.53,71549.94,-159.4100000000035,498.88999999986845
2026-03-15 19:00:00,0,1.0,1.0,71549.94,71730.81,-180.86999999999534,318.0199999998731
2026-03-15 20:00:00,0,1.0,1.0,71730.81,72109.58,-378.7700000000041,-60.75000000013097
2026-03-15 21:00:00,0,1.0,1.0,72109.58,72749.44,-639.8600000000006,-700.6100000001315
2026-03-15 22:00:00,0,1.0,0.0,72749.44,72815.24,-65.80000000000291,-766.4100000001345
2026-03-15 23:00:00,0,0.0,1.0,72815.24,72531.26,283.9800000000105,-482.430000000124
2026-03-16 00:00:00,0,1.0,1.0,72531.26,72752.9,-221.63999999999942,-704.0700000001234
2026-03-16 01:00:00,0,0.0,1.0,72752.9,72514.69,238.20999999999185,-465.86000000013155
2026-03-16 02:00:00,0,1.0,1.0,72514.69,73573.32,-1058.6300000000047,-1524.4900000001362
2026-03-16 03:00:00,0,1.0,1.0,73573.32,73835.62,-262.29999999998836,-1786.7900000001246
2026-03-16 04:00:00,0,1.0,1.0,73835.62,74207.49,-371.8700000000099,-2158.6600000001345
2026-03-16 05:00:00,0,0.0,1.0,74207.49,73714.36,493.13000000000466,-1665.5300000001298
2026-03-16 06:00:00,0,0.0,1.0,73714.36,73456.68,257.68000000000757,-1407.8500000001222
2026-03-16 07:00:00,0,0.0,1.0,73456.68,73135.0,321.679999999993,-1086.1700000001292
2026-03-16 08:00:00,1,1.0,1.0,73135.0,73260.92,125.91999999999825,-960.250000000131
2026-03-16 09:00:00,0,1.0,1.0,73260.92,73783.42,-522.5,-1482.750000000131
2026-03-16 10:00:00,0,0.0,1.0,73783.42,73552.77,230.64999999999418,-1252.1000000001368
2026-03-16 11:00:00,0,1.0,1.0,73552.77,73864.8,-312.02999999999884,-1564.1300000001356
2026-03-16 12:00:00,0,1.0,1.0,73864.8,74109.55,-244.75,-1808.8800000001356
2026-03-16 13:00:00,0,0.0,1.0,74109.55,73565.54,544.0100000000093,-1264.8700000001263
2026-03-16 14:00:00,0,0.0,1.0,73565.54,73274.76,290.77999999999884,-974.0900000001275
2026-03-16 15:00:00,1,1.0,1.0,73274.76,73760.63,485.8700000000099,-488.2200000001176
2026-03-16 16:00:00,0,1.0,1.0,73760.63,73943.18,-182.54999999998836,-670.7700000001059
2026-03-16 17:00:00,0,0.0,0.0,73943.18,73913.6,29.579999999987194,-641.1900000001187
2026-03-16 18:00:00,0,1.0,0.0,73913.6,73963.0,-49.39999999999418,-690.5900000001129
2026-03-16 19:00:00,0,1.0,1.0,73963.0,74236.9,-273.8999999999942,-964.4900000001071
2026-03-16 20:00:00,0,1.0,1.0,74236.9,74401.36,-164.4600000000064,-1128.9500000001135
2026-03-16 21:00:00,0,1.0,1.0,74401.36,74772.66,-371.3000000000029,-1500.2500000001164
2026-03-16 22:00:00,0,1.0,1.0,74772.66,74884.67,-112.00999999999476,-1612.2600000001112
2026-03-16 23:00:00,0,1.0,1.0,74884.67,75318.48,-433.8099999999977,-2046.0700000001088
2026-03-17 00:00:00,0,1.0,1.0,75318.48,75623.91,-305.43000000000757,-2351.5000000001164
2026-03-17 01:00:00,0,0.0,1.0,75623.91,75198.02,425.8899999999994,-1925.610000000117
2026-03-17 02:00:00,0,0.0,1.0,75198.02,74463.98,734.0400000000081,-1191.5700000001088
2026-03-17 03:00:00,0,0.0,1.0,74463.98,74252.01,211.97000000000116,-979.6000000001077
2026-03-17 04:00:00,1,0.0,1.0,74252.01,74036.74,-215.26999999998952,-1194.8700000000972
2026-03-17 05:00:00,1,1.0,0.0,74036.74,74085.45,48.70999999999185,-1146.1600000001054
2026-03-17 06:00:00,0,1.0,1.0,74085.45,74249.32,-163.8700000000099,-1310.0300000001153
2026-03-17 07:00:00,0,0.0,0.0,74249.32,74188.38,60.94000000000233,-1249.090000000113
2026-03-17 08:00:00,0,0.0,1.0,74188.38,73937.16,251.22000000000116,-997.8700000001118
2026-03-17 09:00:00,1,0.0,1.0,73937.16,73729.45,-207.7100000000064,-1205.5800000001182
2026-03-17 10:00:00,1,1.0,1.0,73729.45,74033.11,303.6600000000035,-901.9200000001147
2026-03-17 11:00:00,0,0.0,1.0,74033.11,73739.74,293.36999999999534,-608.5500000001193
2026-03-17 12:00:00,0,0.0,1.0,73739.74,73615.48,124.26000000000931,-484.29000000011
2026-03-17 13:00:00,1,1.0,1.0,73615.48,74381.7,766.2200000000012,281.92999999989115
2026-03-17 14:00:00,0,0.0,1.0,74381.7,73914.39,467.3099999999977,749.2399999998888
2026-03-17 15:00:00,0,1.0,1.0,73914.39,74155.69,-241.3000000000029,507.9399999998859
2026-03-17 16:00:00,0,1.0,1.0,74155.69,74523.75,-368.0599999999977,139.87999999988824
2026-03-17 17:00:00,0,1.0,1.0,74523.75,74683.04,-159.2899999999936,-19.410000000105356
2026-03-17 18:00:00,0,0.0,1.0,74683.04,74512.17,170.86999999999534,151.45999999989
2026-03-17 19:00:00,0,0.0,0.0,74512.17,74506.75,5.419999999998254,156.87999999988824
2026-03-17 20:00:00,1,1.0,1.0,74506.75,74685.42,178.66999999999825,335.5499999998865
2026-03-17 21:00:00,0,0.0,1.0,74685.42,74307.08,378.3399999999965,713.889999999883
2026-03-17 22:00:00,0,0.0,1.0,74307.08,73909.36,397.72000000000116,1111.6099999998842
2026-03-17 23:00:00,1,0.0,0.0,73909.36,73867.88,-41.479999999995925,1070.1299999998882
2026-03-18 00:00:00,1,1.0,1.0,73867.88,74072.3,204.41999999999825,1274.5499999998865
2026-03-18 01:00:00,0,1.0,1.0,74072.3,74338.93,-266.6299999999901,1007.9199999998964
2026-03-18 02:00:00,0,1.0,1.0,74338.93,74446.14,-107.2100000000064,900.70999999989
2026-03-18 03:00:00,0,0.0,1.0,74446.14,74175.49,270.6499999999942,1171.3599999998842
2026-03-18 04:00:00,0,0.0,1.0,74175.49,73950.0,225.49000000000524,1396.8499999998894
2026-03-18 05:00:00,1,1.0,0.0,73950.0,73954.03,4.029999999998836,1400.8799999998882
2026-03-18 06:00:00,0,0.0,0.0,73954.03,73883.8,70.22999999999593,1471.1099999998842
2026-03-18 07:00:00,0,1.0,1.0,73883.8,74044.89,-161.0899999999965,1310.0199999998877
2026-03-18 08:00:00,0,1.0,1.0,74044.89,74181.08,-136.19000000000233,1173.8299999998853
2026-03-18 09:00:00,0,0.0,1.0,74181.08,73946.35,234.72999999999593,1408.5599999998813
2026-03-18 10:00:00,0,0.0,1.0,73946.35,72952.85,993.5,2402.0599999998813
2026-03-18 11:00:00,1,0.0,1.0,72952.85,72361.24,-591.6100000000006,1810.4499999998807
2026-03-18 12:00:00,1,0.0,1.0,72361.24,72133.49,-227.75,1582.6999999998807
2026-03-18 13:00:00,1,0.0,1.0,72133.49,71193.23,-940.2600000000093,642.4399999998714
2026-03-18 14:00:00,1,1.0,1.0,71193.23,71467.82,274.59000000001106,917.0299999998824
2026-03-18 15:00:00,0,0.0,1.0,71467.82,71314.08,153.74000000000524,1070.7699999998877
2026-03-18 16:00:00,0,1.0,1.0,71314.08,71595.21,-281.13000000000466,789.639999999883
2026-03-18 17:00:00,0,0.0,1.0,71595.21,71096.74,498.47000000000116,1288.1099999998842
2026-03-18 18:00:00,1,0.0,0.0,71096.74,71072.38,-24.360000000000582,1263.7499999998836
2026-03-18 19:00:00,1,1.0,1.0,71072.38,71214.67,142.2899999999936,1406.0399999998772
2026-03-18 20:00:00,0,1.0,0.0,71214.67,71263.67,-49.0,1357.0399999998772
2026-03-18 21:00:00,0,0.0,1.0,71263.67,71153.66,110.00999999999476,1467.049999999872
2026-03-18 22:00:00,0,1.0,1.0,71153.66,71246.54,-92.8799999999901,1374.1699999998818
2026-03-18 23:00:00,0,0.0,1.0,71246.54,71002.17,244.36999999999534,1618.5399999998772
2026-03-19 00:00:00,0,1.0,1.0,71002.17,71115.23,-113.05999999999767,1505.4799999998795
2026-03-19 01:00:00,0,0.0,0.0,71115.23,71055.44,59.7899999999936,1565.269999999873
2026-03-19 02:00:00,0,1.0,1.0,71055.44,71215.39,-159.9499999999971,1405.319999999876
2026-03-19 03:00:00,0,0.0,1.0,71215.39,70822.07,393.31999999999243,1798.6399999998685
2026-03-19 04:00:00,1,1.0,0.0,70822.07,70826.54,4.469999999986612,1803.109999999855
2026-03-19 05:00:00,0,0.0,1.0,70826.54,70583.22,243.31999999999243,2046.4299999998475
2026-03-19 06:00:00,1,0.0,1.0,70583.22,70191.17,-392.0500000000029,1654.3799999998446
2026-03-19 07:00:00,1,0.0,1.0,70191.17,69985.19,-205.97999999999593,1448.3999999998487
2026-03-19 08:00:00,1,1.0,1.0,69985.19,70513.0,527.8099999999977,1976.2099999998463
2026-03-19 09:00:00,0,0.0,1.0,70513.0,70133.72,379.27999999999884,2355.489999999845
2026-03-19 10:00:00,1,0.0,1.0,70133.72,69952.75,-180.97000000000116,2174.519999999844
2026-03-19 11:00:00,1,0.0,1.0,69952.75,69290.27,-662.4799999999959,1512.039999999848
2026-03-19 12:00:00,1,1.0,1.0,69290.27,69905.65,615.3799999999901,2127.419999999838
2026-03-19 13:00:00,0,0.0,1.0,69905.65,69482.25,423.3999999999942,2550.8199999998324
2026-03-19 14:00:00,1,0.0,0.0,69482.25,69412.51,-69.74000000000524,2481.079999999827
2026-03-19 15:00:00,1,1.0,0.0,69412.51,69455.86,43.35000000000582,2524.429999999833
2026-03-19 16:00:00,1,1.0,1.0,69455.86,69854.16,398.3000000000029,2922.729999999836
2026-03-19 17:00:00,0,0.0,0.0,69854.16,69821.21,32.94999999999709,2955.679999999833
2026-03-19 18:00:00,0,1.0,1.0,69821.21,70271.99,-450.77999999999884,2504.899999999834
2026-03-19 19:00:00,0,1.0,1.0,70271.99,70483.03,-211.0399999999936,2293.8599999998405
2026-03-19 20:00:00,0,0.0,0.0,70483.03,70413.47,69.55999999999767,2363.419999999838
2026-03-19 21:00:00,0,0.0,1.0,70413.47,70183.99,229.47999999999593,2592.899999999834
2026-03-19 22:00:00,1,0.0,1.0,70183.99,69930.0,-253.99000000000524,2338.909999999829
2026-03-19 23:00:00,1,1.0,1.0,69930.0,70181.0,251.0,2589.909999999829
2026-03-20 00:00:00,0,1.0,1.0,70181.0,70403.79,-222.7899999999936,2367.1199999998353
2026-03-20 01:00:00,0,1.0,0.0,70403.79,70415.47,-11.680000000007567,2355.4399999998277
2026-03-20 02:00:00,0,1.0,1.0,70415.47,70729.92,-314.4499999999971,2040.9899999998306
2026-03-20 03:00:00,0,1.0,0.0,70729.92,70783.69,-53.770000000004075,1987.2199999998265
2026-03-20 04:00:00,0,0.0,1.0,70783.69,70606.24,177.4499999999971,2164.6699999998236
2026-03-20 05:00:00,0,0.0,1.0,70606.24,70502.9,103.34000000001106,2268.0099999998347
2026-03-20 06:00:00,0,1.0,1.0,70502.9,70854.66,-351.7600000000093,1916.2499999998254
2026-03-20 07:00:00,0,1.0,1.0,70854.66,71042.23,-187.56999999999243,1728.679999999833
2026-03-20 08:00:00,0,0.0,1.0,71042.23,70583.8,458.429999999993,2187.109999999826
2026-03-20 09:00:00,1,1.0,0.0,70583.8,70611.68,27.879999999990105,2214.989999999816
2026-03-20 10:00:00,0,0.0,1.0,70611.68,70478.71,132.9699999999866,2347.9599999998027
2026-03-20 11:00:00,0,0.0,1.0,70478.71,70342.63,136.08000000000175,2484.0399999998044
2026-03-20 12:00:00,1,0.0,1.0,70342.63,69863.84,-478.79000000000815,2005.2499999997963
2026-03-20 13:00:00,1,0.0,1.0,69863.84,69731.21,-132.6299999999901,1872.6199999998062
2026-03-20 14:00:00,1,1.0,1.0,69731.21,69860.09,128.8799999999901,2001.4999999997963
2026-03-20 15:00:00,0,0.0,0.0,69860.09,69829.26,30.830000000001746,2032.329999999798
2026-03-20 16:00:00,1,1.0,1.0,69829.26,70000.0,170.74000000000524,2203.0699999998033
2026-03-20 17:00:00,0,0.0,1.0,70000.0,69770.0,230.0,2433.0699999998033
2026-03-20 18:00:00,1,1.0,1.0,69770.0,70177.86,407.8600000000006,2840.929999999804
2026-03-20 19:00:00,0,0.0,1.0,70177.86,70057.66,120.19999999999709,2961.129999999801
2026-03-20 20:00:00,0,1.0,1.0,70057.66,70540.73,-483.06999999999243,2478.0599999998085
2026-03-20 21:00:00,0,1.0,1.0,70540.73,70767.85,-227.1200000000099,2250.9399999997986
2026-03-20 22:00:00,0,0.0,1.0,70767.85,70510.73,257.1200000000099,2508.0599999998085
2026-03-20 23:00:00,0,1.0,1.0,70510.73,70682.19,-171.4600000000064,2336.599999999802
2026-03-21 00:00:00,0,0.0,1.0,70682.19,70464.59,217.60000000000582,2554.199999999808
2026-03-21 01:00:00,0,1.0,1.0,70464.59,70737.6,-273.0100000000093,2281.1899999997986
2026-03-21 02:00:00,0,0.0,0.0,70737.6,70657.35,80.25,2361.4399999997986
2026-03-21 03:00:00,0,0.0,0.0,70657.35,70642.13,15.220000000001164,2376.6599999997998
2026-03-21 04:00:00,0,1.0,0.0,70642.13,70697.94,-55.80999999999767,2320.849999999802
2026-03-21 05:00:00,0,1.0,0.0,70697.94,70774.65,-76.70999999999185,2244.1399999998102
2026-03-21 06:00:00,0,0.0,0.0,70774.65,70727.33,47.31999999999243,2291.4599999998027
2026-03-21 07:00:00,0,0.0,1.0,70727.33,70594.43,132.90000000000873,2424.3599999998114
2026-03-21 08:00:00,0,1.0,0.0,70594.43,70661.59,-67.16000000000349,2357.199999999808
2026-03-21 09:00:00,0,0.0,0.0,70661.59,70605.64,55.94999999999709,2413.149999999805
2026-03-21 10:00:00,0,1.0,0.0,70605.64,70652.72,-47.080000000001746,2366.0699999998033
2026-03-21 11:00:00,0,1.0,0.0,70652.72,70722.61,-69.88999999999942,2296.179999999804
2026-03-21 12:00:00,0,1.0,0.0,70722.61,70740.18,-17.569999999992433,2278.6099999998114
2026-03-21 13:00:00,0,0.0,1.0,70740.18,70629.1,111.0799999999872,2389.6899999997986
2026-03-21 14:00:00,0,1.0,0.0,70629.1,70630.02,-0.9199999999982538,2388.7699999998003
2026-03-21 15:00:00,0,0.0,1.0,70630.02,70301.66,328.3600000000006,2717.129999999801
2026-03-21 16:00:00,1,1.0,0.0,70301.66,70304.08,2.4199999999982538,2719.549999999799
2026-03-21 17:00:00,0,1.0,1.0,70304.08,70389.19,-85.11000000000058,2634.4399999997986
2026-03-21 18:00:00,0,1.0,0.0,70389.19,70396.0,-6.809999999997672,2627.629999999801
2026-03-21 19:00:00,0,1.0,0.0,70396.0,70462.28,-66.27999999999884,2561.349999999802
2026-03-21 20:00:00,0,0.0,1.0,70462.28,70345.57,116.70999999999185,2678.059999999794
2026-03-21 21:00:00,0,0.0,0.0,70345.57,70277.22,68.35000000000582,2746.4099999997998
2026-03-21 22:00:00,0,0.0,1.0,70277.22,68918.12,1359.1000000000058,4105.509999999806
2026-03-21 23:00:00,1,1.0,0.0,68918.12,68954.71,36.59000000001106,4142.099999999817
2026-03-22 00:00:00,1,1.0,0.0,68954.71,68962.4,7.689999999987776,4149.789999999804
2026-03-22 01:00:00,1,1.0,1.0,68962.4,69278.12,315.72000000000116,4465.509999999806
2026-03-22 02:00:00,1,1.0,0.0,69278.12,69339.99,61.870000000009895,4527.3799999998155
2026-03-22 03:00:00,1,1.0,0.0,69339.99,69358.0,18.00999999999476,4545.38999999981
2026-03-22 04:00:00,0,0.0,1.0,69358.0,69153.41,204.5899999999965,4749.979999999807
2026-03-22 05:00:00,1,1.0,0.0,69153.41,69164.06,10.64999999999418,4760.629999999801
2026-03-22 06:00:00,0,0.0,1.0,69164.06,68919.38,244.67999999999302,5005.309999999794
2026-03-22 07:00:00,1,0.0,1.0,68919.38,68804.77,-114.61000000000058,4890.699999999793
2026-03-22 08:00:00,1,1.0,0.0,68804.77,68826.2,21.429999999993015,4912.129999999786
2026-03-22 09:00:00,1,0.0,1.0,68826.2,68648.17,-178.02999999999884,4734.0999999997875
2026-03-22 10:00:00,1,0.0,1.0,68648.17,68217.95,-430.22000000000116,4303.879999999786
2026-03-22 11:00:00,1,1.0,1.0,68217.95,68654.83,436.88000000000466,4740.759999999791
2026-03-22 12:00:00,1,1.0,0.0,68654.83,68700.02,45.19000000000233,4785.949999999793
2026-03-22 13:00:00,1,1.0,0.0,68700.02,68711.66,11.639999999999418,4797.589999999793
2026-03-22 14:00:00,1,1.0,1.0,68711.66,68847.96,136.3000000000029,4933.889999999796
2026-03-22 15:00:00,0,0.0,0.0,68847.96,68805.58,42.38000000000466,4976.2699999998
2026-03-22 16:00:00,1,0.0,1.0,68805.58,68673.02,-132.55999999999767,4843.709999999803
2026-03-22 17:00:00,1,0.0,0.0,68673.02,68618.58,-54.44000000000233,4789.2699999998
2026-03-22 18:00:00,1,0.0,1.0,68618.58,68199.93,-418.65000000000873,4370.619999999792
2026-03-22 19:00:00,1,0.0,0.0,68199.93,68176.46,-23.469999999986612,4347.149999999805
2026-03-22 20:00:00,1,0.0,1.0,68176.46,67899.97,-276.49000000000524,4070.6599999997998
2026-03-22 21:00:00,1,1.0,1.0,67899.97,68339.37,439.3999999999942,4510.059999999794
2026-03-22 22:00:00,1,0.0,1.0,68339.37,67859.0,-480.36999999999534,4029.6899999997986
2026-03-22 23:00:00,1,0.0,1.0,67859.0,67669.99,-189.00999999999476,3840.679999999804
2026-03-23 00:00:00,1,1.0,1.0,67669.99,67905.0,235.00999999999476,4075.6899999997986
2026-03-23 01:00:00,1,1.0,1.0,67905.0,68320.72,415.72000000000116,4491.4099999998
2026-03-23 02:00:00,1,0.0,1.0,68320.72,68074.6,-246.11999999999534,4245.289999999804
2026-03-23 03:00:00,1,1.0,1.0,68074.6,68541.0,466.3999999999942,4711.689999999799
2026-03-23 04:00:00,1,1.0,1.0,68541.0,68899.92,358.91999999999825,5070.609999999797
2026-03-23 05:00:00,0,0.0,1.0,68899.92,67874.19,1025.729999999996,6096.339999999793
2026-03-23 06:00:00,1,1.0,1.0,67874.19,68333.16,458.97000000000116,6555.309999999794
2026-03-23 07:00:00,1,1.0,1.0,68333.16,68434.26,101.09999999999127,6656.409999999785
2026-03-23 08:00:00,1,0.0,1.0,68434.26,68334.01,-100.25,6556.159999999785
2026-03-23 09:00:00,1,1.0,1.0,68334.01,68551.02,217.0100000000093,6773.1699999997945
2026-03-23 10:00:00,0,1.0,1.0,68551.02,70122.15,-1571.12999999999,5202.039999999804
2026-03-23 11:00:00,0,1.0,1.0,70122.15,70752.15,-630.0,4572.039999999804
2026-03-23 12:00:00,0,1.0,1.0,70752.15,71481.13,-728.9800000000105,3843.059999999794
2026-03-23 13:00:00,0,0.0,0.0,71481.13,71446.46,34.669999999998254,3877.729999999792
2026-03-23 14:00:00,0,0.0,1.0,71446.46,70131.48,1314.9800000000105,5192.709999999803
2026-03-23 15:00:00,1,1.0,1.0,70131.48,70561.54,430.0599999999977,5622.7699999998
2026-03-23 16:00:00,0,1.0,1.0,70561.54,71085.16,-523.6200000000099,5099.14999999979
2026-03-23 17:00:00,0,0.0,0.0,71085.16,71076.22,8.940000000002328,5108.089999999793
2026-03-23 18:00:00,0,0.0,1.0,71076.22,70679.05,397.16999999999825,5505.259999999791
2026-03-23 19:00:00,1,1.0,1.0,70679.05,70915.59,236.5399999999936,5741.799999999785
2026-03-23 20:00:00,0,0.0,0.0,70915.59,70851.35,64.23999999999069,5806.039999999775
2026-03-23 21:00:00,0,0.0,0.0,70851.35,70780.22,71.13000000000466,5877.16999999978
2026-03-23 22:00:00,0,1.0,1.0,70780.22,70906.45,-126.22999999999593,5750.939999999784
2026-03-23 23:00:00,0,0.0,1.0,70906.45,70679.2,227.25,5978.189999999784
2026-03-24 00:00:00,1,0.0,1.0,70679.2,70516.57,-162.6299999999901,5815.559999999794
2026-03-24 01:00:00,1,0.0,0.0,70516.57,70453.37,-63.20000000001164,5752.359999999782
2026-03-24 02:00:00,1,1.0,1.0,70453.37,70542.9,89.52999999999884,5841.889999999781
2026-03-24 03:00:00,0,0.0,1.0,70542.9,70372.44,170.45999999999185,6012.349999999773
2026-03-24 04:00:00,1,0.0,1.0,70372.44,70283.85,-88.58999999999651,5923.7599999997765
2026-03-24 05:00:00,1,1.0,1.0,70283.85,70541.38,257.52999999999884,6181.289999999775
2026-03-24 06:00:00,0,1.0,1.0,70541.38,71291.7,-750.3199999999924,5430.969999999783
2026-03-24 07:00:00,0,0.0,1.0,71291.7,70964.15,327.5500000000029,5758.519999999786
2026-03-24 08:00:00,0,1.0,1.0,70964.15,71316.97,-352.820000000007,5405.699999999779
2026-03-24 09:00:00,0,0.0,0.0,71316.97,71272.87,44.10000000000582,5449.799999999785
2026-03-24 10:00:00,0,0.0,1.0,71272.87,71157.77,115.09999999999127,5564.899999999776
2026-03-24 11:00:00,0,0.0,1.0,71157.77,70956.48,201.29000000000815,5766.189999999784
2026-03-24 12:00:00,0,0.0,1.0,70956.48,70100.46,856.0199999999895,6622.209999999774
2026-03-24 13:00:00,1,0.0,1.0,70100.46,69869.93,-230.5300000000134,6391.67999999976
2026-03-24 14:00:00,1,1.0,0.0,69869.93,69873.04,3.110000000000582,6394.789999999761
2026-03-24 15:00:00,1,0.0,1.0,69873.04,69476.87,-396.16999999999825,5998.6199999997625
2026-03-24 16:00:00,1,0.0,1.0,69476.87,69238.43,-238.44000000000233,5760.17999999976
2026-03-24 17:00:00,1,1.0,1.0,69238.43,69430.24,191.81000000001222,5951.989999999772
2026-03-24 18:00:00,1,0.0,0.0,69430.24,69377.33,-52.91000000000349,5899.079999999769
2026-03-24 19:00:00,1,1.0,1.0,69377.33,70093.19,715.8600000000006,6614.9399999997695
2026-03-24 20:00:00,0,1.0,1.0,70093.19,70332.93,-239.7399999999907,6375.199999999779
2026-03-24 21:00:00,0,0.0,0.0,70332.93,70316.96,15.969999999986612,6391.169999999765
2026-03-24 22:00:00,0,1.0,1.0,70316.96,70556.74,-239.77999999999884,6151.389999999767
2026-03-24 23:00:00,0,1.0,1.0,70556.74,70840.75,-284.00999999999476,5867.379999999772
2026-03-25 00:00:00,0,0.0,1.0,70840.75,70677.18,163.57000000000698,6030.949999999779
2026-03-25 01:00:00,0,0.0,1.0,70677.18,70531.09,146.0899999999965,6177.039999999775
2026-03-25 02:00:00,1,1.0,1.0,70531.09,70716.7,185.61000000000058,6362.649999999776
2026-03-25 03:00:00,0,1.0,1.0,70716.7,70968.64,-251.94000000000233,6110.709999999774
2026-03-25 04:00:00,0,1.0,1.0,70968.64,71117.66,-149.02000000000407,5961.6899999997695
2026-03-25 05:00:00,0,0.0,1.0,71117.66,70991.83,125.83000000000175,6087.519999999771
2026-03-25 06:00:00,0,0.0,0.0,70991.83,70926.88,64.94999999999709,6152.469999999768
2026-03-25 07:00:00,0,1.0,1.0,70926.88,71248.39,-321.50999999999476,5830.959999999774
2026-03-25 08:00:00,0,1.0,1.0,71248.39,71345.91,-97.52000000000407,5733.4399999997695
2026-03-25 09:00:00,0,1.0,1.0,71345.91,71501.39,-155.47999999999593,5577.959999999774
2026-03-25 10:00:00,0,1.0,1.0,71501.39,71678.97,-177.58000000000175,5400.379999999772
2026-03-25 11:00:00,0,1.0,0.0,71678.97,71715.24,-36.270000000004075,5364.109999999768
2026-03-25 12:00:00,0,0.0,1.0,71715.24,71581.42,133.82000000000698,5497.929999999775
2026-03-25 13:00:00,0,0.0,1.0,71581.42,71234.28,347.1399999999994,5845.069999999774
2026-03-25 14:00:00,1,0.0,1.0,71234.28,70832.99,-401.2899999999936,5443.779999999781
2026-03-25 15:00:00,1,1.0,1.0,70832.99,71324.01,491.0199999999895,5934.79999999977
2026-03-25 16:00:00,0,0.0,1.0,71324.01,70779.0,545.0099999999948,6479.809999999765
2026-03-25 17:00:00,1,1.0,0.0,70779.0,70810.34,31.339999999996508,6511.149999999761
2026-03-25 18:00:00,0,1.0,0.0,70810.34,70883.31,-72.97000000000116,6438.17999999976
2026-03-25 19:00:00,0,1.0,1.0,70883.31,71009.5,-126.19000000000233,6311.989999999758
2026-03-25 20:00:00,0,1.0,0.0,71009.5,71035.24,-25.74000000000524,6286.249999999753
2026-03-25 21:00:00,0,1.0,1.0,71035.24,71369.08,-333.8399999999965,5952.409999999756
2026-03-25 22:00:00,0,0.0,0.0,71369.08,71336.53,32.55000000000291,5984.959999999759
2026-03-25 23:00:00,0,0.0,0.0,71336.53,71299.27,37.25999999999476,6022.219999999754
2026-03-26 00:00:00,0,0.0,0.0,71299.27,71252.11,47.16000000000349,6069.379999999757
2026-03-26 01:00:00,0,0.0,1.0,71252.11,70893.01,359.1000000000058,6428.479999999763
2026-03-26 02:00:00,1,1.0,0.0,70893.01,70921.47,28.460000000006403,6456.9399999997695
2026-03-26 03:00:00,0,0.0,1.0,70921.47,70772.01,149.4600000000064,6606.399999999776
2026-03-26 04:00:00,1,0.0,1.0,70772.01,70016.98,-755.0299999999988,5851.369999999777
2026-03-26 05:00:00,1,1.0,0.0,70016.98,70097.18,80.19999999999709,5931.569999999774
2026-03-26 06:00:00,1,0.0,0.0,70097.18,70087.44,-9.739999999990687,5921.8299999997835
2026-03-26 07:00:00,1,0.0,0.0,70087.44,70024.77,-62.669999999998254,5859.159999999785
2026-03-26 08:00:00,1,0.0,1.0,70024.77,69562.41,-462.3600000000006,5396.799999999785
2026-03-26 09:00:00,1,0.0,0.0,69562.41,69517.68,-44.73000000001048,5352.069999999774
2026-03-26 10:00:00,1,0.0,1.0,69517.68,69276.01,-241.66999999999825,5110.399999999776
2026-03-26 11:00:00,1,1.0,1.0,69276.01,69436.42,160.4100000000035,5270.809999999779
2026-03-26 12:00:00,1,1.0,1.0,69436.42,69646.59,210.16999999999825,5480.979999999778
2026-03-26 13:00:00,1,0.0,1.0,69646.59,69479.92,-166.66999999999825,5314.309999999779
2026-03-26 14:00:00,1,0.0,1.0,69479.92,69082.64,-397.27999999999884,4917.029999999781
2026-03-26 15:00:00,1,0.0,1.0,69082.64,68932.52,-150.11999999999534,4766.909999999785
2026-03-26 16:00:00,1,0.0,1.0,68932.52,68486.86,-445.6600000000035,4321.249999999782
2026-03-26 17:00:00,1,1.0,0.0,68486.86,68497.25,10.389999999999418,4331.639999999781
2026-03-26 18:00:00,1,1.0,0.0,68497.25,68534.36,37.11000000000058,4368.749999999782
2026-03-26 19:00:00,1,1.0,1.0,68534.36,69005.21,470.8500000000058,4839.5999999997875
2026-03-26 20:00:00,1,0.0,1.0,69005.21,68921.1,-84.11000000000058,4755.489999999787
2026-03-26 21:00:00,1,0.0,0.0,68921.1,68892.67,-28.430000000007567,4727.059999999779
2026-03-26 22:00:00,1,0.0,0.0,68892.67,68820.31,-72.36000000000058,4654.699999999779
2026-03-26 23:00:00,1,0.0,0.0,68820.31,68785.01,-35.30000000000291,4619.399999999776
2026-03-27 00:00:00,1,1.0,1.0,68785.01,69051.27,266.2600000000093,4885.659999999785
2026-03-27 01:00:00,1,0.0,1.0,69051.27,68903.59,-147.68000000000757,4737.979999999778
2026-03-27 02:00:00,1,0.0,1.0,68903.59,68767.51,-136.08000000000175,4601.899999999776
2026-03-27 03:00:00,1,0.0,1.0,68767.51,68578.0,-189.50999999999476,4412.389999999781
2026-03-27 04:00:00,1,1.0,0.0,68578.0,68630.77,52.770000000004075,4465.159999999785
2026-03-27 05:00:00,1,1.0,0.0,68630.77,68656.15,25.379999999990105,4490.539999999775
2026-03-27 06:00:00,1,0.0,1.0,68656.15,68540.48,-115.66999999999825,4374.869999999777
2026-03-27 07:00:00,1,0.0,1.0,68540.48,67920.5,-619.9799999999959,3754.889999999781
2026-03-27 08:00:00,1,0.0,1.0,67920.5,67695.81,-224.69000000000233,3530.199999999779
2026-03-27 09:00:00,1,0.0,1.0,67695.81,66502.41,-1193.3999999999942,2336.7999999997846
2026-03-27 10:00:00,1,1.0,1.0,66502.41,66702.78,200.36999999999534,2537.16999999978
2026-03-27 11:00:00,1,0.0,1.0,66702.78,66619.76,-83.02000000000407,2454.149999999776
2026-03-27 12:00:00,1,0.0,1.0,66619.76,66188.32,-431.4399999999878,2022.7099999997881
2026-03-27 13:00:00,1,1.0,0.0,66188.32,66205.06,16.739999999990687,2039.4499999997788
2026-03-27 14:00:00,1,0.0,1.0,66205.06,66112.82,-92.23999999999069,1947.2099999997881
2026-03-27 15:00:00,1,0.0,1.0,66112.82,65979.29,-133.5300000000134,1813.6799999997747
2026-03-27 16:00:00,1,0.0,1.0,65979.29,65632.92,-346.36999999999534,1467.3099999997794
2026-03-27 17:00:00,1,1.0,1.0,65632.92,65836.69,203.77000000000407,1671.0799999997835
2026-03-27 18:00:00,1,1.0,1.0,65836.69,66040.66,203.97000000000116,1875.0499999997846
2026-03-27 19:00:00,0,0.0,0.0,66040.66,66020.76,19.90000000000873,1894.9499999997934
2026-03-27 20:00:00,1,1.0,0.0,66020.76,66098.0,77.24000000000524,1972.1899999997986
2026-03-27 21:00:00,0,0.0,0.0,66098.0,66020.79,77.2100000000064,2049.399999999805
2026-03-27 22:00:00,1,1.0,1.0,66020.79,66407.28,386.49000000000524,2435.8899999998102
2026-03-27 23:00:00,0,1.0,0.0,66407.28,66431.55,-24.270000000004075,2411.619999999806
2026-03-28 00:00:00,0,0.0,1.0,66431.55,66178.85,252.6999999999971,2664.3199999998033
2026-03-28 01:00:00,1,0.0,1.0,66178.85,66053.2,-125.65000000000873,2538.6699999997945
2026-03-28 02:00:00,1,1.0,1.0,66053.2,66240.0,186.8000000000029,2725.4699999997974
2026-03-28 03:00:00,1,1.0,0.0,66240.0,66285.01,45.00999999999476,2770.479999999792
2026-03-28 04:00:00,0,1.0,0.0,66285.01,66341.9,-56.88999999999942,2713.589999999793
2026-03-28 05:00:00,0,1.0,0.0,66341.9,66382.0,-40.10000000000582,2673.489999999787
2026-03-28 06:00:00,0,1.0,1.0,66382.0,66561.48,-179.47999999999593,2494.009999999791
2026-03-28 07:00:00,0,0.0,1.0,66561.48,66409.33,152.14999999999418,2646.159999999785
2026-03-28 08:00:00,1,0.0,1.0,66409.33,66311.32,-98.00999999999476,2548.1499999997905
2026-03-28 09:00:00,1,0.0,1.0,66311.32,66221.38,-89.94000000000233,2458.209999999788
2026-03-28 10:00:00,1,1.0,1.0,66221.38,66319.47,98.08999999999651,2556.2999999997846
2026-03-28 11:00:00,0,1.0,1.0,66319.47,66455.09,-135.61999999999534,2420.6799999997893
2026-03-28 12:00:00,0,1.0,1.0,66455.09,66835.1,-380.0100000000093,2040.66999999978
2026-03-28 13:00:00,0,0.0,1.0,66835.1,66742.1,93.0,2133.66999999978
2026-03-28 14:00:00,1,1.0,1.0,66742.1,67014.91,272.8099999999977,2406.4799999997776
2026-03-28 15:00:00,0,0.0,1.0,67014.91,66926.95,87.9600000000064,2494.439999999784
2026-03-28 16:00:00,1,0.0,1.0,66926.95,66846.21,-80.73999999999069,2413.6999999997934
2026-03-28 17:00:00,1,1.0,0.0,66846.21,66908.03,61.81999999999243,2475.519999999786
2026-03-28 18:00:00,1,1.0,0.0,66908.03,66916.52,8.490000000005239,2484.009999999791
2026-03-28 19:00:00,1,0.0,0.0,66916.52,66906.0,-10.520000000004075,2473.489999999787
2026-03-28 20:00:00,0,0.0,1.0,66906.0,66685.53,220.47000000000116,2693.959999999788
2026-03-28 21:00:00,1,1.0,0.0,66685.53,66755.88,70.35000000000582,2764.309999999794
2026-03-28 22:00:00,1,0.0,1.0,66755.88,66377.03,-378.8500000000058,2385.459999999788
2026-03-28 23:00:00,1,1.0,1.0,66377.03,66487.93,110.89999999999418,2496.3599999997823
2026-03-29 00:00:00,1,1.0,1.0,66487.93,66569.22,81.29000000000815,2577.6499999997905
2026-03-29 01:00:00,1,1.0,1.0,66569.22,66818.0,248.77999999999884,2826.4299999997893
2026-03-29 02:00:00,0,1.0,1.0,66818.0,66912.0,-94.0,2732.4299999997893
2026-03-29 03:00:00,0,0.0,1.0,66912.0,66735.14,176.86000000000058,2909.28999999979
2026-03-29 04:00:00,1,1.0,0.0,66735.14,66771.94,36.80000000000291,2946.089999999793
2026-03-29 05:00:00,0,0.0,0.0,66771.94,66738.5,33.44000000000233,2979.529999999795
2026-03-29 06:00:00,1,0.0,0.0,66738.5,66671.0,-67.5,2912.029999999795
2026-03-29 07:00:00,1,1.0,0.0,66671.0,66724.0,53.0,2965.029999999795
2026-03-29 08:00:00,0,0.0,1.0,66724.0,66634.01,89.99000000000524,3055.0199999998003
2026-03-29 09:00:00,1,0.0,1.0,66634.01,66502.79,-131.22000000000116,2923.799999999799
2026-03-29 10:00:00,1,1.0,1.0,66502.79,66816.28,313.49000000000524,3237.2899999998044
2026-03-29 11:00:00,0,1.0,0.0,66816.28,66849.88,-33.60000000000582,3203.6899999997986
2026-03-29 12:00:00,0,0.0,1.0,66849.88,66580.36,269.5200000000041,3473.2099999998027
2026-03-29 13:00:00,1,1.0,0.0,66580.36,66589.64,9.279999999998836,3482.4899999998015
2026-03-29 14:00:00,0,0.0,0.0,66589.64,66523.0,66.63999999999942,3549.129999999801
2026-03-29 15:00:00,1,0.0,0.0,66523.0,66499.35,-23.64999999999418,3525.4799999998068
2026-03-29 16:00:00,1,0.0,1.0,66499.35,66385.84,-113.51000000000931,3411.9699999997974
2026-03-29 17:00:00,1,1.0,0.0,66385.84,66427.26,41.419999999998254,3453.3899999997957
2026-03-29 18:00:00,0,0.0,1.0,66427.26,66348.62,78.63999999999942,3532.029999999795
2026-03-29 19:00:00,1,1.0,1.0,66348.62,66614.05,265.43000000000757,3797.4599999998027
2026-03-29 20:00:00,0,1.0,1.0,66614.05,66710.12,-96.06999999999243,3701.3899999998102
2026-03-29 21:00:00,0,0.0,1.0,66710.12,65860.31,849.8099999999977,4551.199999999808
2026-03-29 22:00:00,1,1.0,1.0,65860.31,66010.93,150.61999999999534,4701.819999999803
2026-03-29 23:00:00,0,1.0,1.0,66010.93,66280.25,-269.320000000007,4432.499999999796
2026-03-30 00:00:00,0,1.0,1.0,66280.25,66653.74,-373.49000000000524,4059.009999999791
2026-03-30 01:00:00,0,1.0,1.0,66653.74,67121.01,-467.2699999999895,3591.7399999998015
2026-03-30 02:00:00,0,1.0,0.0,67121.01,67173.8,-52.79000000000815,3538.9499999997934
2026-03-30 03:00:00,0,1.0,1.0,67173.8,67616.29,-442.4899999999907,3096.4599999998027
2026-03-30 04:00:00,0,0.0,1.0,67616.29,67492.46,123.8299999999872,3220.28999999979
2026-03-30 05:00:00,1,0.0,1.0,67492.46,67305.14,-187.32000000000698,3032.969999999783
2026-03-30 06:00:00,1,1.0,1.0,67305.14,67624.39,319.25,3352.219999999783
2026-03-30 07:00:00,0,1.0,0.0,67624.39,67666.44,-42.05000000000291,3310.16999999978
2026-03-30 08:00:00,0,0.0,1.0,67666.44,67495.46,170.97999999999593,3481.149999999776
2026-03-30 09:00:00,1,0.0,0.0,67495.46,67488.53,-6.930000000007567,3474.2199999997683
2026-03-30 10:00:00,1,1.0,1.0,67488.53,67680.45,191.91999999999825,3666.1399999997666
2026-03-30 11:00:00,1,1.0,1.0,67680.45,67899.59,219.13999999999942,3885.279999999766
2026-03-30 12:00:00,0,0.0,1.0,67899.59,67529.52,370.06999999999243,4255.349999999758
2026-03-30 13:00:00,1,1.0,1.0,67529.52,67799.54,270.0199999999895,4525.369999999748
2026-03-30 14:00:00,0,0.0,1.0,67799.54,67629.4,170.13999999999942,4695.509999999747
2026-03-30 15:00:00,1,0.0,1.0,67629.4,67368.1,-261.29999999998836,4434.209999999759
2026-03-30 16:00:00,1,0.0,1.0,67368.1,66828.02,-540.0800000000017,3894.1299999997573
2026-03-30 17:00:00,1,0.0,1.0,66828.02,66653.46,-174.55999999999767,3719.5699999997596
2026-03-30 18:00:00,1,0.0,1.0,66653.46,66550.05,-103.41000000000349,3616.159999999756
2026-03-30 19:00:00,1,1.0,1.0,66550.05,66651.4,101.34999999999127,3717.5099999997474
2026-03-30 20:00:00,1,1.0,1.0,66651.4,66809.3,157.90000000000873,3875.409999999756
2026-03-30 21:00:00,1,0.0,0.0,66809.3,66784.98,-24.320000000006985,3851.089999999749
2026-03-30 22:00:00,1,1.0,0.0,66784.98,66797.37,12.389999999999418,3863.4799999997485
2026-03-30 23:00:00,1,1.0,1.0,66797.37,67208.75,411.38000000000466,4274.859999999753
2026-03-31 00:00:00,1,1.0,1.0,67208.75,67938.54,729.7899999999936,5004.649999999747
2026-03-31 01:00:00,0,1.0,0.0,67938.54,67943.43,-4.889999999999418,4999.759999999747
2026-03-31 02:00:00,0,0.0,1.0,67943.43,67704.74,238.68999999998778,5238.449999999735
2026-03-31 03:00:00,1,0.0,1.0,67704.74,67544.01,-160.73000000001048,5077.719999999725
2026-03-31 04:00:00,1,1.0,1.0,67544.01,67681.68,137.66999999999825,5215.389999999723
2026-03-31 05:00:00,1,0.0,1.0,67681.68,67492.85,-188.8299999999872,5026.559999999736
2026-03-31 06:00:00,1,0.0,1.0,67492.85,67367.69,-125.16000000000349,4901.399999999732
2026-03-31 07:00:00,1,0.0,1.0,67367.69,66778.33,-589.3600000000006,4312.039999999732
2026-03-31 08:00:00,1,0.0,1.0,66778.33,66124.99,-653.3399999999965,3658.699999999735
2026-03-31 09:00:00,1,1.0,1.0,66124.99,66363.38,238.38999999999942,3897.0899999997346
2026-03-31 10:00:00,1,1.0,1.0,66363.38,66685.69,322.3099999999977,4219.399999999732
2026-03-31 11:00:00,0,0.0,0.0,66685.69,66653.26,32.43000000000757,4251.82999999974
2026-03-31 12:00:00,1,1.0,1.0,66653.26,67302.29,649.0299999999988,4900.859999999739
2026-03-31 13:00:00,0,0.0,1.0,67302.29,66587.45,714.8399999999965,5615.699999999735
2026-03-31 14:00:00,1,1.0,1.0,66587.45,66736.8,149.35000000000582,5765.049999999741
2026-03-31 15:00:00,1,1.0,1.0,66736.8,67665.83,929.0299999999988,6694.07999999974
2026-03-31 16:00:00,0,0.0,1.0,67665.83,67526.75,139.08000000000175,6833.159999999742
2026-03-31 17:00:00,1,1.0,1.0,67526.75,67854.05,327.3000000000029,7160.4599999997445
2026-03-31 18:00:00,0,0.0,0.0,67854.05,67838.8,15.25,7175.7099999997445
2026-03-31 19:00:00,1,1.0,1.0,67838.8,68265.53,426.7299999999959,7602.43999999974
2026-03-31 20:00:00,0,1.0,0.0,68265.53,68277.99,-12.460000000006403,7589.979999999734
2026-03-31 21:00:00,0,0.0,1.0,68277.99,68172.87,105.1200000000099,7695.099999999744
2026-03-31 22:00:00,1,1.0,1.0,68172.87,68284.48,111.61000000000058,7806.7099999997445
2026-03-31 23:00:00,0,1.0,0.0,68284.48,68330.75,-46.270000000004075,7760.43999999974
2026-04-01 00:00:00,0,0.0,1.0,68330.75,67782.73,548.0200000000041,8308.459999999744
2026-04-01 01:00:00,1,0.0,1.0,67782.73,67668.89,-113.83999999999651,8194.619999999748
2026-04-01 02:00:00,1,1.0,1.0,67668.89,68170.67,501.77999999999884,8696.399999999747
2026-04-01 03:00:00,0,1.0,1.0,68170.67,68303.83,-133.1600000000035,8563.239999999743
2026-04-01 04:00:00,0,1.0,1.0,68303.83,68456.02,-152.19000000000233,8411.049999999741
2026-04-01 05:00:00,0,1.0,1.0,68456.02,69102.85,-646.8300000000017,7764.219999999739
2026-04-01 06:00:00,0,0.0,1.0,69102.85,68692.0,410.8500000000058,8175.069999999745
2026-04-01 07:00:00,1,0.0,0.0,68692.0,68670.16,-21.839999999996508,8153.2299999997485
2026-04-01 08:00:00,1,0.0,0.0,68670.16,68644.0,-26.160000000003492,8127.069999999745
2026-04-01 09:00:00,1,0.0,0.0,68644.0,68585.55,-58.44999999999709,8068.619999999748
2026-04-01 10:00:00,1,1.0,1.0,68585.55,68712.52,126.97000000000116,8195.58999999975
2026-04-01 11:00:00,0,0.0,1.0,68712.52,68393.6,318.91999999999825,8514.509999999747
2026-04-01 12:00:00,1,0.0,1.0,68393.6,68116.07,-277.52999999999884,8236.979999999749
2026-04-01 13:00:00,1,1.0,1.0,68116.07,68593.55,477.4799999999959,8714.459999999744
2026-04-01 14:00:00,0,1.0,1.0,68593.55,68918.52,-324.97000000000116,8389.489999999743
2026-04-01 15:00:00,0,0.0,1.0,68918.52,68816.34,102.18000000000757,8491.66999999975
2026-04-01 16:00:00,1,0.0,1.0,68816.34,68266.62,-549.7200000000012,7941.94999999975
2026-04-01 17:00:00,1,0.0,1.0,68266.62,68084.76,-181.86000000000058,7760.089999999749
2026-04-01 18:00:00,1,1.0,1.0,68084.76,68176.84,92.08000000000175,7852.169999999751
2026-04-01 19:00:00,1,1.0,0.0,68176.84,68191.09,14.25,7866.419999999751
2026-04-01 20:00:00,1,1.0,1.0,68191.09,68362.53,171.44000000000233,8037.859999999753
2026-04-01 21:00:00,0,0.0,1.0,68362.53,68122.99,239.5399999999936,8277.399999999747
2026-04-01 22:00:00,1,0.0,0.0,68122.99,68113.92,-9.070000000006985,8268.32999999974
2026-04-01 23:00:00,1,1.0,1.0,68113.92,68600.29,486.36999999999534,8754.699999999735
2026-04-02 00:00:00,0,0.0,1.0,68600.29,67359.27,1241.0199999999895,9995.719999999725
2026-04-02 01:00:00,1,0.0,1.0,67359.27,66852.99,-506.27999999999884,9489.439999999726
2026-04-02 02:00:00,1,0.0,1.0,66852.99,66576.25,-276.74000000000524,9212.69999999972
2026-04-02 03:00:00,1,0.0,1.0,66576.25,66330.27,-245.97999999999593,8966.719999999725
2026-04-02 04:00:00,1,1.0,1.0,66330.27,66591.54,261.2699999999895,9227.989999999714
2026-04-02 05:00:00,1,1.0,1.0,66591.54,66681.49,89.95000000001164,9317.939999999726
2026-04-02 06:00:00,1,1.0,1.0,66681.49,66930.79,249.29999999998836,9567.239999999714
2026-04-02 07:00:00,1,0.0,1.0,66930.79,66439.12,-491.66999999999825,9075.569999999716
2026-04-02 08:00:00,1,1.0,0.0,66439.12,66469.6,30.480000000010477,9106.049999999726
2026-04-02 09:00:00,1,0.0,0.0,66469.6,66457.28,-12.320000000006985,9093.72999999972
2026-04-02 10:00:00,1,0.0,1.0,66457.28,66220.28,-237.0,8856.72999999972
2026-04-02 11:00:00,1,0.0,1.0,66220.28,66052.71,-167.56999999999243,8689.159999999727
2026-04-02 12:00:00,1,1.0,1.0,66052.71,66270.87,218.15999999998894,8907.319999999716
2026-04-02 13:00:00,1,1.0,1.0,66270.87,66868.18,597.3099999999977,9504.629999999714
2026-04-02 14:00:00,0,0.0,0.0,66868.18,66852.91,15.269999999989523,9519.899999999703
2026-04-02 15:00:00,1,1.0,1.0,66852.91,67095.85,242.94000000000233,9762.839999999705
2026-04-02 16:00:00,1,0.0,1.0,67095.85,66679.16,-416.6900000000023,9346.149999999703
2026-04-02 17:00:00,1,1.0,1.0,66679.16,66981.99,302.83000000000175,9648.979999999705
2026-04-02 18:00:00,1,0.0,0.0,66981.99,66975.99,-6.0,9642.979999999705
2026-04-02 19:00:00,1,0.0,0.0,66975.99,66939.25,-36.74000000000524,9606.2399999997
2026-04-02 20:00:00,1,0.0,0.0,66939.25,66935.93,-3.320000000006985,9602.919999999693
2026-04-02 21:00:00,1,1.0,0.0,66935.93,66982.48,46.55000000000291,9649.469999999696
2026-04-02 22:00:00,1,0.0,1.0,66982.48,66901.99,-80.48999999999069,9568.979999999705
2026-04-02 23:00:00,1,0.0,1.0,66901.99,66785.86,-116.13000000000466,9452.8499999997
2026-04-03 00:00:00,1,0.0,1.0,66785.86,66630.0,-155.86000000000058,9296.9899999997
2026-04-03 01:00:00,1,0.0,1.0,66630.0,66533.81,-96.19000000000233,9200.799999999697
2026-04-03 02:00:00,1,1.0,0.0,66533.81,66579.97,46.16000000000349,9246.9599999997
2026-04-03 03:00:00,0,1.0,0.0,66579.97,66602.66,-22.69000000000233,9224.269999999698
2026-04-03 04:00:00,0,0.0,0.0,66602.66,66600.35,2.3099999999976717,9226.579999999696
2026-04-03 05:00:00,0,1.0,1.0,66600.35,66796.79,-196.43999999998778,9030.139999999708
2026-04-03 06:00:00,0,1.0,1.0,66796.79,67042.08,-245.29000000000815,8784.8499999997
2026-04-03 07:00:00,0,0.0,0.0,67042.08,66965.39,76.69000000000233,8861.539999999703
2026-04-03 08:00:00,1,0.0,1.0,66965.39,66859.58,-105.80999999999767,8755.729999999705
2026-04-03 09:00:00,1,1.0,0.0,66859.58,66883.08,23.5,8779.229999999705
2026-04-03 10:00:00,0,1.0,1.0,66883.08,67017.44,-134.36000000000058,8644.869999999704
2026-04-03 11:00:00,0,0.0,1.0,67017.44,66722.16,295.27999999999884,8940.149999999703
2026-04-03 12:00:00,1,0.0,0.0,66722.16,66672.0,-50.16000000000349,8889.9899999997
2026-04-03 13:00:00,1,1.0,1.0,66672.0,66929.81,257.8099999999977,9147.799999999697
2026-04-03 14:00:00,0,0.0,1.0,66929.81,66827.15,102.66000000000349,9250.4599999997
2026-04-03 15:00:00,1,1.0,1.0,66827.15,67010.46,183.31000000001222,9433.769999999713
2026-04-03 16:00:00,1,0.0,1.0,67010.46,66855.01,-155.45000000001164,9278.319999999701
2026-04-03 17:00:00,1,0.0,0.0,66855.01,66812.03,-42.979999999995925,9235.339999999705
2026-04-03 18:00:00,1,1.0,0.0,66812.03,66885.74,73.7100000000064,9309.049999999712
2026-04-03 19:00:00,1,0.0,0.0,66885.74,66831.98,-53.76000000000931,9255.289999999703
2026-04-03 20:00:00,1,1.0,1.0,66831.98,66964.21,132.23000000001048,9387.519999999713
2026-04-03 21:00:00,0,0.0,0.0,66964.21,66888.76,75.45000000001164,9462.969999999725
2026-04-03 22:00:00,1,1.0,0.0,66888.76,66964.3,75.54000000000815,9538.509999999733
2026-04-03 23:00:00,0,0.0,0.0,66964.3,66893.39,70.91000000000349,9609.419999999736
2026-04-04 00:00:00,1,0.0,0.0,66893.39,66852.0,-41.38999999999942,9568.029999999737
2026-04-04 01:00:00,1,0.0,0.0,66852.0,66844.83,-7.169999999998254,9560.859999999739
2026-04-04 02:00:00,1,0.0,0.0,66844.83,66832.18,-12.650000000008731,9548.20999999973
2026-04-04 03:00:00,1,1.0,0.0,66832.18,66860.73,28.55000000000291,9576.759999999733
2026-04-04 04:00:00,0,1.0,0.0,66860.73,66916.29,-55.55999999999767,9521.199999999735
2026-04-04 05:00:00,0,1.0,1.0,66916.29,67013.24,-96.95000000001164,9424.249999999724
2026-04-04 06:00:00,0,1.0,0.0,67013.24,67014.96,-1.7200000000011642,9422.529999999722
2026-04-04 07:00:00,0,0.0,0.0,67014.96,66940.0,74.9600000000064,9497.489999999729
2026-04-04 08:00:00,1,1.0,0.0,66940.0,66988.05,48.05000000000291,9545.539999999732
2026-04-04 09:00:00,0,1.0,1.0,66988.05,67167.0,-178.9499999999971,9366.589999999735
2026-04-04 10:00:00,0,0.0,0.0,67167.0,67156.93,10.070000000006985,9376.659999999742
2026-04-04 11:00:00,1,0.0,0.0,67156.93,67097.87,-59.05999999999767,9317.599999999744
2026-04-04 12:00:00,1,1.0,1.0,67097.87,67193.44,95.57000000000698,9413.16999999975
2026-04-04 13:00:00,0,1.0,0.0,67193.44,67215.24,-21.80000000000291,9391.369999999748
2026-04-04 14:00:00,0,1.0,1.0,67215.24,67383.66,-168.41999999999825,9222.94999999975
2026-04-04 15:00:00,0,0.0,0.0,67383.66,67366.68,16.980000000010477,9239.92999999976
2026-04-04 16:00:00,1,0.0,0.0,67366.68,67329.4,-37.279999999998836,9202.649999999761
2026-04-04 17:00:00,1,0.0,0.0,67329.4,67295.47,-33.929999999993015,9168.719999999768
2026-04-04 18:00:00,1,0.0,0.0,67295.47,67288.42,-7.05000000000291,9161.669999999765
2026-04-04 19:00:00,1,0.0,0.0,67288.42,67268.4,-20.020000000004075,9141.649999999761
2026-04-04 20:00:00,1,1.0,1.0,67268.4,67359.2,90.80000000000291,9232.449999999764
2026-04-04 21:00:00,0,1.0,0.0,67359.2,67399.92,-40.720000000001164,9191.729999999763
2026-04-04 22:00:00,0,0.0,1.0,67399.92,67300.42,99.5,9291.229999999763
2026-04-04 23:00:00,1,0.0,1.0,67300.42,67225.0,-75.41999999999825,9215.809999999765
2026-04-05 00:00:00,1,0.0,1.0,67225.0,67085.0,-140.0,9075.809999999765
2026-04-05 01:00:00,1,1.0,1.0,67085.0,67170.16,85.16000000000349,9160.969999999768
2026-04-05 02:00:00,0,0.0,0.0,67170.16,67145.98,24.180000000007567,9185.149999999776
2026-04-05 03:00:00,1,0.0,0.0,67145.98,67101.65,-44.330000000001746,9140.819999999774
2026-04-05 04:00:00,1,0.0,1.0,67101.65,66931.65,-170.0,8970.819999999774
2026-04-05 05:00:00,1,0.0,1.0,66931.65,66802.24,-129.40999999998894,8841.409999999785
2026-04-05 06:00:00,1,1.0,0.0,66802.24,66820.64,18.39999999999418,8859.80999999978
2026-04-05 07:00:00,1,1.0,1.0,66820.64,66933.18,112.5399999999936,8972.349999999773
2026-04-05 08:00:00,0,1.0,1.0,66933.18,67035.15,-101.97000000000116,8870.379999999772
2026-04-05 09:00:00,0,1.0,0.0,67035.15,67046.01,-10.860000000000582,8859.519999999771
2026-04-05 10:00:00,0,0.0,0.0,67046.01,66999.0,47.00999999999476,8906.529999999766
2026-04-05 11:00:00,1,0.0,1.0,66999.0,66783.58,-215.41999999999825,8691.109999999768
2026-04-05 12:00:00,1,1.0,1.0,66783.58,66890.7,107.11999999999534,8798.229999999763
2026-04-05 13:00:00,1,1.0,0.0,66890.7,66918.03,27.330000000001746,8825.559999999765
2026-04-05 14:00:00,0,1.0,1.0,66918.03,67306.64,-388.6100000000006,8436.949999999764
2026-04-05 15:00:00,0,0.0,1.0,67306.64,67212.62,94.02000000000407,8530.969999999768
2026-04-05 16:00:00,1,1.0,1.0,67212.62,67373.64,161.02000000000407,8691.989999999772
2026-04-05 17:00:00,0,1.0,0.0,67373.64,67413.78,-40.13999999999942,8651.849999999773
2026-04-05 18:00:00,0,0.0,0.0,67413.78,67361.01,52.770000000004075,8704.619999999777
2026-04-05 19:00:00,1,1.0,1.0,67361.01,67658.35,297.34000000001106,9001.959999999788
2026-04-05 20:00:00,0,0.0,1.0,67658.35,67553.43,104.9200000000128,9106.879999999801
2026-04-05 21:00:00,1,1.0,1.0,67553.43,68338.43,785.0,9891.879999999801
2026-04-05 22:00:00,0,1.0,1.0,68338.43,69034.18,-695.75,9196.129999999801
2026-04-05 23:00:00,0,1.0,0.0,69034.18,69083.78,-49.60000000000582,9146.529999999795
2026-04-06 00:00:00,0,0.0,1.0,69083.78,68810.18,273.6000000000058,9420.129999999801
2026-04-06 01:00:00,0,1.0,1.0,68810.18,69207.99,-397.8100000000122,9022.319999999789
2026-04-06 02:00:00,0,0.0,1.0,69207.99,69123.69,84.30000000000291,9106.619999999792
2026-04-06 03:00:00,0,1.0,0.0,69123.69,69141.8,-18.110000000000582,9088.509999999791
2026-04-06 04:00:00,0,1.0,0.0,69141.8,69199.31,-57.50999999999476,9030.999999999796
2026-04-06 05:00:00,0,0.0,1.0,69199.31,68976.67,222.63999999999942,9253.639999999796
2026-04-06 06:00:00,0,1.0,1.0,68976.67,69115.91,-139.24000000000524,9114.39999999979
2026-04-06 07:00:00,0,1.0,1.0,69115.91,69224.63,-108.72000000000116,9005.67999999979
2026-04-06 08:00:00,0,1.0,1.0,69224.63,69728.0,-503.36999999999534,8502.309999999794
2026-04-06 09:00:00,0,1.0,0.0,69728.0,69770.88,-42.88000000000466,8459.42999999979
2026-04-06 10:00:00,0,0.0,1.0,69770.88,69614.91,155.97000000000116,8615.39999999979
2026-04-06 11:00:00,0,0.0,1.0,69614.91,69366.75,248.1600000000035,8863.559999999794
2026-04-06 12:00:00,1,1.0,0.0,69366.75,69428.23,61.479999999995925,8925.03999999979
2026-04-06 13:00:00,0,1.0,1.0,69428.23,69654.38,-226.15000000000873,8698.889999999781
2026-04-06 14:00:00,0,1.0,1.0,69654.38,69968.87,-314.4899999999907,8384.39999999979
2026-04-06 15:00:00,0,0.0,1.0,69968.87,69799.14,169.72999999999593,8554.129999999786
2026-04-06 16:00:00,0,0.0,1.0,69799.14,69574.61,224.52999999999884,8778.659999999785
2026-04-06 17:00:00,0,1.0,1.0,69574.61,69888.97,-314.3600000000006,8464.299999999785
2026-04-06 18:00:00,0,0.0,1.0,69888.97,69739.53,149.44000000000233,8613.739999999787
2026-04-06 19:00:00,0,1.0,1.0,69739.53,69826.01,-86.47999999999593,8527.259999999791
2026-04-06 20:00:00,0,0.0,1.0,69826.01,69504.99,321.0199999999895,8848.27999999978
2026-04-06 21:00:00,1,0.0,1.0,69504.99,68811.0,-693.9900000000052,8154.289999999775
2026-04-06 22:00:00,1,1.0,0.0,68811.0,68853.66,42.66000000000349,8196.949999999779
2026-04-06 23:00:00,1,0.0,1.0,68853.66,68775.7,-77.9600000000064,8118.989999999772
2026-04-07 00:00:00,1,0.0,1.0,68775.7,68400.01,-375.6900000000023,7743.29999999977
2026-04-07 01:00:00,1,1.0,1.0,68400.01,68674.0,273.99000000000524,8017.289999999775
2026-04-07 02:00:00,0,1.0,1.0,68674.0,68779.21,-105.2100000000064,7912.079999999769
2026-04-07 03:00:00,0,1.0,1.0,68779.21,68854.65,-75.43999999998778,7836.639999999781
2026-04-07 04:00:00,0,0.0,1.0,68854.65,68669.0,185.64999999999418,8022.289999999775
2026-04-07 05:00:00,1,0.0,1.0,68669.0,68568.35,-100.64999999999418,7921.639999999781
2026-04-07 06:00:00,1,1.0,0.0,68568.35,68624.61,56.25999999999476,7977.899999999776
2026-04-07 07:00:00,1,1.0,1.0,68624.61,68936.71,312.1000000000058,8289.999999999782
2026-04-07 08:00:00,0,1.0,1.0,68936.71,69150.05,-213.3399999999965,8076.659999999785
2026-04-07 09:00:00,0,0.0,1.0,69150.05,68237.93,912.1200000000099,8988.779999999795
2026-04-07 10:00:00,1,1.0,1.0,68237.93,68345.75,107.82000000000698,9096.599999999802
2026-04-07 11:00:00,1,1.0,0.0,68345.75,68392.18,46.429999999993015,9143.029999999795
2026-04-07 12:00:00,0,0.0,1.0,68392.18,68231.99,160.18999999998778,9303.219999999783
2026-04-07 13:00:00,1,0.0,1.0,68231.99,67860.48,-371.5100000000093,8931.709999999774
2026-04-07 14:00:00,1,1.0,1.0,67860.48,68168.1,307.6200000000099,9239.329999999783
2026-04-07 15:00:00,0,1.0,0.0,68168.1,68229.99,-61.88999999999942,9177.439999999784
2026-04-07 16:00:00,0,1.0,1.0,68229.99,68705.81,-475.81999999999243,8701.619999999792
2026-04-07 17:00:00,0,0.0,1.0,68705.81,68442.53,263.27999999999884,8964.89999999979
2026-04-07 18:00:00,1,1.0,1.0,68442.53,69011.29,568.7599999999948,9533.659999999785
2026-04-07 19:00:00,0,1.0,1.0,69011.29,69319.39,-308.1000000000058,9225.55999999978
2026-04-07 20:00:00,0,1.0,1.0,69319.39,69927.64,-608.25,8617.30999999978
2026-04-07 21:00:00,0,1.0,1.0,69927.64,71514.09,-1586.449999999997,7030.859999999782
2026-04-07 22:00:00,0,1.0,1.0,71514.09,71924.22,-410.13000000000466,6620.729999999778
2026-04-07 23:00:00,0,0.0,1.0,71924.22,71710.19,214.02999999999884,6834.7599999997765
2026-04-08 00:00:00,0,0.0,1.0,71710.19,71476.97,233.22000000000116,7067.979999999778
2026-04-08 01:00:00,0,0.0,1.0,71476.97,71364.94,112.02999999999884,7180.0099999997765
2026-04-08 02:00:00,1,0.0,1.0,71364.94,71287.39,-77.55000000000291,7102.459999999774
2026-04-08 03:00:00,1,1.0,1.0,71287.39,71566.18,278.7899999999936,7381.249999999767
2026-04-08 04:00:00,0,1.0,1.0,71566.18,71731.1,-164.9200000000128,7216.329999999754
2026-04-08 05:00:00,0,1.0,0.0,71731.1,71732.69,-1.5899999999965075,7214.739999999758
2026-04-08 06:00:00,0,0.0,1.0,71732.69,71627.59,105.10000000000582,7319.839999999764
2026-04-08 07:00:00,0,1.0,1.0,71627.59,71800.0,-172.4100000000035,7147.42999999976
2026-04-08 08:00:00,0,0.0,1.0,71800.0,71678.87,121.13000000000466,7268.559999999765
2026-04-08 09:00:00,0,0.0,1.0,71678.87,71476.98,201.88999999999942,7470.449999999764
2026-04-08 10:00:00,0,1.0,1.0,71476.98,71675.12,-198.13999999999942,7272.309999999765
2026-04-08 11:00:00,0,1.0,1.0,71675.12,72071.95,-396.83000000000175,6875.479999999763
2026-04-08 12:00:00,0,0.0,1.0,72071.95,71600.01,471.9400000000023,7347.419999999765
2026-04-08 13:00:00,0,0.0,1.0,71600.01,70912.88,687.1299999999901,8034.5499999997555
2026-04-08 14:00:00,0,1.0,1.0,70912.88,71310.0,-397.11999999999534,7637.42999999976
2026-04-08 15:00:00,0,1.0,1.0,71310.0,71602.1,-292.1000000000058,7345.329999999754
2026-04-08 16:00:00,0,1.0,1.0,71602.1,71888.19,-286.0899999999965,7059.239999999758
2026-04-08 17:00:00,0,0.0,1.0,71888.19,71099.63,788.5599999999977,7847.7999999997555
2026-04-08 18:00:00,0,1.0,1.0,71099.63,71318.48,-218.84999999999127,7628.949999999764
2026-04-08 19:00:00,0,1.0,0.0,71318.48,71372.93,-54.44999999999709,7574.499999999767
2026-04-08 20:00:00,0,1.0,1.0,71372.93,71551.39,-178.4600000000064,7396.039999999761
2026-04-08 21:00:00,0,0.0,1.0,71551.39,71064.84,486.5500000000029,7882.589999999764
2026-04-08 22:00:00,0,1.0,0.0,71064.84,71069.93,-5.0899999999965075,7877.499999999767
2026-04-08 23:00:00,0,0.0,1.0,71069.93,70815.5,254.42999999999302,8131.92999999976
