timestamp,pred_dir,label,mask,close,next_close,pnl_usdt_1btc,cumulative_pnl_usdt_1btc
2026-01-01 00:00:00,1,1.0,1.0,87809.23,87960.0,150.77000000000407,150.77000000000407
2026-01-01 01:00:00,0,0.0,0.0,87960.0,87914.0,46.0,196.77000000000407
2026-01-01 02:00:00,1,0.0,0.0,87914.0,87846.02,-67.97999999999593,128.79000000000815
2026-01-01 03:00:00,1,0.0,1.0,87846.02,87590.4,-255.6200000000099,-126.83000000000175
2026-01-01 04:00:00,1,1.0,1.0,87590.4,87704.39,113.99000000000524,-12.839999999996508
2026-01-01 05:00:00,1,0.0,0.0,87704.39,87658.0,-46.38999999999942,-59.229999999995925
2026-01-01 06:00:00,1,0.0,0.0,87658.0,87631.88,-26.119999999995343,-85.34999999999127
2026-01-01 07:00:00,1,1.0,1.0,87631.88,87770.9,139.01999999998952,53.669999999998254
2026-01-01 08:00:00,0,1.0,1.0,87770.9,87877.99,-107.09000000001106,-53.420000000012806
2026-01-01 09:00:00,0,0.0,0.0,87877.99,87863.76,14.230000000010477,-39.19000000000233
2026-01-01 10:00:00,1,1.0,1.0,87863.76,88024.64,160.88000000000466,121.69000000000233
2026-01-01 11:00:00,0,0.0,1.0,88024.64,87950.0,74.63999999999942,196.33000000000175
2026-01-01 12:00:00,1,0.0,0.0,87950.0,87922.64,-27.360000000000582,168.97000000000116
2026-01-01 13:00:00,1,1.0,0.0,87922.64,87967.05,44.41000000000349,213.38000000000466
2026-01-01 14:00:00,0,1.0,0.0,87967.05,88032.18,-65.1299999999901,148.25000000001455
2026-01-01 15:00:00,0,0.0,0.0,88032.18,87988.76,43.419999999998254,191.6700000000128
2026-01-01 16:00:00,1,1.0,1.0,87988.76,88316.37,327.6100000000006,519.2800000000134
2026-01-01 17:00:00,0,0.0,1.0,88316.37,88193.94,122.42999999999302,641.7100000000064
2026-01-01 18:00:00,1,1.0,1.0,88193.94,88391.15,197.20999999999185,838.9199999999983
2026-01-01 19:00:00,0,0.0,1.0,88391.15,88258.12,133.02999999999884,971.9499999999971
2026-01-01 20:00:00,1,1.0,1.0,88258.12,88377.67,119.55000000000291,1091.5
2026-01-01 21:00:00,0,1.0,1.0,88377.67,88645.57,-267.90000000000873,823.5999999999913
2026-01-01 22:00:00,0,1.0,1.0,88645.57,88839.04,-193.4699999999866,630.1300000000047
2026-01-01 23:00:00,0,0.0,0.0,88839.04,88833.97,5.069999999992433,635.1999999999971
2026-01-02 00:00:00,0,0.0,1.0,88833.97,88639.89,194.08000000000175,829.2799999999988
2026-01-02 01:00:00,1,0.0,0.0,88639.89,88637.03,-2.860000000000582,826.4199999999983
2026-01-02 02:00:00,1,1.0,1.0,88637.03,88950.65,313.61999999999534,1140.0399999999936
2026-01-02 03:00:00,0,0.0,1.0,88950.65,88637.64,313.00999999999476,1453.0499999999884
2026-01-02 04:00:00,1,1.0,1.0,88637.64,88765.2,127.55999999999767,1580.609999999986
2026-01-02 05:00:00,0,1.0,1.0,88765.2,88935.04,-169.8399999999965,1410.7699999999895
2026-01-02 06:00:00,0,0.0,1.0,88935.04,88857.61,77.42999999999302,1488.1999999999825
2026-01-02 07:00:00,0,1.0,1.0,88857.61,89178.13,-320.5200000000041,1167.6799999999785
2026-01-02 08:00:00,0,1.0,1.0,89178.13,89467.32,-289.1900000000023,878.4899999999761
2026-01-02 09:00:00,0,1.0,1.0,89467.32,89666.29,-198.9699999999866,679.5199999999895
2026-01-02 10:00:00,0,0.0,1.0,89666.29,89502.95,163.3399999999965,842.859999999986
2026-01-02 11:00:00,0,0.0,1.0,89502.95,89400.0,102.94999999999709,945.8099999999831
2026-01-02 12:00:00,0,0.0,0.0,89400.0,89348.68,51.320000000006985,997.1299999999901
2026-01-02 13:00:00,1,1.0,1.0,89348.68,89580.0,231.32000000000698,1228.449999999997
2026-01-02 14:00:00,0,0.0,1.0,89580.0,89418.11,161.88999999999942,1390.3399999999965
2026-01-02 15:00:00,1,1.0,1.0,89418.11,90376.05,957.9400000000023,2348.279999999999
2026-01-02 16:00:00,0,0.0,0.0,90376.05,90370.52,5.529999999998836,2353.8099999999977
2026-01-02 17:00:00,1,0.0,1.0,90370.52,89773.1,-597.4199999999983,1756.3899999999994
2026-01-02 18:00:00,1,1.0,1.0,89773.1,89897.23,124.1299999999901,1880.5199999999895
2026-01-02 19:00:00,0,0.0,1.0,89897.23,89740.0,157.22999999999593,2037.7499999999854
2026-01-02 20:00:00,1,1.0,1.0,89740.0,90065.8,325.8000000000029,2363.5499999999884
2026-01-02 21:00:00,0,1.0,1.0,90065.8,90195.37,-129.56999999999243,2233.979999999996
2026-01-02 22:00:00,0,0.0,1.0,90195.37,89995.13,200.2399999999907,2434.2199999999866
2026-01-02 23:00:00,1,1.0,1.0,89995.13,90156.19,161.05999999999767,2595.2799999999843
2026-01-03 00:00:00,0,1.0,1.0,90156.19,90282.69,-126.5,2468.7799999999843
2026-01-03 01:00:00,0,1.0,0.0,90282.69,90340.0,-57.30999999999767,2411.4699999999866
2026-01-03 02:00:00,0,0.0,0.0,90340.0,90321.22,18.779999999998836,2430.2499999999854
2026-01-03 03:00:00,0,0.0,1.0,90321.22,90170.0,151.22000000000116,2581.4699999999866
2026-01-03 04:00:00,1,0.0,1.0,90170.0,90031.1,-138.89999999999418,2442.5699999999924
2026-01-03 05:00:00,1,0.0,1.0,90031.1,89871.05,-160.0500000000029,2282.5199999999895
2026-01-03 06:00:00,1,0.0,1.0,89871.05,89577.13,-293.91999999999825,1988.5999999999913
2026-01-03 07:00:00,1,1.0,1.0,89577.13,89670.51,93.3799999999901,2081.9799999999814
2026-01-03 08:00:00,1,1.0,1.0,89670.51,89791.99,121.48000000001048,2203.459999999992
2026-01-03 09:00:00,0,0.0,0.0,89791.99,89754.47,37.520000000004075,2240.979999999996
2026-01-03 10:00:00,1,0.0,0.0,89754.47,89752.74,-1.7299999999959255,2239.25
2026-01-03 11:00:00,0,1.0,1.0,89752.74,90039.13,-286.3899999999994,1952.8600000000006
2026-01-03 12:00:00,0,0.0,0.0,90039.13,90004.96,34.169999999998254,1987.0299999999988
2026-01-03 13:00:00,1,1.0,1.0,90004.96,90126.02,121.05999999999767,2108.0899999999965
2026-01-03 14:00:00,0,0.0,1.0,90126.02,89969.31,156.7100000000064,2264.800000000003
2026-01-03 15:00:00,1,1.0,1.0,89969.31,90105.24,135.93000000000757,2400.7300000000105
2026-01-03 16:00:00,0,0.0,0.0,90105.24,90093.99,11.25,2411.9800000000105
2026-01-03 17:00:00,0,1.0,0.0,90093.99,90138.87,-44.879999999990105,2367.1000000000204
2026-01-03 18:00:00,0,0.0,0.0,90138.87,90123.77,15.099999999991269,2382.2000000000116
2026-01-03 19:00:00,0,1.0,1.0,90123.77,90372.39,-248.61999999999534,2133.5800000000163
2026-01-03 20:00:00,0,1.0,1.0,90372.39,90564.31,-191.91999999999825,1941.660000000018
2026-01-03 21:00:00,0,1.0,0.0,90564.31,90590.04,-25.729999999995925,1915.9300000000221
2026-01-03 22:00:00,0,1.0,0.0,90590.04,90628.01,-37.970000000001164,1877.960000000021
2026-01-03 23:00:00,0,1.0,1.0,90628.01,91341.47,-713.4600000000064,1164.5000000000146
2026-01-04 00:00:00,0,0.0,1.0,91341.47,91235.37,106.10000000000582,1270.6000000000204
2026-01-04 01:00:00,1,0.0,1.0,91235.37,91124.0,-111.36999999999534,1159.230000000025
2026-01-04 02:00:00,1,1.0,1.0,91124.0,91236.78,112.77999999999884,1272.0100000000239
2026-01-04 03:00:00,0,1.0,1.0,91236.78,91400.0,-163.22000000000116,1108.7900000000227
2026-01-04 04:00:00,0,1.0,1.0,91400.0,91480.04,-80.0399999999936,1028.750000000029
2026-01-04 05:00:00,0,0.0,1.0,91480.04,91237.55,242.4899999999907,1271.2400000000198
2026-01-04 06:00:00,0,1.0,1.0,91237.55,91532.0,-294.4499999999971,976.7900000000227
2026-01-04 07:00:00,0,0.0,1.0,91532.0,91374.99,157.00999999999476,1133.8000000000175
2026-01-04 08:00:00,1,1.0,1.0,91374.99,91468.28,93.2899999999936,1227.090000000011
2026-01-04 09:00:00,0,1.0,1.0,91468.28,91600.62,-132.3399999999965,1094.7500000000146
2026-01-04 10:00:00,0,0.0,1.0,91600.62,91300.0,300.61999999999534,1395.37000000001
2026-01-04 11:00:00,0,0.0,1.0,91300.0,91150.98,149.02000000000407,1544.390000000014
2026-01-04 12:00:00,1,1.0,1.0,91150.98,91264.0,113.02000000000407,1657.410000000018
2026-01-04 13:00:00,0,1.0,1.0,91264.0,91336.39,-72.38999999999942,1585.0200000000186
2026-01-04 14:00:00,0,0.0,0.0,91336.39,91334.94,1.4499999999970896,1586.4700000000157
2026-01-04 15:00:00,0,0.0,0.0,91334.94,91321.0,13.940000000002328,1600.410000000018
2026-01-04 16:00:00,1,1.0,0.0,91321.0,91335.73,14.729999999995925,1615.140000000014
2026-01-04 17:00:00,1,0.0,1.0,91335.73,91205.39,-130.3399999999965,1484.8000000000175
2026-01-04 18:00:00,1,0.0,0.0,91205.39,91138.07,-67.31999999999243,1417.480000000025
2026-01-04 19:00:00,1,1.0,1.0,91138.07,91313.94,175.86999999999534,1593.3500000000204
2026-01-04 20:00:00,1,0.0,0.0,91313.94,91279.99,-33.94999999999709,1559.4000000000233
2026-01-04 21:00:00,1,0.0,0.0,91279.99,91220.01,-59.98000000001048,1499.4200000000128
2026-01-04 22:00:00,1,1.0,1.0,91220.01,91529.73,309.72000000000116,1809.140000000014
2026-01-04 23:00:00,0,1.0,1.0,91529.73,92405.46,-875.7300000000105,933.4100000000035
2026-01-05 00:00:00,0,1.0,1.0,92405.46,92967.28,-561.8199999999924,371.59000000001106
2026-01-05 01:00:00,0,1.0,0.0,92967.28,93033.11,-65.83000000000175,305.7600000000093
2026-01-05 02:00:00,0,0.0,1.0,93033.11,92878.22,154.88999999999942,460.65000000000873
2026-01-05 03:00:00,1,0.0,1.0,92878.22,92595.07,-283.1499999999942,177.50000000001455
2026-01-05 04:00:00,1,0.0,1.0,92595.07,92359.99,-235.08000000000175,-57.579999999987194
2026-01-05 05:00:00,1,1.0,1.0,92359.99,92491.81,131.81999999999243,74.24000000000524
2026-01-05 06:00:00,1,1.0,0.0,92491.81,92520.63,28.820000000006985,103.06000000001222
2026-01-05 07:00:00,1,0.0,0.0,92520.63,92467.53,-53.10000000000582,49.9600000000064
2026-01-05 08:00:00,1,1.0,1.0,92467.53,92688.6,221.07000000000698,271.0300000000134
2026-01-05 09:00:00,0,1.0,1.0,92688.6,93080.0,-391.3999999999942,-120.36999999998079
2026-01-05 10:00:00,0,1.0,0.0,93080.0,93134.26,-54.25999999999476,-174.62999999997555
2026-01-05 11:00:00,0,0.0,1.0,93134.26,92874.28,259.9799999999959,85.35000000002037
2026-01-05 12:00:00,0,0.0,1.0,92874.28,92742.74,131.5399999999936,216.89000000001397
2026-01-05 13:00:00,1,1.0,1.0,92742.74,93428.0,685.2599999999948,902.1500000000087
2026-01-05 14:00:00,0,1.0,1.0,93428.0,93957.73,-529.7299999999959,372.4200000000128
2026-01-05 15:00:00,0,0.0,1.0,93957.73,93701.31,256.41999999999825,628.8400000000111
2026-01-05 16:00:00,1,1.0,1.0,93701.31,94317.84,616.5299999999988,1245.37000000001
2026-01-05 17:00:00,0,1.0,1.0,94317.84,94449.62,-131.77999999999884,1113.590000000011
2026-01-05 18:00:00,0,0.0,1.0,94449.62,94303.4,146.22000000000116,1259.8100000000122
2026-01-05 19:00:00,0,0.0,1.0,94303.4,94177.99,125.40999999998894,1385.2200000000012
2026-01-05 20:00:00,1,0.0,1.0,94177.99,94095.78,-82.2100000000064,1303.0099999999948
2026-01-05 21:00:00,1,1.0,1.0,94095.78,94171.22,75.44000000000233,1378.449999999997
2026-01-05 22:00:00,1,0.0,1.0,94171.22,93859.71,-311.50999999999476,1066.9400000000023
2026-01-05 23:00:00,1,0.0,0.0,93859.71,93816.7,-43.01000000000931,1023.929999999993
2026-01-06 00:00:00,1,0.0,0.0,93816.7,93771.82,-44.879999999990105,979.0500000000029
2026-01-06 01:00:00,1,0.0,1.0,93771.82,93620.6,-151.22000000000116,827.8300000000017
2026-01-06 02:00:00,1,1.0,1.0,93620.6,93769.24,148.63999999999942,976.4700000000012
2026-01-06 03:00:00,1,1.0,0.0,93769.24,93801.07,31.830000000001746,1008.3000000000029
2026-01-06 04:00:00,1,0.0,1.0,93801.07,93599.99,-201.08000000000175,807.2200000000012
2026-01-06 05:00:00,1,1.0,1.0,93599.99,93780.01,180.01999999998952,987.2399999999907
2026-01-06 06:00:00,0,0.0,1.0,93780.01,93255.08,524.929999999993,1512.1699999999837
2026-01-06 07:00:00,1,0.0,0.0,93255.08,93240.17,-14.910000000003492,1497.2599999999802
2026-01-06 08:00:00,1,1.0,1.0,93240.17,93462.72,222.5500000000029,1719.8099999999831
2026-01-06 09:00:00,1,1.0,1.0,93462.72,93579.56,116.83999999999651,1836.6499999999796
2026-01-06 10:00:00,0,1.0,1.0,93579.56,93840.0,-260.4400000000023,1576.2099999999773
2026-01-06 11:00:00,0,1.0,0.0,93840.0,93872.16,-32.16000000000349,1544.0499999999738
2026-01-06 12:00:00,0,0.0,1.0,93872.16,93716.53,155.63000000000466,1699.6799999999785
2026-01-06 13:00:00,1,1.0,1.0,93716.53,93836.81,120.27999999999884,1819.9599999999773
2026-01-06 14:00:00,0,0.0,1.0,93836.81,93648.99,187.81999999999243,2007.7799999999697
2026-01-06 15:00:00,1,0.0,1.0,93648.99,92692.32,-956.6699999999983,1051.1099999999715
2026-01-06 16:00:00,1,0.0,1.0,92692.32,91589.24,-1103.0800000000017,-51.97000000003027
2026-01-06 17:00:00,1,1.0,1.0,91589.24,92034.09,444.84999999999127,392.879999999961
2026-01-06 18:00:00,0,1.0,0.0,92034.09,92104.5,-70.41000000000349,322.4699999999575
2026-01-06 19:00:00,0,1.0,1.0,92104.5,92505.32,-400.820000000007,-78.35000000004948
2026-01-06 20:00:00,0,1.0,1.0,92505.32,93258.05,-752.7299999999959,-831.0800000000454
2026-01-06 21:00:00,0,1.0,1.0,93258.05,93362.68,-104.6299999999901,-935.7100000000355
2026-01-06 22:00:00,0,1.0,1.0,93362.68,93747.97,-385.29000000000815,-1321.0000000000437
2026-01-06 23:00:00,0,0.0,1.0,93747.97,92709.52,1038.449999999997,-282.55000000004657
2026-01-07 00:00:00,0,0.0,1.0,92709.52,92435.35,274.16999999999825,-8.380000000048312
2026-01-07 01:00:00,1,1.0,1.0,92435.35,92949.77,514.4199999999983,506.03999999994994
2026-01-07 02:00:00,0,0.0,1.0,92949.77,92815.83,133.94000000000233,639.9799999999523
2026-01-07 03:00:00,1,0.0,1.0,92815.83,92670.29,-145.54000000000815,494.4399999999441
2026-01-07 04:00:00,1,0.0,1.0,92670.29,92529.54,-140.75,353.6899999999441
2026-01-07 05:00:00,1,1.0,1.0,92529.54,92614.84,85.30000000000291,438.98999999994703
2026-01-07 06:00:00,1,1.0,1.0,92614.84,92879.13,264.29000000000815,703.2799999999552
2026-01-07 07:00:00,0,0.0,1.0,92879.13,92718.9,160.23000000001048,863.5099999999657
2026-01-07 08:00:00,1,0.0,1.0,92718.9,91716.14,-1002.7599999999948,-139.2500000000291
2026-01-07 09:00:00,1,1.0,1.0,91716.14,91975.31,259.16999999999825,119.91999999996915
2026-01-07 10:00:00,1,1.0,1.0,91975.31,92087.21,111.90000000000873,231.81999999997788
2026-01-07 11:00:00,0,0.0,1.0,92087.21,91997.86,89.35000000000582,321.1699999999837
2026-01-07 12:00:00,1,1.0,0.0,91997.86,92044.67,46.80999999999767,367.9799999999814
2026-01-07 13:00:00,0,0.0,1.0,92044.67,91959.04,85.63000000000466,453.60999999998603
2026-01-07 14:00:00,1,0.0,1.0,91959.04,91349.96,-609.0799999999872,-155.47000000000116
2026-01-07 15:00:00,1,0.0,1.0,91349.96,91264.54,-85.4200000000128,-240.89000000001397
2026-01-07 16:00:00,1,0.0,0.0,91264.54,91252.14,-12.39999999999418,-253.29000000000815
2026-01-07 17:00:00,1,0.0,1.0,91252.14,90901.39,-350.75,-604.0400000000081
2026-01-07 18:00:00,1,1.0,1.0,90901.39,91186.07,284.68000000000757,-319.3600000000006
2026-01-07 19:00:00,1,0.0,1.0,91186.07,91047.49,-138.58000000000175,-457.9400000000023
2026-01-07 20:00:00,1,1.0,0.0,91047.49,91089.5,42.00999999999476,-415.93000000000757
2026-01-07 21:00:00,1,1.0,1.0,91089.5,91180.85,91.35000000000582,-324.58000000000175
2026-01-07 22:00:00,0,1.0,1.0,91180.85,91364.16,-183.30999999999767,-507.8899999999994
2026-01-07 23:00:00,0,1.0,0.0,91364.16,91394.71,-30.55000000000291,-538.4400000000023
2026-01-08 00:00:00,0,1.0,0.0,91394.71,91428.4,-33.689999999987776,-572.1299999999901
2026-01-08 01:00:00,0,0.0,1.0,91428.4,90956.49,471.90999999998894,-100.22000000000116
2026-01-08 02:00:00,0,0.0,1.0,90956.49,90813.4,143.09000000001106,42.870000000009895
2026-01-08 03:00:00,1,1.0,1.0,90813.4,91022.75,209.35000000000582,252.22000000001572
2026-01-08 04:00:00,0,0.0,1.0,91022.75,90829.58,193.16999999999825,445.39000000001397
2026-01-08 05:00:00,1,0.0,1.0,90829.58,89898.01,-931.570000000007,-486.179999999993
2026-01-08 06:00:00,1,1.0,1.0,89898.01,90548.02,650.0100000000093,163.8300000000163
2026-01-08 07:00:00,0,0.0,1.0,90548.02,90227.25,320.7700000000041,484.6000000000204
2026-01-08 08:00:00,1,0.0,1.0,90227.25,90010.0,-217.25,267.3500000000204
2026-01-08 09:00:00,1,1.0,1.0,90010.0,90410.1,400.1000000000058,667.4500000000262
2026-01-08 10:00:00,0,0.0,1.0,90410.1,90226.77,183.33000000000175,850.7800000000279
2026-01-08 11:00:00,1,0.0,1.0,90226.77,89989.21,-237.55999999999767,613.2200000000303
2026-01-08 12:00:00,1,0.0,0.0,89989.21,89962.14,-27.070000000006985,586.1500000000233
2026-01-08 13:00:00,1,1.0,0.0,89962.14,90024.01,61.86999999999534,648.0200000000186
2026-01-08 14:00:00,0,1.0,1.0,90024.01,90781.57,-757.5600000000122,-109.5399999999936
2026-01-08 15:00:00,0,1.0,1.0,90781.57,90926.84,-145.26999999998952,-254.80999999998312
2026-01-08 16:00:00,0,1.0,1.0,90926.84,91366.39,-439.5500000000029,-694.359999999986
2026-01-08 17:00:00,0,0.0,1.0,91366.39,91117.35,249.0399999999936,-445.31999999999243
2026-01-08 18:00:00,0,0.0,1.0,91117.35,90937.41,179.94000000000233,-265.3799999999901
2026-01-08 19:00:00,1,0.0,0.0,90937.41,90927.62,-9.790000000008149,-275.16999999999825
2026-01-08 20:00:00,1,1.0,1.0,90927.62,91272.96,345.34000000001106,70.1700000000128
2026-01-08 21:00:00,0,0.0,0.0,91272.96,91231.9,41.060000000012224,111.23000000002503
2026-01-08 22:00:00,1,0.0,1.0,91231.9,91099.99,-131.90999999998894,-20.67999999996391
2026-01-08 23:00:00,1,1.0,1.0,91099.99,91290.33,190.3399999999965,169.6600000000326
2026-01-09 00:00:00,0,0.0,1.0,91290.33,91056.19,234.13999999999942,403.800000000032
2026-01-09 01:00:00,1,0.0,0.0,91056.19,91038.38,-17.80999999999767,385.99000000003434
2026-01-09 02:00:00,1,1.0,1.0,91038.38,91220.23,181.84999999999127,567.8400000000256
2026-01-09 03:00:00,0,0.0,1.0,91220.23,91012.8,207.42999999999302,775.2700000000186
2026-01-09 04:00:00,1,1.0,1.0,91012.8,91091.82,79.02000000000407,854.2900000000227
2026-01-09 05:00:00,0,1.0,0.0,91091.82,91137.58,-45.75999999999476,808.5300000000279
2026-01-09 06:00:00,0,0.0,1.0,91137.58,90741.84,395.74000000000524,1204.2700000000332
2026-01-09 07:00:00,1,0.0,1.0,90741.84,90033.52,-708.3199999999924,495.95000000004075
2026-01-09 08:00:00,1,1.0,1.0,90033.52,90338.46,304.9400000000023,800.8900000000431
2026-01-09 09:00:00,0,1.0,1.0,90338.46,90485.87,-147.40999999998894,653.4800000000541
2026-01-09 10:00:00,0,0.0,0.0,90485.87,90463.11,22.75999999999476,676.2400000000489
2026-01-09 11:00:00,0,0.0,0.0,90463.11,90449.23,13.880000000004657,690.1200000000536
2026-01-09 12:00:00,1,1.0,1.0,90449.23,90607.66,158.43000000000757,848.5500000000611
2026-01-09 13:00:00,0,0.0,1.0,90607.66,90150.0,457.6600000000035,1306.2100000000646
2026-01-09 14:00:00,1,1.0,1.0,90150.0,91176.47,1026.4700000000012,2332.680000000066
2026-01-09 15:00:00,0,1.0,1.0,91176.47,91623.89,-447.41999999999825,1885.2600000000675
2026-01-09 16:00:00,0,0.0,1.0,91623.89,91422.23,201.6600000000035,2086.920000000071
2026-01-09 17:00:00,0,0.0,1.0,91422.23,90820.31,601.9199999999983,2688.8400000000693
2026-01-09 18:00:00,1,0.0,1.0,90820.31,90332.15,-488.1600000000035,2200.680000000066
2026-01-09 19:00:00,1,0.0,0.0,90332.15,90303.36,-28.789999999993597,2171.890000000072
2026-01-09 20:00:00,1,1.0,1.0,90303.36,90541.97,238.61000000000058,2410.5000000000728
2026-01-09 21:00:00,1,1.0,1.0,90541.97,90630.08,88.11000000000058,2498.6100000000733
2026-01-09 22:00:00,0,1.0,0.0,90630.08,90641.28,-11.19999999999709,2487.4100000000763
2026-01-09 23:00:00,0,0.0,0.0,90641.28,90600.0,41.279999999998836,2528.690000000075
2026-01-10 00:00:00,0,1.0,1.0,90600.0,90688.0,-88.0,2440.690000000075
2026-01-10 01:00:00,0,1.0,0.0,90688.0,90697.17,-9.169999999998254,2431.520000000077
2026-01-10 02:00:00,0,0.0,0.0,90697.17,90626.14,71.02999999999884,2502.5500000000757
2026-01-10 03:00:00,0,0.0,1.0,90626.14,90448.3,177.8399999999965,2680.390000000072
2026-01-10 04:00:00,1,1.0,1.0,90448.3,90603.52,155.22000000000116,2835.6100000000733
2026-01-10 05:00:00,0,0.0,1.0,90603.52,90505.47,98.05000000000291,2933.6600000000763
2026-01-10 06:00:00,0,1.0,1.0,90505.47,90678.5,-173.02999999999884,2760.6300000000774
2026-01-10 07:00:00,0,0.0,0.0,90678.5,90661.95,16.55000000000291,2777.1800000000803
2026-01-10 08:00:00,0,1.0,1.0,90661.95,90768.96,-107.01000000000931,2670.170000000071
2026-01-10 09:00:00,0,1.0,0.0,90768.96,90828.0,-59.0399999999936,2611.1300000000774
2026-01-10 10:00:00,0,0.0,1.0,90828.0,90723.86,104.13999999999942,2715.270000000077
2026-01-10 11:00:00,0,1.0,0.0,90723.86,90733.71,-9.85000000000582,2705.420000000071
2026-01-10 12:00:00,0,0.0,1.0,90733.71,90656.51,77.20000000001164,2782.6200000000827
2026-01-10 13:00:00,0,0.0,0.0,90656.51,90591.01,65.5,2848.1200000000827
2026-01-10 14:00:00,1,1.0,1.0,90591.01,90665.75,74.74000000000524,2922.860000000088
2026-01-10 15:00:00,0,1.0,0.0,90665.75,90676.66,-10.910000000003492,2911.9500000000844
2026-01-10 16:00:00,0,0.0,1.0,90676.66,90544.96,131.6999999999971,3043.6500000000815
2026-01-10 17:00:00,0,1.0,0.0,90544.96,90595.62,-50.65999999998894,2992.9900000000926
2026-01-10 18:00:00,0,1.0,0.0,90595.62,90626.54,-30.919999999998254,2962.0700000000943
2026-01-10 19:00:00,0,0.0,0.0,90626.54,90572.86,53.679999999993015,3015.7500000000873
2026-01-10 20:00:00,0,0.0,0.0,90572.86,90510.74,62.11999999999534,3077.8700000000827
2026-01-10 21:00:00,1,0.0,1.0,90510.74,90427.76,-82.98000000001048,2994.890000000072
2026-01-10 22:00:00,1,1.0,1.0,90427.76,90504.7,76.94000000000233,3071.8300000000745
2026-01-10 23:00:00,0,1.0,1.0,90504.7,90640.44,-135.74000000000524,2936.0900000000693
2026-01-11 00:00:00,0,0.0,0.0,90640.44,90628.23,12.210000000006403,2948.3000000000757
2026-01-11 01:00:00,1,1.0,1.0,90628.23,90699.0,70.77000000000407,3019.0700000000797
2026-01-11 02:00:00,0,1.0,0.0,90699.0,90733.5,-34.5,2984.5700000000797
2026-01-11 03:00:00,0,1.0,0.0,90733.5,90785.48,-51.979999999995925,2932.590000000084
2026-01-11 04:00:00,0,0.0,0.0,90785.48,90774.43,11.05000000000291,2943.6400000000867
2026-01-11 05:00:00,0,0.0,0.0,90774.43,90744.0,30.429999999993015,2974.0700000000797
2026-01-11 06:00:00,1,0.0,0.0,90744.0,90710.79,-33.2100000000064,2940.8600000000733
2026-01-11 07:00:00,1,1.0,1.0,90710.79,90790.01,79.22000000000116,3020.0800000000745
2026-01-11 08:00:00,0,0.0,0.0,90790.01,90740.02,49.98999999999069,3070.070000000065
2026-01-11 09:00:00,1,0.0,0.0,90740.02,90736.67,-3.3500000000058208,3066.7200000000594
2026-01-11 10:00:00,1,1.0,0.0,90736.67,90754.99,18.320000000006985,3085.0400000000664
2026-01-11 11:00:00,0,1.0,1.0,90754.99,90938.13,-183.13999999999942,2901.900000000067
2026-01-11 12:00:00,0,0.0,1.0,90938.13,90849.45,88.68000000000757,2990.5800000000745
2026-01-11 13:00:00,1,1.0,1.0,90849.45,91127.16,277.7100000000064,3268.290000000081
2026-01-11 14:00:00,0,0.0,1.0,91127.16,90875.79,251.3700000000099,3519.660000000091
2026-01-11 15:00:00,1,1.0,1.0,90875.79,91039.15,163.36000000000058,3683.0200000000914
2026-01-11 16:00:00,0,0.0,0.0,91039.15,90986.68,52.470000000001164,3735.4900000000926
2026-01-11 17:00:00,0,0.0,1.0,90986.68,90886.68,100.0,3835.4900000000926
2026-01-11 18:00:00,1,0.0,1.0,90886.68,90690.8,-195.8799999999901,3639.6100000001024
2026-01-11 19:00:00,1,1.0,0.0,90690.8,90708.26,17.45999999999185,3657.0700000000943
2026-01-11 20:00:00,1,1.0,0.0,90708.26,90757.06,48.80000000000291,3705.870000000097
2026-01-11 21:00:00,0,0.0,1.0,90757.06,90526.02,231.0399999999936,3936.910000000091
2026-01-11 22:00:00,1,1.0,1.0,90526.02,91013.65,487.6299999999901,4424.540000000081
2026-01-11 23:00:00,0,1.0,1.0,91013.65,91258.65,-245.0,4179.540000000081
2026-01-12 00:00:00,0,1.0,1.0,91258.65,91412.44,-153.79000000000815,4025.7500000000728
2026-01-12 01:00:00,0,1.0,1.0,91412.44,92203.56,-791.1199999999953,3234.6300000000774
2026-01-12 02:00:00,0,0.0,1.0,92203.56,91808.12,395.4400000000023,3630.0700000000797
2026-01-12 03:00:00,0,1.0,1.0,91808.12,92175.78,-367.6600000000035,3262.4100000000763
2026-01-12 04:00:00,0,0.0,0.0,92175.78,92111.86,63.919999999998254,3326.3300000000745
2026-01-12 05:00:00,0,0.0,1.0,92111.86,91836.34,275.5200000000041,3601.8500000000786
2026-01-12 06:00:00,1,0.0,1.0,91836.34,91408.09,-428.25,3173.6000000000786
2026-01-12 07:00:00,1,0.0,1.0,91408.09,90752.27,-655.8199999999924,2517.780000000086
2026-01-12 08:00:00,1,0.0,0.0,90752.27,90685.64,-66.63000000000466,2451.1500000000815
2026-01-12 09:00:00,1,0.0,1.0,90685.64,90433.46,-252.17999999999302,2198.9700000000885
2026-01-12 10:00:00,1,1.0,1.0,90433.46,90620.96,187.5,2386.4700000000885
2026-01-12 11:00:00,1,1.0,1.0,90620.96,90789.37,168.40999999998894,2554.8800000000774
2026-01-12 12:00:00,0,0.0,1.0,90789.37,90636.01,153.36000000000058,2708.240000000078
2026-01-12 13:00:00,1,1.0,1.0,90636.01,90908.95,272.9400000000023,2981.1800000000803
2026-01-12 14:00:00,0,1.0,1.0,90908.95,91665.0,-756.0500000000029,2225.1300000000774
2026-01-12 15:00:00,0,1.0,1.0,91665.0,92123.52,-458.5200000000041,1766.6100000000733
2026-01-12 16:00:00,0,0.0,1.0,92123.52,91522.83,600.6900000000023,2367.3000000000757
2026-01-12 17:00:00,0,1.0,1.0,91522.83,91691.8,-168.97000000000116,2198.3300000000745
2026-01-12 18:00:00,0,1.0,1.0,91691.8,91861.27,-169.47000000000116,2028.8600000000733
2026-01-12 19:00:00,0,0.0,1.0,91861.27,91484.86,376.4100000000035,2405.270000000077
2026-01-12 20:00:00,0,0.0,1.0,91484.86,91055.17,429.6900000000023,2834.960000000079
2026-01-12 21:00:00,1,1.0,1.0,91055.17,91244.99,189.82000000000698,3024.780000000086
2026-01-12 22:00:00,0,1.0,0.0,91244.99,91296.2,-51.20999999999185,2973.5700000000943
2026-01-12 23:00:00,0,1.0,1.0,91296.2,91482.74,-186.54000000000815,2787.030000000086
2026-01-13 00:00:00,0,0.0,1.0,91482.74,91185.35,297.3899999999994,3084.4200000000856
2026-01-13 01:00:00,0,0.0,0.0,91185.35,91118.3,67.05000000000291,3151.4700000000885
2026-01-13 02:00:00,1,1.0,1.0,91118.3,91408.91,290.6100000000006,3442.080000000089
2026-01-13 03:00:00,0,1.0,1.0,91408.91,91515.16,-106.25,3335.830000000089
2026-01-13 04:00:00,0,1.0,1.0,91515.16,91920.99,-405.83000000000175,2930.0000000000873
2026-01-13 05:00:00,0,1.0,1.0,91920.99,92184.36,-263.36999999999534,2666.630000000092
2026-01-13 06:00:00,0,0.0,1.0,92184.36,91942.0,242.36000000000058,2908.9900000000926
2026-01-13 07:00:00,0,1.0,1.0,91942.0,92165.9,-223.89999999999418,2685.0900000000984
2026-01-13 08:00:00,0,1.0,1.0,92165.9,92269.42,-103.52000000000407,2581.5700000000943
2026-01-13 09:00:00,0,0.0,1.0,92269.42,92128.62,140.8000000000029,2722.370000000097
2026-01-13 10:00:00,0,0.0,1.0,92128.62,92000.74,127.8799999999901,2850.2500000000873
2026-01-13 11:00:00,1,1.0,1.0,92000.74,92109.35,108.61000000000058,2958.860000000088
2026-01-13 12:00:00,0,0.0,0.0,92109.35,92076.12,33.23000000001048,2992.0900000000984
2026-01-13 13:00:00,1,1.0,1.0,92076.12,92462.03,385.9100000000035,3378.000000000102
2026-01-13 14:00:00,0,1.0,1.0,92462.03,93449.99,-987.9600000000064,2390.0400000000955
2026-01-13 15:00:00,0,0.0,0.0,93449.99,93389.63,60.36000000000058,2450.400000000096
2026-01-13 16:00:00,1,0.0,1.0,93389.63,93241.99,-147.63999999999942,2302.7600000000966
2026-01-13 17:00:00,1,1.0,1.0,93241.99,93633.71,391.72000000000116,2694.480000000098
2026-01-13 18:00:00,0,1.0,1.0,93633.71,94226.84,-593.1299999999901,2101.3500000001077
2026-01-13 19:00:00,0,1.0,1.0,94226.84,94408.7,-181.86000000000058,1919.490000000107
2026-01-13 20:00:00,0,0.0,1.0,94408.7,94087.23,321.47000000000116,2240.9600000001083
2026-01-13 21:00:00,1,1.0,1.0,94087.23,95757.21,1669.9800000000105,3910.9400000001187
2026-01-13 22:00:00,0,0.0,1.0,95757.21,95414.0,343.2100000000064,4254.150000000125
2026-01-13 23:00:00,1,0.0,1.0,95414.0,95236.84,-177.1600000000035,4076.9900000001217
2026-01-14 00:00:00,1,1.0,0.0,95236.84,95245.6,8.760000000009313,4085.750000000131
2026-01-14 01:00:00,1,1.0,1.0,95245.6,95347.46,101.86000000000058,4187.610000000132
2026-01-14 02:00:00,0,1.0,1.0,95347.46,95720.99,-373.52999999999884,3814.0800000001327
2026-01-14 03:00:00,0,0.0,1.0,95720.99,95245.16,475.83000000000175,4289.9100000001345
2026-01-14 04:00:00,1,0.0,1.0,95245.16,95005.0,-240.1600000000035,4049.750000000131
2026-01-14 05:00:00,1,1.0,0.0,95005.0,95028.87,23.869999999995343,4073.6200000001263
2026-01-14 06:00:00,1,1.0,1.0,95028.87,95205.1,176.23000000001048,4249.850000000137
2026-01-14 07:00:00,0,0.0,1.0,95205.1,94900.01,305.09000000001106,4554.940000000148
2026-01-14 08:00:00,1,1.0,1.0,94900.01,95088.24,188.23000000001048,4743.170000000158
2026-01-14 09:00:00,0,1.0,0.0,95088.24,95091.75,-3.5099999999947613,4739.660000000164
2026-01-14 10:00:00,0,0.0,1.0,95091.75,94792.99,298.75999999999476,5038.420000000158
2026-01-14 11:00:00,1,1.0,1.0,94792.99,95077.56,284.56999999999243,5322.990000000151
2026-01-14 12:00:00,0,0.0,0.0,95077.56,94998.19,79.36999999999534,5402.360000000146
2026-01-14 13:00:00,1,1.0,1.0,94998.19,96493.15,1494.9599999999919,6897.320000000138
2026-01-14 14:00:00,1,1.0,1.0,96493.15,96764.57,271.4200000000128,7168.740000000151
2026-01-14 15:00:00,0,1.0,1.0,96764.57,97293.24,-528.6699999999983,6640.0700000001525
2026-01-14 16:00:00,0,0.0,1.0,97293.24,96956.07,337.16999999999825,6977.240000000151
2026-01-14 17:00:00,1,0.0,1.0,96956.07,96806.55,-149.52000000000407,6827.720000000147
2026-01-14 18:00:00,1,1.0,1.0,96806.55,97267.42,460.86999999999534,7288.590000000142
2026-01-14 19:00:00,0,1.0,1.0,97267.42,97655.28,-387.8600000000006,6900.730000000141
2026-01-14 20:00:00,0,0.0,1.0,97655.28,97564.0,91.27999999999884,6992.01000000014
2026-01-14 21:00:00,1,0.0,1.0,97564.0,96878.34,-685.6600000000035,6306.350000000137
2026-01-14 22:00:00,1,1.0,0.0,96878.34,96951.78,73.44000000000233,6379.790000000139
2026-01-14 23:00:00,0,0.0,1.0,96951.78,96658.03,293.75,6673.540000000139
2026-01-15 00:00:00,1,0.0,1.0,96658.03,96445.31,-212.72000000000116,6460.820000000138
2026-01-15 01:00:00,1,0.0,1.0,96445.31,96339.91,-105.39999999999418,6355.420000000144
2026-01-15 02:00:00,1,0.0,1.0,96339.91,95985.1,-354.8099999999977,6000.610000000146
2026-01-15 03:00:00,1,1.0,1.0,95985.1,96316.27,331.16999999999825,6331.780000000144
2026-01-15 04:00:00,1,1.0,1.0,96316.27,96429.71,113.44000000000233,6445.220000000147
2026-01-15 05:00:00,1,0.0,1.0,96429.71,96243.78,-185.93000000000757,6259.290000000139
2026-01-15 06:00:00,1,1.0,1.0,96243.78,96630.48,386.6999999999971,6645.990000000136
2026-01-15 07:00:00,0,1.0,0.0,96630.48,96643.0,-12.520000000004075,6633.470000000132
2026-01-15 08:00:00,0,1.0,1.0,96643.0,97040.75,-397.75,6235.720000000132
2026-01-15 09:00:00,0,0.0,1.0,97040.75,96818.68,222.07000000000698,6457.790000000139
2026-01-15 10:00:00,1,0.0,1.0,96818.68,96581.08,-237.59999999999127,6220.190000000148
2026-01-15 11:00:00,1,1.0,1.0,96581.08,96981.65,400.56999999999243,6620.76000000014
2026-01-15 12:00:00,0,0.0,1.0,96981.65,96846.75,134.89999999999418,6755.6600000001345
2026-01-15 13:00:00,1,0.0,1.0,96846.75,96063.43,-783.320000000007,5972.3400000001275
2026-01-15 14:00:00,1,1.0,1.0,96063.43,96737.04,673.6100000000006,6645.950000000128
2026-01-15 15:00:00,1,1.0,0.0,96737.04,96738.51,1.4700000000011642,6647.420000000129
2026-01-15 16:00:00,1,0.0,1.0,96738.51,96636.35,-102.15999999998894,6545.26000000014
2026-01-15 17:00:00,0,0.0,1.0,96636.35,95835.0,801.3500000000058,7346.610000000146
2026-01-15 18:00:00,1,0.0,1.0,95835.0,95516.01,-318.99000000000524,7027.620000000141
2026-01-15 19:00:00,1,0.0,1.0,95516.01,95260.67,-255.3399999999965,6772.280000000144
2026-01-15 20:00:00,1,1.0,1.0,95260.67,95584.35,323.68000000000757,7095.960000000152
2026-01-15 21:00:00,1,0.0,0.0,95584.35,95583.87,-0.4800000000104774,7095.480000000141
2026-01-15 22:00:00,0,1.0,0.0,95583.87,95604.8,-20.930000000007567,7074.550000000134
2026-01-15 23:00:00,0,1.0,0.0,95604.8,95633.5,-28.69999999999709,7045.850000000137
2026-01-16 00:00:00,0,1.0,0.0,95633.5,95664.18,-30.679999999993015,7015.170000000144
2026-01-16 01:00:00,0,0.0,1.0,95664.18,95504.4,159.77999999999884,7174.950000000143
2026-01-16 02:00:00,1,0.0,1.0,95504.4,95354.69,-149.70999999999185,7025.240000000151
2026-01-16 03:00:00,1,0.0,1.0,95354.69,95261.29,-93.40000000000873,6931.840000000142
2026-01-16 04:00:00,1,1.0,1.0,95261.29,95660.37,399.08000000000175,7330.920000000144
2026-01-16 05:00:00,1,1.0,0.0,95660.37,95741.21,80.84000000001106,7411.760000000155
2026-01-16 06:00:00,0,0.0,1.0,95741.21,95653.16,88.05000000000291,7499.810000000158
2026-01-16 07:00:00,1,1.0,0.0,95653.16,95676.0,22.839999999996508,7522.650000000154
2026-01-16 08:00:00,0,0.0,0.0,95676.0,95613.53,62.470000000001164,7585.120000000155
2026-01-16 09:00:00,1,0.0,1.0,95613.53,95307.35,-306.179999999993,7278.940000000162
2026-01-16 10:00:00,1,1.0,1.0,95307.35,95429.09,121.73999999999069,7400.680000000153
2026-01-16 11:00:00,0,1.0,0.0,95429.09,95458.55,-29.460000000006403,7371.220000000147
2026-01-16 12:00:00,0,0.0,0.0,95458.55,95448.87,9.680000000007567,7380.900000000154
2026-01-16 13:00:00,0,0.0,1.0,95448.87,95192.36,256.50999999999476,7637.410000000149
2026-01-16 14:00:00,1,0.0,1.0,95192.36,94585.98,-606.3800000000047,7031.030000000144
2026-01-16 15:00:00,1,1.0,1.0,94585.98,94872.55,286.570000000007,7317.600000000151
2026-01-16 16:00:00,1,1.0,1.0,94872.55,95076.08,203.52999999999884,7521.13000000015
2026-01-16 17:00:00,0,0.0,0.0,95076.08,95001.19,74.88999999999942,7596.02000000015
2026-01-16 18:00:00,1,1.0,0.0,95001.19,95002.09,0.8999999999941792,7596.920000000144
2026-01-16 19:00:00,1,1.0,1.0,95002.09,95553.6,551.5100000000093,8148.430000000153
2026-01-16 20:00:00,0,0.0,0.0,95553.6,95523.52,30.080000000001746,8178.510000000155
2026-01-16 21:00:00,1,0.0,0.0,95523.52,95514.0,-9.520000000004075,8168.990000000151
2026-01-16 22:00:00,1,1.0,0.0,95514.0,95550.94,36.94000000000233,8205.930000000153
2026-01-16 23:00:00,0,0.0,0.0,95550.94,95465.97,84.97000000000116,8290.900000000154
2026-01-17 00:00:00,1,0.0,0.0,95465.97,95399.93,-66.04000000000815,8224.860000000146
2026-01-17 01:00:00,1,0.0,0.0,95399.93,95371.35,-28.579999999987194,8196.280000000159
2026-01-17 02:00:00,1,1.0,0.0,95371.35,95372.95,1.5999999999912689,8197.88000000015
2026-01-17 03:00:00,1,0.0,0.0,95372.95,95303.64,-69.30999999999767,8128.5700000001525
2026-01-17 04:00:00,1,1.0,0.0,95303.64,95323.67,20.029999999998836,8148.600000000151
2026-01-17 05:00:00,1,0.0,0.0,95323.67,95240.07,-83.59999999999127,8065.00000000016
2026-01-17 06:00:00,1,0.0,1.0,95240.07,95101.67,-138.40000000000873,7926.600000000151
2026-01-17 07:00:00,1,1.0,1.0,95101.67,95247.51,145.8399999999965,8072.440000000148
2026-01-17 08:00:00,1,1.0,0.0,95247.51,95260.65,13.139999999999418,8085.580000000147
2026-01-17 09:00:00,0,0.0,1.0,95260.65,95116.48,144.16999999999825,8229.750000000146
2026-01-17 10:00:00,1,1.0,1.0,95116.48,95323.86,207.38000000000466,8437.13000000015
2026-01-17 11:00:00,0,0.0,0.0,95323.86,95251.15,72.7100000000064,8509.840000000157
2026-01-17 12:00:00,1,1.0,1.0,95251.15,95438.32,187.1700000000128,8697.01000000017
2026-01-17 13:00:00,0,1.0,0.0,95438.32,95471.18,-32.85999999998603,8664.150000000183
2026-01-17 14:00:00,0,1.0,1.0,95471.18,95573.64,-102.4600000000064,8561.690000000177
2026-01-17 15:00:00,0,0.0,1.0,95573.64,95315.23,258.4100000000035,8820.10000000018
2026-01-17 16:00:00,0,1.0,0.0,95315.23,95357.24,-42.01000000000931,8778.090000000171
2026-01-17 17:00:00,0,1.0,0.0,95357.24,95428.25,-71.00999999999476,8707.080000000176
2026-01-17 18:00:00,0,0.0,1.0,95428.25,95291.38,136.86999999999534,8843.950000000172
2026-01-17 19:00:00,0,1.0,1.0,95291.38,95378.18,-86.79999999998836,8757.150000000183
2026-01-17 20:00:00,0,0.0,0.0,95378.18,95302.94,75.23999999999069,8832.390000000174
2026-01-17 21:00:00,1,0.0,1.0,95302.94,95170.97,-131.97000000000116,8700.420000000173
2026-01-17 22:00:00,1,0.0,0.0,95170.97,95147.77,-23.19999999999709,8677.220000000176
2026-01-17 23:00:00,1,0.0,0.0,95147.77,95112.47,-35.30000000000291,8641.920000000173
2026-01-18 00:00:00,1,0.0,1.0,95112.47,94966.9,-145.57000000000698,8496.350000000166
2026-01-18 01:00:00,1,1.0,0.0,94966.9,95022.01,55.11000000000058,8551.460000000166
2026-01-18 02:00:00,1,1.0,1.0,95022.01,95200.29,178.27999999999884,8729.740000000165
2026-01-18 03:00:00,1,0.0,1.0,95200.29,95095.68,-104.61000000000058,8625.130000000165
2026-01-18 04:00:00,1,1.0,1.0,95095.68,95188.55,92.8700000000099,8718.000000000175
2026-01-18 05:00:00,0,0.0,0.0,95188.55,95171.43,17.120000000009895,8735.120000000185
2026-01-18 06:00:00,1,0.0,1.0,95171.43,95028.27,-143.15999999998894,8591.960000000196
2026-01-18 07:00:00,1,1.0,1.0,95028.27,95183.93,155.65999999998894,8747.620000000185
2026-01-18 08:00:00,0,1.0,1.0,95183.93,95275.73,-91.80000000000291,8655.820000000182
2026-01-18 09:00:00,0,0.0,1.0,95275.73,95180.66,95.06999999999243,8750.890000000174
2026-01-18 10:00:00,1,0.0,0.0,95180.66,95168.06,-12.60000000000582,8738.290000000168
2026-01-18 11:00:00,1,0.0,0.0,95168.06,95113.25,-54.80999999999767,8683.48000000017
2026-01-18 12:00:00,1,1.0,0.0,95113.25,95146.82,33.570000000006985,8717.050000000178
2026-01-18 13:00:00,1,0.0,1.0,95146.82,94955.79,-191.0300000000134,8526.020000000164
2026-01-18 14:00:00,1,1.0,1.0,94955.79,95119.28,163.49000000000524,8689.51000000017
2026-01-18 15:00:00,1,1.0,0.0,95119.28,95169.35,50.070000000006985,8739.580000000176
2026-01-18 16:00:00,0,1.0,1.0,95169.35,95274.36,-105.00999999999476,8634.570000000182
2026-01-18 17:00:00,0,1.0,1.0,95274.36,95439.6,-165.24000000000524,8469.330000000176
2026-01-18 18:00:00,0,0.0,0.0,95439.6,95380.99,58.61000000000058,8527.940000000177
2026-01-18 19:00:00,0,0.0,0.0,95380.99,95304.01,76.98000000001048,8604.920000000187
2026-01-18 20:00:00,1,1.0,1.0,95304.01,95430.44,126.43000000000757,8731.350000000195
2026-01-18 21:00:00,0,1.0,0.0,95430.44,95498.61,-68.16999999999825,8663.180000000197
2026-01-18 22:00:00,0,0.0,1.0,95498.61,93673.14,1825.4700000000012,10488.650000000198
2026-01-18 23:00:00,1,0.0,1.0,93673.14,92711.02,-962.1199999999953,9526.530000000203
2026-01-19 00:00:00,1,0.0,1.0,92711.02,92586.65,-124.3700000000099,9402.160000000193
2026-01-19 01:00:00,1,0.0,0.0,92586.65,92566.8,-19.84999999999127,9382.310000000201
2026-01-19 02:00:00,1,1.0,1.0,92566.8,92690.09,123.2899999999936,9505.600000000195
2026-01-19 03:00:00,1,0.0,0.0,92690.09,92665.0,-25.089999999996508,9480.510000000198
2026-01-19 04:00:00,1,0.0,1.0,92665.0,92511.77,-153.22999999999593,9327.280000000203
2026-01-19 05:00:00,1,1.0,0.0,92511.77,92583.27,71.5,9398.780000000203
2026-01-19 06:00:00,1,1.0,1.0,92583.27,92841.62,258.34999999999127,9657.130000000194
2026-01-19 07:00:00,0,1.0,1.0,92841.62,93259.09,-417.47000000000116,9239.660000000193
2026-01-19 08:00:00,0,0.0,1.0,93259.09,93060.06,199.02999999999884,9438.690000000192
2026-01-19 09:00:00,0,1.0,0.0,93060.06,93064.88,-4.820000000006985,9433.870000000185
2026-01-19 10:00:00,0,1.0,1.0,93064.88,93191.96,-127.08000000000175,9306.790000000183
2026-01-19 11:00:00,0,0.0,1.0,93191.96,93070.6,121.36000000000058,9428.150000000183
2026-01-19 12:00:00,0,0.0,0.0,93070.6,93031.86,38.74000000000524,9466.890000000189
2026-01-19 13:00:00,1,0.0,1.0,93031.86,92812.43,-219.43000000000757,9247.460000000181
2026-01-19 14:00:00,1,1.0,1.0,92812.43,93068.62,256.1900000000023,9503.650000000183
2026-01-19 15:00:00,0,1.0,1.0,93068.62,93301.86,-233.24000000000524,9270.410000000178
2026-01-19 16:00:00,0,0.0,0.0,93301.86,93242.99,58.86999999999534,9329.280000000173
2026-01-19 17:00:00,0,0.0,1.0,93242.99,93065.84,177.15000000000873,9506.430000000182
2026-01-19 18:00:00,1,1.0,0.0,93065.84,93105.85,40.01000000000931,9546.440000000192
2026-01-19 19:00:00,0,1.0,0.0,93105.85,93141.94,-36.08999999999651,9510.350000000195
2026-01-19 20:00:00,0,0.0,1.0,93141.94,93003.42,138.52000000000407,9648.870000000199
2026-01-19 21:00:00,0,0.0,1.0,93003.42,92565.78,437.6399999999994,10086.510000000198
2026-01-19 22:00:00,1,1.0,0.0,92565.78,92631.0,65.22000000000116,10151.7300000002
2026-01-19 23:00:00,0,1.0,1.0,92631.0,92717.9,-86.89999999999418,10064.830000000205
2026-01-20 00:00:00,0,0.0,0.0,92717.9,92716.48,1.4199999999982538,10066.250000000204
2026-01-20 01:00:00,0,0.0,1.0,92716.48,92552.16,164.31999999999243,10230.570000000196
2026-01-20 02:00:00,1,0.0,1.0,92552.16,92434.92,-117.24000000000524,10113.330000000191
2026-01-20 03:00:00,1,0.0,1.0,92434.92,92062.61,-372.3099999999977,9741.020000000193
2026-01-20 04:00:00,1,0.0,1.0,92062.61,91624.18,-438.43000000000757,9302.590000000186
2026-01-20 05:00:00,1,0.0,1.0,91624.18,90929.98,-694.1999999999971,8608.390000000189
2026-01-20 06:00:00,1,1.0,1.0,90929.98,91177.98,248.0,8856.390000000189
2026-01-20 07:00:00,1,0.0,0.0,91177.98,91116.0,-61.979999999995925,8794.410000000193
2026-01-20 08:00:00,1,0.0,1.0,91116.0,91036.25,-79.75,8714.660000000193
2026-01-20 09:00:00,1,1.0,1.0,91036.25,91269.58,233.33000000000175,8947.990000000194
2026-01-20 10:00:00,1,0.0,0.0,91269.58,91218.99,-50.58999999999651,8897.400000000198
2026-01-20 11:00:00,1,1.0,0.0,91218.99,91280.31,61.31999999999243,8958.72000000019
2026-01-20 12:00:00,1,0.0,1.0,91280.31,90958.88,-321.429999999993,8637.290000000197
2026-01-20 13:00:00,1,0.0,1.0,90958.88,90531.15,-427.7300000000105,8209.560000000187
2026-01-20 14:00:00,1,1.0,1.0,90531.15,90684.95,153.8000000000029,8363.36000000019
2026-01-20 15:00:00,1,0.0,1.0,90684.95,90165.51,-519.4400000000023,7843.920000000187
2026-01-20 16:00:00,1,0.0,1.0,90165.51,89775.46,-390.04999999998836,7453.870000000199
2026-01-20 17:00:00,1,0.0,1.0,89775.46,89501.0,-274.4600000000064,7179.410000000193
2026-01-20 18:00:00,1,1.0,1.0,89501.0,89725.76,224.75999999999476,7404.170000000187
2026-01-20 19:00:00,1,1.0,0.0,89725.76,89733.99,8.230000000010477,7412.400000000198
2026-01-20 20:00:00,1,0.0,1.0,89733.99,89476.01,-257.9800000000105,7154.420000000187
2026-01-20 21:00:00,1,0.0,1.0,89476.01,88509.18,-966.8300000000017,6187.590000000186
2026-01-20 22:00:00,1,0.0,1.0,88509.18,88427.66,-81.51999999998952,6106.070000000196
2026-01-20 23:00:00,1,1.0,1.0,88427.66,88936.01,508.34999999999127,6614.420000000187
2026-01-21 00:00:00,1,1.0,1.0,88936.01,89020.91,84.90000000000873,6699.320000000196
2026-01-21 01:00:00,1,1.0,0.0,89020.91,89048.57,27.660000000003492,6726.9800000002
2026-01-21 02:00:00,0,1.0,1.0,89048.57,89432.33,-383.75999999999476,6343.220000000205
2026-01-21 03:00:00,0,1.0,0.0,89432.33,89448.89,-16.55999999999767,6326.660000000207
2026-01-21 04:00:00,0,1.0,1.0,89448.89,89950.04,-501.1499999999942,5825.510000000213
2026-01-21 05:00:00,0,0.0,1.0,89950.04,89649.62,300.41999999999825,6125.930000000211
2026-01-21 06:00:00,1,0.0,1.0,89649.62,89213.95,-435.66999999999825,5690.260000000213
2026-01-21 07:00:00,1,0.0,0.0,89213.95,89197.35,-16.59999999999127,5673.660000000222
2026-01-21 08:00:00,1,0.0,1.0,89197.35,89112.3,-85.05000000000291,5588.610000000219
2026-01-21 09:00:00,1,1.0,1.0,89112.3,89248.99,136.69000000000233,5725.300000000221
2026-01-21 10:00:00,1,0.0,1.0,89248.99,88789.99,-459.0,5266.300000000221
2026-01-21 11:00:00,1,0.0,0.0,88789.99,88736.31,-53.68000000000757,5212.620000000214
2026-01-21 12:00:00,1,0.0,0.0,88736.31,88672.64,-63.669999999998254,5148.950000000215
2026-01-21 13:00:00,1,1.0,1.0,88672.64,89805.43,1132.7899999999936,6281.740000000209
2026-01-21 14:00:00,0,1.0,1.0,89805.43,90288.04,-482.6100000000006,5799.130000000208
2026-01-21 15:00:00,0,0.0,1.0,90288.04,87602.4,2685.6399999999994,8484.770000000208
2026-01-21 16:00:00,1,1.0,1.0,87602.4,87932.38,329.9800000000105,8814.750000000218
2026-01-21 17:00:00,1,1.0,1.0,87932.38,88485.43,553.0499999999884,9367.800000000207
2026-01-21 18:00:00,0,1.0,1.0,88485.43,90355.56,-1870.1300000000047,7497.670000000202
2026-01-21 19:00:00,0,0.0,1.0,90355.56,90214.01,141.5500000000029,7639.220000000205
2026-01-21 20:00:00,1,1.0,0.0,90214.01,90249.18,35.169999999998254,7674.390000000203
2026-01-21 21:00:00,0,0.0,1.0,90249.18,89763.51,485.66999999999825,8160.060000000201
2026-01-21 22:00:00,1,0.0,1.0,89763.51,89454.73,-308.77999999999884,7851.280000000203
2026-01-21 23:00:00,1,1.0,1.0,89454.73,89908.49,453.7600000000093,8305.040000000212
2026-01-22 00:00:00,0,1.0,1.0,89908.49,90113.19,-204.6999999999971,8100.340000000215
2026-01-22 01:00:00,0,0.0,1.0,90113.19,89938.3,174.88999999999942,8275.230000000214
2026-01-22 02:00:00,1,0.0,0.0,89938.3,89899.51,-38.79000000000815,8236.440000000206
2026-01-22 03:00:00,1,1.0,1.0,89899.51,89998.91,99.40000000000873,8335.840000000215
2026-01-22 04:00:00,1,1.0,0.0,89998.91,90026.3,27.389999999999418,8363.230000000214
2026-01-22 05:00:00,0,1.0,1.0,90026.3,90172.11,-145.80999999999767,8217.420000000217
2026-01-22 06:00:00,0,0.0,1.0,90172.11,89818.79,353.320000000007,8570.740000000224
2026-01-22 07:00:00,1,1.0,1.0,89818.79,89920.16,101.3700000000099,8672.110000000233
2026-01-22 08:00:00,1,1.0,1.0,89920.16,90033.02,112.86000000000058,8784.970000000234
2026-01-22 09:00:00,0,1.0,0.0,90033.02,90078.77,-45.75,8739.220000000234
2026-01-22 10:00:00,0,0.0,1.0,90078.77,89941.26,137.5100000000093,8876.730000000243
2026-01-22 11:00:00,1,1.0,0.0,89941.26,90021.09,79.83000000000175,8956.560000000245
2026-01-22 12:00:00,1,0.0,1.0,90021.09,89619.81,-401.27999999999884,8555.280000000246
2026-01-22 13:00:00,1,0.0,1.0,89619.81,89088.59,-531.2200000000012,8024.060000000245
2026-01-22 14:00:00,1,0.0,0.0,89088.59,89000.01,-88.58000000000175,7935.480000000243
2026-01-22 15:00:00,1,1.0,0.0,89000.01,89054.06,54.05000000000291,7989.530000000246
2026-01-22 16:00:00,1,1.0,1.0,89054.06,89550.01,495.9499999999971,8485.480000000243
2026-01-22 17:00:00,0,0.0,1.0,89550.01,89333.94,216.06999999999243,8701.550000000236
2026-01-22 18:00:00,1,1.0,1.0,89333.94,89777.9,443.95999999999185,9145.510000000228
2026-01-22 19:00:00,0,0.0,1.0,89777.9,89409.72,368.179999999993,9513.69000000022
2026-01-22 20:00:00,1,0.0,1.0,89409.72,89268.66,-141.05999999999767,9372.630000000223
2026-01-22 21:00:00,1,1.0,0.0,89268.66,89346.99,78.33000000000175,9450.960000000225
2026-01-22 22:00:00,1,1.0,1.0,89346.99,89559.67,212.67999999999302,9663.640000000218
2026-01-22 23:00:00,0,0.0,0.0,89559.67,89520.01,39.66000000000349,9703.300000000221
2026-01-23 00:00:00,1,1.0,1.0,89520.01,89939.38,419.3700000000099,10122.670000000231
2026-01-23 01:00:00,0,0.0,1.0,89939.38,89663.48,275.90000000000873,10398.57000000024
2026-01-23 02:00:00,1,1.0,1.0,89663.48,89924.78,261.3000000000029,10659.870000000243
2026-01-23 03:00:00,0,1.0,0.0,89924.78,89965.42,-40.63999999999942,10619.230000000243
2026-01-23 04:00:00,0,0.0,1.0,89965.42,89616.03,349.3899999999994,10968.620000000243
2026-01-23 05:00:00,1,0.0,1.0,89616.03,89509.59,-106.44000000000233,10862.18000000024
2026-01-23 06:00:00,1,1.0,0.0,89509.59,89549.45,39.86000000000058,10902.040000000241
2026-01-23 07:00:00,1,0.0,1.0,89549.45,89221.46,-327.9899999999907,10574.05000000025
2026-01-23 08:00:00,1,0.0,1.0,89221.46,88977.72,-243.74000000000524,10330.310000000245
2026-01-23 09:00:00,1,1.0,0.0,88977.72,89046.49,68.77000000000407,10399.08000000025
2026-01-23 10:00:00,1,1.0,1.0,89046.49,89202.48,155.9899999999907,10555.07000000024
2026-01-23 11:00:00,0,1.0,0.0,89202.48,89267.83,-65.35000000000582,10489.720000000234
2026-01-23 12:00:00,0,1.0,0.0,89267.83,89350.81,-82.97999999999593,10406.740000000238
2026-01-23 13:00:00,0,0.0,1.0,89350.81,89017.85,332.95999999999185,10739.70000000023
2026-01-23 14:00:00,1,1.0,1.0,89017.85,89761.61,743.7599999999948,11483.460000000225
2026-01-23 15:00:00,0,1.0,1.0,89761.61,90124.85,-363.24000000000524,11120.22000000022
2026-01-23 16:00:00,0,1.0,1.0,90124.85,90600.0,-475.1499999999942,10645.070000000225
2026-01-23 17:00:00,0,0.0,0.0,90600.0,90530.45,69.55000000000291,10714.620000000228
2026-01-23 18:00:00,1,0.0,1.0,90530.45,89982.79,-547.6600000000035,10166.960000000225
2026-01-23 19:00:00,1,0.0,1.0,89982.79,89503.68,-479.1100000000006,9687.850000000224
2026-01-23 20:00:00,1,0.0,1.0,89503.68,89349.99,-153.68999999998778,9534.160000000236
2026-01-23 21:00:00,1,1.0,1.0,89349.99,89624.61,274.61999999999534,9808.780000000232
2026-01-23 22:00:00,1,0.0,0.0,89624.61,89600.26,-24.35000000000582,9784.430000000226
2026-01-23 23:00:00,1,0.0,1.0,89600.26,89452.83,-147.42999999999302,9637.000000000233
2026-01-24 00:00:00,1,1.0,1.0,89452.83,89550.24,97.41000000000349,9734.410000000236
2026-01-24 01:00:00,1,1.0,1.0,89550.24,89702.85,152.61000000000058,9887.020000000237
2026-01-24 02:00:00,1,1.0,0.0,89702.85,89770.02,67.16999999999825,9954.190000000235
2026-01-24 03:00:00,0,1.0,0.0,89770.02,89829.35,-59.330000000001746,9894.860000000233
2026-01-24 04:00:00,0,0.0,0.0,89829.35,89775.2,54.15000000000873,9949.010000000242
2026-01-24 05:00:00,1,0.0,1.0,89775.2,89649.32,-125.8799999999901,9823.130000000252
2026-01-24 06:00:00,1,0.0,0.0,89649.32,89620.1,-29.220000000001164,9793.91000000025
2026-01-24 07:00:00,1,1.0,0.0,89620.1,89660.88,40.779999999998836,9834.69000000025
2026-01-24 08:00:00,1,0.0,0.0,89660.88,89600.0,-60.88000000000466,9773.810000000245
2026-01-24 09:00:00,1,1.0,0.0,89600.0,89626.8,26.80000000000291,9800.610000000248
2026-01-24 10:00:00,1,0.0,0.0,89626.8,89595.4,-31.40000000000873,9769.21000000024
2026-01-24 11:00:00,1,0.0,0.0,89595.4,89537.82,-57.579999999987194,9711.630000000252
2026-01-24 12:00:00,1,0.0,1.0,89537.82,89368.22,-169.60000000000582,9542.030000000246
2026-01-24 13:00:00,1,1.0,0.0,89368.22,89450.03,81.80999999999767,9623.840000000244
2026-01-24 14:00:00,1,0.0,1.0,89450.03,89275.77,-174.25999999999476,9449.58000000025
2026-01-24 15:00:00,1,1.0,0.0,89275.77,89290.01,14.239999999990687,9463.82000000024
2026-01-24 16:00:00,1,1.0,1.0,89290.01,89406.5,116.49000000000524,9580.310000000245
2026-01-24 17:00:00,0,0.0,0.0,89406.5,89395.23,11.270000000004075,9591.58000000025
2026-01-24 18:00:00,1,0.0,0.0,89395.23,89331.36,-63.86999999999534,9527.710000000254
2026-01-24 19:00:00,1,1.0,0.0,89331.36,89380.01,48.64999999999418,9576.360000000248
2026-01-24 20:00:00,1,1.0,0.0,89380.01,89386.61,6.600000000005821,9582.960000000254
2026-01-24 21:00:00,0,1.0,0.0,89386.61,89430.0,-43.38999999999942,9539.570000000254
2026-01-24 22:00:00,0,0.0,1.0,89430.0,89225.34,204.6600000000035,9744.230000000258
2026-01-24 23:00:00,1,1.0,0.0,89225.34,89315.18,89.83999999999651,9834.070000000254
2026-01-25 00:00:00,1,0.0,1.0,89315.18,89176.31,-138.86999999999534,9695.200000000259
2026-01-25 01:00:00,1,0.0,0.0,89176.31,89139.04,-37.270000000004075,9657.930000000255
2026-01-25 02:00:00,1,0.0,1.0,89139.04,88960.35,-178.68999999998778,9479.240000000267
2026-01-25 03:00:00,1,1.0,0.0,88960.35,89006.96,46.61000000000058,9525.850000000268
2026-01-25 04:00:00,1,0.0,0.0,89006.96,88990.9,-16.060000000012224,9509.790000000256
2026-01-25 05:00:00,1,0.0,1.0,88990.9,88831.36,-159.5399999999936,9350.250000000262
2026-01-25 06:00:00,1,0.0,1.0,88831.36,88659.99,-171.36999999999534,9178.880000000267
2026-01-25 07:00:00,1,0.0,1.0,88659.99,88300.01,-359.9800000000105,8818.900000000256
2026-01-25 08:00:00,1,1.0,1.0,88300.01,88398.38,98.3700000000099,8917.270000000266
2026-01-25 09:00:00,1,1.0,1.0,88398.38,88659.51,261.1299999999901,9178.400000000256
2026-01-25 10:00:00,0,0.0,0.0,88659.51,88570.17,89.33999999999651,9267.740000000253
2026-01-25 11:00:00,1,1.0,1.0,88570.17,88791.99,221.82000000000698,9489.56000000026
2026-01-25 12:00:00,0,1.0,1.0,88791.99,88921.0,-129.00999999999476,9360.550000000265
2026-01-25 13:00:00,0,0.0,1.0,88921.0,88710.1,210.89999999999418,9571.450000000259
2026-01-25 14:00:00,1,0.0,1.0,88710.1,88446.5,-263.6000000000058,9307.850000000253
2026-01-25 15:00:00,1,0.0,1.0,88446.5,88077.26,-369.24000000000524,8938.610000000248
2026-01-25 16:00:00,1,0.0,1.0,88077.26,87892.17,-185.0899999999965,8753.520000000251
2026-01-25 17:00:00,1,0.0,1.0,87892.17,87420.01,-472.1600000000035,8281.360000000248
2026-01-25 18:00:00,1,0.0,1.0,87420.01,86495.16,-924.8499999999913,7356.510000000257
2026-01-25 19:00:00,1,1.0,1.0,86495.16,86654.61,159.4499999999971,7515.960000000254
2026-01-25 20:00:00,1,0.0,0.0,86654.61,86568.5,-86.11000000000058,7429.850000000253
2026-01-25 21:00:00,1,0.0,0.0,86568.5,86521.39,-47.11000000000058,7382.740000000253
2026-01-25 22:00:00,1,1.0,1.0,86521.39,86670.36,148.97000000000116,7531.710000000254
2026-01-25 23:00:00,1,1.0,1.0,86670.36,86854.86,184.5,7716.210000000254
2026-01-26 00:00:00,0,1.0,1.0,86854.86,87698.73,-843.8699999999953,6872.340000000258
2026-01-26 01:00:00,0,0.0,1.0,87698.73,87563.38,135.34999999999127,7007.69000000025
2026-01-26 02:00:00,1,0.0,1.0,87563.38,87282.05,-281.33000000000175,6726.360000000248
2026-01-26 03:00:00,1,1.0,1.0,87282.05,87737.06,455.00999999999476,7181.370000000243
2026-01-26 04:00:00,1,1.0,1.0,87737.06,87826.01,88.94999999999709,7270.32000000024
2026-01-26 05:00:00,0,1.0,1.0,87826.01,87937.44,-111.43000000000757,7158.890000000232
2026-01-26 06:00:00,0,1.0,0.0,87937.44,88000.64,-63.19999999999709,7095.690000000235
2026-01-26 07:00:00,0,0.0,0.0,88000.64,87975.39,25.25,7120.940000000235
2026-01-26 08:00:00,1,0.0,1.0,87975.39,87663.12,-312.2700000000041,6808.670000000231
2026-01-26 09:00:00,1,1.0,1.0,87663.12,87897.55,234.43000000000757,7043.100000000239
2026-01-26 10:00:00,1,0.0,0.0,87897.55,87855.0,-42.55000000000291,7000.550000000236
2026-01-26 11:00:00,1,0.0,0.0,87855.0,87799.45,-55.55000000000291,6945.000000000233
2026-01-26 12:00:00,1,1.0,1.0,87799.45,87960.01,160.55999999999767,7105.5600000002305
2026-01-26 13:00:00,0,1.0,1.0,87960.01,88178.1,-218.09000000001106,6887.470000000219
2026-01-26 14:00:00,0,0.0,1.0,88178.1,87641.41,536.6900000000023,7424.160000000222
2026-01-26 15:00:00,1,0.0,0.0,87641.41,87606.99,-34.419999999998254,7389.7400000002235
2026-01-26 16:00:00,1,1.0,1.0,87606.99,87700.62,93.6299999999901,7483.370000000214
2026-01-26 17:00:00,0,1.0,1.0,87700.62,88403.72,-703.1000000000058,6780.270000000208
2026-01-26 18:00:00,0,0.0,1.0,88403.72,88013.19,390.52999999999884,7170.800000000207
2026-01-26 19:00:00,1,0.0,1.0,88013.19,87629.22,-383.97000000000116,6786.8300000002055
2026-01-26 20:00:00,1,1.0,1.0,87629.22,88064.69,435.47000000000116,7222.300000000207
2026-01-26 21:00:00,1,1.0,0.0,88064.69,88140.01,75.31999999999243,7297.620000000199
2026-01-26 22:00:00,0,1.0,1.0,88140.01,88347.08,-207.07000000000698,7090.550000000192
2026-01-26 23:00:00,0,1.0,0.0,88347.08,88353.97,-6.889999999999418,7083.660000000193
2026-01-27 00:00:00,0,1.0,1.0,88353.97,88550.61,-196.63999999999942,6887.020000000193
2026-01-27 01:00:00,0,1.0,1.0,88550.61,88831.6,-280.99000000000524,6606.030000000188
2026-01-27 02:00:00,0,0.0,0.0,88831.6,88788.0,43.60000000000582,6649.630000000194
2026-01-27 03:00:00,1,0.0,1.0,88788.0,88579.58,-208.41999999999825,6441.210000000196
2026-01-27 04:00:00,1,0.0,1.0,88579.58,88456.3,-123.27999999999884,6317.930000000197
2026-01-27 05:00:00,1,0.0,1.0,88456.3,88332.67,-123.63000000000466,6194.300000000192
2026-01-27 06:00:00,1,0.0,0.0,88332.67,88320.41,-12.259999999994761,6182.040000000197
2026-01-27 07:00:00,1,0.0,1.0,88320.41,88170.82,-149.5899999999965,6032.450000000201
2026-01-27 08:00:00,1,0.0,1.0,88170.82,87886.82,-284.0,5748.450000000201
2026-01-27 09:00:00,1,0.0,1.0,87886.82,87786.53,-100.29000000000815,5648.160000000193
2026-01-27 10:00:00,1,1.0,1.0,87786.53,87992.74,206.2100000000064,5854.370000000199
2026-01-27 11:00:00,1,0.0,0.0,87992.74,87986.96,-5.779999999998836,5848.5900000002
2026-01-27 12:00:00,0,0.0,0.0,87986.96,87982.15,4.810000000012224,5853.4000000002125
2026-01-27 13:00:00,1,0.0,1.0,87982.15,87745.02,-237.1299999999901,5616.270000000222
2026-01-27 14:00:00,1,1.0,1.0,87745.02,88047.46,302.4400000000023,5918.710000000225
2026-01-27 15:00:00,0,1.0,1.0,88047.46,88641.44,-593.9799999999959,5324.730000000229
2026-01-27 16:00:00,0,0.0,1.0,88641.44,87546.58,1094.8600000000006,6419.590000000229
2026-01-27 17:00:00,1,1.0,1.0,87546.58,88285.05,738.4700000000012,7158.0600000002305
2026-01-27 18:00:00,0,1.0,1.0,88285.05,88408.77,-123.72000000000116,7034.340000000229
2026-01-27 19:00:00,0,1.0,1.0,88408.77,89396.16,-987.3899999999994,6046.95000000023
2026-01-27 20:00:00,0,0.0,1.0,89396.16,89081.46,314.6999999999971,6361.650000000227
2026-01-27 21:00:00,1,1.0,1.0,89081.46,89243.63,162.16999999999825,6523.820000000225
2026-01-27 22:00:00,0,1.0,0.0,89243.63,89250.0,-6.369999999995343,6517.45000000023
2026-01-27 23:00:00,0,1.0,1.0,89250.0,89467.72,-217.72000000000116,6299.730000000229
2026-01-28 00:00:00,0,0.0,0.0,89467.72,89404.57,63.14999999999418,6362.880000000223
2026-01-28 01:00:00,1,0.0,1.0,89404.57,89285.77,-118.80000000000291,6244.08000000022
2026-01-28 02:00:00,1,0.0,1.0,89285.77,89126.67,-159.10000000000582,6084.980000000214
2026-01-28 03:00:00,1,0.0,1.0,89126.67,88975.04,-151.63000000000466,5933.35000000021
2026-01-28 04:00:00,1,1.0,1.0,88975.04,89084.1,109.06000000001222,6042.410000000222
2026-01-28 05:00:00,1,1.0,1.0,89084.1,89317.47,233.36999999999534,6275.780000000217
2026-01-28 06:00:00,0,0.0,1.0,89317.47,89134.35,183.11999999999534,6458.9000000002125
2026-01-28 07:00:00,1,0.0,1.0,89134.35,88925.47,-208.88000000000466,6250.020000000208
2026-01-28 08:00:00,1,1.0,1.0,88925.47,89567.25,641.7799999999988,6891.800000000207
2026-01-28 09:00:00,0,0.0,1.0,89567.25,89403.77,163.47999999999593,7055.280000000203
2026-01-28 10:00:00,1,1.0,1.0,89403.77,90080.0,676.2299999999959,7731.5100000001985
2026-01-28 11:00:00,0,0.0,0.0,90080.0,89998.69,81.30999999999767,7812.820000000196
2026-01-28 12:00:00,1,1.0,1.0,89998.69,90257.91,259.22000000000116,8072.040000000197
2026-01-28 13:00:00,0,0.0,1.0,90257.91,89617.27,640.6399999999994,8712.680000000197
2026-01-28 14:00:00,1,0.0,1.0,89617.27,89479.66,-137.61000000000058,8575.070000000196
2026-01-28 15:00:00,1,1.0,1.0,89479.66,89629.66,150.0,8725.070000000196
2026-01-28 16:00:00,0,1.0,1.0,89629.66,90169.88,-540.2200000000012,8184.850000000195
2026-01-28 17:00:00,0,0.0,1.0,90169.88,89546.24,623.6399999999994,8808.490000000194
2026-01-28 18:00:00,1,0.0,1.0,89546.24,89402.58,-143.6600000000035,8664.830000000191
2026-01-28 19:00:00,1,0.0,1.0,89402.58,89130.63,-271.9499999999971,8392.880000000194
2026-01-28 20:00:00,1,1.0,1.0,89130.63,89412.17,281.5399999999936,8674.420000000187
2026-01-28 21:00:00,0,0.0,0.0,89412.17,89396.15,16.020000000004075,8690.440000000192
2026-01-28 22:00:00,1,0.0,1.0,89396.15,89299.99,-96.15999999998894,8594.280000000203
2026-01-28 23:00:00,1,0.0,1.0,89299.99,89143.91,-156.08000000000175,8438.2000000002
2026-01-29 00:00:00,1,0.0,1.0,89143.91,88603.56,-540.3500000000058,7897.850000000195
2026-01-29 01:00:00,1,0.0,1.0,88603.56,87907.06,-696.5,7201.350000000195
2026-01-29 02:00:00,1,1.0,1.0,87907.06,88053.71,146.65000000000873,7348.000000000204
2026-01-29 03:00:00,1,1.0,1.0,88053.71,88315.2,261.4899999999907,7609.490000000194
2026-01-29 04:00:00,1,0.0,1.0,88315.2,88186.54,-128.6600000000035,7480.830000000191
2026-01-29 05:00:00,1,1.0,1.0,88186.54,88319.35,132.81000000001222,7613.640000000203
2026-01-29 06:00:00,1,1.0,0.0,88319.35,88352.97,33.61999999999534,7647.2600000001985
2026-01-29 07:00:00,1,0.0,1.0,88352.97,88064.16,-288.8099999999977,7358.450000000201
2026-01-29 08:00:00,1,0.0,1.0,88064.16,87892.01,-172.15000000000873,7186.300000000192
2026-01-29 09:00:00,1,1.0,0.0,87892.01,87946.46,54.45000000001164,7240.750000000204
2026-01-29 10:00:00,1,0.0,1.0,87946.46,87846.5,-99.9600000000064,7140.790000000197
2026-01-29 11:00:00,1,1.0,1.0,87846.5,88121.21,274.7100000000064,7415.500000000204
2026-01-29 12:00:00,1,0.0,0.0,88121.21,88052.88,-68.33000000000175,7347.170000000202
2026-01-29 13:00:00,1,0.0,1.0,88052.88,87014.4,-1038.4800000000105,6308.6900000001915
2026-01-29 14:00:00,1,0.0,1.0,87014.4,84934.02,-2080.37999999999,4228.310000000201
2026-01-29 15:00:00,1,1.0,1.0,84934.02,85270.0,335.9799999999959,4564.290000000197
2026-01-29 16:00:00,1,0.0,1.0,85270.0,84261.66,-1008.3399999999965,3555.950000000201
2026-01-29 17:00:00,1,0.0,1.0,84261.66,83477.02,-784.6399999999994,2771.3100000002014
2026-01-29 18:00:00,1,1.0,1.0,83477.02,84012.11,535.0899999999965,3306.400000000198
2026-01-29 19:00:00,1,1.0,1.0,84012.11,84216.91,204.8000000000029,3511.200000000201
2026-01-29 20:00:00,0,1.0,1.0,84216.91,84526.57,-309.6600000000035,3201.5400000001973
2026-01-29 21:00:00,0,1.0,0.0,84526.57,84570.05,-43.479999999995925,3158.0600000002014
2026-01-29 22:00:00,0,1.0,0.0,84570.05,84650.16,-80.11000000000058,3077.950000000201
2026-01-29 23:00:00,0,0.0,1.0,84650.16,84192.0,458.1600000000035,3536.1100000002043
2026-01-30 00:00:00,1,0.0,1.0,84192.0,82468.02,-1723.979999999996,1812.1300000002084
2026-01-30 01:00:00,1,0.0,1.0,82468.02,82164.88,-303.1399999999994,1508.990000000209
2026-01-30 02:00:00,1,1.0,1.0,82164.88,82676.43,511.54999999998836,2020.5400000001973
2026-01-30 03:00:00,1,1.0,1.0,82676.43,82938.92,262.49000000000524,2283.0300000002026
2026-01-30 04:00:00,0,0.0,0.0,82938.92,82914.19,24.729999999995925,2307.7600000001985
2026-01-30 05:00:00,0,0.0,1.0,82914.19,82602.81,311.38000000000466,2619.140000000203
2026-01-30 06:00:00,1,1.0,1.0,82602.81,82816.98,214.16999999999825,2833.3100000002014
2026-01-30 07:00:00,1,0.0,1.0,82816.98,82671.7,-145.27999999999884,2688.0300000002026
2026-01-30 08:00:00,1,0.0,1.0,82671.7,82363.72,-307.9799999999959,2380.0500000002066
2026-01-30 09:00:00,1,1.0,1.0,82363.72,82833.92,470.1999999999971,2850.2500000002037
2026-01-30 10:00:00,1,1.0,1.0,82833.92,83151.36,317.4400000000023,3167.690000000206
2026-01-30 11:00:00,0,0.0,1.0,83151.36,82800.5,350.8600000000006,3518.5500000002066
2026-01-30 12:00:00,1,0.0,0.0,82800.5,82740.92,-59.580000000001746,3458.970000000205
2026-01-30 13:00:00,1,1.0,1.0,82740.92,83098.0,357.08000000000175,3816.0500000002066
2026-01-30 14:00:00,0,0.0,1.0,83098.0,82883.94,214.05999999999767,4030.1100000002043
2026-01-30 15:00:00,1,1.0,1.0,82883.94,83149.0,265.0599999999977,4295.170000000202
2026-01-30 16:00:00,1,0.0,1.0,83149.0,82943.23,-205.77000000000407,4089.400000000198
2026-01-30 17:00:00,1,1.0,1.0,82943.23,83931.13,987.9000000000087,5077.300000000207
2026-01-30 18:00:00,1,1.0,1.0,83931.13,84242.99,311.8600000000006,5389.160000000207
2026-01-30 19:00:00,0,0.0,1.0,84242.99,83906.34,336.65000000000873,5725.810000000216
2026-01-30 20:00:00,1,1.0,1.0,83906.34,84273.7,367.3600000000006,6093.1700000002165
2026-01-30 21:00:00,1,0.0,0.0,84273.7,84219.99,-53.70999999999185,6039.460000000225
2026-01-30 22:00:00,1,1.0,0.0,84219.99,84260.49,40.5,6079.960000000225
2026-01-30 23:00:00,0,0.0,1.0,84260.49,84067.83,192.6600000000035,6272.620000000228
2026-01-31 00:00:00,1,0.0,0.0,84067.83,83999.99,-67.83999999999651,6204.780000000232
2026-01-31 01:00:00,1,1.0,1.0,83999.99,84130.01,130.01999999998952,6334.800000000221
2026-01-31 02:00:00,1,0.0,1.0,84130.01,84022.69,-107.31999999999243,6227.480000000229
2026-01-31 03:00:00,1,0.0,0.0,84022.69,83992.45,-30.24000000000524,6197.2400000002235
2026-01-31 04:00:00,1,1.0,0.0,83992.45,84000.01,7.559999999997672,6204.800000000221
2026-01-31 05:00:00,1,0.0,1.0,84000.01,83786.09,-213.91999999999825,5990.880000000223
2026-01-31 06:00:00,1,0.0,1.0,83786.09,83546.81,-239.27999999999884,5751.600000000224
2026-01-31 07:00:00,1,0.0,1.0,83546.81,83074.07,-472.7399999999907,5278.860000000233
2026-01-31 08:00:00,1,1.0,0.0,83074.07,83109.1,35.029999999998836,5313.890000000232
2026-01-31 09:00:00,1,1.0,0.0,83109.1,83160.0,50.89999999999418,5364.790000000226
2026-01-31 10:00:00,0,0.0,1.0,83160.0,83020.0,140.0,5504.790000000226
2026-01-31 11:00:00,1,0.0,1.0,83020.0,82762.0,-258.0,5246.790000000226
2026-01-31 12:00:00,1,1.0,0.0,82762.0,82767.99,5.990000000005239,5252.780000000232
2026-01-31 13:00:00,1,0.0,1.0,82767.99,81479.99,-1288.0,3964.7800000002317
2026-01-31 14:00:00,1,0.0,1.0,81479.99,81302.15,-177.84000000001106,3786.9400000002206
2026-01-31 15:00:00,1,0.0,1.0,81302.15,80365.04,-937.1100000000006,2849.83000000022
2026-01-31 16:00:00,1,0.0,1.0,80365.04,78893.92,-1471.1199999999953,1378.7100000002247
2026-01-31 17:00:00,1,0.0,1.0,78893.92,78038.38,-855.5399999999936,523.1700000002311
2026-01-31 18:00:00,1,0.0,1.0,78038.38,77750.01,-288.3700000000099,234.8000000002212
2026-01-31 19:00:00,1,1.0,1.0,77750.01,77999.03,249.02000000000407,483.82000000022526
2026-01-31 20:00:00,1,1.0,1.0,77999.03,78292.0,292.97000000000116,776.7900000002264
2026-01-31 21:00:00,0,0.0,1.0,78292.0,78155.17,136.83000000000175,913.6200000002282
2026-01-31 22:00:00,1,1.0,1.0,78155.17,78741.09,585.9199999999983,1499.5400000002264
2026-01-31 23:00:00,1,1.0,1.0,78741.09,78902.31,161.22000000000116,1660.7600000002276
2026-02-01 00:00:00,0,0.0,1.0,78902.31,78532.17,370.1399999999994,2030.900000000227
2026-02-01 01:00:00,1,1.0,1.0,78532.17,78900.01,367.8399999999965,2398.7400000002235
2026-02-01 02:00:00,1,0.0,0.0,78900.01,78868.28,-31.729999999995925,2367.0100000002276
2026-02-01 03:00:00,1,1.0,1.0,78868.28,78971.75,103.47000000000116,2470.4800000002288
2026-02-01 04:00:00,0,0.0,1.0,78971.75,78620.91,350.8399999999965,2821.3200000002253
2026-02-01 05:00:00,1,0.0,1.0,78620.91,78300.0,-320.9100000000035,2500.4100000002218
2026-02-01 06:00:00,1,1.0,0.0,78300.0,78343.0,43.0,2543.4100000002218
2026-02-01 07:00:00,1,1.0,1.0,78343.0,78604.02,261.0200000000041,2804.430000000226
2026-02-01 08:00:00,0,1.0,1.0,78604.02,79034.45,-430.429999999993,2374.000000000233
2026-02-01 09:00:00,0,0.0,1.0,79034.45,78279.73,754.7200000000012,3128.720000000234
2026-02-01 10:00:00,1,1.0,1.0,78279.73,78743.56,463.83000000000175,3592.5500000002357
2026-02-01 11:00:00,1,0.0,1.0,78743.56,78459.67,-283.8899999999994,3308.6600000002363
2026-02-01 12:00:00,1,0.0,1.0,78459.67,78317.51,-142.1600000000035,3166.500000000233
2026-02-01 13:00:00,1,0.0,1.0,78317.51,78211.12,-106.38999999999942,3060.1100000002334
2026-02-01 14:00:00,1,0.0,1.0,78211.12,77593.4,-617.7200000000012,2442.3900000002322
2026-02-01 15:00:00,1,0.0,1.0,77593.4,77494.77,-98.6299999999901,2343.760000000242
2026-02-01 16:00:00,1,1.0,1.0,77494.77,77745.32,250.5500000000029,2594.310000000245
2026-02-01 17:00:00,1,1.0,1.0,77745.32,78029.28,283.95999999999185,2878.270000000237
2026-02-01 18:00:00,0,0.0,1.0,78029.28,77174.78,854.5,3732.770000000237
2026-02-01 19:00:00,1,0.0,0.0,77174.78,77103.04,-71.74000000000524,3661.0300000002317
2026-02-01 20:00:00,1,0.0,1.0,77103.04,76526.03,-577.0099999999948,3084.020000000237
2026-02-01 21:00:00,1,1.0,1.0,76526.03,77249.31,723.2799999999988,3807.3000000002357
2026-02-01 22:00:00,1,0.0,1.0,77249.31,76968.21,-281.09999999999127,3526.2000000002445
2026-02-01 23:00:00,1,1.0,1.0,76968.21,77672.61,704.3999999999942,4230.600000000239
2026-02-02 00:00:00,0,0.0,1.0,77672.61,77518.87,153.74000000000524,4384.340000000244
2026-02-02 01:00:00,1,0.0,1.0,77518.87,76491.17,-1027.699999999997,3356.640000000247
2026-02-02 02:00:00,1,0.0,1.0,76491.17,76292.98,-198.19000000000233,3158.4500000002445
2026-02-02 03:00:00,1,0.0,1.0,76292.98,75894.15,-398.83000000000175,2759.6200000002427
2026-02-02 04:00:00,1,0.0,1.0,75894.15,75502.1,-392.04999999998836,2367.5700000002544
2026-02-02 05:00:00,1,1.0,1.0,75502.1,76549.32,1047.2200000000012,3414.7900000002555
2026-02-02 06:00:00,1,1.0,1.0,76549.32,76660.79,111.46999999998661,3526.260000000242
2026-02-02 07:00:00,0,1.0,1.0,76660.79,76881.28,-220.49000000000524,3305.770000000237
2026-02-02 08:00:00,0,1.0,1.0,76881.28,77725.33,-844.0500000000029,2461.720000000234
2026-02-02 09:00:00,0,0.0,1.0,77725.33,77504.54,220.79000000000815,2682.510000000242
2026-02-02 10:00:00,1,1.0,1.0,77504.54,77759.99,255.45000000001164,2937.960000000254
2026-02-02 11:00:00,0,1.0,1.0,77759.99,77988.51,-228.51999999998952,2709.4400000002643
2026-02-02 12:00:00,0,1.0,1.0,77988.51,78224.79,-236.27999999999884,2473.1600000002654
2026-02-02 13:00:00,0,0.0,1.0,78224.79,77844.79,380.0,2853.1600000002654
2026-02-02 14:00:00,1,1.0,1.0,77844.79,78850.06,1005.2700000000041,3858.4300000002695
2026-02-02 15:00:00,1,0.0,1.0,78850.06,78634.76,-215.3000000000029,3643.1300000002666
2026-02-02 16:00:00,1,1.0,1.0,78634.76,78988.64,353.88000000000466,3997.0100000002712
2026-02-02 17:00:00,0,0.0,1.0,78988.64,78569.84,418.8000000000029,4415.810000000274
2026-02-02 18:00:00,1,0.0,1.0,78569.84,78341.5,-228.3399999999965,4187.470000000278
2026-02-02 19:00:00,1,0.0,1.0,78341.5,78008.59,-332.9100000000035,3854.560000000274
2026-02-02 20:00:00,1,1.0,1.0,78008.59,78532.06,523.4700000000012,4378.030000000275
2026-02-02 21:00:00,0,1.0,1.0,78532.06,78795.2,-263.1399999999994,4114.890000000276
2026-02-02 22:00:00,0,0.0,0.0,78795.2,78738.61,56.58999999999651,4171.480000000272
2026-02-02 23:00:00,1,1.0,1.0,78738.61,79065.24,326.63000000000466,4498.110000000277
2026-02-03 00:00:00,0,0.0,0.0,79065.24,79017.63,47.61000000000058,4545.720000000278
2026-02-03 01:00:00,1,0.0,1.0,79017.63,77808.01,-1209.62000000001,3336.1000000002678
2026-02-03 02:00:00,1,1.0,1.0,77808.01,78753.32,945.3100000000122,4281.41000000028
2026-02-03 03:00:00,1,1.0,0.0,78753.32,78798.39,45.06999999999243,4326.480000000272
2026-02-03 04:00:00,0,0.0,1.0,78798.39,78240.45,557.9400000000023,4884.420000000275
2026-02-03 05:00:00,1,1.0,1.0,78240.45,78594.17,353.72000000000116,5238.140000000276
2026-02-03 06:00:00,0,1.0,1.0,78594.17,78794.67,-200.5,5037.640000000276
2026-02-03 07:00:00,0,0.0,0.0,78794.67,78747.96,46.70999999999185,5084.350000000268
2026-02-03 08:00:00,1,0.0,1.0,78747.96,78400.01,-347.95000000001164,4736.400000000256
2026-02-03 09:00:00,1,0.0,1.0,78400.01,78120.36,-279.6499999999942,4456.750000000262
2026-02-03 10:00:00,1,0.0,0.0,78120.36,78079.5,-40.86000000000058,4415.890000000261
2026-02-03 11:00:00,1,1.0,1.0,78079.5,78330.26,250.75999999999476,4666.650000000256
2026-02-03 12:00:00,0,0.0,0.0,78330.26,78307.65,22.610000000000582,4689.260000000257
2026-02-03 13:00:00,0,0.0,1.0,78307.65,77201.22,1106.429999999993,5795.69000000025
2026-02-03 14:00:00,1,1.0,1.0,77201.22,78132.33,931.1100000000006,6726.80000000025
2026-02-03 15:00:00,0,0.0,1.0,78132.33,76488.08,1644.25,8371.05000000025
2026-02-03 16:00:00,1,0.0,1.0,76488.08,74915.79,-1572.2900000000081,6798.760000000242
2026-02-03 17:00:00,1,0.0,1.0,74915.79,73139.13,-1776.659999999989,5022.100000000253
2026-02-03 18:00:00,1,1.0,1.0,73139.13,74935.0,1795.8699999999953,6817.970000000249
2026-02-03 19:00:00,1,1.0,1.0,74935.0,76475.52,1540.520000000004,8358.490000000253
2026-02-03 20:00:00,0,0.0,1.0,76475.52,76239.43,236.09000000001106,8594.580000000264
2026-02-03 21:00:00,1,0.0,1.0,76239.43,75708.83,-530.5999999999913,8063.980000000272
2026-02-03 22:00:00,1,1.0,0.0,75708.83,75770.21,61.38000000000466,8125.360000000277
2026-02-03 23:00:00,1,1.0,1.0,75770.21,75910.88,140.66999999999825,8266.030000000275
2026-02-04 00:00:00,0,1.0,1.0,75910.88,76423.73,-512.8499999999913,7753.180000000284
2026-02-04 01:00:00,0,0.0,1.0,76423.73,75963.35,460.3799999999901,8213.560000000274
2026-02-04 02:00:00,1,1.0,1.0,75963.35,76698.17,734.8199999999924,8948.380000000267
2026-02-04 03:00:00,0,0.0,1.0,76698.17,76479.75,218.41999999999825,9166.800000000265
2026-02-04 04:00:00,1,0.0,1.0,76479.75,76279.99,-199.75999999999476,8967.04000000027
2026-02-04 05:00:00,1,1.0,1.0,76279.99,76652.68,372.6899999999878,9339.730000000258
2026-02-04 06:00:00,0,0.0,1.0,76652.68,76514.3,138.3799999999901,9478.110000000248
2026-02-04 07:00:00,1,1.0,0.0,76514.3,76587.26,72.95999999999185,9551.07000000024
2026-02-04 08:00:00,0,0.0,1.0,76587.26,76119.0,468.25999999999476,10019.330000000235
2026-02-04 09:00:00,1,1.0,1.0,76119.0,76302.1,183.10000000000582,10202.43000000024
2026-02-04 10:00:00,0,0.0,1.0,76302.1,76017.25,284.8500000000058,10487.280000000246
2026-02-04 11:00:00,1,1.0,1.0,76017.25,76180.85,163.60000000000582,10650.880000000252
2026-02-04 12:00:00,0,0.0,1.0,76180.85,74867.0,1313.8500000000058,11964.730000000258
2026-02-04 13:00:00,1,0.0,1.0,74867.0,74359.53,-507.47000000000116,11457.260000000257
2026-02-04 14:00:00,1,0.0,1.0,74359.53,74136.36,-223.16999999999825,11234.090000000258
2026-02-04 15:00:00,1,0.0,1.0,74136.36,73636.01,-500.3500000000058,10733.740000000253
2026-02-04 16:00:00,1,0.0,1.0,73636.01,72576.08,-1059.929999999993,9673.81000000026
2026-02-04 17:00:00,1,1.0,1.0,72576.08,73425.96,849.8800000000047,10523.690000000264
2026-02-04 18:00:00,1,1.0,1.0,73425.96,73923.29,497.3299999999872,11021.020000000251
2026-02-04 19:00:00,0,0.0,1.0,73923.29,73516.3,406.9899999999907,11428.010000000242
2026-02-04 20:00:00,1,0.0,1.0,73516.3,72799.99,-716.3099999999977,10711.700000000244
2026-02-04 21:00:00,1,0.0,1.0,72799.99,72543.38,-256.6100000000006,10455.090000000244
2026-02-04 22:00:00,1,1.0,1.0,72543.38,73165.83,622.4499999999971,11077.540000000241
2026-02-04 23:00:00,1,0.0,1.0,73165.83,72868.02,-297.8099999999977,10779.730000000243
2026-02-05 00:00:00,1,0.0,1.0,72868.02,72421.26,-446.7600000000093,10332.970000000234
2026-02-05 01:00:00,1,0.0,1.0,72421.26,71454.44,-966.8199999999924,9366.150000000242
2026-02-05 02:00:00,1,0.0,1.0,71454.44,71223.25,-231.19000000000233,9134.96000000024
2026-02-05 03:00:00,1,0.0,1.0,71223.25,70888.08,-335.16999999999825,8799.790000000241
2026-02-05 04:00:00,1,0.0,1.0,70888.08,70732.72,-155.36000000000058,8644.43000000024
2026-02-05 05:00:00,1,1.0,1.0,70732.72,70951.51,218.7899999999936,8863.220000000234
2026-02-05 06:00:00,1,0.0,1.0,70951.51,70756.85,-194.65999999998894,8668.560000000245
2026-02-05 07:00:00,1,1.0,1.0,70756.85,71054.99,298.1399999999994,8966.700000000244
2026-02-05 08:00:00,0,1.0,1.0,71054.99,71550.0,-495.00999999999476,8471.69000000025
2026-02-05 09:00:00,0,0.0,1.0,71550.0,70858.13,691.8699999999953,9163.560000000245
2026-02-05 10:00:00,1,0.0,1.0,70858.13,70318.35,-539.7799999999988,8623.780000000246
2026-02-05 11:00:00,1,0.0,1.0,70318.35,69563.57,-754.7799999999988,7869.000000000247
2026-02-05 12:00:00,1,1.0,1.0,69563.57,69688.94,125.36999999999534,7994.370000000243
2026-02-05 13:00:00,1,0.0,1.0,69688.94,69404.76,-284.18000000000757,7710.190000000235
2026-02-05 14:00:00,1,0.0,1.0,69404.76,67489.07,-1915.6899999999878,5794.500000000247
2026-02-05 15:00:00,1,1.0,1.0,67489.07,68295.15,806.0799999999872,6600.580000000235
2026-02-05 16:00:00,1,0.0,1.0,68295.15,66181.69,-2113.459999999992,4487.120000000243
2026-02-05 17:00:00,1,1.0,1.0,66181.69,66347.0,165.30999999999767,4652.43000000024
2026-02-05 18:00:00,1,0.0,1.0,66347.0,65265.65,-1081.3499999999985,3571.080000000242
2026-02-05 19:00:00,1,0.0,1.0,65265.65,63775.67,-1489.9800000000032,2081.1000000002387
2026-02-05 20:00:00,1,0.0,1.0,63775.67,63213.34,-562.3300000000017,1518.770000000237
2026-02-05 21:00:00,1,1.0,1.0,63213.34,63907.86,694.5200000000041,2213.290000000241
2026-02-05 22:00:00,1,0.0,1.0,63907.86,62909.86,-998.0,1215.290000000241
2026-02-05 23:00:00,1,1.0,1.0,62909.86,63509.39,599.5299999999988,1814.8200000002398
2026-02-06 00:00:00,1,1.0,1.0,63509.39,65714.96,2205.570000000007,4020.390000000247
2026-02-06 01:00:00,0,0.0,1.0,65714.96,64990.1,724.8600000000079,4745.250000000255
2026-02-06 02:00:00,1,0.0,1.0,64990.1,64168.33,-821.7699999999968,3923.480000000258
2026-02-06 03:00:00,1,1.0,1.0,64168.33,64905.84,737.5099999999948,4660.990000000253
2026-02-06 04:00:00,1,1.0,1.0,64905.84,66408.11,1502.270000000004,6163.260000000257
2026-02-06 05:00:00,0,0.0,1.0,66408.11,64988.26,1419.8499999999985,7583.110000000255
2026-02-06 06:00:00,1,0.0,1.0,64988.26,64856.0,-132.26000000000204,7450.850000000253
2026-02-06 07:00:00,1,1.0,0.0,64856.0,64895.05,39.05000000000291,7489.900000000256
2026-02-06 08:00:00,1,1.0,1.0,64895.05,65799.55,904.5,8394.400000000256
2026-02-06 09:00:00,0,1.0,1.0,65799.55,65967.51,-167.95999999999185,8226.440000000264
2026-02-06 10:00:00,0,1.0,1.0,65967.51,66631.32,-663.8100000000122,7562.630000000252
2026-02-06 11:00:00,0,0.0,0.0,66631.32,66557.93,73.39000000001397,7636.020000000266
2026-02-06 12:00:00,0,1.0,1.0,66557.93,67316.82,-758.890000000014,6877.130000000252
2026-02-06 13:00:00,0,1.0,1.0,67316.82,68194.89,-878.0699999999924,5999.06000000026
2026-02-06 14:00:00,0,1.0,1.0,68194.89,68626.0,-431.1100000000006,5567.950000000259
2026-02-06 15:00:00,0,1.0,1.0,68626.0,69954.01,-1328.0099999999948,4239.940000000264
2026-02-06 16:00:00,0,1.0,1.0,69954.01,70753.53,-799.5200000000041,3440.42000000026
2026-02-06 17:00:00,0,0.0,1.0,70753.53,69776.68,976.8500000000058,4417.270000000266
2026-02-06 18:00:00,1,1.0,1.0,69776.68,70731.46,954.7800000000134,5372.050000000279
2026-02-06 19:00:00,1,0.0,1.0,70731.46,70000.13,-731.3300000000017,4640.720000000278
2026-02-06 20:00:00,1,1.0,1.0,70000.13,70358.43,358.29999999998836,4999.020000000266
2026-02-06 21:00:00,1,1.0,1.0,70358.43,71354.46,996.0300000000134,5995.050000000279
2026-02-06 22:00:00,0,0.0,1.0,71354.46,70580.26,774.2000000000116,6769.250000000291
2026-02-06 23:00:00,1,0.0,1.0,70580.26,69958.0,-622.2599999999948,6146.990000000296
2026-02-07 00:00:00,1,1.0,1.0,69958.0,70471.49,513.4900000000052,6660.4800000003015
2026-02-07 01:00:00,1,0.0,0.0,70471.49,70361.37,-110.1200000000099,6550.360000000292
2026-02-07 02:00:00,1,1.0,1.0,70361.37,70918.99,557.6200000000099,7107.9800000003015
2026-02-07 03:00:00,0,0.0,1.0,70918.99,70768.13,150.86000000000058,7258.840000000302
2026-02-07 04:00:00,1,0.0,1.0,70768.13,70161.5,-606.6300000000047,6652.210000000297
2026-02-07 05:00:00,1,0.0,1.0,70161.5,68769.65,-1391.8500000000058,5260.360000000292
2026-02-07 06:00:00,1,0.0,1.0,68769.65,68087.14,-682.5099999999948,4577.850000000297
2026-02-07 07:00:00,1,1.0,1.0,68087.14,68495.01,407.86999999999534,4985.720000000292
2026-02-07 08:00:00,1,0.0,1.0,68495.01,68138.2,-356.8099999999977,4628.9100000002945
2026-02-07 09:00:00,1,0.0,1.0,68138.2,67987.0,-151.1999999999971,4477.710000000297
2026-02-07 10:00:00,1,0.0,0.0,67987.0,67972.65,-14.35000000000582,4463.360000000292
2026-02-07 11:00:00,1,1.0,1.0,67972.65,69024.98,1052.3300000000017,5515.690000000293
2026-02-07 12:00:00,0,1.0,0.0,69024.98,69093.98,-69.0,5446.690000000293
2026-02-07 13:00:00,0,0.0,1.0,69093.98,68645.99,447.9899999999907,5894.680000000284
2026-02-07 14:00:00,1,1.0,1.0,68645.99,69151.5,505.50999999999476,6400.190000000279
2026-02-07 15:00:00,0,0.0,1.0,69151.5,68957.16,194.3399999999965,6594.530000000275
2026-02-07 16:00:00,1,1.0,1.0,68957.16,69188.81,231.64999999999418,6826.1800000002695
2026-02-07 17:00:00,0,1.0,1.0,69188.81,69514.11,-325.3000000000029,6500.880000000267
2026-02-07 18:00:00,0,0.0,0.0,69514.11,69373.61,140.5,6641.380000000267
2026-02-07 19:00:00,1,1.0,1.0,69373.61,69631.18,257.56999999999243,6898.950000000259
2026-02-07 20:00:00,0,0.0,0.0,69631.18,69497.99,133.18999999998778,7032.140000000247
2026-02-07 21:00:00,1,0.0,0.0,69497.99,69399.34,-98.65000000000873,6933.490000000238
2026-02-07 22:00:00,1,0.0,0.0,69399.34,69289.38,-109.95999999999185,6823.530000000246
2026-02-07 23:00:00,1,0.0,1.0,69289.38,69133.79,-155.59000000001106,6667.940000000235
2026-02-08 00:00:00,1,1.0,1.0,69133.79,69379.57,245.7800000000134,6913.720000000249
2026-02-08 01:00:00,1,0.0,0.0,69379.57,69370.7,-8.870000000009895,6904.850000000239
2026-02-08 02:00:00,1,0.0,1.0,69370.7,69099.99,-270.70999999999185,6634.140000000247
2026-02-08 03:00:00,1,1.0,1.0,69099.99,69340.16,240.16999999999825,6874.310000000245
2026-02-08 04:00:00,1,0.0,0.0,69340.16,69220.52,-119.63999999999942,6754.670000000246
2026-02-08 05:00:00,1,1.0,0.0,69220.52,69361.18,140.65999999998894,6895.330000000235
2026-02-08 06:00:00,1,1.0,1.0,69361.18,69710.69,349.5100000000093,7244.840000000244
2026-02-08 07:00:00,0,1.0,1.0,69710.69,70665.59,-954.8999999999942,6289.94000000025
2026-02-08 08:00:00,0,0.0,1.0,70665.59,70107.19,558.3999999999942,6848.340000000244
2026-02-08 09:00:00,1,1.0,1.0,70107.19,70266.41,159.22000000000116,7007.560000000245
2026-02-08 10:00:00,0,1.0,1.0,70266.41,70999.98,-733.5699999999924,6273.990000000253
2026-02-08 11:00:00,0,1.0,1.0,70999.98,71249.95,-249.97000000000116,6024.0200000002515
2026-02-08 12:00:00,0,1.0,1.0,71249.95,71514.77,-264.820000000007,5759.2000000002445
2026-02-08 13:00:00,0,0.0,1.0,71514.77,71262.19,252.58000000000175,6011.780000000246
2026-02-08 14:00:00,1,0.0,0.0,71262.19,71188.99,-73.19999999999709,5938.580000000249
2026-02-08 15:00:00,1,0.0,1.0,71188.99,70416.0,-772.9900000000052,5165.590000000244
2026-02-08 16:00:00,1,1.0,1.0,70416.0,70785.99,369.99000000000524,5535.580000000249
2026-02-08 17:00:00,0,1.0,1.0,70785.99,71147.25,-361.25999999999476,5174.320000000254
2026-02-08 18:00:00,0,1.0,1.0,71147.25,71422.97,-275.72000000000116,4898.600000000253
2026-02-08 19:00:00,0,0.0,1.0,71422.97,70835.17,587.8000000000029,5486.400000000256
2026-02-08 20:00:00,1,0.0,0.0,70835.17,70700.0,-135.16999999999825,5351.230000000258
2026-02-08 21:00:00,1,1.0,1.0,70700.0,71066.09,366.0899999999965,5717.320000000254
2026-02-08 22:00:00,0,0.0,1.0,71066.09,70330.38,735.7099999999919,6453.030000000246
2026-02-08 23:00:00,1,1.0,1.0,70330.38,70502.38,172.0,6625.030000000246
2026-02-09 00:00:00,0,0.0,0.0,70502.38,70369.53,132.85000000000582,6757.880000000252
2026-02-09 01:00:00,1,1.0,1.0,70369.53,70629.99,260.4600000000064,7018.340000000258
2026-02-09 02:00:00,0,1.0,1.0,70629.99,71307.56,-677.5699999999924,6340.770000000266
2026-02-09 03:00:00,0,0.0,1.0,71307.56,71005.01,302.5500000000029,6643.320000000269
2026-02-09 04:00:00,1,1.0,0.0,71005.01,71044.51,39.5,6682.820000000269
2026-02-09 05:00:00,0,0.0,1.0,71044.51,70667.95,376.5599999999977,7059.380000000267
2026-02-09 06:00:00,1,0.0,1.0,70667.95,70422.59,-245.36000000000058,6814.020000000266
2026-02-09 07:00:00,1,0.0,1.0,70422.59,69873.99,-548.5999999999913,6265.420000000275
2026-02-09 08:00:00,1,0.0,1.0,69873.99,69630.35,-243.63999999999942,6021.780000000275
2026-02-09 09:00:00,1,0.0,1.0,69630.35,68727.88,-902.4700000000012,5119.310000000274
2026-02-09 10:00:00,1,1.0,1.0,68727.88,68928.72,200.8399999999965,5320.150000000271
2026-02-09 11:00:00,1,1.0,1.0,68928.72,69147.01,218.2899999999936,5538.440000000264
2026-02-09 12:00:00,0,0.0,1.0,69147.01,68594.57,552.4399999999878,6090.880000000252
2026-02-09 13:00:00,1,1.0,1.0,68594.57,69272.0,677.429999999993,6768.310000000245
2026-02-09 14:00:00,0,1.0,1.0,69272.0,69563.37,-291.36999999999534,6476.94000000025
2026-02-09 15:00:00,0,1.0,1.0,69563.37,70093.01,-529.6399999999994,5947.30000000025
2026-02-09 16:00:00,0,1.0,1.0,70093.01,70612.29,-519.2799999999988,5428.0200000002515
2026-02-09 17:00:00,0,0.0,1.0,70612.29,70418.68,193.61000000000058,5621.630000000252
2026-02-09 18:00:00,1,1.0,1.0,70418.68,70957.01,538.3300000000017,6159.960000000254
2026-02-09 19:00:00,0,0.0,1.0,70957.01,70738.71,218.29999999998836,6378.260000000242
2026-02-09 20:00:00,1,0.0,1.0,70738.71,70400.0,-338.7100000000064,6039.550000000236
2026-02-09 21:00:00,1,0.0,0.0,70400.0,70372.96,-27.039999999993597,6012.510000000242
2026-02-09 22:00:00,1,0.0,1.0,70372.96,70138.0,-234.9600000000064,5777.550000000236
2026-02-09 23:00:00,1,0.0,1.0,70138.0,69827.33,-310.66999999999825,5466.8800000002375
2026-02-10 00:00:00,1,1.0,1.0,69827.33,70486.82,659.4900000000052,6126.370000000243
2026-02-10 01:00:00,1,0.0,1.0,70486.82,70102.89,-383.93000000000757,5742.440000000235
2026-02-10 02:00:00,1,0.0,1.0,70102.89,69511.83,-591.0599999999977,5151.3800000002375
2026-02-10 03:00:00,1,1.0,1.0,69511.83,69831.62,319.7899999999936,5471.170000000231
2026-02-10 04:00:00,1,0.0,1.0,69831.62,69447.64,-383.9799999999959,5087.190000000235
2026-02-10 05:00:00,1,0.0,1.0,69447.64,68921.35,-526.2899999999936,4560.900000000242
2026-02-10 06:00:00,1,0.0,0.0,68921.35,68919.66,-1.6900000000023283,4559.210000000239
2026-02-10 07:00:00,1,1.0,1.0,68919.66,69142.0,222.3399999999965,4781.550000000236
2026-02-10 08:00:00,0,1.0,0.0,69142.0,69151.5,-9.5,4772.050000000236
2026-02-10 09:00:00,0,0.0,1.0,69151.5,68921.68,229.82000000000698,5001.870000000243
2026-02-10 10:00:00,1,0.0,1.0,68921.68,68535.01,-386.66999999999825,4615.2000000002445
2026-02-10 11:00:00,1,1.0,0.0,68535.01,68610.12,75.11000000000058,4690.310000000245
2026-02-10 12:00:00,0,1.0,1.0,68610.12,69027.95,-417.83000000000175,4272.480000000243
2026-02-10 13:00:00,0,0.0,1.0,69027.95,68460.4,567.5500000000029,4840.030000000246
2026-02-10 14:00:00,1,1.0,1.0,68460.4,69293.37,832.9700000000012,5673.000000000247
2026-02-10 15:00:00,0,1.0,1.0,69293.37,69517.71,-224.34000000001106,5448.660000000236
2026-02-10 16:00:00,0,1.0,1.0,69517.71,69925.31,-407.59999999999127,5041.060000000245
2026-02-10 17:00:00,0,0.0,1.0,69925.31,68894.36,1030.949999999997,6072.010000000242
2026-02-10 18:00:00,1,1.0,1.0,68894.36,69062.01,167.64999999999418,6239.660000000236
2026-02-10 19:00:00,0,0.0,1.0,69062.01,68753.7,308.3099999999977,6547.970000000234
2026-02-10 20:00:00,1,0.0,0.0,68753.7,68656.21,-97.48999999999069,6450.480000000243
2026-02-10 21:00:00,1,1.0,0.0,68656.21,68707.18,50.96999999998661,6501.45000000023
2026-02-10 22:00:00,0,1.0,0.0,68707.18,68841.29,-134.11000000000058,6367.340000000229
2026-02-10 23:00:00,0,1.0,1.0,68841.29,69201.14,-359.8500000000058,6007.4900000002235
2026-02-11 00:00:00,0,0.0,1.0,69201.14,68982.0,219.13999999999942,6226.630000000223
2026-02-11 01:00:00,1,0.0,1.0,68982.0,68677.33,-304.66999999999825,5921.960000000225
2026-02-11 02:00:00,1,0.0,1.0,68677.33,68187.99,-489.3399999999965,5432.620000000228
2026-02-11 03:00:00,1,0.0,1.0,68187.99,67584.46,-603.5299999999988,4829.090000000229
2026-02-11 04:00:00,1,0.0,1.0,67584.46,67404.28,-180.18000000000757,4648.910000000222
2026-02-11 05:00:00,1,0.0,1.0,67404.28,66820.32,-583.9599999999919,4064.95000000023
2026-02-11 06:00:00,1,1.0,1.0,66820.32,67032.72,212.39999999999418,4277.350000000224
2026-02-11 07:00:00,1,0.0,0.0,67032.72,66981.07,-51.64999999999418,4225.70000000023
2026-02-11 08:00:00,1,0.0,0.0,66981.07,66872.03,-109.04000000000815,4116.660000000222
2026-02-11 09:00:00,1,0.0,1.0,66872.03,66531.99,-340.0399999999936,3776.620000000228
2026-02-11 10:00:00,1,1.0,1.0,66531.99,67053.03,521.0399999999936,4297.660000000222
2026-02-11 11:00:00,1,1.0,0.0,67053.03,67133.5,80.47000000000116,4378.130000000223
2026-02-11 12:00:00,0,1.0,1.0,67133.5,67454.49,-320.99000000000524,4057.1400000002177
2026-02-11 13:00:00,0,0.0,1.0,67454.49,66584.6,869.8899999999994,4927.030000000217
2026-02-11 14:00:00,1,0.0,0.0,66584.6,66519.73,-64.8700000000099,4862.160000000207
2026-02-11 15:00:00,1,0.0,1.0,66519.73,66039.09,-480.6399999999994,4381.520000000208
2026-02-11 16:00:00,1,1.0,1.0,66039.09,66518.26,479.16999999999825,4860.690000000206
2026-02-11 17:00:00,0,1.0,1.0,66518.26,67275.34,-757.0800000000017,4103.610000000204
2026-02-11 18:00:00,0,1.0,1.0,67275.34,67586.67,-311.33000000000175,3792.2800000002026
2026-02-11 19:00:00,0,0.0,0.0,67586.67,67555.98,30.69000000000233,3822.970000000205
2026-02-11 20:00:00,1,1.0,1.0,67555.98,67811.17,255.19000000000233,4078.160000000207
2026-02-11 21:00:00,0,0.0,1.0,67811.17,67433.14,378.02999999999884,4456.190000000206
2026-02-11 22:00:00,1,0.0,1.0,67433.14,67082.52,-350.61999999999534,4105.570000000211
2026-02-11 23:00:00,1,1.0,1.0,67082.52,67460.75,378.2299999999959,4483.800000000207
2026-02-12 00:00:00,0,1.0,1.0,67460.75,67699.01,-238.25999999999476,4245.540000000212
2026-02-12 01:00:00,0,0.0,1.0,67699.01,67439.14,259.86999999999534,4505.410000000207
2026-02-12 02:00:00,1,1.0,0.0,67439.14,67580.99,141.85000000000582,4647.260000000213
2026-02-12 03:00:00,0,0.0,1.0,67580.99,67018.4,562.5900000000111,5209.850000000224
2026-02-12 04:00:00,1,1.0,0.0,67018.4,67141.93,123.52999999999884,5333.380000000223
2026-02-12 05:00:00,0,0.0,0.0,67141.93,67125.57,16.35999999998603,5349.740000000209
2026-02-12 06:00:00,0,1.0,0.0,67125.57,67217.72,-92.14999999999418,5257.590000000215
2026-02-12 07:00:00,0,0.0,0.0,67217.72,67141.15,76.57000000000698,5334.160000000222
2026-02-12 08:00:00,1,1.0,1.0,67141.15,67550.47,409.320000000007,5743.480000000229
2026-02-12 09:00:00,0,1.0,1.0,67550.47,68014.01,-463.5399999999936,5279.940000000235
2026-02-12 10:00:00,0,1.0,0.0,68014.01,68076.01,-62.0,5217.940000000235
2026-02-12 11:00:00,0,0.0,1.0,68076.01,67865.31,210.6999999999971,5428.640000000232
2026-02-12 12:00:00,1,1.0,1.0,67865.31,68376.58,511.2700000000041,5939.910000000236
2026-02-12 13:00:00,0,0.0,1.0,68376.58,67577.02,799.5599999999977,6739.470000000234
2026-02-12 14:00:00,1,0.0,1.0,67577.02,67134.74,-442.27999999999884,6297.190000000235
2026-02-12 15:00:00,1,0.0,1.0,67134.74,65863.37,-1271.37000000001,5025.820000000225
2026-02-12 16:00:00,1,0.0,1.0,65863.37,65413.99,-449.3799999999974,4576.440000000228
2026-02-12 17:00:00,1,1.0,1.0,65413.99,65590.95,176.95999999999913,4753.400000000227
2026-02-12 18:00:00,1,1.0,1.0,65590.95,65788.36,197.4100000000035,4950.8100000002305
2026-02-12 19:00:00,0,0.0,1.0,65788.36,65428.56,359.8000000000029,5310.610000000233
2026-02-12 20:00:00,1,1.0,1.0,65428.56,65849.87,421.3099999999977,5731.920000000231
2026-02-12 21:00:00,0,1.0,1.0,65849.87,66288.0,-438.13000000000466,5293.790000000226
2026-02-12 22:00:00,0,0.0,0.0,66288.0,66272.17,15.830000000001746,5309.620000000228
2026-02-12 23:00:00,1,0.0,1.0,66272.17,65918.6,-353.56999999999243,4956.050000000236
2026-02-13 00:00:00,1,1.0,1.0,65918.6,66454.95,536.3499999999913,5492.400000000227
2026-02-13 01:00:00,0,1.0,1.0,66454.95,66663.08,-208.13000000000466,5284.270000000222
2026-02-13 02:00:00,0,0.0,0.0,66663.08,66553.08,110.0,5394.270000000222
2026-02-13 03:00:00,1,0.0,1.0,66553.08,66329.22,-223.86000000000058,5170.410000000222
2026-02-13 04:00:00,1,0.0,1.0,66329.22,66175.79,-153.43000000000757,5016.980000000214
2026-02-13 05:00:00,1,1.0,1.0,66175.79,66359.28,183.49000000000524,5200.470000000219
2026-02-13 06:00:00,0,0.0,1.0,66359.28,66208.96,150.31999999999243,5350.790000000212
2026-02-13 07:00:00,1,1.0,1.0,66208.96,66699.96,491.0,5841.790000000212
2026-02-13 08:00:00,0,1.0,1.0,66699.96,66959.71,-259.75,5582.040000000212
2026-02-13 09:00:00,0,1.0,0.0,66959.71,66977.66,-17.94999999999709,5564.090000000215
2026-02-13 10:00:00,0,1.0,1.0,66977.66,67171.42,-193.75999999999476,5370.33000000022
2026-02-13 11:00:00,0,0.0,0.0,67171.42,67084.0,87.41999999999825,5457.750000000218
2026-02-13 12:00:00,1,1.0,1.0,67084.0,67274.15,190.14999999999418,5647.9000000002125
2026-02-13 13:00:00,0,1.0,1.0,67274.15,67733.51,-459.3600000000006,5188.540000000212
2026-02-13 14:00:00,0,1.0,1.0,67733.51,68692.12,-958.6100000000006,4229.930000000211
2026-02-13 15:00:00,0,1.0,1.0,68692.12,68954.69,-262.570000000007,3967.3600000002043
2026-02-13 16:00:00,0,1.0,0.0,68954.69,69047.99,-93.30000000000291,3874.0600000002014
2026-02-13 17:00:00,0,1.0,0.0,69047.99,69129.99,-82.0,3792.0600000002014
2026-02-13 18:00:00,0,0.0,1.0,69129.99,68938.91,191.08000000000175,3983.140000000203
2026-02-13 19:00:00,1,0.0,1.0,68938.91,68777.12,-161.79000000000815,3821.350000000195
2026-02-13 20:00:00,1,1.0,0.0,68777.12,68902.48,125.36000000000058,3946.7100000001956
2026-02-13 21:00:00,1,1.0,0.0,68902.48,68995.28,92.80000000000291,4039.5100000001985
2026-02-13 22:00:00,0,0.0,0.0,68995.28,68853.96,141.31999999999243,4180.830000000191
2026-02-13 23:00:00,1,1.0,1.0,68853.96,69090.24,236.27999999999884,4417.11000000019
2026-02-14 00:00:00,0,0.0,0.0,69090.24,68964.51,125.73000000001048,4542.8400000002
2026-02-14 01:00:00,1,0.0,0.0,68964.51,68884.21,-80.29999999998836,4462.540000000212
2026-02-14 02:00:00,1,1.0,0.0,68884.21,68981.99,97.77999999999884,4560.320000000211
2026-02-14 03:00:00,1,0.0,1.0,68981.99,68790.0,-191.99000000000524,4368.3300000002055
2026-02-14 04:00:00,1,0.0,0.0,68790.0,68773.42,-16.580000000001746,4351.750000000204
2026-02-14 05:00:00,1,1.0,1.0,68773.42,68936.98,163.55999999999767,4515.310000000201
2026-02-14 06:00:00,0,1.0,1.0,68936.98,69219.26,-282.27999999999884,4233.030000000203
2026-02-14 07:00:00,0,1.0,1.0,69219.26,69746.2,-526.9400000000023,3706.0900000002002
2026-02-14 08:00:00,0,0.0,0.0,69746.2,69714.93,31.270000000004075,3737.3600000002043
2026-02-14 09:00:00,1,0.0,0.0,69714.93,69671.86,-43.06999999999243,3694.290000000212
2026-02-14 10:00:00,1,1.0,1.0,69671.86,70505.74,833.8800000000047,4528.1700000002165
2026-02-14 11:00:00,0,0.0,1.0,70505.74,69640.2,865.5400000000081,5393.710000000225
2026-02-14 12:00:00,1,0.0,1.0,69640.2,69460.0,-180.1999999999971,5213.510000000228
2026-02-14 13:00:00,1,1.0,1.0,69460.0,69701.66,241.6600000000035,5455.170000000231
2026-02-14 14:00:00,0,1.0,0.0,69701.66,69778.28,-76.61999999999534,5378.550000000236
2026-02-14 15:00:00,0,0.0,0.0,69778.28,69755.1,23.179999999993015,5401.730000000229
2026-02-14 16:00:00,1,0.0,0.0,69755.1,69739.38,-15.720000000001164,5386.010000000228
2026-02-14 17:00:00,1,1.0,0.0,69739.38,69772.31,32.929999999993015,5418.940000000221
2026-02-14 18:00:00,0,1.0,0.0,69772.31,69873.99,-101.68000000000757,5317.260000000213
2026-02-14 19:00:00,0,1.0,1.0,69873.99,70023.09,-149.09999999999127,5168.160000000222
2026-02-14 20:00:00,0,0.0,0.0,70023.09,69935.86,87.22999999999593,5255.390000000218
2026-02-14 21:00:00,1,1.0,0.0,69935.86,69959.75,23.889999999999418,5279.280000000217
2026-02-14 22:00:00,0,0.0,0.0,69959.75,69822.95,136.8000000000029,5416.08000000022
2026-02-14 23:00:00,1,0.0,0.0,69822.95,69777.07,-45.879999999990105,5370.20000000023
2026-02-15 00:00:00,1,0.0,0.0,69777.07,69717.65,-59.420000000012806,5310.780000000217
2026-02-15 01:00:00,1,0.0,1.0,69717.65,69480.01,-237.63999999999942,5073.140000000218
2026-02-15 02:00:00,1,1.0,1.0,69480.01,69954.5,474.49000000000524,5547.630000000223
2026-02-15 03:00:00,0,1.0,1.0,69954.5,70183.99,-229.49000000000524,5318.140000000218
2026-02-15 04:00:00,0,1.0,0.0,70183.99,70267.61,-83.61999999999534,5234.520000000222
2026-02-15 05:00:00,0,1.0,0.0,70267.61,70405.12,-137.50999999999476,5097.010000000228
2026-02-15 06:00:00,0,1.0,1.0,70405.12,70828.42,-423.3000000000029,4673.710000000225
2026-02-15 07:00:00,0,0.0,1.0,70828.42,70446.52,381.8999999999942,5055.610000000219
2026-02-15 08:00:00,1,0.0,0.0,70446.52,70419.11,-27.410000000003492,5028.200000000215
2026-02-15 09:00:00,1,1.0,0.0,70419.11,70427.02,7.9100000000034925,5036.110000000219
2026-02-15 10:00:00,0,0.0,0.0,70427.02,70295.22,131.8000000000029,5167.910000000222
2026-02-15 11:00:00,1,0.0,1.0,70295.22,69314.21,-981.0099999999948,4186.900000000227
2026-02-15 12:00:00,1,0.0,1.0,69314.21,68930.0,-384.2100000000064,3802.6900000002206
2026-02-15 13:00:00,1,1.0,1.0,68930.0,69170.51,240.50999999999476,4043.2000000002154
2026-02-15 14:00:00,0,0.0,0.0,69170.51,69099.99,70.51999999998952,4113.720000000205
2026-02-15 15:00:00,1,0.0,0.0,69099.99,69017.75,-82.24000000000524,4031.4800000001997
2026-02-15 16:00:00,1,0.0,1.0,69017.75,68641.21,-376.5399999999936,3654.940000000206
2026-02-15 17:00:00,1,0.0,1.0,68641.21,68451.44,-189.77000000000407,3465.170000000202
2026-02-15 18:00:00,1,0.0,1.0,68451.44,68286.63,-164.80999999999767,3300.3600000002043
2026-02-15 19:00:00,1,1.0,1.0,68286.63,68450.0,163.36999999999534,3463.7300000001997
2026-02-15 20:00:00,1,1.0,1.0,68450.0,68852.01,402.00999999999476,3865.7400000001944
2026-02-15 21:00:00,0,1.0,1.0,68852.01,68999.96,-147.95000000001164,3717.7900000001828
2026-02-15 22:00:00,0,0.0,1.0,68999.96,68832.58,167.38000000000466,3885.1700000001874
2026-02-15 23:00:00,1,1.0,0.0,68832.58,68845.81,13.229999999995925,3898.4000000001834
2026-02-16 00:00:00,0,0.0,1.0,68845.81,68630.81,215.0,4113.400000000183
2026-02-16 01:00:00,1,0.0,1.0,68630.81,68320.48,-310.33000000000175,3803.0700000001816
2026-02-16 02:00:00,1,1.0,0.0,68320.48,68424.82,104.34000000001106,3907.4100000001927
2026-02-16 03:00:00,1,1.0,1.0,68424.82,68870.07,445.25,4352.660000000193
2026-02-16 04:00:00,0,0.0,1.0,68870.07,68385.29,484.7800000000134,4837.440000000206
2026-02-16 05:00:00,1,1.0,0.0,68385.29,68450.8,65.51000000000931,4902.950000000215
2026-02-16 06:00:00,0,1.0,1.0,68450.8,68587.9,-137.09999999999127,4765.850000000224
2026-02-16 07:00:00,0,1.0,1.0,68587.9,68762.85,-174.95000000001164,4590.9000000002125
2026-02-16 08:00:00,0,1.0,1.0,68762.85,68992.71,-229.86000000000058,4361.040000000212
2026-02-16 09:00:00,0,0.0,1.0,68992.71,68798.22,194.49000000000524,4555.530000000217
2026-02-16 10:00:00,1,1.0,0.0,68798.22,68812.83,14.610000000000582,4570.140000000218
2026-02-16 11:00:00,0,1.0,1.0,68812.83,69763.24,-950.4100000000035,3619.730000000214
2026-02-16 12:00:00,0,0.0,1.0,69763.24,68395.1,1368.1399999999994,4987.870000000214
2026-02-16 13:00:00,1,1.0,0.0,68395.1,68427.64,32.5399999999936,5020.410000000207
2026-02-16 14:00:00,0,0.0,1.0,68427.64,67539.52,888.1199999999953,5908.530000000203
2026-02-16 15:00:00,1,1.0,1.0,67539.52,67888.7,349.179999999993,6257.710000000196
2026-02-16 16:00:00,0,1.0,0.0,67888.7,67951.86,-63.16000000000349,6194.550000000192
2026-02-16 17:00:00,0,0.0,0.0,67951.86,67860.13,91.72999999999593,6286.280000000188
2026-02-16 18:00:00,1,1.0,0.0,67860.13,67913.43,53.29999999998836,6339.580000000176
2026-02-16 19:00:00,1,1.0,1.0,67913.43,68530.0,616.570000000007,6956.150000000183
2026-02-16 20:00:00,0,1.0,1.0,68530.0,68862.88,-332.88000000000466,6623.270000000179
2026-02-16 21:00:00,0,0.0,1.0,68862.88,68591.02,271.8600000000006,6895.130000000179
2026-02-16 22:00:00,1,1.0,1.0,68591.02,68892.43,301.40999999998894,7196.540000000168
2026-02-16 23:00:00,0,0.0,0.0,68892.43,68878.27,14.15999999998894,7210.700000000157
2026-02-17 00:00:00,0,0.0,1.0,68878.27,68618.11,260.1600000000035,7470.860000000161
2026-02-17 01:00:00,1,1.0,1.0,68618.11,68838.48,220.36999999999534,7691.230000000156
2026-02-17 02:00:00,0,0.0,1.0,68838.48,68474.9,363.58000000000175,8054.810000000158
2026-02-17 03:00:00,1,1.0,0.0,68474.9,68481.67,6.7700000000040745,8061.580000000162
2026-02-17 04:00:00,1,0.0,1.0,68481.67,68245.71,-235.95999999999185,7825.62000000017
2026-02-17 05:00:00,1,1.0,1.0,68245.71,68400.0,154.2899999999936,7979.910000000164
2026-02-17 06:00:00,0,0.0,0.0,68400.0,68388.12,11.880000000004657,7991.790000000168
2026-02-17 07:00:00,1,0.0,1.0,68388.12,68177.53,-210.5899999999965,7781.200000000172
2026-02-17 08:00:00,1,0.0,0.0,68177.53,68126.28,-51.25,7729.950000000172
2026-02-17 09:00:00,1,0.0,1.0,68126.28,67845.3,-280.9799999999959,7448.970000000176
2026-02-17 10:00:00,1,1.0,0.0,67845.3,67854.6,9.30000000000291,7458.270000000179
2026-02-17 11:00:00,1,1.0,0.0,67854.6,67919.49,64.88999999999942,7523.160000000178
2026-02-17 12:00:00,0,1.0,1.0,67919.49,68136.34,-216.84999999999127,7306.310000000187
2026-02-17 13:00:00,0,0.0,1.0,68136.34,66875.06,1261.2799999999988,8567.590000000186
2026-02-17 14:00:00,1,1.0,1.0,66875.06,67392.05,516.9900000000052,9084.580000000191
2026-02-17 15:00:00,0,1.0,1.0,67392.05,67517.36,-125.30999999999767,8959.270000000193
2026-02-17 16:00:00,0,0.0,1.0,67517.36,67244.22,273.1399999999994,9232.410000000193
2026-02-17 17:00:00,1,1.0,1.0,67244.22,68098.62,854.3999999999942,10086.810000000187
2026-02-17 18:00:00,0,0.0,1.0,68098.62,67793.32,305.29999999998836,10392.110000000175
2026-02-17 19:00:00,1,0.0,0.0,67793.32,67753.3,-40.020000000004075,10352.090000000171
2026-02-17 20:00:00,1,0.0,0.0,67753.3,67680.54,-72.76000000000931,10279.330000000162
2026-02-17 21:00:00,1,0.0,1.0,67680.54,67527.72,-152.81999999999243,10126.51000000017
2026-02-17 22:00:00,1,0.0,0.0,67527.72,67503.52,-24.19999999999709,10102.310000000172
2026-02-17 23:00:00,1,0.0,1.0,67503.52,67302.65,-200.8700000000099,9901.440000000162
2026-02-18 00:00:00,1,0.0,1.0,67302.65,67165.2,-137.4499999999971,9763.990000000165
2026-02-18 01:00:00,1,1.0,1.0,67165.2,67335.04,169.8399999999965,9933.830000000162
2026-02-18 02:00:00,0,1.0,1.0,67335.04,67629.11,-294.070000000007,9639.760000000155
2026-02-18 03:00:00,0,1.0,1.0,67629.11,67823.54,-194.42999999999302,9445.330000000162
2026-02-18 04:00:00,0,0.0,1.0,67823.54,67654.8,168.7399999999907,9614.070000000153
2026-02-18 05:00:00,1,1.0,1.0,67654.8,67850.52,195.72000000000116,9809.790000000154
2026-02-18 06:00:00,0,1.0,1.0,67850.52,68106.44,-255.91999999999825,9553.870000000155
2026-02-18 07:00:00,0,1.0,0.0,68106.44,68132.82,-26.380000000004657,9527.49000000015
2026-02-18 08:00:00,0,1.0,0.0,68132.82,68157.79,-24.969999999986612,9502.520000000164
2026-02-18 09:00:00,0,0.0,1.0,68157.79,67801.26,356.52999999999884,9859.050000000163
2026-02-18 10:00:00,1,0.0,1.0,67801.26,67369.75,-431.50999999999476,9427.540000000168
2026-02-18 11:00:00,1,1.0,0.0,67369.75,67458.06,88.30999999999767,9515.850000000166
2026-02-18 12:00:00,0,0.0,1.0,67458.06,67236.88,221.17999999999302,9737.030000000159
2026-02-18 13:00:00,1,0.0,0.0,67236.88,67223.76,-13.120000000009895,9723.910000000149
2026-02-18 14:00:00,1,1.0,1.0,67223.76,67694.01,470.25,10194.160000000149
2026-02-18 15:00:00,0,0.0,1.0,67694.01,67145.34,548.6699999999983,10742.830000000147
2026-02-18 16:00:00,1,1.0,0.0,67145.34,67187.39,42.05000000000291,10784.88000000015
2026-02-18 17:00:00,1,0.0,1.0,67187.39,66359.99,-827.3999999999942,9957.480000000156
2026-02-18 18:00:00,1,0.0,1.0,66359.99,66177.14,-182.85000000000582,9774.63000000015
2026-02-18 19:00:00,1,1.0,0.0,66177.14,66268.39,91.25,9865.88000000015
2026-02-18 20:00:00,1,1.0,0.0,66268.39,66342.76,74.36999999999534,9940.250000000146
2026-02-18 21:00:00,0,1.0,0.0,66342.76,66408.82,-66.06000000001222,9874.190000000133
2026-02-18 22:00:00,0,1.0,0.0,66408.82,66461.0,-52.179999999993015,9822.01000000014
2026-02-18 23:00:00,0,0.0,0.0,66461.0,66446.49,14.509999999994761,9836.520000000135
2026-02-19 00:00:00,1,1.0,1.0,66446.49,66866.62,420.1299999999901,10256.650000000125
2026-02-19 01:00:00,0,0.0,0.0,66866.62,66835.2,31.419999999998254,10288.070000000123
2026-02-19 02:00:00,1,1.0,1.0,66835.2,66980.91,145.7100000000064,10433.78000000013
2026-02-19 03:00:00,0,0.0,1.0,66980.91,66802.75,178.1600000000035,10611.940000000133
2026-02-19 04:00:00,1,1.0,0.0,66802.75,66871.35,68.60000000000582,10680.54000000014
2026-02-19 05:00:00,0,1.0,1.0,66871.35,67150.12,-278.7699999999895,10401.77000000015
2026-02-19 06:00:00,0,1.0,0.0,67150.12,67206.45,-56.330000000001746,10345.440000000148
2026-02-19 07:00:00,0,0.0,1.0,67206.45,66966.12,240.33000000000175,10585.77000000015
2026-02-19 08:00:00,1,0.0,1.0,66966.12,66836.0,-130.11999999999534,10455.650000000154
2026-02-19 09:00:00,1,1.0,0.0,66836.0,66843.08,7.080000000001746,10462.730000000156
2026-02-19 10:00:00,1,0.0,1.0,66843.08,66496.02,-347.0599999999977,10115.670000000158
2026-02-19 11:00:00,1,1.0,0.0,66496.02,66516.67,20.64999999999418,10136.320000000153
2026-02-19 12:00:00,1,0.0,1.0,66516.67,65913.37,-603.3000000000029,9533.02000000015
2026-02-19 13:00:00,1,1.0,1.0,65913.37,66421.2,507.83000000000175,10040.850000000151
2026-02-19 14:00:00,0,0.0,0.0,66421.2,66398.0,23.19999999999709,10064.050000000148
2026-02-19 15:00:00,1,0.0,1.0,66398.0,66293.53,-104.47000000000116,9959.580000000147
2026-02-19 16:00:00,1,1.0,0.0,66293.53,66369.42,75.88999999999942,10035.470000000147
2026-02-19 17:00:00,1,1.0,1.0,66369.42,67030.49,661.070000000007,10696.540000000154
2026-02-19 18:00:00,0,1.0,0.0,67030.49,67050.0,-19.50999999999476,10677.030000000159
2026-02-19 19:00:00,0,1.0,1.0,67050.0,67149.11,-99.11000000000058,10577.920000000158
2026-02-19 20:00:00,0,0.0,1.0,67149.11,66916.51,232.60000000000582,10810.520000000164
2026-02-19 21:00:00,1,0.0,0.0,66916.51,66915.14,-1.3699999999953434,10809.150000000169
2026-02-19 22:00:00,1,1.0,0.0,66915.14,67003.73,88.58999999999651,10897.740000000165
2026-02-19 23:00:00,0,1.0,1.0,67003.73,67228.91,-225.18000000000757,10672.560000000158
2026-02-20 00:00:00,0,1.0,0.0,67228.91,67279.9,-50.98999999999069,10621.570000000167
2026-02-20 01:00:00,0,0.0,0.0,67279.9,67242.03,37.86999999999534,10659.440000000162
2026-02-20 02:00:00,1,1.0,1.0,67242.03,67366.25,124.22000000000116,10783.660000000164
2026-02-20 03:00:00,0,0.0,1.0,67366.25,67264.83,101.41999999999825,10885.080000000162
2026-02-20 04:00:00,1,1.0,1.0,67264.83,67790.1,525.2700000000041,11410.350000000166
2026-02-20 05:00:00,0,1.0,0.0,67790.1,67847.47,-57.36999999999534,11352.98000000017
2026-02-20 06:00:00,0,0.0,0.0,67847.47,67825.91,21.55999999999767,11374.540000000168
2026-02-20 07:00:00,1,1.0,0.0,67825.91,67879.99,54.080000000001746,11428.62000000017
2026-02-20 08:00:00,0,1.0,1.0,67879.99,68218.85,-338.8600000000006,11089.76000000017
2026-02-20 09:00:00,0,0.0,1.0,68218.85,67948.99,269.8600000000006,11359.62000000017
2026-02-20 10:00:00,1,0.0,1.0,67948.99,67318.41,-630.5800000000017,10729.040000000168
2026-02-20 11:00:00,1,1.0,1.0,67318.41,67541.77,223.36000000000058,10952.400000000169
2026-02-20 12:00:00,0,0.0,1.0,67541.77,66801.62,740.1500000000087,11692.550000000178
2026-02-20 13:00:00,1,1.0,1.0,66801.62,67069.65,268.02999999999884,11960.580000000176
2026-02-20 14:00:00,0,1.0,1.0,67069.65,67582.95,-513.3000000000029,11447.280000000173
2026-02-20 15:00:00,0,1.0,1.0,67582.95,67795.47,-212.52000000000407,11234.76000000017
2026-02-20 16:00:00,0,0.0,1.0,67795.47,67613.37,182.10000000000582,11416.860000000175
2026-02-20 17:00:00,1,1.0,1.0,67613.37,67924.21,310.84000000001106,11727.700000000186
2026-02-20 18:00:00,0,0.0,1.0,67924.21,67646.03,278.18000000000757,12005.880000000194
2026-02-20 19:00:00,1,1.0,1.0,67646.03,67750.4,104.36999999999534,12110.25000000019
2026-02-20 20:00:00,0,1.0,0.0,67750.4,67825.87,-75.47000000000116,12034.780000000188
2026-02-20 21:00:00,0,1.0,1.0,67825.87,68078.13,-252.2600000000093,11782.520000000179
2026-02-20 22:00:00,0,0.0,0.0,68078.13,68020.01,58.120000000009895,11840.640000000189
2026-02-20 23:00:00,1,0.0,1.0,68020.01,67841.0,-179.00999999999476,11661.630000000194
2026-02-21 00:00:00,1,1.0,1.0,67841.0,67951.24,110.24000000000524,11771.870000000199
2026-02-21 01:00:00,0,1.0,0.0,67951.24,68001.05,-49.80999999999767,11722.060000000201
2026-02-21 02:00:00,0,0.0,1.0,68001.05,67667.77,333.27999999999884,12055.3400000002
2026-02-21 03:00:00,1,1.0,1.0,67667.77,67816.97,149.1999999999971,12204.540000000197
2026-02-21 04:00:00,0,1.0,0.0,67816.97,67851.93,-34.95999999999185,12169.580000000205
2026-02-21 05:00:00,0,0.0,0.0,67851.93,67793.38,58.54999999998836,12228.130000000194
2026-02-21 06:00:00,1,1.0,0.0,67793.38,67856.01,62.629999999990105,12290.760000000184
2026-02-21 07:00:00,0,1.0,1.0,67856.01,68055.03,-199.02000000000407,12091.74000000018
2026-02-21 08:00:00,0,1.0,1.0,68055.03,68147.53,-92.5,11999.24000000018
2026-02-21 09:00:00,0,1.0,0.0,68147.53,68215.54,-68.00999999999476,11931.230000000185
2026-02-21 10:00:00,0,0.0,1.0,68215.54,68092.45,123.08999999999651,12054.320000000182
2026-02-21 11:00:00,1,1.0,1.0,68092.45,68203.42,110.97000000000116,12165.290000000183
2026-02-21 12:00:00,0,1.0,0.0,68203.42,68259.99,-56.570000000006985,12108.720000000176
2026-02-21 13:00:00,0,1.0,1.0,68259.99,68450.01,-190.01999999998952,11918.700000000186
2026-02-21 14:00:00,0,1.0,1.0,68450.01,68615.0,-164.99000000000524,11753.710000000181
2026-02-21 15:00:00,0,0.0,1.0,68615.0,68322.6,292.3999999999942,12046.110000000175
2026-02-21 16:00:00,1,1.0,1.0,68322.6,68437.45,114.84999999999127,12160.960000000166
2026-02-21 17:00:00,0,1.0,1.0,68437.45,68574.0,-136.5500000000029,12024.410000000164
2026-02-21 18:00:00,0,0.0,0.0,68574.0,68543.51,30.49000000000524,12054.900000000169
2026-02-21 19:00:00,1,0.0,1.0,68543.51,68211.19,-332.31999999999243,11722.580000000176
2026-02-21 20:00:00,1,1.0,1.0,68211.19,68379.95,168.75999999999476,11891.340000000171
2026-02-21 21:00:00,0,0.0,1.0,68379.95,67972.0,407.9499999999971,12299.290000000168
2026-02-21 22:00:00,1,1.0,0.0,67972.0,67975.93,3.929999999993015,12303.220000000161
2026-02-21 23:00:00,1,0.0,0.0,67975.93,67946.0,-29.929999999993015,12273.290000000168
2026-02-22 00:00:00,1,1.0,1.0,67946.0,68159.31,213.30999999999767,12486.600000000166
2026-02-22 01:00:00,1,0.0,1.0,68159.31,67909.68,-249.63000000000466,12236.970000000161
2026-02-22 02:00:00,1,1.0,1.0,67909.68,68041.43,131.75,12368.720000000161
2026-02-22 03:00:00,0,0.0,0.0,68041.43,67983.5,57.929999999993015,12426.650000000154
2026-02-22 04:00:00,1,0.0,0.0,67983.5,67977.52,-5.9799999999959255,12420.670000000158
2026-02-22 05:00:00,1,1.0,0.0,67977.52,68038.13,60.61000000000058,12481.280000000159
2026-02-22 06:00:00,0,0.0,0.0,68038.13,68005.3,32.830000000001746,12514.11000000016
2026-02-22 07:00:00,1,0.0,0.0,68005.3,67950.1,-55.19999999999709,12458.910000000164
2026-02-22 08:00:00,1,1.0,1.0,67950.1,68053.32,103.22000000000116,12562.130000000165
2026-02-22 09:00:00,0,1.0,0.0,68053.32,68129.56,-76.23999999999069,12485.890000000174
2026-02-22 10:00:00,0,1.0,1.0,68129.56,68219.97,-90.41000000000349,12395.48000000017
2026-02-22 11:00:00,0,0.0,1.0,68219.97,67928.22,291.75,12687.23000000017
2026-02-22 12:00:00,1,0.0,1.0,67928.22,67652.38,-275.8399999999965,12411.390000000174
2026-02-22 13:00:00,1,0.0,1.0,67652.38,67443.89,-208.49000000000524,12202.900000000169
2026-02-22 14:00:00,1,1.0,1.0,67443.89,67684.14,240.25,12443.150000000169
2026-02-22 15:00:00,0,0.0,0.0,67684.14,67632.76,51.38000000000466,12494.530000000173
2026-02-22 16:00:00,1,0.0,1.0,67632.76,67384.49,-248.26999999998952,12246.260000000184
2026-02-22 17:00:00,1,1.0,0.0,67384.49,67422.62,38.129999999990105,12284.390000000174
2026-02-22 18:00:00,1,1.0,0.0,67422.62,67428.32,5.7000000000116415,12290.090000000186
2026-02-22 19:00:00,0,0.0,0.0,67428.32,67401.74,26.580000000001746,12316.670000000187
2026-02-22 20:00:00,1,1.0,1.0,67401.74,67612.66,210.91999999999825,12527.590000000186
2026-02-22 21:00:00,0,1.0,0.0,67612.66,67666.16,-53.5,12474.090000000186
2026-02-22 22:00:00,0,0.0,0.0,67666.16,67643.4,22.760000000009313,12496.850000000195
2026-02-22 23:00:00,1,0.0,1.0,67643.4,66740.47,-902.929999999993,11593.920000000202
2026-02-23 00:00:00,1,0.0,1.0,66740.47,64427.65,-2312.8199999999997,9281.100000000202
2026-02-23 01:00:00,1,1.0,1.0,64427.65,64783.56,355.9099999999962,9637.010000000198
2026-02-23 02:00:00,1,1.0,1.0,64783.56,64934.17,150.61000000000058,9787.620000000199
2026-02-23 03:00:00,0,0.0,1.0,64934.17,64808.31,125.86000000000058,9913.4800000002
2026-02-23 04:00:00,1,1.0,1.0,64808.31,65070.9,262.5900000000038,10176.070000000203
2026-02-23 05:00:00,1,1.0,1.0,65070.9,65757.32,686.4200000000055,10862.490000000209
2026-02-23 06:00:00,0,1.0,1.0,65757.32,65958.94,-201.61999999999534,10660.870000000214
2026-02-23 07:00:00,0,0.0,1.0,65958.94,65676.44,282.5,10943.370000000214
2026-02-23 08:00:00,1,1.0,1.0,65676.44,66404.91,728.4700000000012,11671.840000000215
2026-02-23 09:00:00,0,0.0,0.0,66404.91,66319.69,85.22000000000116,11757.060000000216
2026-02-23 10:00:00,1,0.0,1.0,66319.69,66207.23,-112.4600000000064,11644.60000000021
2026-02-23 11:00:00,1,1.0,0.0,66207.23,66280.4,73.16999999999825,11717.770000000208
2026-02-23 12:00:00,1,0.0,1.0,66280.4,66132.66,-147.7399999999907,11570.030000000217
2026-02-23 13:00:00,1,0.0,1.0,66132.66,65923.53,-209.13000000000466,11360.900000000212
2026-02-23 14:00:00,1,0.0,1.0,65923.53,65660.1,-263.429999999993,11097.47000000022
2026-02-23 15:00:00,1,0.0,1.0,65660.1,65364.65,-295.45000000000437,10802.020000000215
2026-02-23 16:00:00,1,0.0,1.0,65364.65,64813.26,-551.3899999999994,10250.630000000216
2026-02-23 17:00:00,1,0.0,1.0,64813.26,64635.49,-177.77000000000407,10072.860000000212
2026-02-23 18:00:00,1,0.0,1.0,64635.49,64295.1,-340.3899999999994,9732.470000000212
2026-02-23 19:00:00,1,1.0,1.0,64295.1,64473.14,178.04000000000087,9910.510000000213
2026-02-23 20:00:00,1,1.0,1.0,64473.14,64580.66,107.52000000000407,10018.030000000217
2026-02-23 21:00:00,0,1.0,1.0,64580.66,64725.56,-144.89999999999418,9873.130000000223
2026-02-23 22:00:00,0,0.0,0.0,64725.56,64656.02,69.54000000000087,9942.670000000224
2026-02-23 23:00:00,1,1.0,1.0,64656.02,64941.43,285.4100000000035,10228.080000000227
2026-02-24 00:00:00,0,0.0,1.0,64941.43,64160.27,781.1600000000035,11009.24000000023
2026-02-24 01:00:00,1,0.0,0.0,64160.27,64109.81,-50.45999999999913,10958.780000000232
2026-02-24 02:00:00,1,0.0,1.0,64109.81,63595.51,-514.2999999999956,10444.480000000236
2026-02-24 03:00:00,1,0.0,1.0,63595.51,63378.84,-216.67000000000553,10227.81000000023
2026-02-24 04:00:00,1,0.0,1.0,63378.84,63104.79,-274.04999999999563,9953.760000000235
2026-02-24 05:00:00,1,0.0,0.0,63104.79,63082.79,-22.0,9931.760000000235
2026-02-24 06:00:00,1,1.0,1.0,63082.79,63192.96,110.16999999999825,10041.930000000233
2026-02-24 07:00:00,0,1.0,1.0,63192.96,63392.15,-199.19000000000233,9842.74000000023
2026-02-24 08:00:00,0,0.0,1.0,63392.15,63249.99,142.1600000000035,9984.900000000234
2026-02-24 09:00:00,1,1.0,0.0,63249.99,63284.5,34.51000000000204,10019.410000000236
2026-02-24 10:00:00,0,0.0,0.0,63284.5,63227.1,57.400000000001455,10076.810000000238
2026-02-24 11:00:00,1,0.0,1.0,63227.1,62969.05,-258.04999999999563,9818.760000000242
2026-02-24 12:00:00,1,0.0,0.0,62969.05,62900.0,-69.05000000000291,9749.71000000024
2026-02-24 13:00:00,1,1.0,1.0,62900.0,63453.99,553.989999999998,10303.700000000237
2026-02-24 14:00:00,0,1.0,1.0,63453.99,63973.97,-519.9800000000032,9783.720000000234
2026-02-24 15:00:00,0,1.0,1.0,63973.97,64265.52,-291.54999999999563,9492.170000000238
2026-02-24 16:00:00,0,0.0,0.0,64265.52,64219.71,45.80999999999767,9537.980000000236
2026-02-24 17:00:00,1,1.0,1.0,64219.71,64435.06,215.34999999999854,9753.330000000235
2026-02-24 18:00:00,0,0.0,0.0,64435.06,64435.03,0.029999999998835847,9753.360000000233
2026-02-24 19:00:00,0,1.0,0.0,64435.03,64472.9,-37.87000000000262,9715.49000000023
2026-02-24 20:00:00,0,0.0,1.0,64472.9,64042.66,430.23999999999796,10145.730000000229
2026-02-24 21:00:00,1,1.0,0.0,64042.66,64120.95,78.2899999999936,10224.020000000222
2026-02-24 22:00:00,1,0.0,0.0,64120.95,64058.15,-62.799999999995634,10161.220000000227
2026-02-24 23:00:00,1,1.0,1.0,64058.15,64224.3,166.15000000000146,10327.370000000228
2026-02-25 00:00:00,0,1.0,1.0,64224.3,65896.75,-1672.449999999997,8654.920000000231
2026-02-25 01:00:00,0,0.0,0.0,65896.75,65884.83,11.919999999998254,8666.84000000023
2026-02-25 02:00:00,0,0.0,1.0,65884.83,65391.73,493.09999999999854,9159.940000000228
2026-02-25 03:00:00,1,1.0,0.0,65391.73,65457.99,66.25999999999476,9226.200000000223
2026-02-25 04:00:00,0,0.0,1.0,65457.99,64882.76,575.2299999999959,9801.430000000219
2026-02-25 05:00:00,1,1.0,0.0,64882.76,64898.22,15.459999999999127,9816.890000000218
2026-02-25 06:00:00,1,1.0,1.0,64898.22,65028.3,130.08000000000175,9946.97000000022
2026-02-25 07:00:00,0,1.0,1.0,65028.3,65530.49,-502.18999999999505,9444.780000000224
2026-02-25 08:00:00,0,1.0,0.0,65530.49,65558.71,-28.22000000000844,9416.560000000216
2026-02-25 09:00:00,0,0.0,1.0,65558.71,65400.87,157.84000000000378,9574.40000000022
2026-02-25 10:00:00,1,1.0,0.0,65400.87,65430.04,29.169999999998254,9603.570000000218
2026-02-25 11:00:00,0,1.0,1.0,65430.04,66068.94,-638.9000000000015,8964.670000000217
2026-02-25 12:00:00,0,1.0,1.0,66068.94,66248.62,-179.67999999999302,8784.990000000224
2026-02-25 13:00:00,0,1.0,1.0,66248.62,66973.2,-724.5800000000017,8060.410000000222
2026-02-25 14:00:00,0,1.0,1.0,66973.2,67412.33,-439.13000000000466,7621.280000000217
2026-02-25 15:00:00,0,1.0,1.0,67412.33,68297.35,-885.0200000000041,6736.260000000213
2026-02-25 16:00:00,0,1.0,1.0,68297.35,68674.2,-376.84999999999127,6359.410000000222
2026-02-25 17:00:00,0,1.0,1.0,68674.2,69328.07,-653.8700000000099,5705.540000000212
2026-02-25 18:00:00,0,0.0,1.0,69328.07,69038.26,289.8100000000122,5995.350000000224
2026-02-25 19:00:00,0,1.0,1.0,69038.26,69148.69,-110.43000000000757,5884.9200000002165
2026-02-25 20:00:00,0,0.0,1.0,69148.69,68919.72,228.97000000000116,6113.890000000218
2026-02-25 21:00:00,0,0.0,1.0,68919.72,68432.13,487.5899999999965,6601.480000000214
2026-02-25 22:00:00,1,0.0,1.0,68432.13,67988.04,-444.09000000001106,6157.390000000203
2026-02-25 23:00:00,1,1.0,1.0,67988.04,68335.99,347.95000000001164,6505.340000000215
2026-02-26 00:00:00,0,0.0,0.0,68335.99,68248.3,87.69000000000233,6593.030000000217
2026-02-26 01:00:00,0,1.0,0.0,68248.3,68257.45,-9.14999999999418,6583.880000000223
2026-02-26 02:00:00,0,0.0,0.0,68257.45,68216.86,40.58999999999651,6624.470000000219
2026-02-26 03:00:00,0,1.0,1.0,68216.86,68571.36,-354.5,6269.970000000219
2026-02-26 04:00:00,0,0.0,1.0,68571.36,68443.81,127.55000000000291,6397.520000000222
2026-02-26 05:00:00,0,0.0,1.0,68443.81,68176.75,267.0599999999977,6664.58000000022
2026-02-26 06:00:00,1,0.0,1.0,68176.75,67825.04,-351.7100000000064,6312.870000000214
2026-02-26 07:00:00,1,1.0,1.0,67825.04,67954.01,128.97000000000116,6441.840000000215
2026-02-26 08:00:00,0,1.0,1.0,67954.01,68589.41,-635.4000000000087,5806.440000000206
2026-02-26 09:00:00,0,0.0,1.0,68589.41,68301.62,287.79000000000815,6094.230000000214
2026-02-26 10:00:00,0,0.0,1.0,68301.62,68051.31,250.30999999999767,6344.540000000212
2026-02-26 11:00:00,1,1.0,1.0,68051.31,68171.56,120.25,6464.790000000212
2026-02-26 12:00:00,0,0.0,1.0,68171.56,67905.35,266.20999999999185,6731.000000000204
2026-02-26 13:00:00,1,0.0,1.0,67905.35,67697.74,-207.61000000000058,6523.390000000203
2026-02-26 14:00:00,1,0.0,1.0,67697.74,67382.0,-315.74000000000524,6207.650000000198
2026-02-26 15:00:00,1,0.0,1.0,67382.0,66643.55,-738.4499999999971,5469.200000000201
2026-02-26 16:00:00,1,1.0,1.0,66643.55,66826.8,183.25,5652.450000000201
2026-02-26 17:00:00,1,1.0,1.0,66826.8,67310.53,483.7299999999959,6136.180000000197
2026-02-26 18:00:00,0,1.0,1.0,67310.53,67589.22,-278.6900000000023,5857.490000000194
2026-02-26 19:00:00,0,0.0,1.0,67589.22,67414.07,175.14999999999418,6032.640000000189
2026-02-26 20:00:00,1,1.0,0.0,67414.07,67463.65,49.579999999987194,6082.220000000176
2026-02-26 21:00:00,0,1.0,1.0,67463.65,67572.3,-108.65000000000873,5973.570000000167
2026-02-26 22:00:00,0,0.0,0.0,67572.3,67485.18,87.1200000000099,6060.690000000177
2026-02-26 23:00:00,1,0.0,1.0,67485.18,67226.5,-258.679999999993,5802.010000000184
2026-02-27 00:00:00,1,1.0,1.0,67226.5,67352.26,125.75999999999476,5927.770000000179
2026-02-27 01:00:00,1,0.0,0.0,67352.26,67266.58,-85.67999999999302,5842.090000000186
2026-02-27 02:00:00,1,1.0,1.0,67266.58,67600.84,334.25999999999476,6176.35000000018
2026-02-27 03:00:00,0,1.0,1.0,67600.84,67747.49,-146.65000000000873,6029.700000000172
2026-02-27 04:00:00,0,0.0,0.0,67747.49,67724.99,22.5,6052.200000000172
2026-02-27 05:00:00,0,0.0,0.0,67724.99,67658.14,66.85000000000582,6119.0500000001775
2026-02-27 06:00:00,1,1.0,0.0,67658.14,67690.6,32.4600000000064,6151.510000000184
2026-02-27 07:00:00,0,1.0,1.0,67690.6,67926.24,-235.63999999999942,5915.8700000001845
2026-02-27 08:00:00,0,0.0,1.0,67926.24,67355.73,570.5100000000093,6486.380000000194
2026-02-27 09:00:00,1,0.0,1.0,67355.73,66604.91,-750.8199999999924,5735.560000000201
2026-02-27 10:00:00,1,0.0,1.0,66604.91,66126.99,-477.91999999999825,5257.640000000203
2026-02-27 11:00:00,1,0.0,1.0,66126.99,65928.01,-198.98000000001048,5058.660000000193
2026-02-27 12:00:00,1,1.0,1.0,65928.01,66270.55,342.54000000000815,5401.200000000201
2026-02-27 13:00:00,1,0.0,1.0,66270.55,65887.59,-382.9600000000064,5018.240000000194
2026-02-27 14:00:00,1,1.0,1.0,65887.59,66095.4,207.80999999999767,5226.050000000192
2026-02-27 15:00:00,1,0.0,1.0,66095.4,65475.21,-620.189999999995,4605.860000000197
2026-02-27 16:00:00,1,1.0,1.0,65475.21,65703.19,227.9800000000032,4833.8400000002
2026-02-27 17:00:00,1,0.0,1.0,65703.19,65314.76,-388.4300000000003,4445.4100000002
2026-02-27 18:00:00,1,1.0,0.0,65314.76,65392.18,77.41999999999825,4522.830000000198
2026-02-27 19:00:00,1,1.0,1.0,65392.18,65594.67,202.48999999999796,4725.320000000196
2026-02-27 20:00:00,1,0.0,0.0,65594.67,65527.59,-67.08000000000175,4658.240000000194
2026-02-27 21:00:00,1,1.0,1.0,65527.59,65637.99,110.40000000000873,4768.640000000203
2026-02-27 22:00:00,1,1.0,1.0,65637.99,65872.1,234.11000000000058,5002.750000000204
2026-02-27 23:00:00,0,1.0,0.0,65872.1,65942.0,-69.89999999999418,4932.85000000021
2026-02-28 00:00:00,0,0.0,1.0,65942.0,65770.36,171.63999999999942,5104.490000000209
2026-02-28 01:00:00,1,1.0,1.0,65770.36,65961.13,190.77000000000407,5295.260000000213
2026-02-28 02:00:00,0,0.0,1.0,65961.13,65797.42,163.7100000000064,5458.970000000219
2026-02-28 03:00:00,1,0.0,1.0,65797.42,65663.2,-134.22000000000116,5324.750000000218
2026-02-28 04:00:00,1,0.0,0.0,65663.2,65591.03,-72.16999999999825,5252.58000000022
2026-02-28 05:00:00,1,0.0,1.0,65591.03,63216.01,-2375.019999999997,2877.560000000223
2026-02-28 06:00:00,1,1.0,1.0,63216.01,63826.0,609.989999999998,3487.550000000221
2026-02-28 07:00:00,1,0.0,1.0,63826.0,63473.28,-352.72000000000116,3134.83000000022
2026-02-28 08:00:00,1,1.0,1.0,63473.28,63658.54,185.26000000000204,3320.090000000222
2026-02-28 09:00:00,1,1.0,1.0,63658.54,64010.39,351.84999999999854,3671.9400000002206
2026-02-28 10:00:00,0,0.0,1.0,64010.39,63844.2,166.19000000000233,3838.130000000223
2026-02-28 11:00:00,1,1.0,1.0,63844.2,64017.19,172.99000000000524,4011.120000000228
2026-02-28 12:00:00,1,1.0,1.0,64017.19,65106.44,1089.25,5100.370000000228
2026-02-28 13:00:00,0,0.0,1.0,65106.44,64435.61,670.8300000000017,5771.20000000023
2026-02-28 14:00:00,1,1.0,1.0,64435.61,64841.18,405.5699999999997,6176.77000000023
2026-02-28 15:00:00,1,1.0,1.0,64841.18,65094.3,253.12000000000262,6429.890000000232
2026-02-28 16:00:00,0,1.0,1.0,65094.3,65442.62,-348.3199999999997,6081.5700000002325
2026-02-28 17:00:00,0,1.0,1.0,65442.62,65911.84,-469.2199999999939,5612.350000000239
2026-02-28 18:00:00,0,1.0,1.0,65911.84,66362.01,-450.16999999999825,5162.18000000024
2026-02-28 19:00:00,0,1.0,1.0,66362.01,66959.62,-597.6100000000006,4564.57000000024
2026-02-28 20:00:00,0,0.0,1.0,66959.62,66723.22,236.39999999999418,4800.970000000234
2026-02-28 21:00:00,1,1.0,1.0,66723.22,67103.64,380.41999999999825,5181.390000000232
2026-02-28 22:00:00,0,0.0,1.0,67103.64,66973.26,130.38000000000466,5311.770000000237
2026-02-28 23:00:00,1,0.0,1.0,66973.26,66791.29,-181.97000000000116,5129.800000000236
2026-03-01 00:00:00,1,1.0,1.0,66791.29,67339.36,548.070000000007,5677.870000000243
2026-03-01 01:00:00,0,1.0,1.0,67339.36,67620.65,-281.2899999999936,5396.580000000249
2026-03-01 02:00:00,0,0.0,1.0,67620.65,67502.16,118.48999999999069,5515.07000000024
2026-03-01 03:00:00,0,0.0,1.0,67502.16,67346.5,155.6600000000035,5670.730000000243
2026-03-01 04:00:00,1,0.0,0.0,67346.5,67292.09,-54.41000000000349,5616.32000000024
2026-03-01 05:00:00,1,0.0,1.0,67292.09,66926.68,-365.4100000000035,5250.910000000236
2026-03-01 06:00:00,1,1.0,1.0,66926.68,67141.39,214.7100000000064,5465.620000000243
2026-03-01 07:00:00,0,0.0,1.0,67141.39,66560.14,581.25,6046.870000000243
2026-03-01 08:00:00,1,0.0,1.0,66560.14,66410.08,-150.05999999999767,5896.810000000245
2026-03-01 09:00:00,1,1.0,0.0,66410.08,66467.06,56.979999999995925,5953.790000000241
2026-03-01 10:00:00,1,1.0,0.0,66467.06,66468.03,0.9700000000011642,5954.760000000242
2026-03-01 11:00:00,1,0.0,1.0,66468.03,66296.48,-171.5500000000029,5783.210000000239
2026-03-01 12:00:00,1,1.0,1.0,66296.48,66934.79,638.3099999999977,6421.520000000237
2026-03-01 13:00:00,0,0.0,0.0,66934.79,66847.8,86.98999999999069,6508.510000000228
2026-03-01 14:00:00,1,0.0,0.0,66847.8,66842.42,-5.380000000004657,6503.130000000223
2026-03-01 15:00:00,1,0.0,1.0,66842.42,66135.45,-706.9700000000012,5796.160000000222
2026-03-01 16:00:00,1,0.0,1.0,66135.45,65979.61,-155.8399999999965,5640.320000000225
2026-03-01 17:00:00,1,1.0,1.0,65979.61,66316.83,337.22000000000116,5977.540000000226
2026-03-01 18:00:00,0,0.0,1.0,66316.83,65962.17,354.6600000000035,6332.20000000023
2026-03-01 19:00:00,1,0.0,1.0,65962.17,65300.0,-662.1699999999983,5670.030000000232
2026-03-01 20:00:00,1,1.0,1.0,65300.0,65666.2,366.1999999999971,6036.230000000229
2026-03-01 21:00:00,0,0.0,1.0,65666.2,65268.71,397.48999999999796,6433.720000000227
2026-03-01 22:00:00,1,1.0,1.0,65268.71,65776.47,507.76000000000204,6941.480000000229
2026-03-01 23:00:00,0,1.0,1.0,65776.47,66501.52,-725.0500000000029,6216.430000000226
2026-03-02 00:00:00,0,1.0,0.0,66501.52,66532.02,-30.5,6185.930000000226
2026-03-02 01:00:00,0,0.0,1.0,66532.02,66276.77,255.25,6441.180000000226
2026-03-02 02:00:00,1,1.0,1.0,66276.77,66820.03,543.2599999999948,6984.440000000221
2026-03-02 03:00:00,0,1.0,0.0,66820.03,66862.12,-42.08999999999651,6942.350000000224
2026-03-02 04:00:00,0,0.0,1.0,66862.12,66730.78,131.3399999999965,7073.690000000221
2026-03-02 05:00:00,1,0.0,1.0,66730.78,66204.9,-525.8800000000047,6547.810000000216
2026-03-02 06:00:00,1,0.0,1.0,66204.9,66007.52,-197.3799999999901,6350.430000000226
2026-03-02 07:00:00,1,1.0,1.0,66007.52,66282.0,274.4799999999959,6624.910000000222
2026-03-02 08:00:00,1,0.0,1.0,66282.0,66168.62,-113.38000000000466,6511.530000000217
2026-03-02 09:00:00,1,1.0,1.0,66168.62,66316.4,147.77999999999884,6659.310000000216
2026-03-02 10:00:00,0,1.0,0.0,66316.4,66359.68,-43.279999999998836,6616.030000000217
2026-03-02 11:00:00,0,0.0,1.0,66359.68,65963.43,396.25,7012.280000000217
2026-03-02 12:00:00,1,0.0,1.0,65963.43,65440.01,-523.419999999991,6488.860000000226
2026-03-02 13:00:00,1,1.0,1.0,65440.01,67177.06,1737.0499999999956,8225.910000000222
2026-03-02 14:00:00,0,1.0,1.0,67177.06,69130.2,-1953.1399999999994,6272.770000000222
2026-03-02 15:00:00,0,1.0,1.0,69130.2,69428.62,-298.41999999999825,5974.350000000224
2026-03-02 16:00:00,0,0.0,1.0,69428.62,69198.0,230.61999999999534,6204.970000000219
2026-03-02 17:00:00,0,0.0,1.0,69198.0,68877.67,320.33000000000175,6525.300000000221
2026-03-02 18:00:00,1,1.0,0.0,68877.67,68966.53,88.86000000000058,6614.160000000222
2026-03-02 19:00:00,0,1.0,1.0,68966.53,69106.58,-140.0500000000029,6474.110000000219
2026-03-02 20:00:00,0,1.0,1.0,69106.58,69413.82,-307.24000000000524,6166.870000000214
2026-03-02 21:00:00,0,1.0,0.0,69413.82,69440.49,-26.669999999998254,6140.200000000215
2026-03-02 22:00:00,0,0.0,1.0,69440.49,68830.06,610.4300000000076,6750.630000000223
2026-03-02 23:00:00,0,1.0,1.0,68830.06,69092.88,-262.820000000007,6487.810000000216
2026-03-03 00:00:00,0,0.0,1.0,69092.88,68760.01,332.8700000000099,6820.680000000226
2026-03-03 01:00:00,0,0.0,1.0,68760.01,68512.17,247.8399999999965,7068.520000000222
2026-03-03 02:00:00,0,0.0,1.0,68512.17,68377.94,134.22999999999593,7202.750000000218
2026-03-03 03:00:00,1,0.0,1.0,68377.94,68123.2,-254.74000000000524,6948.010000000213
2026-03-03 04:00:00,1,0.0,1.0,68123.2,67947.75,-175.4499999999971,6772.560000000216
2026-03-03 05:00:00,1,1.0,1.0,67947.75,68106.73,158.97999999999593,6931.540000000212
2026-03-03 06:00:00,0,1.0,0.0,68106.73,68172.8,-66.07000000000698,6865.470000000205
2026-03-03 07:00:00,0,0.0,1.0,68172.8,67003.3,1169.5,8034.970000000205
2026-03-03 08:00:00,1,0.0,1.0,67003.3,66647.98,-355.320000000007,7679.650000000198
2026-03-03 09:00:00,1,1.0,1.0,66647.98,66860.3,212.32000000000698,7891.970000000205
2026-03-03 10:00:00,1,1.0,1.0,66860.3,67026.61,166.30999999999767,8058.280000000203
2026-03-03 11:00:00,0,1.0,1.0,67026.61,67399.85,-373.24000000000524,7685.040000000197
2026-03-03 12:00:00,0,0.0,1.0,67399.85,66931.31,468.54000000000815,8153.5800000002055
2026-03-03 13:00:00,1,0.0,1.0,66931.31,66568.95,-362.3600000000006,7791.220000000205
2026-03-03 14:00:00,1,1.0,1.0,66568.95,67725.81,1156.8600000000006,8948.080000000205
2026-03-03 15:00:00,0,1.0,1.0,67725.81,68175.9,-450.0899999999965,8497.990000000209
2026-03-03 16:00:00,0,1.0,1.0,68175.9,68318.66,-142.7600000000093,8355.2300000002
2026-03-03 17:00:00,0,1.0,1.0,68318.66,68628.49,-309.83000000000175,8045.400000000198
2026-03-03 18:00:00,0,0.0,1.0,68628.49,68435.0,193.49000000000524,8238.890000000203
2026-03-03 19:00:00,0,0.0,1.0,68435.0,68266.0,169.0,8407.890000000203
2026-03-03 20:00:00,0,0.0,1.0,68266.0,68024.62,241.38000000000466,8649.270000000208
2026-03-03 21:00:00,1,1.0,1.0,68024.62,68327.2,302.58000000000175,8951.85000000021
2026-03-03 22:00:00,0,1.0,0.0,68327.2,68338.0,-10.80000000000291,8941.050000000207
2026-03-03 23:00:00,0,0.0,1.0,68338.0,68093.19,244.80999999999767,9185.860000000204
2026-03-04 00:00:00,0,1.0,1.0,68093.19,68405.0,-311.8099999999977,8874.050000000207
2026-03-04 01:00:00,0,0.0,0.0,68405.0,68323.33,81.66999999999825,8955.720000000205
2026-03-04 02:00:00,0,0.0,1.0,68323.33,67732.2,591.1300000000047,9546.85000000021
2026-03-04 03:00:00,1,1.0,0.0,67732.2,67786.0,53.80000000000291,9600.650000000212
2026-03-04 04:00:00,0,1.0,1.0,67786.0,68206.59,-420.5899999999965,9180.060000000216
2026-03-04 05:00:00,0,1.0,1.0,68206.59,68508.02,-301.43000000000757,8878.630000000208
2026-03-04 06:00:00,0,1.0,1.0,68508.02,69493.13,-985.1100000000006,7893.520000000208
2026-03-04 07:00:00,0,1.0,1.0,69493.13,71011.4,-1518.2699999999895,6375.250000000218
2026-03-04 08:00:00,0,1.0,1.0,71011.4,71520.76,-509.3600000000006,5865.890000000218
2026-03-04 09:00:00,0,0.0,1.0,71520.76,71348.92,171.8399999999965,6037.730000000214
2026-03-04 10:00:00,1,0.0,1.0,71348.92,71111.4,-237.52000000000407,5800.21000000021
2026-03-04 11:00:00,1,1.0,1.0,71111.4,71339.71,228.31000000001222,6028.520000000222
2026-03-04 12:00:00,0,1.0,1.0,71339.71,71477.17,-137.45999999999185,5891.0600000002305
2026-03-04 13:00:00,0,1.0,1.0,71477.17,71621.04,-143.86999999999534,5747.190000000235
2026-03-04 14:00:00,0,1.0,1.0,71621.04,73396.88,-1775.840000000011,3971.350000000224
2026-03-04 15:00:00,1,0.0,0.0,73396.88,73294.84,-102.04000000000815,3869.310000000216
2026-03-04 16:00:00,1,0.0,0.0,73294.84,73218.92,-75.91999999999825,3793.3900000002177
2026-03-04 17:00:00,1,1.0,1.0,73218.92,73693.5,474.58000000000175,4267.970000000219
2026-03-04 18:00:00,0,0.0,0.0,73693.5,73611.1,82.39999999999418,4350.370000000214
2026-03-04 19:00:00,1,0.0,1.0,73611.1,73019.68,-591.4200000000128,3758.950000000201
2026-03-04 20:00:00,1,1.0,1.0,73019.68,73309.72,290.04000000000815,4048.990000000209
2026-03-04 21:00:00,0,0.0,1.0,73309.72,72705.86,603.8600000000006,4652.85000000021
2026-03-04 22:00:00,1,0.0,0.0,72705.86,72666.77,-39.08999999999651,4613.760000000213
2026-03-04 23:00:00,1,1.0,0.0,72666.77,72760.0,93.22999999999593,4706.990000000209
2026-03-05 00:00:00,1,0.0,1.0,72760.0,72538.72,-221.27999999999884,4485.71000000021
2026-03-05 01:00:00,1,0.0,0.0,72538.72,72506.19,-32.529999999998836,4453.180000000211
2026-03-05 02:00:00,1,0.0,0.0,72506.19,72497.89,-8.30000000000291,4444.880000000208
2026-03-05 03:00:00,1,1.0,1.0,72497.89,72815.7,317.8099999999977,4762.690000000206
2026-03-05 04:00:00,1,0.0,1.0,72815.7,72412.15,-403.5500000000029,4359.140000000203
2026-03-05 05:00:00,1,1.0,1.0,72412.15,72553.62,141.47000000000116,4500.610000000204
2026-03-05 06:00:00,0,0.0,1.0,72553.62,72055.5,498.11999999999534,4998.7300000002
2026-03-05 07:00:00,1,1.0,1.0,72055.5,72333.7,278.1999999999971,5276.930000000197
2026-03-05 08:00:00,0,1.0,1.0,72333.7,72591.59,-257.8899999999994,5019.040000000197
2026-03-05 09:00:00,0,1.0,1.0,72591.59,73388.92,-797.3300000000017,4221.710000000196
2026-03-05 10:00:00,0,0.0,1.0,73388.92,72915.79,473.13000000000466,4694.8400000002
2026-03-05 11:00:00,0,0.0,0.0,72915.79,72890.73,25.05999999999767,4719.900000000198
2026-03-05 12:00:00,1,0.0,1.0,72890.73,72467.79,-422.9400000000023,4296.960000000196
2026-03-05 13:00:00,1,1.0,1.0,72467.79,72609.29,141.5,4438.460000000196
2026-03-05 14:00:00,0,0.0,1.0,72609.29,71652.77,956.5199999999895,5394.980000000185
2026-03-05 15:00:00,1,0.0,1.0,71652.77,71305.92,-346.8500000000058,5048.130000000179
2026-03-05 16:00:00,1,0.0,1.0,71305.92,70704.41,-601.5099999999948,4446.6200000001845
2026-03-05 17:00:00,1,1.0,1.0,70704.41,70990.65,286.2399999999907,4732.860000000175
2026-03-05 18:00:00,1,0.0,0.0,70990.65,70918.07,-72.5799999999872,4660.280000000188
2026-03-05 19:00:00,1,1.0,1.0,70918.07,71236.51,318.4399999999878,4978.720000000176
2026-03-05 20:00:00,1,0.0,0.0,71236.51,71141.93,-94.58000000000175,4884.140000000174
2026-03-05 21:00:00,1,1.0,0.0,71141.93,71208.54,66.61000000000058,4950.750000000175
2026-03-05 22:00:00,0,0.0,1.0,71208.54,70890.72,317.81999999999243,5268.570000000167
2026-03-05 23:00:00,1,1.0,0.0,70890.72,70988.19,97.47000000000116,5366.040000000168
2026-03-06 00:00:00,0,1.0,1.0,70988.19,71257.2,-269.00999999999476,5097.0300000001735
2026-03-06 01:00:00,0,0.0,0.0,71257.2,71252.43,4.7700000000040745,5101.8000000001775
2026-03-06 02:00:00,1,0.0,1.0,71252.43,71080.38,-172.04999999998836,4929.750000000189
2026-03-06 03:00:00,1,0.0,1.0,71080.38,70613.61,-466.7700000000041,4462.980000000185
2026-03-06 04:00:00,1,0.0,1.0,70613.61,70436.19,-177.41999999999825,4285.560000000187
2026-03-06 05:00:00,1,1.0,1.0,70436.19,70597.23,161.0399999999936,4446.60000000018
2026-03-06 06:00:00,0,1.0,1.0,70597.23,71056.44,-459.2100000000064,3987.390000000174
2026-03-06 07:00:00,0,0.0,1.0,71056.44,70789.49,266.9499999999971,4254.340000000171
2026-03-06 08:00:00,1,0.0,1.0,70789.49,70565.56,-223.93000000000757,4030.4100000001636
2026-03-06 09:00:00,1,0.0,0.0,70565.56,70527.93,-37.63000000000466,3992.780000000159
2026-03-06 10:00:00,1,0.0,1.0,70527.93,70212.95,-314.9799999999959,3677.800000000163
2026-03-06 11:00:00,1,0.0,1.0,70212.95,69907.0,-305.9499999999971,3371.850000000166
2026-03-06 12:00:00,1,0.0,1.0,69907.0,69208.0,-699.0,2672.850000000166
2026-03-06 13:00:00,1,0.0,1.0,69208.0,68409.89,-798.1100000000006,1874.7400000001653
2026-03-06 14:00:00,1,1.0,0.0,68409.89,68504.71,94.82000000000698,1969.5600000001723
2026-03-06 15:00:00,1,0.0,0.0,68504.71,68446.52,-58.19000000000233,1911.37000000017
2026-03-06 16:00:00,1,0.0,1.0,68446.52,67955.1,-491.41999999999825,1419.9500000001717
2026-03-06 17:00:00,1,1.0,1.0,67955.1,68181.2,226.09999999999127,1646.050000000163
2026-03-06 18:00:00,0,0.0,0.0,68181.2,68131.79,49.41000000000349,1695.4600000001665
2026-03-06 19:00:00,1,0.0,0.0,68131.79,68111.03,-20.75999999999476,1674.7000000001717
2026-03-06 20:00:00,1,1.0,1.0,68111.03,68289.1,178.07000000000698,1852.7700000001787
2026-03-06 21:00:00,0,1.0,0.0,68289.1,68319.89,-30.789999999993597,1821.980000000185
2026-03-06 22:00:00,0,0.0,1.0,68319.89,68114.02,205.86999999999534,2027.8500000001804
2026-03-06 23:00:00,1,1.0,1.0,68114.02,68290.45,176.42999999999302,2204.2800000001735
2026-03-07 00:00:00,0,0.0,0.0,68290.45,68262.01,28.44000000000233,2232.720000000176
2026-03-07 01:00:00,0,1.0,0.0,68262.01,68350.04,-88.02999999999884,2144.690000000177
2026-03-07 02:00:00,0,0.0,1.0,68350.04,68095.5,254.5399999999936,2399.2300000001705
2026-03-07 03:00:00,1,0.0,0.0,68095.5,68063.43,-32.070000000006985,2367.1600000001636
2026-03-07 04:00:00,1,0.0,0.0,68063.43,68018.26,-45.169999999998254,2321.9900000001653
2026-03-07 05:00:00,1,0.0,1.0,68018.26,67690.86,-327.3999999999942,1994.5900000001711
2026-03-07 06:00:00,1,1.0,1.0,67690.86,67842.67,151.80999999999767,2146.400000000169
2026-03-07 07:00:00,0,0.0,0.0,67842.67,67795.4,47.270000000004075,2193.670000000173
2026-03-07 08:00:00,1,1.0,1.0,67795.4,68000.0,204.60000000000582,2398.2700000001787
2026-03-07 09:00:00,0,0.0,1.0,68000.0,67880.31,119.69000000000233,2517.960000000181
2026-03-07 10:00:00,1,1.0,1.0,67880.31,68010.01,129.6999999999971,2647.660000000178
2026-03-07 11:00:00,0,0.0,0.0,68010.01,67992.54,17.470000000001164,2665.1300000001793
2026-03-07 12:00:00,0,0.0,0.0,67992.54,67931.06,61.479999999995925,2726.610000000175
2026-03-07 13:00:00,1,1.0,0.0,67931.06,68016.7,85.63999999999942,2812.2500000001746
2026-03-07 14:00:00,0,0.0,1.0,68016.7,67877.45,139.25,2951.5000000001746
2026-03-07 15:00:00,1,0.0,0.0,67877.45,67783.63,-93.81999999999243,2857.680000000182
2026-03-07 16:00:00,1,1.0,0.0,67783.63,67788.41,4.779999999998836,2862.460000000181
2026-03-07 17:00:00,1,0.0,1.0,67788.41,67568.13,-220.27999999999884,2642.180000000182
2026-03-07 18:00:00,1,0.0,1.0,67568.13,67080.34,-487.79000000000815,2154.390000000174
2026-03-07 19:00:00,1,1.0,1.0,67080.34,67402.98,322.6399999999994,2477.0300000001735
2026-03-07 20:00:00,0,1.0,0.0,67402.98,67452.98,-50.0,2427.0300000001735
2026-03-07 21:00:00,0,0.0,1.0,67452.98,67258.65,194.33000000000175,2621.360000000175
2026-03-07 22:00:00,1,1.0,0.0,67258.65,67262.91,4.260000000009313,2625.6200000001845
2026-03-07 23:00:00,1,0.0,0.0,67262.91,67194.77,-68.13999999999942,2557.480000000185
2026-03-08 00:00:00,1,1.0,0.0,67194.77,67297.27,102.5,2659.980000000185
2026-03-08 01:00:00,1,0.0,1.0,67297.27,66925.44,-371.83000000000175,2288.1500000001834
2026-03-08 02:00:00,1,1.0,0.0,66925.44,67000.26,74.81999999999243,2362.970000000176
2026-03-08 03:00:00,1,0.0,1.0,67000.26,66637.36,-362.8999999999942,2000.0700000001816
2026-03-08 04:00:00,1,1.0,1.0,66637.36,67149.93,512.5699999999924,2512.640000000174
2026-03-08 05:00:00,0,1.0,0.0,67149.93,67161.52,-11.59000000001106,2501.050000000163
2026-03-08 06:00:00,0,1.0,1.0,67161.52,67319.91,-158.38999999999942,2342.6600000001636
2026-03-08 07:00:00,0,1.0,1.0,67319.91,67539.33,-219.41999999999825,2123.2400000001653
2026-03-08 08:00:00,0,1.0,1.0,67539.33,67681.0,-141.66999999999825,1981.570000000167
2026-03-08 09:00:00,0,1.0,1.0,67681.0,67904.14,-223.13999999999942,1758.4300000001676
2026-03-08 10:00:00,0,0.0,1.0,67904.14,67515.0,389.1399999999994,2147.570000000167
2026-03-08 11:00:00,0,0.0,1.0,67515.0,67324.72,190.27999999999884,2337.850000000166
2026-03-08 12:00:00,1,0.0,0.0,67324.72,67234.86,-89.86000000000058,2247.9900000001653
2026-03-08 13:00:00,1,1.0,0.0,67234.86,67339.76,104.89999999999418,2352.8900000001595
2026-03-08 14:00:00,0,0.0,1.0,67339.76,67218.23,121.52999999999884,2474.4200000001583
2026-03-08 15:00:00,1,0.0,1.0,67218.23,66872.15,-346.08000000000175,2128.3400000001566
2026-03-08 16:00:00,1,1.0,1.0,66872.15,67065.0,192.85000000000582,2321.1900000001624
2026-03-08 17:00:00,0,0.0,1.0,67065.0,66804.0,261.0,2582.1900000001624
2026-03-08 18:00:00,1,1.0,1.0,66804.0,67337.42,533.4199999999983,3115.6100000001607
2026-03-08 19:00:00,0,0.0,0.0,67337.42,67238.8,98.61999999999534,3214.230000000156
2026-03-08 20:00:00,1,0.0,1.0,67238.8,67020.01,-218.79000000000815,2995.440000000148
2026-03-08 21:00:00,1,0.0,1.0,67020.01,66236.8,-783.2099999999919,2212.230000000156
2026-03-08 22:00:00,1,0.0,1.0,66236.8,65971.2,-265.6000000000058,1946.6300000001502
2026-03-08 23:00:00,1,1.0,1.0,65971.2,66370.01,398.8099999999977,2345.440000000148
2026-03-09 00:00:00,0,0.0,1.0,66370.01,66196.01,174.0,2519.440000000148
2026-03-09 01:00:00,1,1.0,1.0,66196.01,66537.32,341.3100000000122,2860.75000000016
2026-03-09 02:00:00,0,1.0,1.0,66537.32,67205.05,-667.7299999999959,2193.020000000164
2026-03-09 03:00:00,0,0.0,0.0,67205.05,67130.14,74.91000000000349,2267.9300000001676
2026-03-09 04:00:00,1,1.0,1.0,67130.14,67911.16,781.0200000000041,3048.9500000001717
2026-03-09 05:00:00,0,0.0,1.0,67911.16,67267.18,643.9800000000105,3692.930000000182
2026-03-09 06:00:00,0,1.0,1.0,67267.18,67555.13,-287.95000000001164,3404.9800000001705
2026-03-09 07:00:00,0,1.0,1.0,67555.13,67814.69,-259.5599999999977,3145.420000000173
2026-03-09 08:00:00,0,1.0,1.0,67814.69,67981.02,-166.33000000000175,2979.090000000171
2026-03-09 09:00:00,0,0.0,1.0,67981.02,67608.13,372.8899999999994,3351.9800000001705
2026-03-09 10:00:00,0,1.0,1.0,67608.13,67764.98,-156.84999999999127,3195.1300000001793
2026-03-09 11:00:00,0,1.0,1.0,67764.98,68151.93,-386.9499999999971,2808.180000000182
2026-03-09 12:00:00,0,1.0,1.0,68151.93,68976.0,-824.070000000007,1984.1100000001752
2026-03-09 13:00:00,0,1.0,1.0,68976.0,69151.5,-175.5,1808.6100000001752
2026-03-09 14:00:00,0,0.0,1.0,69151.5,68863.66,287.8399999999965,2096.4500000001717
2026-03-09 15:00:00,0,1.0,0.0,68863.66,68960.12,-96.45999999999185,1999.9900000001799
2026-03-09 16:00:00,0,0.0,1.0,68960.12,68600.71,359.40999999998894,2359.400000000169
2026-03-09 17:00:00,0,0.0,1.0,68600.71,68356.37,244.34000000001106,2603.74000000018
2026-03-09 18:00:00,1,1.0,1.0,68356.37,68991.93,635.5599999999977,3239.3000000001775
2026-03-09 19:00:00,0,0.0,0.0,68991.93,68961.71,30.219999999986612,3269.520000000164
2026-03-09 20:00:00,0,0.0,0.0,68961.71,68919.72,41.99000000000524,3311.5100000001694
2026-03-09 21:00:00,0,0.0,1.0,68919.72,68635.88,283.8399999999965,3595.350000000166
2026-03-09 22:00:00,1,0.0,1.0,68635.88,68432.16,-203.72000000000116,3391.6300000001647
2026-03-09 23:00:00,1,1.0,1.0,68432.16,69157.37,725.2099999999919,4116.840000000157
2026-03-10 00:00:00,0,1.0,0.0,69157.37,69260.01,-102.63999999999942,4014.200000000157
2026-03-10 01:00:00,0,1.0,1.0,69260.01,70272.01,-1012.0,3002.200000000157
2026-03-10 02:00:00,0,0.0,1.0,70272.01,69429.85,842.1599999999889,3844.360000000146
2026-03-10 03:00:00,0,1.0,1.0,69429.85,70072.94,-643.0899999999965,3201.2700000001496
2026-03-10 04:00:00,0,0.0,0.0,70072.94,69971.34,101.60000000000582,3302.8700000001554
2026-03-10 05:00:00,0,0.0,0.0,69971.34,69910.91,60.429999999993015,3363.3000000001484
2026-03-10 06:00:00,0,1.0,1.0,69910.91,70406.01,-495.09999999999127,2868.200000000157
2026-03-10 07:00:00,0,1.0,1.0,70406.01,70709.37,-303.3600000000006,2564.8400000001566
2026-03-10 08:00:00,0,1.0,1.0,70709.37,71078.92,-369.5500000000029,2195.2900000001537
2026-03-10 09:00:00,0,0.0,1.0,71078.92,70774.04,304.88000000000466,2500.1700000001583
2026-03-10 10:00:00,0,0.0,1.0,70774.04,70580.94,193.09999999999127,2693.2700000001496
2026-03-10 11:00:00,1,0.0,0.0,70580.94,70519.86,-61.080000000001746,2632.190000000148
2026-03-10 12:00:00,1,0.0,1.0,70519.86,69921.12,-598.7400000000052,2033.4500000001426
2026-03-10 13:00:00,1,1.0,1.0,69921.12,71467.81,1546.6900000000023,3580.140000000145
2026-03-10 14:00:00,0,0.0,1.0,71467.81,71346.16,121.64999999999418,3701.790000000139
2026-03-10 15:00:00,1,0.0,0.0,71346.16,71268.59,-77.57000000000698,3624.220000000132
2026-03-10 16:00:00,1,0.0,1.0,71268.59,70868.61,-399.9799999999959,3224.240000000136
2026-03-10 17:00:00,1,0.0,1.0,70868.61,70013.87,-854.7400000000052,2369.500000000131
2026-03-10 18:00:00,1,1.0,0.0,70013.87,70043.63,29.760000000009313,2399.2600000001403
2026-03-10 19:00:00,0,1.0,1.0,70043.63,70235.6,-191.97000000000116,2207.290000000139
2026-03-10 20:00:00,0,0.0,1.0,70235.6,69763.01,472.59000000001106,2679.88000000015
2026-03-10 21:00:00,0,0.0,0.0,69763.01,69721.58,41.429999999993015,2721.310000000143
2026-03-10 22:00:00,1,1.0,1.0,69721.58,69948.63,227.0500000000029,2948.360000000146
2026-03-10 23:00:00,0,1.0,0.0,69948.63,70044.87,-96.23999999999069,2852.1200000001554
2026-03-11 00:00:00,0,1.0,0.0,70044.87,70071.26,-26.389999999999418,2825.730000000156
2026-03-11 01:00:00,0,0.0,1.0,70071.26,69810.72,260.5399999999936,3086.2700000001496
2026-03-11 02:00:00,0,0.0,1.0,69810.72,69551.91,258.8099999999977,3345.0800000001473
2026-03-11 03:00:00,1,1.0,1.0,69551.91,70130.99,579.0800000000017,3924.160000000149
2026-03-11 04:00:00,0,0.0,1.0,70130.99,69510.36,620.6300000000047,4544.790000000154
2026-03-11 05:00:00,0,1.0,1.0,69510.36,69950.01,-439.6499999999942,4105.1400000001595
2026-03-11 06:00:00,0,0.0,1.0,69950.01,69648.29,301.72000000000116,4406.860000000161
2026-03-11 07:00:00,0,1.0,0.0,69648.29,69662.24,-13.950000000011642,4392.910000000149
2026-03-11 08:00:00,0,0.0,1.0,69662.24,69466.75,195.49000000000524,4588.400000000154
2026-03-11 09:00:00,0,1.0,1.0,69466.75,69604.9,-138.14999999999418,4450.25000000016
2026-03-11 10:00:00,0,0.0,1.0,69604.9,69173.0,431.8999999999942,4882.150000000154
2026-03-11 11:00:00,0,1.0,1.0,69173.0,69361.13,-188.13000000000466,4694.02000000015
2026-03-11 12:00:00,0,1.0,1.0,69361.13,70186.09,-824.9599999999919,3869.0600000001577
2026-03-11 13:00:00,0,1.0,1.0,70186.09,70578.7,-392.6100000000006,3476.450000000157
2026-03-11 14:00:00,0,0.0,1.0,70578.7,70227.91,350.7899999999936,3827.2400000001508
2026-03-11 15:00:00,0,1.0,1.0,70227.91,70570.71,-342.8000000000029,3484.440000000148
2026-03-11 16:00:00,0,1.0,1.0,70570.71,70785.99,-215.27999999999884,3269.160000000149
2026-03-11 17:00:00,0,0.0,1.0,70785.99,70617.64,168.35000000000582,3437.510000000155
2026-03-11 18:00:00,0,1.0,0.0,70617.64,70641.82,-24.180000000007567,3413.3300000001473
2026-03-11 19:00:00,0,0.0,0.0,70641.82,70634.96,6.860000000000582,3420.190000000148
2026-03-11 20:00:00,0,1.0,0.0,70634.96,70741.26,-106.29999999998836,3313.8900000001595
2026-03-11 21:00:00,0,0.0,1.0,70741.26,70373.01,368.25,3682.1400000001595
2026-03-11 22:00:00,0,0.0,1.0,70373.01,70191.86,181.14999999999418,3863.2900000001537
2026-03-11 23:00:00,1,1.0,0.0,70191.86,70225.34,33.479999999995925,3896.7700000001496
2026-03-12 00:00:00,0,0.0,1.0,70225.34,69841.31,384.02999999999884,4280.800000000148
2026-03-12 01:00:00,0,0.0,1.0,69841.31,69286.56,554.75,4835.550000000148
2026-03-12 02:00:00,1,1.0,1.0,69286.56,69446.61,160.0500000000029,4995.600000000151
2026-03-12 03:00:00,0,0.0,0.0,69446.61,69372.0,74.61000000000058,5070.210000000152
2026-03-12 04:00:00,1,1.0,0.0,69372.0,69480.54,108.5399999999936,5178.7500000001455
2026-03-12 05:00:00,0,1.0,0.0,69480.54,69501.44,-20.90000000000873,5157.850000000137
2026-03-12 06:00:00,0,1.0,1.0,69501.44,69826.19,-324.75,4833.100000000137
2026-03-12 07:00:00,0,1.0,0.0,69826.19,69917.37,-91.17999999999302,4741.920000000144
2026-03-12 08:00:00,0,1.0,0.0,69917.37,69952.51,-35.13999999999942,4706.780000000144
2026-03-12 09:00:00,0,1.0,1.0,69952.51,70412.11,-459.6000000000058,4247.1800000001385
2026-03-12 10:00:00,0,1.0,0.0,70412.11,70427.91,-15.80000000000291,4231.380000000136
2026-03-12 11:00:00,0,0.0,0.0,70427.91,70381.8,46.11000000000058,4277.490000000136
2026-03-12 12:00:00,0,0.0,1.0,70381.8,69972.15,409.65000000000873,4687.140000000145
2026-03-12 13:00:00,1,0.0,1.0,69972.15,69590.09,-382.0599999999977,4305.080000000147
2026-03-12 14:00:00,1,1.0,1.0,69590.09,70334.88,744.7900000000081,5049.870000000155
2026-03-12 15:00:00,0,1.0,0.0,70334.88,70381.16,-46.279999999998836,5003.590000000157
2026-03-12 16:00:00,0,0.0,1.0,70381.16,70212.06,169.10000000000582,5172.690000000162
2026-03-12 17:00:00,0,0.0,1.0,70212.06,69819.64,392.41999999999825,5565.110000000161
2026-03-12 18:00:00,1,1.0,1.0,69819.64,70432.32,612.6800000000076,6177.790000000168
2026-03-12 19:00:00,0,0.0,1.0,70432.32,70164.49,267.83000000000175,6445.62000000017
2026-03-12 20:00:00,0,1.0,0.0,70164.49,70268.55,-104.05999999999767,6341.560000000172
2026-03-12 21:00:00,0,0.0,0.0,70268.55,70175.64,92.91000000000349,6434.470000000176
2026-03-12 22:00:00,1,1.0,1.0,70175.64,70541.34,365.6999999999971,6800.170000000173
2026-03-12 23:00:00,0,1.0,1.0,70541.34,71475.61,-934.2700000000041,5865.900000000169
2026-03-13 00:00:00,0,1.0,1.0,71475.61,71672.39,-196.77999999999884,5669.12000000017
2026-03-13 01:00:00,0,0.0,1.0,71672.39,71143.8,528.5899999999965,6197.7100000001665
2026-03-13 02:00:00,0,1.0,1.0,71143.8,71405.75,-261.9499999999971,5935.760000000169
2026-03-13 03:00:00,0,0.0,0.0,71405.75,71393.94,11.809999999997672,5947.570000000167
2026-03-13 04:00:00,0,1.0,1.0,71393.94,71546.29,-152.34999999999127,5795.220000000176
2026-03-13 05:00:00,0,0.0,1.0,71546.29,71342.0,204.2899999999936,5999.510000000169
2026-03-13 06:00:00,1,1.0,1.0,71342.0,71612.22,270.22000000000116,6269.730000000171
2026-03-13 07:00:00,0,1.0,1.0,71612.22,71821.02,-208.8000000000029,6060.930000000168
2026-03-13 08:00:00,0,1.0,1.0,71821.02,72006.57,-185.5500000000029,5875.380000000165
2026-03-13 09:00:00,0,1.0,1.0,72006.57,72458.12,-451.54999999998836,5423.830000000176
2026-03-13 10:00:00,0,0.0,1.0,72458.12,72228.82,229.29999999998836,5653.130000000165
2026-03-13 11:00:00,1,1.0,1.0,72228.82,72784.73,555.9099999999889,6209.040000000154
2026-03-13 12:00:00,0,1.0,1.0,72784.73,73379.18,-594.4499999999971,5614.590000000157
2026-03-13 13:00:00,0,0.0,1.0,73379.18,72382.72,996.4599999999919,6611.050000000148
2026-03-13 14:00:00,1,0.0,1.0,72382.72,71831.46,-551.2599999999948,6059.790000000154
2026-03-13 15:00:00,1,1.0,0.0,71831.46,71885.57,54.11000000000058,6113.900000000154
2026-03-13 16:00:00,0,0.0,1.0,71885.57,71037.93,847.640000000014,6961.540000000168
2026-03-13 17:00:00,1,1.0,0.0,71037.93,71055.45,17.520000000004075,6979.060000000172
2026-03-13 18:00:00,0,1.0,1.0,71055.45,71189.95,-134.5,6844.560000000172
2026-03-13 19:00:00,0,1.0,1.0,71189.95,71346.84,-156.88999999999942,6687.670000000173
2026-03-13 20:00:00,0,0.0,1.0,71346.84,71104.65,242.19000000000233,6929.860000000175
2026-03-13 21:00:00,1,0.0,1.0,71104.65,70814.0,-290.6499999999942,6639.210000000181
2026-03-13 22:00:00,1,1.0,1.0,70814.0,70930.0,116.0,6755.210000000181
2026-03-13 23:00:00,0,0.0,1.0,70930.0,70631.97,298.02999999999884,7053.24000000018
2026-03-14 00:00:00,1,1.0,1.0,70631.97,70831.7,199.72999999999593,7252.970000000176
2026-03-14 01:00:00,0,0.0,0.0,70831.7,70783.27,48.429999999993015,7301.400000000169
2026-03-14 02:00:00,1,1.0,1.0,70783.27,71081.3,298.02999999999884,7599.430000000168
2026-03-14 03:00:00,0,0.0,0.0,71081.3,71039.58,41.720000000001164,7641.150000000169
2026-03-14 04:00:00,1,0.0,0.0,71039.58,71013.75,-25.830000000001746,7615.320000000167
2026-03-14 05:00:00,1,0.0,1.0,71013.75,70622.08,-391.66999999999825,7223.650000000169
2026-03-14 06:00:00,1,0.0,0.0,70622.08,70596.68,-25.40000000000873,7198.25000000016
2026-03-14 07:00:00,1,0.0,0.0,70596.68,70585.63,-11.049999999988358,7187.200000000172
2026-03-14 08:00:00,1,0.0,0.0,70585.63,70501.16,-84.47000000000116,7102.730000000171
2026-03-14 09:00:00,1,1.0,0.0,70501.16,70570.44,69.27999999999884,7172.010000000169
2026-03-14 10:00:00,1,1.0,1.0,70570.44,70751.42,180.97999999999593,7352.990000000165
2026-03-14 11:00:00,0,1.0,0.0,70751.42,70780.59,-29.169999999998254,7323.820000000167
2026-03-14 12:00:00,0,1.0,0.0,70780.59,70847.35,-66.76000000000931,7257.060000000158
2026-03-14 13:00:00,0,0.0,1.0,70847.35,70599.22,248.13000000000466,7505.190000000162
2026-03-14 14:00:00,1,0.0,0.0,70599.22,70580.09,-19.130000000004657,7486.060000000158
2026-03-14 15:00:00,1,1.0,0.0,70580.09,70672.53,92.44000000000233,7578.50000000016
2026-03-14 16:00:00,0,0.0,0.0,70672.53,70617.01,55.520000000004075,7634.020000000164
2026-03-14 17:00:00,0,1.0,0.0,70617.01,70668.23,-51.220000000001164,7582.800000000163
2026-03-14 18:00:00,0,1.0,0.0,70668.23,70700.0,-31.770000000004075,7551.030000000159
2026-03-14 19:00:00,0,1.0,1.0,70700.0,70805.71,-105.7100000000064,7445.3200000001525
2026-03-14 20:00:00,0,0.0,0.0,70805.71,70799.99,5.720000000001164,7451.040000000154
2026-03-14 21:00:00,0,0.0,0.0,70799.99,70710.91,89.08000000000175,7540.120000000155
2026-03-14 22:00:00,1,1.0,1.0,70710.91,71211.95,501.0399999999936,8041.160000000149
2026-03-14 23:00:00,0,0.0,1.0,71211.95,70985.28,226.66999999999825,8267.830000000147
2026-03-15 00:00:00,1,1.0,0.0,70985.28,70985.83,0.5500000000029104,8268.38000000015
2026-03-15 01:00:00,0,1.0,1.0,70985.83,71450.53,-464.6999999999971,7803.680000000153
2026-03-15 02:00:00,0,0.0,0.0,71450.53,71363.14,87.38999999999942,7891.0700000001525
2026-03-15 03:00:00,0,1.0,1.0,71363.14,71606.32,-243.18000000000757,7647.890000000145
2026-03-15 04:00:00,0,0.0,1.0,71606.32,71489.68,116.64000000001397,7764.530000000159
2026-03-15 05:00:00,1,0.0,0.0,71489.68,71458.41,-31.269999999989523,7733.260000000169
2026-03-15 06:00:00,1,0.0,0.0,71458.41,71453.59,-4.820000000006985,7728.440000000162
2026-03-15 07:00:00,1,1.0,1.0,71453.59,71717.5,263.9100000000035,7992.350000000166
2026-03-15 08:00:00,0,1.0,0.0,71717.5,71791.1,-73.60000000000582,7918.75000000016
2026-03-15 09:00:00,0,0.0,0.0,71791.1,71783.09,8.010000000009313,7926.760000000169
2026-03-15 10:00:00,0,1.0,0.0,71783.09,71839.42,-56.330000000001746,7870.430000000168
2026-03-15 11:00:00,0,0.0,1.0,71839.42,71610.33,229.0899999999965,8099.520000000164
2026-03-15 12:00:00,1,0.0,0.0,71610.33,71607.54,-2.790000000008149,8096.730000000156
2026-03-15 13:00:00,1,1.0,0.0,71607.54,71622.03,14.490000000005239,8111.220000000161
2026-03-15 14:00:00,0,0.0,1.0,71622.03,71481.24,140.7899999999936,8252.010000000155
2026-03-15 15:00:00,1,0.0,0.0,71481.24,71437.35,-43.88999999999942,8208.120000000155
2026-03-15 16:00:00,1,1.0,1.0,71437.35,71819.95,382.59999999999127,8590.720000000147
2026-03-15 17:00:00,0,0.0,1.0,71819.95,71390.53,429.41999999999825,9020.140000000145
2026-03-15 18:00:00,1,1.0,1.0,71390.53,71549.94,159.4100000000035,9179.550000000148
2026-03-15 19:00:00,0,1.0,1.0,71549.94,71730.81,-180.86999999999534,8998.680000000153
2026-03-15 20:00:00,0,1.0,1.0,71730.81,72109.58,-378.7700000000041,8619.910000000149
2026-03-15 21:00:00,0,1.0,1.0,72109.58,72749.44,-639.8600000000006,7980.050000000148
2026-03-15 22:00:00,0,1.0,0.0,72749.44,72815.24,-65.80000000000291,7914.2500000001455
2026-03-15 23:00:00,0,0.0,1.0,72815.24,72531.26,283.9800000000105,8198.230000000156
2026-03-16 00:00:00,0,1.0,1.0,72531.26,72752.9,-221.63999999999942,7976.590000000157
2026-03-16 01:00:00,0,0.0,1.0,72752.9,72514.69,238.20999999999185,8214.800000000148
2026-03-16 02:00:00,0,1.0,1.0,72514.69,73573.32,-1058.6300000000047,7156.170000000144
2026-03-16 03:00:00,0,1.0,1.0,73573.32,73835.62,-262.29999999998836,6893.870000000155
2026-03-16 04:00:00,0,1.0,1.0,73835.62,74207.49,-371.8700000000099,6522.0000000001455
2026-03-16 05:00:00,0,0.0,1.0,74207.49,73714.36,493.13000000000466,7015.13000000015
2026-03-16 06:00:00,0,0.0,1.0,73714.36,73456.68,257.68000000000757,7272.810000000158
2026-03-16 07:00:00,1,0.0,1.0,73456.68,73135.0,-321.679999999993,6951.130000000165
2026-03-16 08:00:00,1,1.0,1.0,73135.0,73260.92,125.91999999999825,7077.050000000163
2026-03-16 09:00:00,0,1.0,1.0,73260.92,73783.42,-522.5,6554.550000000163
2026-03-16 10:00:00,0,0.0,1.0,73783.42,73552.77,230.64999999999418,6785.200000000157
2026-03-16 11:00:00,1,1.0,1.0,73552.77,73864.8,312.02999999999884,7097.230000000156
2026-03-16 12:00:00,0,1.0,1.0,73864.8,74109.55,-244.75,6852.480000000156
2026-03-16 13:00:00,0,0.0,1.0,74109.55,73565.54,544.0100000000093,7396.490000000165
2026-03-16 14:00:00,1,0.0,1.0,73565.54,73274.76,-290.77999999999884,7105.7100000001665
2026-03-16 15:00:00,1,1.0,1.0,73274.76,73760.63,485.8700000000099,7591.580000000176
2026-03-16 16:00:00,1,1.0,1.0,73760.63,73943.18,182.54999999998836,7774.130000000165
2026-03-16 17:00:00,0,0.0,0.0,73943.18,73913.6,29.579999999987194,7803.710000000152
2026-03-16 18:00:00,0,1.0,0.0,73913.6,73963.0,-49.39999999999418,7754.310000000158
2026-03-16 19:00:00,0,1.0,1.0,73963.0,74236.9,-273.8999999999942,7480.410000000164
2026-03-16 20:00:00,0,1.0,1.0,74236.9,74401.36,-164.4600000000064,7315.950000000157
2026-03-16 21:00:00,0,1.0,1.0,74401.36,74772.66,-371.3000000000029,6944.650000000154
2026-03-16 22:00:00,0,1.0,1.0,74772.66,74884.67,-112.00999999999476,6832.6400000001595
2026-03-16 23:00:00,0,1.0,1.0,74884.67,75318.48,-433.8099999999977,6398.830000000162
2026-03-17 00:00:00,0,1.0,1.0,75318.48,75623.91,-305.43000000000757,6093.400000000154
2026-03-17 01:00:00,0,0.0,1.0,75623.91,75198.02,425.8899999999994,6519.290000000154
2026-03-17 02:00:00,0,0.0,1.0,75198.02,74463.98,734.0400000000081,7253.330000000162
2026-03-17 03:00:00,1,0.0,1.0,74463.98,74252.01,-211.97000000000116,7041.360000000161
2026-03-17 04:00:00,1,0.0,1.0,74252.01,74036.74,-215.26999999998952,6826.090000000171
2026-03-17 05:00:00,1,1.0,0.0,74036.74,74085.45,48.70999999999185,6874.800000000163
2026-03-17 06:00:00,1,1.0,1.0,74085.45,74249.32,163.8700000000099,7038.670000000173
2026-03-17 07:00:00,0,0.0,0.0,74249.32,74188.38,60.94000000000233,7099.610000000175
2026-03-17 08:00:00,1,0.0,1.0,74188.38,73937.16,-251.22000000000116,6848.390000000174
2026-03-17 09:00:00,1,0.0,1.0,73937.16,73729.45,-207.7100000000064,6640.680000000168
2026-03-17 10:00:00,1,1.0,1.0,73729.45,74033.11,303.6600000000035,6944.340000000171
2026-03-17 11:00:00,1,0.0,1.0,74033.11,73739.74,-293.36999999999534,6650.970000000176
2026-03-17 12:00:00,1,0.0,1.0,73739.74,73615.48,-124.26000000000931,6526.7100000001665
2026-03-17 13:00:00,1,1.0,1.0,73615.48,74381.7,766.2200000000012,7292.930000000168
2026-03-17 14:00:00,0,0.0,1.0,74381.7,73914.39,467.3099999999977,7760.240000000165
2026-03-17 15:00:00,1,1.0,1.0,73914.39,74155.69,241.3000000000029,8001.540000000168
2026-03-17 16:00:00,1,1.0,1.0,74155.69,74523.75,368.0599999999977,8369.600000000166
2026-03-17 17:00:00,0,1.0,1.0,74523.75,74683.04,-159.2899999999936,8210.310000000172
2026-03-17 18:00:00,0,0.0,1.0,74683.04,74512.17,170.86999999999534,8381.180000000168
2026-03-17 19:00:00,0,0.0,0.0,74512.17,74506.75,5.419999999998254,8386.600000000166
2026-03-17 20:00:00,0,1.0,1.0,74506.75,74685.42,-178.66999999999825,8207.930000000168
2026-03-17 21:00:00,0,0.0,1.0,74685.42,74307.08,378.3399999999965,8586.270000000164
2026-03-17 22:00:00,0,0.0,1.0,74307.08,73909.36,397.72000000000116,8983.990000000165
2026-03-17 23:00:00,1,0.0,0.0,73909.36,73867.88,-41.479999999995925,8942.51000000017
2026-03-18 00:00:00,1,1.0,1.0,73867.88,74072.3,204.41999999999825,9146.930000000168
2026-03-18 01:00:00,0,1.0,1.0,74072.3,74338.93,-266.6299999999901,8880.300000000178
2026-03-18 02:00:00,0,1.0,1.0,74338.93,74446.14,-107.2100000000064,8773.090000000171
2026-03-18 03:00:00,0,0.0,1.0,74446.14,74175.49,270.6499999999942,9043.740000000165
2026-03-18 04:00:00,1,0.0,1.0,74175.49,73950.0,-225.49000000000524,8818.25000000016
2026-03-18 05:00:00,1,1.0,0.0,73950.0,73954.03,4.029999999998836,8822.280000000159
2026-03-18 06:00:00,1,0.0,0.0,73954.03,73883.8,-70.22999999999593,8752.050000000163
2026-03-18 07:00:00,1,1.0,1.0,73883.8,74044.89,161.0899999999965,8913.14000000016
2026-03-18 08:00:00,0,1.0,1.0,74044.89,74181.08,-136.19000000000233,8776.950000000157
2026-03-18 09:00:00,0,0.0,1.0,74181.08,73946.35,234.72999999999593,9011.680000000153
2026-03-18 10:00:00,1,0.0,1.0,73946.35,72952.85,-993.5,8018.180000000153
2026-03-18 11:00:00,1,0.0,1.0,72952.85,72361.24,-591.6100000000006,7426.5700000001525
2026-03-18 12:00:00,1,0.0,1.0,72361.24,72133.49,-227.75,7198.8200000001525
2026-03-18 13:00:00,1,0.0,1.0,72133.49,71193.23,-940.2600000000093,6258.560000000143
2026-03-18 14:00:00,1,1.0,1.0,71193.23,71467.82,274.59000000001106,6533.150000000154
2026-03-18 15:00:00,1,0.0,1.0,71467.82,71314.08,-153.74000000000524,6379.410000000149
2026-03-18 16:00:00,1,1.0,1.0,71314.08,71595.21,281.13000000000466,6660.540000000154
2026-03-18 17:00:00,0,0.0,1.0,71595.21,71096.74,498.47000000000116,7159.010000000155
2026-03-18 18:00:00,1,0.0,0.0,71096.74,71072.38,-24.360000000000582,7134.650000000154
2026-03-18 19:00:00,1,1.0,1.0,71072.38,71214.67,142.2899999999936,7276.940000000148
2026-03-18 20:00:00,0,1.0,0.0,71214.67,71263.67,-49.0,7227.940000000148
2026-03-18 21:00:00,0,0.0,1.0,71263.67,71153.66,110.00999999999476,7337.950000000143
2026-03-18 22:00:00,1,1.0,1.0,71153.66,71246.54,92.8799999999901,7430.830000000133
2026-03-18 23:00:00,0,0.0,1.0,71246.54,71002.17,244.36999999999534,7675.200000000128
2026-03-19 00:00:00,1,1.0,1.0,71002.17,71115.23,113.05999999999767,7788.260000000126
2026-03-19 01:00:00,0,0.0,0.0,71115.23,71055.44,59.7899999999936,7848.050000000119
2026-03-19 02:00:00,0,1.0,1.0,71055.44,71215.39,-159.9499999999971,7688.100000000122
2026-03-19 03:00:00,0,0.0,1.0,71215.39,70822.07,393.31999999999243,8081.420000000115
2026-03-19 04:00:00,1,1.0,0.0,70822.07,70826.54,4.469999999986612,8085.890000000101
2026-03-19 05:00:00,0,0.0,1.0,70826.54,70583.22,243.31999999999243,8329.210000000094
2026-03-19 06:00:00,1,0.0,1.0,70583.22,70191.17,-392.0500000000029,7937.160000000091
2026-03-19 07:00:00,1,0.0,1.0,70191.17,69985.19,-205.97999999999593,7731.180000000095
2026-03-19 08:00:00,1,1.0,1.0,69985.19,70513.0,527.8099999999977,8258.990000000093
2026-03-19 09:00:00,0,0.0,1.0,70513.0,70133.72,379.27999999999884,8638.270000000091
2026-03-19 10:00:00,1,0.0,1.0,70133.72,69952.75,-180.97000000000116,8457.30000000009
2026-03-19 11:00:00,1,0.0,1.0,69952.75,69290.27,-662.4799999999959,7794.820000000094
2026-03-19 12:00:00,1,1.0,1.0,69290.27,69905.65,615.3799999999901,8410.200000000084
2026-03-19 13:00:00,0,0.0,1.0,69905.65,69482.25,423.3999999999942,8833.600000000079
2026-03-19 14:00:00,1,0.0,0.0,69482.25,69412.51,-69.74000000000524,8763.860000000073
2026-03-19 15:00:00,1,1.0,0.0,69412.51,69455.86,43.35000000000582,8807.21000000008
2026-03-19 16:00:00,1,1.0,1.0,69455.86,69854.16,398.3000000000029,9205.510000000082
2026-03-19 17:00:00,0,0.0,0.0,69854.16,69821.21,32.94999999999709,9238.46000000008
2026-03-19 18:00:00,0,1.0,1.0,69821.21,70271.99,-450.77999999999884,8787.68000000008
2026-03-19 19:00:00,0,1.0,1.0,70271.99,70483.03,-211.0399999999936,8576.640000000087
2026-03-19 20:00:00,0,0.0,0.0,70483.03,70413.47,69.55999999999767,8646.200000000084
2026-03-19 21:00:00,0,0.0,1.0,70413.47,70183.99,229.47999999999593,8875.68000000008
2026-03-19 22:00:00,1,0.0,1.0,70183.99,69930.0,-253.99000000000524,8621.690000000075
2026-03-19 23:00:00,1,1.0,1.0,69930.0,70181.0,251.0,8872.690000000075
2026-03-20 00:00:00,0,1.0,1.0,70181.0,70403.79,-222.7899999999936,8649.900000000081
2026-03-20 01:00:00,0,1.0,0.0,70403.79,70415.47,-11.680000000007567,8638.220000000074
2026-03-20 02:00:00,0,1.0,1.0,70415.47,70729.92,-314.4499999999971,8323.770000000077
2026-03-20 03:00:00,0,1.0,0.0,70729.92,70783.69,-53.770000000004075,8270.000000000073
2026-03-20 04:00:00,0,0.0,1.0,70783.69,70606.24,177.4499999999971,8447.45000000007
2026-03-20 05:00:00,0,0.0,1.0,70606.24,70502.9,103.34000000001106,8550.79000000008
2026-03-20 06:00:00,1,1.0,1.0,70502.9,70854.66,351.7600000000093,8902.55000000009
2026-03-20 07:00:00,0,1.0,1.0,70854.66,71042.23,-187.56999999999243,8714.980000000098
2026-03-20 08:00:00,0,0.0,1.0,71042.23,70583.8,458.429999999993,9173.41000000009
2026-03-20 09:00:00,1,1.0,0.0,70583.8,70611.68,27.879999999990105,9201.29000000008
2026-03-20 10:00:00,0,0.0,1.0,70611.68,70478.71,132.9699999999866,9334.260000000068
2026-03-20 11:00:00,1,0.0,1.0,70478.71,70342.63,-136.08000000000175,9198.180000000066
2026-03-20 12:00:00,1,0.0,1.0,70342.63,69863.84,-478.79000000000815,8719.390000000058
2026-03-20 13:00:00,1,0.0,1.0,69863.84,69731.21,-132.6299999999901,8586.760000000068
2026-03-20 14:00:00,1,1.0,1.0,69731.21,69860.09,128.8799999999901,8715.640000000058
2026-03-20 15:00:00,0,0.0,0.0,69860.09,69829.26,30.830000000001746,8746.47000000006
2026-03-20 16:00:00,1,1.0,1.0,69829.26,70000.0,170.74000000000524,8917.210000000065
2026-03-20 17:00:00,0,0.0,1.0,70000.0,69770.0,230.0,9147.210000000065
2026-03-20 18:00:00,1,1.0,1.0,69770.0,70177.86,407.8600000000006,9555.070000000065
2026-03-20 19:00:00,0,0.0,1.0,70177.86,70057.66,120.19999999999709,9675.270000000062
2026-03-20 20:00:00,1,1.0,1.0,70057.66,70540.73,483.06999999999243,10158.340000000055
2026-03-20 21:00:00,0,1.0,1.0,70540.73,70767.85,-227.1200000000099,9931.220000000045
2026-03-20 22:00:00,0,0.0,1.0,70767.85,70510.73,257.1200000000099,10188.340000000055
2026-03-20 23:00:00,0,1.0,1.0,70510.73,70682.19,-171.4600000000064,10016.880000000048
2026-03-21 00:00:00,0,0.0,1.0,70682.19,70464.59,217.60000000000582,10234.480000000054
2026-03-21 01:00:00,0,1.0,1.0,70464.59,70737.6,-273.0100000000093,9961.470000000045
2026-03-21 02:00:00,0,0.0,0.0,70737.6,70657.35,80.25,10041.720000000045
2026-03-21 03:00:00,0,0.0,0.0,70657.35,70642.13,15.220000000001164,10056.940000000046
2026-03-21 04:00:00,0,1.0,0.0,70642.13,70697.94,-55.80999999999767,10001.130000000048
2026-03-21 05:00:00,0,1.0,0.0,70697.94,70774.65,-76.70999999999185,9924.420000000056
2026-03-21 06:00:00,0,0.0,0.0,70774.65,70727.33,47.31999999999243,9971.740000000049
2026-03-21 07:00:00,0,0.0,1.0,70727.33,70594.43,132.90000000000873,10104.640000000058
2026-03-21 08:00:00,1,1.0,0.0,70594.43,70661.59,67.16000000000349,10171.800000000061
2026-03-21 09:00:00,0,0.0,0.0,70661.59,70605.64,55.94999999999709,10227.750000000058
2026-03-21 10:00:00,0,1.0,0.0,70605.64,70652.72,-47.080000000001746,10180.670000000056
2026-03-21 11:00:00,0,1.0,0.0,70652.72,70722.61,-69.88999999999942,10110.780000000057
2026-03-21 12:00:00,0,1.0,0.0,70722.61,70740.18,-17.569999999992433,10093.210000000065
2026-03-21 13:00:00,0,0.0,1.0,70740.18,70629.1,111.0799999999872,10204.290000000052
2026-03-21 14:00:00,0,1.0,0.0,70629.1,70630.02,-0.9199999999982538,10203.370000000054
2026-03-21 15:00:00,0,0.0,1.0,70630.02,70301.66,328.3600000000006,10531.730000000054
2026-03-21 16:00:00,1,1.0,0.0,70301.66,70304.08,2.4199999999982538,10534.150000000052
2026-03-21 17:00:00,1,1.0,1.0,70304.08,70389.19,85.11000000000058,10619.260000000053
2026-03-21 18:00:00,0,1.0,0.0,70389.19,70396.0,-6.809999999997672,10612.450000000055
2026-03-21 19:00:00,0,1.0,0.0,70396.0,70462.28,-66.27999999999884,10546.170000000056
2026-03-21 20:00:00,0,0.0,1.0,70462.28,70345.57,116.70999999999185,10662.880000000048
2026-03-21 21:00:00,0,0.0,0.0,70345.57,70277.22,68.35000000000582,10731.230000000054
2026-03-21 22:00:00,1,0.0,1.0,70277.22,68918.12,-1359.1000000000058,9372.130000000048
2026-03-21 23:00:00,1,1.0,0.0,68918.12,68954.71,36.59000000001106,9408.72000000006
2026-03-22 00:00:00,1,1.0,0.0,68954.71,68962.4,7.689999999987776,9416.410000000047
2026-03-22 01:00:00,1,1.0,1.0,68962.4,69278.12,315.72000000000116,9732.130000000048
2026-03-22 02:00:00,0,1.0,0.0,69278.12,69339.99,-61.870000000009895,9670.260000000038
2026-03-22 03:00:00,0,1.0,0.0,69339.99,69358.0,-18.00999999999476,9652.250000000044
2026-03-22 04:00:00,0,0.0,1.0,69358.0,69153.41,204.5899999999965,9856.84000000004
2026-03-22 05:00:00,1,1.0,0.0,69153.41,69164.06,10.64999999999418,9867.490000000034
2026-03-22 06:00:00,0,0.0,1.0,69164.06,68919.38,244.67999999999302,10112.170000000027
2026-03-22 07:00:00,1,0.0,1.0,68919.38,68804.77,-114.61000000000058,9997.560000000027
2026-03-22 08:00:00,1,1.0,0.0,68804.77,68826.2,21.429999999993015,10018.99000000002
2026-03-22 09:00:00,1,0.0,1.0,68826.2,68648.17,-178.02999999999884,9840.960000000021
2026-03-22 10:00:00,1,0.0,1.0,68648.17,68217.95,-430.22000000000116,9410.74000000002
2026-03-22 11:00:00,1,1.0,1.0,68217.95,68654.83,436.88000000000466,9847.620000000024
2026-03-22 12:00:00,1,1.0,0.0,68654.83,68700.02,45.19000000000233,9892.810000000027
2026-03-22 13:00:00,0,1.0,0.0,68700.02,68711.66,-11.639999999999418,9881.170000000027
2026-03-22 14:00:00,0,1.0,1.0,68711.66,68847.96,-136.3000000000029,9744.870000000024
2026-03-22 15:00:00,0,0.0,0.0,68847.96,68805.58,42.38000000000466,9787.25000000003
2026-03-22 16:00:00,1,0.0,1.0,68805.58,68673.02,-132.55999999999767,9654.690000000031
2026-03-22 17:00:00,1,0.0,0.0,68673.02,68618.58,-54.44000000000233,9600.25000000003
2026-03-22 18:00:00,1,0.0,1.0,68618.58,68199.93,-418.65000000000873,9181.60000000002
2026-03-22 19:00:00,1,0.0,0.0,68199.93,68176.46,-23.469999999986612,9158.130000000034
2026-03-22 20:00:00,1,0.0,1.0,68176.46,67899.97,-276.49000000000524,8881.640000000029
2026-03-22 21:00:00,1,1.0,1.0,67899.97,68339.37,439.3999999999942,9321.040000000023
2026-03-22 22:00:00,1,0.0,1.0,68339.37,67859.0,-480.36999999999534,8840.670000000027
2026-03-22 23:00:00,1,0.0,1.0,67859.0,67669.99,-189.00999999999476,8651.660000000033
2026-03-23 00:00:00,1,1.0,1.0,67669.99,67905.0,235.00999999999476,8886.670000000027
2026-03-23 01:00:00,1,1.0,1.0,67905.0,68320.72,415.72000000000116,9302.390000000029
2026-03-23 02:00:00,0,0.0,1.0,68320.72,68074.6,246.11999999999534,9548.510000000024
2026-03-23 03:00:00,1,1.0,1.0,68074.6,68541.0,466.3999999999942,10014.910000000018
2026-03-23 04:00:00,1,1.0,1.0,68541.0,68899.92,358.91999999999825,10373.830000000016
2026-03-23 05:00:00,0,0.0,1.0,68899.92,67874.19,1025.729999999996,11399.560000000012
2026-03-23 06:00:00,1,1.0,1.0,67874.19,68333.16,458.97000000000116,11858.530000000013
2026-03-23 07:00:00,0,1.0,1.0,68333.16,68434.26,-101.09999999999127,11757.430000000022
2026-03-23 08:00:00,0,0.0,1.0,68434.26,68334.01,100.25,11857.680000000022
2026-03-23 09:00:00,1,1.0,1.0,68334.01,68551.02,217.0100000000093,12074.690000000031
2026-03-23 10:00:00,0,1.0,1.0,68551.02,70122.15,-1571.12999999999,10503.560000000041
2026-03-23 11:00:00,0,1.0,1.0,70122.15,70752.15,-630.0,9873.560000000041
2026-03-23 12:00:00,0,1.0,1.0,70752.15,71481.13,-728.9800000000105,9144.58000000003
2026-03-23 13:00:00,0,0.0,0.0,71481.13,71446.46,34.669999999998254,9179.25000000003
2026-03-23 14:00:00,0,0.0,1.0,71446.46,70131.48,1314.9800000000105,10494.23000000004
2026-03-23 15:00:00,0,1.0,1.0,70131.48,70561.54,-430.0599999999977,10064.170000000042
2026-03-23 16:00:00,0,1.0,1.0,70561.54,71085.16,-523.6200000000099,9540.550000000032
2026-03-23 17:00:00,0,0.0,0.0,71085.16,71076.22,8.940000000002328,9549.490000000034
2026-03-23 18:00:00,0,0.0,1.0,71076.22,70679.05,397.16999999999825,9946.660000000033
2026-03-23 19:00:00,1,1.0,1.0,70679.05,70915.59,236.5399999999936,10183.200000000026
2026-03-23 20:00:00,0,0.0,0.0,70915.59,70851.35,64.23999999999069,10247.440000000017
2026-03-23 21:00:00,0,0.0,0.0,70851.35,70780.22,71.13000000000466,10318.570000000022
2026-03-23 22:00:00,1,1.0,1.0,70780.22,70906.45,126.22999999999593,10444.800000000017
2026-03-23 23:00:00,0,0.0,1.0,70906.45,70679.2,227.25,10672.050000000017
2026-03-24 00:00:00,1,0.0,1.0,70679.2,70516.57,-162.6299999999901,10509.420000000027
2026-03-24 01:00:00,1,0.0,0.0,70516.57,70453.37,-63.20000000001164,10446.220000000016
2026-03-24 02:00:00,1,1.0,1.0,70453.37,70542.9,89.52999999999884,10535.750000000015
2026-03-24 03:00:00,0,0.0,1.0,70542.9,70372.44,170.45999999999185,10706.210000000006
2026-03-24 04:00:00,1,0.0,1.0,70372.44,70283.85,-88.58999999999651,10617.62000000001
2026-03-24 05:00:00,1,1.0,1.0,70283.85,70541.38,257.52999999999884,10875.150000000009
2026-03-24 06:00:00,0,1.0,1.0,70541.38,71291.7,-750.3199999999924,10124.830000000016
2026-03-24 07:00:00,0,0.0,1.0,71291.7,70964.15,327.5500000000029,10452.38000000002
2026-03-24 08:00:00,0,1.0,1.0,70964.15,71316.97,-352.820000000007,10099.560000000012
2026-03-24 09:00:00,0,0.0,0.0,71316.97,71272.87,44.10000000000582,10143.660000000018
2026-03-24 10:00:00,0,0.0,1.0,71272.87,71157.77,115.09999999999127,10258.76000000001
2026-03-24 11:00:00,0,0.0,1.0,71157.77,70956.48,201.29000000000815,10460.050000000017
2026-03-24 12:00:00,1,0.0,1.0,70956.48,70100.46,-856.0199999999895,9604.030000000028
2026-03-24 13:00:00,1,0.0,1.0,70100.46,69869.93,-230.5300000000134,9373.500000000015
2026-03-24 14:00:00,1,1.0,0.0,69869.93,69873.04,3.110000000000582,9376.610000000015
2026-03-24 15:00:00,1,0.0,1.0,69873.04,69476.87,-396.16999999999825,8980.440000000017
2026-03-24 16:00:00,1,0.0,1.0,69476.87,69238.43,-238.44000000000233,8742.000000000015
2026-03-24 17:00:00,1,1.0,1.0,69238.43,69430.24,191.81000000001222,8933.810000000027
2026-03-24 18:00:00,1,0.0,0.0,69430.24,69377.33,-52.91000000000349,8880.900000000023
2026-03-24 19:00:00,1,1.0,1.0,69377.33,70093.19,715.8600000000006,9596.760000000024
2026-03-24 20:00:00,0,1.0,1.0,70093.19,70332.93,-239.7399999999907,9357.020000000033
2026-03-24 21:00:00,0,0.0,0.0,70332.93,70316.96,15.969999999986612,9372.99000000002
2026-03-24 22:00:00,0,1.0,1.0,70316.96,70556.74,-239.77999999999884,9133.210000000021
2026-03-24 23:00:00,0,1.0,1.0,70556.74,70840.75,-284.00999999999476,8849.200000000026
2026-03-25 00:00:00,0,0.0,1.0,70840.75,70677.18,163.57000000000698,9012.770000000033
2026-03-25 01:00:00,0,0.0,1.0,70677.18,70531.09,146.0899999999965,9158.86000000003
2026-03-25 02:00:00,1,1.0,1.0,70531.09,70716.7,185.61000000000058,9344.47000000003
2026-03-25 03:00:00,0,1.0,1.0,70716.7,70968.64,-251.94000000000233,9092.530000000028
2026-03-25 04:00:00,0,1.0,1.0,70968.64,71117.66,-149.02000000000407,8943.510000000024
2026-03-25 05:00:00,0,0.0,1.0,71117.66,70991.83,125.83000000000175,9069.340000000026
2026-03-25 06:00:00,0,0.0,0.0,70991.83,70926.88,64.94999999999709,9134.290000000023
2026-03-25 07:00:00,0,1.0,1.0,70926.88,71248.39,-321.50999999999476,8812.780000000028
2026-03-25 08:00:00,0,1.0,1.0,71248.39,71345.91,-97.52000000000407,8715.260000000024
2026-03-25 09:00:00,0,1.0,1.0,71345.91,71501.39,-155.47999999999593,8559.780000000028
2026-03-25 10:00:00,0,1.0,1.0,71501.39,71678.97,-177.58000000000175,8382.200000000026
2026-03-25 11:00:00,0,1.0,0.0,71678.97,71715.24,-36.270000000004075,8345.930000000022
2026-03-25 12:00:00,0,0.0,1.0,71715.24,71581.42,133.82000000000698,8479.75000000003
2026-03-25 13:00:00,0,0.0,1.0,71581.42,71234.28,347.1399999999994,8826.890000000029
2026-03-25 14:00:00,1,0.0,1.0,71234.28,70832.99,-401.2899999999936,8425.600000000035
2026-03-25 15:00:00,1,1.0,1.0,70832.99,71324.01,491.0199999999895,8916.620000000024
2026-03-25 16:00:00,0,0.0,1.0,71324.01,70779.0,545.0099999999948,9461.63000000002
2026-03-25 17:00:00,1,1.0,0.0,70779.0,70810.34,31.339999999996508,9492.970000000016
2026-03-25 18:00:00,0,1.0,0.0,70810.34,70883.31,-72.97000000000116,9420.000000000015
2026-03-25 19:00:00,0,1.0,1.0,70883.31,71009.5,-126.19000000000233,9293.810000000012
2026-03-25 20:00:00,0,1.0,0.0,71009.5,71035.24,-25.74000000000524,9268.070000000007
2026-03-25 21:00:00,0,1.0,1.0,71035.24,71369.08,-333.8399999999965,8934.23000000001
2026-03-25 22:00:00,0,0.0,0.0,71369.08,71336.53,32.55000000000291,8966.780000000013
2026-03-25 23:00:00,0,0.0,0.0,71336.53,71299.27,37.25999999999476,9004.040000000008
2026-03-26 00:00:00,0,0.0,0.0,71299.27,71252.11,47.16000000000349,9051.200000000012
2026-03-26 01:00:00,0,0.0,1.0,71252.11,70893.01,359.1000000000058,9410.300000000017
2026-03-26 02:00:00,1,1.0,0.0,70893.01,70921.47,28.460000000006403,9438.760000000024
2026-03-26 03:00:00,0,0.0,1.0,70921.47,70772.01,149.4600000000064,9588.22000000003
2026-03-26 04:00:00,1,0.0,1.0,70772.01,70016.98,-755.0299999999988,8833.190000000031
2026-03-26 05:00:00,1,1.0,0.0,70016.98,70097.18,80.19999999999709,8913.390000000029
2026-03-26 06:00:00,1,0.0,0.0,70097.18,70087.44,-9.739999999990687,8903.650000000038
2026-03-26 07:00:00,1,0.0,0.0,70087.44,70024.77,-62.669999999998254,8840.98000000004
2026-03-26 08:00:00,1,0.0,1.0,70024.77,69562.41,-462.3600000000006,8378.620000000039
2026-03-26 09:00:00,1,0.0,0.0,69562.41,69517.68,-44.73000000001048,8333.890000000029
2026-03-26 10:00:00,1,0.0,1.0,69517.68,69276.01,-241.66999999999825,8092.22000000003
2026-03-26 11:00:00,1,1.0,1.0,69276.01,69436.42,160.4100000000035,8252.630000000034
2026-03-26 12:00:00,1,1.0,1.0,69436.42,69646.59,210.16999999999825,8462.800000000032
2026-03-26 13:00:00,0,0.0,1.0,69646.59,69479.92,166.66999999999825,8629.47000000003
2026-03-26 14:00:00,1,0.0,1.0,69479.92,69082.64,-397.27999999999884,8232.190000000031
2026-03-26 15:00:00,1,0.0,1.0,69082.64,68932.52,-150.11999999999534,8082.070000000036
2026-03-26 16:00:00,1,0.0,1.0,68932.52,68486.86,-445.6600000000035,7636.410000000033
2026-03-26 17:00:00,1,1.0,0.0,68486.86,68497.25,10.389999999999418,7646.800000000032
2026-03-26 18:00:00,1,1.0,0.0,68497.25,68534.36,37.11000000000058,7683.910000000033
2026-03-26 19:00:00,1,1.0,1.0,68534.36,69005.21,470.8500000000058,8154.760000000038
2026-03-26 20:00:00,0,0.0,1.0,69005.21,68921.1,84.11000000000058,8238.870000000039
2026-03-26 21:00:00,1,0.0,0.0,68921.1,68892.67,-28.430000000007567,8210.440000000031
2026-03-26 22:00:00,1,0.0,0.0,68892.67,68820.31,-72.36000000000058,8138.080000000031
2026-03-26 23:00:00,1,0.0,0.0,68820.31,68785.01,-35.30000000000291,8102.780000000028
2026-03-27 00:00:00,1,1.0,1.0,68785.01,69051.27,266.2600000000093,8369.040000000037
2026-03-27 01:00:00,0,0.0,1.0,69051.27,68903.59,147.68000000000757,8516.720000000045
2026-03-27 02:00:00,1,0.0,1.0,68903.59,68767.51,-136.08000000000175,8380.640000000043
2026-03-27 03:00:00,1,0.0,1.0,68767.51,68578.0,-189.50999999999476,8191.130000000048
2026-03-27 04:00:00,1,1.0,0.0,68578.0,68630.77,52.770000000004075,8243.900000000052
2026-03-27 05:00:00,1,1.0,0.0,68630.77,68656.15,25.379999999990105,8269.280000000042
2026-03-27 06:00:00,1,0.0,1.0,68656.15,68540.48,-115.66999999999825,8153.610000000044
2026-03-27 07:00:00,1,0.0,1.0,68540.48,67920.5,-619.9799999999959,7533.630000000048
2026-03-27 08:00:00,1,0.0,1.0,67920.5,67695.81,-224.69000000000233,7308.940000000046
2026-03-27 09:00:00,1,0.0,1.0,67695.81,66502.41,-1193.3999999999942,6115.540000000052
2026-03-27 10:00:00,1,1.0,1.0,66502.41,66702.78,200.36999999999534,6315.910000000047
2026-03-27 11:00:00,1,0.0,1.0,66702.78,66619.76,-83.02000000000407,6232.890000000043
2026-03-27 12:00:00,1,0.0,1.0,66619.76,66188.32,-431.4399999999878,5801.450000000055
2026-03-27 13:00:00,1,1.0,0.0,66188.32,66205.06,16.739999999990687,5818.190000000046
2026-03-27 14:00:00,1,0.0,1.0,66205.06,66112.82,-92.23999999999069,5725.950000000055
2026-03-27 15:00:00,1,0.0,1.0,66112.82,65979.29,-133.5300000000134,5592.420000000042
2026-03-27 16:00:00,1,0.0,1.0,65979.29,65632.92,-346.36999999999534,5246.050000000047
2026-03-27 17:00:00,1,1.0,1.0,65632.92,65836.69,203.77000000000407,5449.820000000051
2026-03-27 18:00:00,1,1.0,1.0,65836.69,66040.66,203.97000000000116,5653.790000000052
2026-03-27 19:00:00,1,0.0,0.0,66040.66,66020.76,-19.90000000000873,5633.890000000043
2026-03-27 20:00:00,1,1.0,0.0,66020.76,66098.0,77.24000000000524,5711.130000000048
2026-03-27 21:00:00,0,0.0,0.0,66098.0,66020.79,77.2100000000064,5788.340000000055
2026-03-27 22:00:00,1,1.0,1.0,66020.79,66407.28,386.49000000000524,6174.83000000006
2026-03-27 23:00:00,1,1.0,0.0,66407.28,66431.55,24.270000000004075,6199.100000000064
2026-03-28 00:00:00,0,0.0,1.0,66431.55,66178.85,252.6999999999971,6451.800000000061
2026-03-28 01:00:00,1,0.0,1.0,66178.85,66053.2,-125.65000000000873,6326.150000000052
2026-03-28 02:00:00,1,1.0,1.0,66053.2,66240.0,186.8000000000029,6512.950000000055
2026-03-28 03:00:00,1,1.0,0.0,66240.0,66285.01,45.00999999999476,6557.96000000005
2026-03-28 04:00:00,0,1.0,0.0,66285.01,66341.9,-56.88999999999942,6501.070000000051
2026-03-28 05:00:00,0,1.0,0.0,66341.9,66382.0,-40.10000000000582,6460.970000000045
2026-03-28 06:00:00,0,1.0,1.0,66382.0,66561.48,-179.47999999999593,6281.490000000049
2026-03-28 07:00:00,0,0.0,1.0,66561.48,66409.33,152.14999999999418,6433.640000000043
2026-03-28 08:00:00,1,0.0,1.0,66409.33,66311.32,-98.00999999999476,6335.630000000048
2026-03-28 09:00:00,1,0.0,1.0,66311.32,66221.38,-89.94000000000233,6245.690000000046
2026-03-28 10:00:00,1,1.0,1.0,66221.38,66319.47,98.08999999999651,6343.7800000000425
2026-03-28 11:00:00,1,1.0,1.0,66319.47,66455.09,135.61999999999534,6479.400000000038
2026-03-28 12:00:00,0,1.0,1.0,66455.09,66835.1,-380.0100000000093,6099.3900000000285
2026-03-28 13:00:00,0,0.0,1.0,66835.1,66742.1,93.0,6192.3900000000285
2026-03-28 14:00:00,1,1.0,1.0,66742.1,67014.91,272.8099999999977,6465.200000000026
2026-03-28 15:00:00,1,0.0,1.0,67014.91,66926.95,-87.9600000000064,6377.24000000002
2026-03-28 16:00:00,1,0.0,1.0,66926.95,66846.21,-80.73999999999069,6296.500000000029
2026-03-28 17:00:00,1,1.0,0.0,66846.21,66908.03,61.81999999999243,6358.3200000000215
2026-03-28 18:00:00,1,1.0,0.0,66908.03,66916.52,8.490000000005239,6366.810000000027
2026-03-28 19:00:00,0,0.0,0.0,66916.52,66906.0,10.520000000004075,6377.330000000031
2026-03-28 20:00:00,1,0.0,1.0,66906.0,66685.53,-220.47000000000116,6156.86000000003
2026-03-28 21:00:00,1,1.0,0.0,66685.53,66755.88,70.35000000000582,6227.2100000000355
2026-03-28 22:00:00,1,0.0,1.0,66755.88,66377.03,-378.8500000000058,5848.36000000003
2026-03-28 23:00:00,1,1.0,1.0,66377.03,66487.93,110.89999999999418,5959.260000000024
2026-03-29 00:00:00,1,1.0,1.0,66487.93,66569.22,81.29000000000815,6040.550000000032
2026-03-29 01:00:00,0,1.0,1.0,66569.22,66818.0,-248.77999999999884,5791.770000000033
2026-03-29 02:00:00,0,1.0,1.0,66818.0,66912.0,-94.0,5697.770000000033
2026-03-29 03:00:00,0,0.0,1.0,66912.0,66735.14,176.86000000000058,5874.630000000034
2026-03-29 04:00:00,1,1.0,0.0,66735.14,66771.94,36.80000000000291,5911.430000000037
2026-03-29 05:00:00,0,0.0,0.0,66771.94,66738.5,33.44000000000233,5944.870000000039
2026-03-29 06:00:00,1,0.0,0.0,66738.5,66671.0,-67.5,5877.370000000039
2026-03-29 07:00:00,1,1.0,0.0,66671.0,66724.0,53.0,5930.370000000039
2026-03-29 08:00:00,1,0.0,1.0,66724.0,66634.01,-89.99000000000524,5840.380000000034
2026-03-29 09:00:00,1,0.0,1.0,66634.01,66502.79,-131.22000000000116,5709.160000000033
2026-03-29 10:00:00,1,1.0,1.0,66502.79,66816.28,313.49000000000524,6022.650000000038
2026-03-29 11:00:00,1,1.0,0.0,66816.28,66849.88,33.60000000000582,6056.250000000044
2026-03-29 12:00:00,0,0.0,1.0,66849.88,66580.36,269.5200000000041,6325.770000000048
2026-03-29 13:00:00,1,1.0,0.0,66580.36,66589.64,9.279999999998836,6335.050000000047
2026-03-29 14:00:00,1,0.0,0.0,66589.64,66523.0,-66.63999999999942,6268.410000000047
2026-03-29 15:00:00,1,0.0,0.0,66523.0,66499.35,-23.64999999999418,6244.760000000053
2026-03-29 16:00:00,1,0.0,1.0,66499.35,66385.84,-113.51000000000931,6131.250000000044
2026-03-29 17:00:00,1,1.0,0.0,66385.84,66427.26,41.419999999998254,6172.670000000042
2026-03-29 18:00:00,1,0.0,1.0,66427.26,66348.62,-78.63999999999942,6094.0300000000425
2026-03-29 19:00:00,1,1.0,1.0,66348.62,66614.05,265.43000000000757,6359.46000000005
2026-03-29 20:00:00,0,1.0,1.0,66614.05,66710.12,-96.06999999999243,6263.390000000058
2026-03-29 21:00:00,0,0.0,1.0,66710.12,65860.31,849.8099999999977,7113.200000000055
2026-03-29 22:00:00,1,1.0,1.0,65860.31,66010.93,150.61999999999534,7263.820000000051
2026-03-29 23:00:00,1,1.0,1.0,66010.93,66280.25,269.320000000007,7533.140000000058
2026-03-30 00:00:00,0,1.0,1.0,66280.25,66653.74,-373.49000000000524,7159.650000000052
2026-03-30 01:00:00,0,1.0,1.0,66653.74,67121.01,-467.2699999999895,6692.380000000063
2026-03-30 02:00:00,0,1.0,0.0,67121.01,67173.8,-52.79000000000815,6639.590000000055
2026-03-30 03:00:00,0,1.0,1.0,67173.8,67616.29,-442.4899999999907,6197.100000000064
2026-03-30 04:00:00,0,0.0,1.0,67616.29,67492.46,123.8299999999872,6320.930000000051
2026-03-30 05:00:00,0,0.0,1.0,67492.46,67305.14,187.32000000000698,6508.250000000058
2026-03-30 06:00:00,1,1.0,1.0,67305.14,67624.39,319.25,6827.500000000058
2026-03-30 07:00:00,0,1.0,0.0,67624.39,67666.44,-42.05000000000291,6785.450000000055
2026-03-30 08:00:00,0,0.0,1.0,67666.44,67495.46,170.97999999999593,6956.430000000051
2026-03-30 09:00:00,1,0.0,0.0,67495.46,67488.53,-6.930000000007567,6949.500000000044
2026-03-30 10:00:00,1,1.0,1.0,67488.53,67680.45,191.91999999999825,7141.420000000042
2026-03-30 11:00:00,1,1.0,1.0,67680.45,67899.59,219.13999999999942,7360.560000000041
2026-03-30 12:00:00,0,0.0,1.0,67899.59,67529.52,370.06999999999243,7730.630000000034
2026-03-30 13:00:00,1,1.0,1.0,67529.52,67799.54,270.0199999999895,8000.650000000023
2026-03-30 14:00:00,0,0.0,1.0,67799.54,67629.4,170.13999999999942,8170.790000000023
2026-03-30 15:00:00,1,0.0,1.0,67629.4,67368.1,-261.29999999998836,7909.490000000034
2026-03-30 16:00:00,1,0.0,1.0,67368.1,66828.02,-540.0800000000017,7369.410000000033
2026-03-30 17:00:00,1,0.0,1.0,66828.02,66653.46,-174.55999999999767,7194.850000000035
2026-03-30 18:00:00,1,0.0,1.0,66653.46,66550.05,-103.41000000000349,7091.440000000031
2026-03-30 19:00:00,1,1.0,1.0,66550.05,66651.4,101.34999999999127,7192.790000000023
2026-03-30 20:00:00,1,1.0,1.0,66651.4,66809.3,157.90000000000873,7350.690000000031
2026-03-30 21:00:00,0,0.0,0.0,66809.3,66784.98,24.320000000006985,7375.010000000038
2026-03-30 22:00:00,1,1.0,0.0,66784.98,66797.37,12.389999999999418,7387.400000000038
2026-03-30 23:00:00,1,1.0,1.0,66797.37,67208.75,411.38000000000466,7798.7800000000425
2026-03-31 00:00:00,0,1.0,1.0,67208.75,67938.54,-729.7899999999936,7068.990000000049
2026-03-31 01:00:00,0,1.0,0.0,67938.54,67943.43,-4.889999999999418,7064.1000000000495
2026-03-31 02:00:00,0,0.0,1.0,67943.43,67704.74,238.68999999998778,7302.790000000037
2026-03-31 03:00:00,1,0.0,1.0,67704.74,67544.01,-160.73000000001048,7142.060000000027
2026-03-31 04:00:00,1,1.0,1.0,67544.01,67681.68,137.66999999999825,7279.730000000025
2026-03-31 05:00:00,0,0.0,1.0,67681.68,67492.85,188.8299999999872,7468.560000000012
2026-03-31 06:00:00,1,0.0,1.0,67492.85,67367.69,-125.16000000000349,7343.400000000009
2026-03-31 07:00:00,1,0.0,1.0,67367.69,66778.33,-589.3600000000006,6754.040000000008
2026-03-31 08:00:00,1,0.0,1.0,66778.33,66124.99,-653.3399999999965,6100.700000000012
2026-03-31 09:00:00,1,1.0,1.0,66124.99,66363.38,238.38999999999942,6339.090000000011
2026-03-31 10:00:00,1,1.0,1.0,66363.38,66685.69,322.3099999999977,6661.400000000009
2026-03-31 11:00:00,0,0.0,0.0,66685.69,66653.26,32.43000000000757,6693.830000000016
2026-03-31 12:00:00,1,1.0,1.0,66653.26,67302.29,649.0299999999988,7342.860000000015
2026-03-31 13:00:00,0,0.0,1.0,67302.29,66587.45,714.8399999999965,8057.700000000012
2026-03-31 14:00:00,1,1.0,1.0,66587.45,66736.8,149.35000000000582,8207.050000000017
2026-03-31 15:00:00,1,1.0,1.0,66736.8,67665.83,929.0299999999988,9136.080000000016
2026-03-31 16:00:00,0,0.0,1.0,67665.83,67526.75,139.08000000000175,9275.160000000018
2026-03-31 17:00:00,0,1.0,1.0,67526.75,67854.05,-327.3000000000029,8947.860000000015
2026-03-31 18:00:00,0,0.0,0.0,67854.05,67838.8,15.25,8963.110000000015
2026-03-31 19:00:00,0,1.0,1.0,67838.8,68265.53,-426.7299999999959,8536.38000000002
2026-03-31 20:00:00,0,1.0,0.0,68265.53,68277.99,-12.460000000006403,8523.920000000013
2026-03-31 21:00:00,0,0.0,1.0,68277.99,68172.87,105.1200000000099,8629.040000000023
2026-03-31 22:00:00,1,1.0,1.0,68172.87,68284.48,111.61000000000058,8740.650000000023
2026-03-31 23:00:00,0,1.0,0.0,68284.48,68330.75,-46.270000000004075,8694.38000000002
2026-04-01 00:00:00,0,0.0,1.0,68330.75,67782.73,548.0200000000041,9242.400000000023
2026-04-01 01:00:00,1,0.0,1.0,67782.73,67668.89,-113.83999999999651,9128.560000000027
2026-04-01 02:00:00,1,1.0,1.0,67668.89,68170.67,501.77999999999884,9630.340000000026
2026-04-01 03:00:00,0,1.0,1.0,68170.67,68303.83,-133.1600000000035,9497.180000000022
2026-04-01 04:00:00,0,1.0,1.0,68303.83,68456.02,-152.19000000000233,9344.99000000002
2026-04-01 05:00:00,0,1.0,1.0,68456.02,69102.85,-646.8300000000017,8698.160000000018
2026-04-01 06:00:00,0,0.0,1.0,69102.85,68692.0,410.8500000000058,9109.010000000024
2026-04-01 07:00:00,0,0.0,0.0,68692.0,68670.16,21.839999999996508,9130.85000000002
2026-04-01 08:00:00,1,0.0,0.0,68670.16,68644.0,-26.160000000003492,9104.690000000017
2026-04-01 09:00:00,1,0.0,0.0,68644.0,68585.55,-58.44999999999709,9046.24000000002
2026-04-01 10:00:00,1,1.0,1.0,68585.55,68712.52,126.97000000000116,9173.210000000021
2026-04-01 11:00:00,0,0.0,1.0,68712.52,68393.6,318.91999999999825,9492.13000000002
2026-04-01 12:00:00,1,0.0,1.0,68393.6,68116.07,-277.52999999999884,9214.60000000002
2026-04-01 13:00:00,1,1.0,1.0,68116.07,68593.55,477.4799999999959,9692.080000000016
2026-04-01 14:00:00,0,1.0,1.0,68593.55,68918.52,-324.97000000000116,9367.110000000015
2026-04-01 15:00:00,0,0.0,1.0,68918.52,68816.34,102.18000000000757,9469.290000000023
2026-04-01 16:00:00,0,0.0,1.0,68816.34,68266.62,549.7200000000012,10019.010000000024
2026-04-01 17:00:00,1,0.0,1.0,68266.62,68084.76,-181.86000000000058,9837.150000000023
2026-04-01 18:00:00,1,1.0,1.0,68084.76,68176.84,92.08000000000175,9929.230000000025
2026-04-01 19:00:00,1,1.0,0.0,68176.84,68191.09,14.25,9943.480000000025
2026-04-01 20:00:00,0,1.0,1.0,68191.09,68362.53,-171.44000000000233,9772.040000000023
2026-04-01 21:00:00,0,0.0,1.0,68362.53,68122.99,239.5399999999936,10011.580000000016
2026-04-01 22:00:00,1,0.0,0.0,68122.99,68113.92,-9.070000000006985,10002.51000000001
2026-04-01 23:00:00,1,1.0,1.0,68113.92,68600.29,486.36999999999534,10488.880000000005
2026-04-02 00:00:00,0,0.0,1.0,68600.29,67359.27,1241.0199999999895,11729.899999999994
2026-04-02 01:00:00,1,0.0,1.0,67359.27,66852.99,-506.27999999999884,11223.619999999995
2026-04-02 02:00:00,1,0.0,1.0,66852.99,66576.25,-276.74000000000524,10946.87999999999
2026-04-02 03:00:00,1,0.0,1.0,66576.25,66330.27,-245.97999999999593,10700.899999999994
2026-04-02 04:00:00,1,1.0,1.0,66330.27,66591.54,261.2699999999895,10962.169999999984
2026-04-02 05:00:00,1,1.0,1.0,66591.54,66681.49,89.95000000001164,11052.119999999995
2026-04-02 06:00:00,0,1.0,1.0,66681.49,66930.79,-249.29999999998836,10802.820000000007
2026-04-02 07:00:00,0,0.0,1.0,66930.79,66439.12,491.66999999999825,11294.490000000005
2026-04-02 08:00:00,1,1.0,0.0,66439.12,66469.6,30.480000000010477,11324.970000000016
2026-04-02 09:00:00,1,0.0,0.0,66469.6,66457.28,-12.320000000006985,11312.650000000009
2026-04-02 10:00:00,1,0.0,1.0,66457.28,66220.28,-237.0,11075.650000000009
2026-04-02 11:00:00,1,0.0,1.0,66220.28,66052.71,-167.56999999999243,10908.080000000016
2026-04-02 12:00:00,1,1.0,1.0,66052.71,66270.87,218.15999999998894,11126.240000000005
2026-04-02 13:00:00,1,1.0,1.0,66270.87,66868.18,597.3099999999977,11723.550000000003
2026-04-02 14:00:00,0,0.0,0.0,66868.18,66852.91,15.269999999989523,11738.819999999992
2026-04-02 15:00:00,1,1.0,1.0,66852.91,67095.85,242.94000000000233,11981.759999999995
2026-04-02 16:00:00,1,0.0,1.0,67095.85,66679.16,-416.6900000000023,11565.069999999992
2026-04-02 17:00:00,1,1.0,1.0,66679.16,66981.99,302.83000000000175,11867.899999999994
2026-04-02 18:00:00,1,0.0,0.0,66981.99,66975.99,-6.0,11861.899999999994
2026-04-02 19:00:00,0,0.0,0.0,66975.99,66939.25,36.74000000000524,11898.64
2026-04-02 20:00:00,1,0.0,0.0,66939.25,66935.93,-3.320000000006985,11895.319999999992
2026-04-02 21:00:00,1,1.0,0.0,66935.93,66982.48,46.55000000000291,11941.869999999995
2026-04-02 22:00:00,1,0.0,1.0,66982.48,66901.99,-80.48999999999069,11861.380000000005
2026-04-02 23:00:00,1,0.0,1.0,66901.99,66785.86,-116.13000000000466,11745.25
2026-04-03 00:00:00,1,0.0,1.0,66785.86,66630.0,-155.86000000000058,11589.39
2026-04-03 01:00:00,1,0.0,1.0,66630.0,66533.81,-96.19000000000233,11493.199999999997
2026-04-03 02:00:00,1,1.0,0.0,66533.81,66579.97,46.16000000000349,11539.36
2026-04-03 03:00:00,1,1.0,0.0,66579.97,66602.66,22.69000000000233,11562.050000000003
2026-04-03 04:00:00,0,0.0,0.0,66602.66,66600.35,2.3099999999976717,11564.36
2026-04-03 05:00:00,0,1.0,1.0,66600.35,66796.79,-196.43999999998778,11367.920000000013
2026-04-03 06:00:00,0,1.0,1.0,66796.79,67042.08,-245.29000000000815,11122.630000000005
2026-04-03 07:00:00,0,0.0,0.0,67042.08,66965.39,76.69000000000233,11199.320000000007
2026-04-03 08:00:00,1,0.0,1.0,66965.39,66859.58,-105.80999999999767,11093.51000000001
2026-04-03 09:00:00,1,1.0,0.0,66859.58,66883.08,23.5,11117.01000000001
2026-04-03 10:00:00,0,1.0,1.0,66883.08,67017.44,-134.36000000000058,10982.650000000009
2026-04-03 11:00:00,0,0.0,1.0,67017.44,66722.16,295.27999999999884,11277.930000000008
2026-04-03 12:00:00,1,0.0,0.0,66722.16,66672.0,-50.16000000000349,11227.770000000004
2026-04-03 13:00:00,1,1.0,1.0,66672.0,66929.81,257.8099999999977,11485.580000000002
2026-04-03 14:00:00,0,0.0,1.0,66929.81,66827.15,102.66000000000349,11588.240000000005
2026-04-03 15:00:00,1,1.0,1.0,66827.15,67010.46,183.31000000001222,11771.550000000017
2026-04-03 16:00:00,1,0.0,1.0,67010.46,66855.01,-155.45000000001164,11616.100000000006
2026-04-03 17:00:00,1,0.0,0.0,66855.01,66812.03,-42.979999999995925,11573.12000000001
2026-04-03 18:00:00,1,1.0,0.0,66812.03,66885.74,73.7100000000064,11646.830000000016
2026-04-03 19:00:00,1,0.0,0.0,66885.74,66831.98,-53.76000000000931,11593.070000000007
2026-04-03 20:00:00,1,1.0,1.0,66831.98,66964.21,132.23000000001048,11725.300000000017
2026-04-03 21:00:00,1,0.0,0.0,66964.21,66888.76,-75.45000000001164,11649.850000000006
2026-04-03 22:00:00,1,1.0,0.0,66888.76,66964.3,75.54000000000815,11725.390000000014
2026-04-03 23:00:00,1,0.0,0.0,66964.3,66893.39,-70.91000000000349,11654.48000000001
2026-04-04 00:00:00,1,0.0,0.0,66893.39,66852.0,-41.38999999999942,11613.090000000011
2026-04-04 01:00:00,1,0.0,0.0,66852.0,66844.83,-7.169999999998254,11605.920000000013
2026-04-04 02:00:00,1,0.0,0.0,66844.83,66832.18,-12.650000000008731,11593.270000000004
2026-04-04 03:00:00,1,1.0,0.0,66832.18,66860.73,28.55000000000291,11621.820000000007
2026-04-04 04:00:00,1,1.0,0.0,66860.73,66916.29,55.55999999999767,11677.380000000005
2026-04-04 05:00:00,0,1.0,1.0,66916.29,67013.24,-96.95000000001164,11580.429999999993
2026-04-04 06:00:00,0,1.0,0.0,67013.24,67014.96,-1.7200000000011642,11578.709999999992
2026-04-04 07:00:00,0,0.0,0.0,67014.96,66940.0,74.9600000000064,11653.669999999998
2026-04-04 08:00:00,1,1.0,0.0,66940.0,66988.05,48.05000000000291,11701.720000000001
2026-04-04 09:00:00,1,1.0,1.0,66988.05,67167.0,178.9499999999971,11880.669999999998
2026-04-04 10:00:00,0,0.0,0.0,67167.0,67156.93,10.070000000006985,11890.740000000005
2026-04-04 11:00:00,1,0.0,0.0,67156.93,67097.87,-59.05999999999767,11831.680000000008
2026-04-04 12:00:00,1,1.0,1.0,67097.87,67193.44,95.57000000000698,11927.250000000015
2026-04-04 13:00:00,0,1.0,0.0,67193.44,67215.24,-21.80000000000291,11905.450000000012
2026-04-04 14:00:00,0,1.0,1.0,67215.24,67383.66,-168.41999999999825,11737.030000000013
2026-04-04 15:00:00,0,0.0,0.0,67383.66,67366.68,16.980000000010477,11754.010000000024
2026-04-04 16:00:00,1,0.0,0.0,67366.68,67329.4,-37.279999999998836,11716.730000000025
2026-04-04 17:00:00,1,0.0,0.0,67329.4,67295.47,-33.929999999993015,11682.800000000032
2026-04-04 18:00:00,1,0.0,0.0,67295.47,67288.42,-7.05000000000291,11675.75000000003
2026-04-04 19:00:00,1,0.0,0.0,67288.42,67268.4,-20.020000000004075,11655.730000000025
2026-04-04 20:00:00,1,1.0,1.0,67268.4,67359.2,90.80000000000291,11746.530000000028
2026-04-04 21:00:00,0,1.0,0.0,67359.2,67399.92,-40.720000000001164,11705.810000000027
2026-04-04 22:00:00,0,0.0,1.0,67399.92,67300.42,99.5,11805.310000000027
2026-04-04 23:00:00,1,0.0,1.0,67300.42,67225.0,-75.41999999999825,11729.890000000029
2026-04-05 00:00:00,1,0.0,1.0,67225.0,67085.0,-140.0,11589.890000000029
2026-04-05 01:00:00,1,1.0,1.0,67085.0,67170.16,85.16000000000349,11675.050000000032
2026-04-05 02:00:00,0,0.0,0.0,67170.16,67145.98,24.180000000007567,11699.23000000004
2026-04-05 03:00:00,1,0.0,0.0,67145.98,67101.65,-44.330000000001746,11654.900000000038
2026-04-05 04:00:00,1,0.0,1.0,67101.65,66931.65,-170.0,11484.900000000038
2026-04-05 05:00:00,1,0.0,1.0,66931.65,66802.24,-129.40999999998894,11355.490000000049
2026-04-05 06:00:00,1,1.0,0.0,66802.24,66820.64,18.39999999999418,11373.890000000043
2026-04-05 07:00:00,1,1.0,1.0,66820.64,66933.18,112.5399999999936,11486.430000000037
2026-04-05 08:00:00,0,1.0,1.0,66933.18,67035.15,-101.97000000000116,11384.460000000036
2026-04-05 09:00:00,0,1.0,0.0,67035.15,67046.01,-10.860000000000582,11373.600000000035
2026-04-05 10:00:00,0,0.0,0.0,67046.01,66999.0,47.00999999999476,11420.61000000003
2026-04-05 11:00:00,1,0.0,1.0,66999.0,66783.58,-215.41999999999825,11205.190000000031
2026-04-05 12:00:00,1,1.0,1.0,66783.58,66890.7,107.11999999999534,11312.310000000027
2026-04-05 13:00:00,0,1.0,0.0,66890.7,66918.03,-27.330000000001746,11284.980000000025
2026-04-05 14:00:00,0,1.0,1.0,66918.03,67306.64,-388.6100000000006,10896.370000000024
2026-04-05 15:00:00,0,0.0,1.0,67306.64,67212.62,94.02000000000407,10990.390000000029
2026-04-05 16:00:00,1,1.0,1.0,67212.62,67373.64,161.02000000000407,11151.410000000033
2026-04-05 17:00:00,0,1.0,0.0,67373.64,67413.78,-40.13999999999942,11111.270000000033
2026-04-05 18:00:00,0,0.0,0.0,67413.78,67361.01,52.770000000004075,11164.040000000037
2026-04-05 19:00:00,1,1.0,1.0,67361.01,67658.35,297.34000000001106,11461.380000000048
2026-04-05 20:00:00,0,0.0,1.0,67658.35,67553.43,104.9200000000128,11566.300000000061
2026-04-05 21:00:00,1,1.0,1.0,67553.43,68338.43,785.0,12351.300000000061
2026-04-05 22:00:00,0,1.0,1.0,68338.43,69034.18,-695.75,11655.550000000061
2026-04-05 23:00:00,0,1.0,0.0,69034.18,69083.78,-49.60000000000582,11605.950000000055
2026-04-06 00:00:00,0,0.0,1.0,69083.78,68810.18,273.6000000000058,11879.550000000061
2026-04-06 01:00:00,0,1.0,1.0,68810.18,69207.99,-397.8100000000122,11481.740000000049
2026-04-06 02:00:00,0,0.0,1.0,69207.99,69123.69,84.30000000000291,11566.040000000052
2026-04-06 03:00:00,0,1.0,0.0,69123.69,69141.8,-18.110000000000582,11547.930000000051
2026-04-06 04:00:00,0,1.0,0.0,69141.8,69199.31,-57.50999999999476,11490.420000000056
2026-04-06 05:00:00,0,0.0,1.0,69199.31,68976.67,222.63999999999942,11713.060000000056
2026-04-06 06:00:00,1,1.0,1.0,68976.67,69115.91,139.24000000000524,11852.300000000061
2026-04-06 07:00:00,0,1.0,1.0,69115.91,69224.63,-108.72000000000116,11743.58000000006
2026-04-06 08:00:00,0,1.0,1.0,69224.63,69728.0,-503.36999999999534,11240.210000000065
2026-04-06 09:00:00,0,1.0,0.0,69728.0,69770.88,-42.88000000000466,11197.33000000006
2026-04-06 10:00:00,0,0.0,1.0,69770.88,69614.91,155.97000000000116,11353.300000000061
2026-04-06 11:00:00,0,0.0,1.0,69614.91,69366.75,248.1600000000035,11601.460000000065
2026-04-06 12:00:00,1,1.0,0.0,69366.75,69428.23,61.479999999995925,11662.94000000006
2026-04-06 13:00:00,0,1.0,1.0,69428.23,69654.38,-226.15000000000873,11436.790000000052
2026-04-06 14:00:00,0,1.0,1.0,69654.38,69968.87,-314.4899999999907,11122.300000000061
2026-04-06 15:00:00,0,0.0,1.0,69968.87,69799.14,169.72999999999593,11292.030000000057
2026-04-06 16:00:00,0,0.0,1.0,69799.14,69574.61,224.52999999999884,11516.560000000056
2026-04-06 17:00:00,1,1.0,1.0,69574.61,69888.97,314.3600000000006,11830.920000000056
2026-04-06 18:00:00,0,0.0,1.0,69888.97,69739.53,149.44000000000233,11980.360000000059
2026-04-06 19:00:00,0,1.0,1.0,69739.53,69826.01,-86.47999999999593,11893.880000000063
2026-04-06 20:00:00,0,0.0,1.0,69826.01,69504.99,321.0199999999895,12214.900000000052
2026-04-06 21:00:00,1,0.0,1.0,69504.99,68811.0,-693.9900000000052,11520.910000000047
2026-04-06 22:00:00,1,1.0,0.0,68811.0,68853.66,42.66000000000349,11563.57000000005
2026-04-06 23:00:00,1,0.0,1.0,68853.66,68775.7,-77.9600000000064,11485.610000000044
2026-04-07 00:00:00,1,0.0,1.0,68775.7,68400.01,-375.6900000000023,11109.920000000042
2026-04-07 01:00:00,1,1.0,1.0,68400.01,68674.0,273.99000000000524,11383.910000000047
2026-04-07 02:00:00,0,1.0,1.0,68674.0,68779.21,-105.2100000000064,11278.70000000004
2026-04-07 03:00:00,0,1.0,1.0,68779.21,68854.65,-75.43999999998778,11203.260000000053
2026-04-07 04:00:00,0,0.0,1.0,68854.65,68669.0,185.64999999999418,11388.910000000047
2026-04-07 05:00:00,1,0.0,1.0,68669.0,68568.35,-100.64999999999418,11288.260000000053
2026-04-07 06:00:00,1,1.0,0.0,68568.35,68624.61,56.25999999999476,11344.520000000048
2026-04-07 07:00:00,1,1.0,1.0,68624.61,68936.71,312.1000000000058,11656.620000000054
2026-04-07 08:00:00,0,1.0,1.0,68936.71,69150.05,-213.3399999999965,11443.280000000057
2026-04-07 09:00:00,0,0.0,1.0,69150.05,68237.93,912.1200000000099,12355.400000000067
2026-04-07 10:00:00,1,1.0,1.0,68237.93,68345.75,107.82000000000698,12463.220000000074
2026-04-07 11:00:00,1,1.0,0.0,68345.75,68392.18,46.429999999993015,12509.650000000067
2026-04-07 12:00:00,0,0.0,1.0,68392.18,68231.99,160.18999999998778,12669.840000000055
2026-04-07 13:00:00,1,0.0,1.0,68231.99,67860.48,-371.5100000000093,12298.330000000045
2026-04-07 14:00:00,1,1.0,1.0,67860.48,68168.1,307.6200000000099,12605.950000000055
2026-04-07 15:00:00,0,1.0,0.0,68168.1,68229.99,-61.88999999999942,12544.060000000056
2026-04-07 16:00:00,0,1.0,1.0,68229.99,68705.81,-475.81999999999243,12068.240000000063
2026-04-07 17:00:00,0,0.0,1.0,68705.81,68442.53,263.27999999999884,12331.520000000062
2026-04-07 18:00:00,1,1.0,1.0,68442.53,69011.29,568.7599999999948,12900.280000000057
2026-04-07 19:00:00,0,1.0,1.0,69011.29,69319.39,-308.1000000000058,12592.180000000051
2026-04-07 20:00:00,0,1.0,1.0,69319.39,69927.64,-608.25,11983.930000000051
2026-04-07 21:00:00,0,1.0,1.0,69927.64,71514.09,-1586.449999999997,10397.480000000054
2026-04-07 22:00:00,0,1.0,1.0,71514.09,71924.22,-410.13000000000466,9987.35000000005
2026-04-07 23:00:00,0,0.0,1.0,71924.22,71710.19,214.02999999999884,10201.380000000048
2026-04-08 00:00:00,1,0.0,1.0,71710.19,71476.97,-233.22000000000116,9968.160000000047
2026-04-08 01:00:00,1,0.0,1.0,71476.97,71364.94,-112.02999999999884,9856.130000000048
2026-04-08 02:00:00,1,0.0,1.0,71364.94,71287.39,-77.55000000000291,9778.580000000045
2026-04-08 03:00:00,1,1.0,1.0,71287.39,71566.18,278.7899999999936,10057.370000000039
2026-04-08 04:00:00,0,1.0,1.0,71566.18,71731.1,-164.9200000000128,9892.450000000026
2026-04-08 05:00:00,0,1.0,0.0,71731.1,71732.69,-1.5899999999965075,9890.86000000003
2026-04-08 06:00:00,0,0.0,1.0,71732.69,71627.59,105.10000000000582,9995.960000000036
2026-04-08 07:00:00,0,1.0,1.0,71627.59,71800.0,-172.4100000000035,9823.550000000032
2026-04-08 08:00:00,0,0.0,1.0,71800.0,71678.87,121.13000000000466,9944.680000000037
2026-04-08 09:00:00,0,0.0,1.0,71678.87,71476.98,201.88999999999942,10146.570000000036
2026-04-08 10:00:00,1,1.0,1.0,71476.98,71675.12,198.13999999999942,10344.710000000036
2026-04-08 11:00:00,0,1.0,1.0,71675.12,72071.95,-396.83000000000175,9947.880000000034
2026-04-08 12:00:00,0,0.0,1.0,72071.95,71600.01,471.9400000000023,10419.820000000036
2026-04-08 13:00:00,0,0.0,1.0,71600.01,70912.88,687.1299999999901,11106.950000000026
2026-04-08 14:00:00,1,1.0,1.0,70912.88,71310.0,397.11999999999534,11504.070000000022
2026-04-08 15:00:00,0,1.0,1.0,71310.0,71602.1,-292.1000000000058,11211.970000000016
2026-04-08 16:00:00,0,1.0,1.0,71602.1,71888.19,-286.0899999999965,10925.88000000002
2026-04-08 17:00:00,0,0.0,1.0,71888.19,71099.63,788.5599999999977,11714.440000000017
2026-04-08 18:00:00,0,1.0,1.0,71099.63,71318.48,-218.84999999999127,11495.590000000026
2026-04-08 19:00:00,0,1.0,0.0,71318.48,71372.93,-54.44999999999709,11441.140000000029
2026-04-08 20:00:00,0,1.0,1.0,71372.93,71551.39,-178.4600000000064,11262.680000000022
2026-04-08 21:00:00,0,0.0,1.0,71551.39,71064.84,486.5500000000029,11749.230000000025
2026-04-08 22:00:00,0,1.0,0.0,71064.84,71069.93,-5.0899999999965075,11744.140000000029
2026-04-08 23:00:00,0,0.0,1.0,71069.93,70815.5,254.42999999999302,11998.570000000022
