timestamp,pred_dir,label,mask,close,next_close,pnl_usdt_1btc,cumulative_pnl_usdt_1btc
2026-01-01 00:00:00,0,1.0,0.0,87742.61,87776.18,-33.56999999999243,-33.56999999999243
2026-01-01 00:15:00,0,0.0,0.0,87776.18,87748.89,27.289999999993597,-6.279999999998836
2026-01-01 00:30:00,1,1.0,1.0,87748.89,87809.23,60.33999999999651,54.05999999999767
2026-01-01 00:45:00,0,1.0,1.0,87809.23,88000.0,-190.77000000000407,-136.7100000000064
2026-01-01 01:00:00,0,0.0,1.0,88000.0,87875.22,124.77999999999884,-11.930000000007567
2026-01-01 01:15:00,1,1.0,0.0,87875.22,87886.0,10.779999999998836,-1.1500000000087311
2026-01-01 01:30:00,0,1.0,1.0,87886.0,87960.0,-74.0,-75.15000000000873
2026-01-01 01:45:00,0,1.0,0.0,87960.0,87990.52,-30.520000000004075,-105.6700000000128
2026-01-01 02:00:00,0,0.0,0.0,87990.52,87957.63,32.88999999999942,-72.78000000001339
2026-01-01 02:15:00,1,0.0,0.0,87957.63,87954.16,-3.470000000001164,-76.25000000001455
2026-01-01 02:30:00,0,0.0,1.0,87954.16,87914.0,40.16000000000349,-36.09000000001106
2026-01-01 02:45:00,1,1.0,1.0,87914.0,87984.25,70.25,34.15999999998894
2026-01-01 03:00:00,0,0.0,1.0,87984.25,87930.65,53.60000000000582,87.75999999999476
2026-01-01 03:15:00,1,1.0,0.0,87930.65,87937.24,6.5900000000110595,94.35000000000582
2026-01-01 03:30:00,1,0.0,1.0,87937.24,87846.02,-91.22000000000116,3.1300000000046566
2026-01-01 03:45:00,1,0.0,1.0,87846.02,87650.01,-196.0100000000093,-192.88000000000466
2026-01-01 04:00:00,1,0.0,0.0,87650.01,87632.26,-17.75,-210.63000000000466
2026-01-01 04:15:00,1,0.0,1.0,87632.26,87550.48,-81.77999999999884,-292.4100000000035
2026-01-01 04:30:00,1,1.0,1.0,87550.48,87590.4,39.919999999998254,-252.49000000000524
2026-01-01 04:45:00,1,1.0,1.0,87590.4,87694.61,104.2100000000064,-148.27999999999884
2026-01-01 05:00:00,0,1.0,0.0,87694.61,87708.11,-13.5,-161.77999999999884
2026-01-01 05:15:00,0,0.0,0.0,87708.11,87700.0,8.110000000000582,-153.66999999999825
2026-01-01 05:30:00,1,1.0,0.0,87700.0,87704.39,4.389999999999418,-149.27999999999884
2026-01-01 05:45:00,0,0.0,1.0,87704.39,87648.18,56.2100000000064,-93.06999999999243
2026-01-01 06:00:00,1,1.0,0.0,87648.18,87656.8,8.620000000009895,-84.44999999998254
2026-01-01 06:15:00,1,1.0,0.0,87656.8,87658.77,1.9700000000011642,-82.47999999998137
2026-01-01 06:30:00,0,0.0,0.0,87658.77,87658.0,0.7700000000040745,-81.7099999999773
2026-01-01 06:45:00,1,0.0,0.0,87658.0,87642.0,-16.0,-97.7099999999773
2026-01-01 07:00:00,1,0.0,0.0,87642.0,87605.68,-36.320000000006985,-134.02999999998428
2026-01-01 07:15:00,1,1.0,0.0,87605.68,87642.01,36.330000000001746,-97.69999999998254
2026-01-01 07:30:00,1,0.0,0.0,87642.01,87631.88,-10.129999999990105,-107.82999999997264
2026-01-01 07:45:00,1,1.0,1.0,87631.88,87750.39,118.50999999999476,10.680000000022119
2026-01-01 08:00:00,0,0.0,0.0,87750.39,87739.53,10.860000000000582,21.5400000000227
2026-01-01 08:15:00,1,0.0,1.0,87739.53,87700.17,-39.36000000000058,-17.81999999997788
2026-01-01 08:30:00,1,1.0,1.0,87700.17,87770.9,70.72999999999593,52.910000000018044
2026-01-01 08:45:00,0,1.0,1.0,87770.9,87849.26,-78.36000000000058,-25.449999999982538
2026-01-01 09:00:00,0,0.0,0.0,87849.26,87836.02,13.239999999990687,-12.209999999991851
2026-01-01 09:15:00,1,1.0,1.0,87836.02,87876.2,40.179999999993015,27.970000000001164
2026-01-01 09:30:00,0,1.0,0.0,87876.2,87877.99,-1.790000000008149,26.179999999993015
2026-01-01 09:45:00,0,0.0,0.0,87877.99,87872.43,5.560000000012224,31.74000000000524
2026-01-01 10:00:00,1,0.0,0.0,87872.43,87851.26,-21.169999999998254,10.570000000006985
2026-01-01 10:15:00,1,0.0,0.0,87851.26,87840.01,-11.25,-0.6799999999930151
2026-01-01 10:30:00,1,1.0,0.0,87840.01,87863.76,23.75,23.070000000006985
2026-01-01 10:45:00,0,1.0,1.0,87863.76,87940.0,-76.24000000000524,-53.169999999998254
2026-01-01 11:00:00,0,0.0,0.0,87940.0,87926.18,13.820000000006985,-39.34999999999127
2026-01-01 11:15:00,0,0.0,0.0,87926.18,87915.12,11.059999999997672,-28.289999999993597
2026-01-01 11:30:00,1,1.0,1.0,87915.12,88024.64,109.52000000000407,81.23000000001048
2026-01-01 11:45:00,0,0.0,0.0,88024.64,88003.79,20.85000000000582,102.0800000000163
2026-01-01 12:00:00,0,1.0,0.0,88003.79,88004.81,-1.0200000000040745,101.06000000001222
2026-01-01 12:15:00,0,0.0,0.0,88004.81,87979.26,25.55000000000291,126.61000000001513
2026-01-01 12:30:00,1,0.0,0.0,87979.26,87950.0,-29.25999999999476,97.35000000002037
2026-01-01 12:45:00,1,1.0,1.0,87950.0,87990.05,40.05000000000291,137.40000000002328
2026-01-01 13:00:00,0,0.0,0.0,87990.05,87987.1,2.9499999999970896,140.35000000002037
2026-01-01 13:15:00,0,1.0,0.0,87987.1,87989.0,-1.8999999999941792,138.4500000000262
2026-01-01 13:30:00,0,0.0,1.0,87989.0,87922.64,66.36000000000058,204.81000000002678
2026-01-01 13:45:00,1,1.0,1.0,87922.64,87957.54,34.89999999999418,239.71000000002095
2026-01-01 14:00:00,0,0.0,1.0,87957.54,87872.25,85.2899999999936,325.00000000001455
2026-01-01 14:15:00,1,1.0,1.0,87872.25,87911.71,39.4600000000064,364.46000000002095
2026-01-01 14:30:00,0,1.0,1.0,87911.71,87967.05,-55.33999999999651,309.12000000002445
2026-01-01 14:45:00,0,1.0,0.0,87967.05,87983.57,-16.520000000004075,292.6000000000204
2026-01-01 15:00:00,0,1.0,0.0,87983.57,88007.12,-23.54999999998836,269.050000000032
2026-01-01 15:15:00,0,1.0,0.0,88007.12,88020.37,-13.25,255.80000000003201
2026-01-01 15:30:00,0,1.0,0.0,88020.37,88032.18,-11.809999999997672,243.99000000003434
2026-01-01 15:45:00,0,0.0,1.0,88032.18,87943.53,88.64999999999418,332.6400000000285
2026-01-01 16:00:00,0,1.0,0.0,87943.53,87954.34,-10.809999999997672,321.83000000003085
2026-01-01 16:15:00,0,0.0,0.0,87954.34,87940.59,13.75,335.58000000003085
2026-01-01 16:30:00,1,1.0,1.0,87940.59,87988.76,48.169999999998254,383.7500000000291
2026-01-01 16:45:00,0,1.0,1.0,87988.76,88053.83,-65.07000000000698,318.6800000000221
2026-01-01 17:00:00,0,1.0,1.0,88053.83,88255.49,-201.6600000000035,117.02000000001863
2026-01-01 17:15:00,0,1.0,1.0,88255.49,88347.69,-92.19999999999709,24.820000000021537
2026-01-01 17:30:00,0,0.0,1.0,88347.69,88316.37,31.320000000006985,56.14000000002852
2026-01-01 17:45:00,0,0.0,1.0,88316.37,88170.38,145.9899999999907,202.1300000000192
2026-01-01 18:00:00,1,0.0,1.0,88170.38,88105.08,-65.30000000000291,136.8300000000163
2026-01-01 18:15:00,1,1.0,1.0,88105.08,88175.29,70.20999999999185,207.04000000000815
2026-01-01 18:30:00,0,1.0,0.0,88175.29,88193.94,-18.65000000000873,188.38999999999942
2026-01-01 18:45:00,0,0.0,1.0,88193.94,88110.78,83.16000000000349,271.5500000000029
2026-01-01 19:00:00,1,1.0,1.0,88110.78,88166.75,55.970000000001164,327.5200000000041
2026-01-01 19:15:00,0,1.0,1.0,88166.75,88330.68,-163.92999999999302,163.59000000001106
2026-01-01 19:30:00,0,1.0,1.0,88330.68,88391.15,-60.470000000001164,103.1200000000099
2026-01-01 19:45:00,0,0.0,1.0,88391.15,88337.59,53.55999999999767,156.68000000000757
2026-01-01 20:00:00,0,1.0,0.0,88337.59,88364.33,-26.74000000000524,129.94000000000233
2026-01-01 20:15:00,0,0.0,1.0,88364.33,88241.73,122.60000000000582,252.54000000000815
2026-01-01 20:30:00,0,1.0,0.0,88241.73,88258.12,-16.389999999999418,236.15000000000873
2026-01-01 20:45:00,0,1.0,1.0,88258.12,88387.32,-129.20000000001164,106.94999999999709
2026-01-01 21:00:00,0,0.0,0.0,88387.32,88377.04,10.280000000013388,117.23000000001048
2026-01-01 21:15:00,0,0.0,1.0,88377.04,88326.24,50.79999999998836,168.02999999999884
2026-01-01 21:30:00,0,1.0,1.0,88326.24,88377.67,-51.429999999993015,116.60000000000582
2026-01-01 21:45:00,0,1.0,1.0,88377.67,88516.19,-138.52000000000407,-21.919999999998254
2026-01-01 22:00:00,0,1.0,0.0,88516.19,88532.74,-16.55000000000291,-38.470000000001164
2026-01-01 22:15:00,0,1.0,1.0,88532.74,88584.26,-51.51999999998952,-89.98999999999069
2026-01-01 22:30:00,0,1.0,1.0,88584.26,88645.57,-61.310000000012224,-151.3000000000029
2026-01-01 22:45:00,0,0.0,1.0,88645.57,88580.0,65.57000000000698,-85.72999999999593
2026-01-01 23:00:00,0,1.0,1.0,88580.0,88735.06,-155.05999999999767,-240.7899999999936
2026-01-01 23:15:00,0,1.0,1.0,88735.06,88875.01,-139.9499999999971,-380.7399999999907
2026-01-01 23:30:00,0,0.0,1.0,88875.01,88839.04,35.970000000001164,-344.7699999999895
2026-01-01 23:45:00,0,0.0,1.0,88839.04,88633.61,205.42999999999302,-139.3399999999965
2026-01-02 00:00:00,0,1.0,1.0,88633.61,88715.27,-81.66000000000349,-221.0
2026-01-02 00:15:00,0,0.0,0.0,88715.27,88697.22,18.05000000000291,-202.9499999999971
2026-01-02 00:30:00,0,1.0,1.0,88697.22,88833.97,-136.75,-339.6999999999971
2026-01-02 00:45:00,0,0.0,1.0,88833.97,88759.85,74.11999999999534,-265.58000000000175
2026-01-02 01:00:00,0,0.0,1.0,88759.85,88690.0,69.85000000000582,-195.72999999999593
2026-01-02 01:15:00,0,0.0,1.0,88690.0,88637.02,52.979999999995925,-142.75
2026-01-02 01:30:00,0,1.0,0.0,88637.02,88639.89,-2.8699999999953434,-145.61999999999534
2026-01-02 01:45:00,0,0.0,1.0,88639.89,88484.76,155.13000000000466,9.510000000009313
2026-01-02 02:00:00,0,0.0,1.0,88484.76,88421.94,62.81999999999243,72.33000000000175
2026-01-02 02:15:00,0,1.0,1.0,88421.94,88488.84,-66.89999999999418,5.430000000007567
2026-01-02 02:30:00,0,1.0,1.0,88488.84,88637.03,-148.19000000000233,-142.75999999999476
2026-01-02 02:45:00,0,1.0,1.0,88637.03,88963.05,-326.0200000000041,-468.77999999999884
2026-01-02 03:00:00,0,0.0,1.0,88963.05,88879.49,83.55999999999767,-385.22000000000116
2026-01-02 03:15:00,0,1.0,1.0,88879.49,88973.49,-94.0,-479.22000000000116
2026-01-02 03:30:00,0,0.0,0.0,88973.49,88950.65,22.84000000001106,-456.3799999999901
2026-01-02 03:45:00,0,0.0,1.0,88950.65,88813.01,137.63999999999942,-318.7399999999907
2026-01-02 04:00:00,0,0.0,1.0,88813.01,88736.79,76.22000000000116,-242.51999999998952
2026-01-02 04:15:00,0,0.0,0.0,88736.79,88720.0,16.789999999993597,-225.72999999999593
2026-01-02 04:30:00,1,0.0,1.0,88720.0,88637.64,-82.36000000000058,-308.0899999999965
2026-01-02 04:45:00,1,1.0,1.0,88637.64,88670.04,32.39999999999418,-275.6900000000023
2026-01-02 05:00:00,0,0.0,1.0,88670.04,88583.52,86.51999999998952,-189.1700000000128
2026-01-02 05:15:00,0,1.0,1.0,88583.52,88684.22,-100.69999999999709,-289.8700000000099
2026-01-02 05:30:00,0,1.0,1.0,88684.22,88765.2,-80.97999999999593,-370.8500000000058
2026-01-02 05:45:00,0,1.0,0.0,88765.2,88791.24,-26.04000000000815,-396.89000000001397
2026-01-02 06:00:00,0,1.0,1.0,88791.24,88922.22,-130.97999999999593,-527.8700000000099
2026-01-02 06:15:00,0,1.0,1.0,88922.22,88978.27,-56.05000000000291,-583.9200000000128
2026-01-02 06:30:00,0,0.0,1.0,88978.27,88935.04,43.23000000001048,-540.6900000000023
2026-01-02 06:45:00,0,1.0,1.0,88935.04,89046.13,-111.09000000001106,-651.7800000000134
2026-01-02 07:00:00,0,0.0,1.0,89046.13,88903.35,142.77999999999884,-509.00000000001455
2026-01-02 07:15:00,0,0.0,1.0,88903.35,88858.94,44.41000000000349,-464.59000000001106
2026-01-02 07:30:00,0,0.0,0.0,88858.94,88857.61,1.3300000000017462,-463.2600000000093
2026-01-02 07:45:00,1,1.0,1.0,88857.61,89076.0,218.38999999999942,-244.8700000000099
2026-01-02 08:00:00,0,0.0,0.0,89076.0,89062.45,13.55000000000291,-231.32000000000698
2026-01-02 08:15:00,0,1.0,0.0,89062.45,89091.75,-29.30000000000291,-260.6200000000099
2026-01-02 08:30:00,0,1.0,1.0,89091.75,89178.13,-86.38000000000466,-347.00000000001455
2026-01-02 08:45:00,0,1.0,1.0,89178.13,89252.0,-73.86999999999534,-420.8700000000099
2026-01-02 09:00:00,0,0.0,1.0,89252.0,89167.77,84.22999999999593,-336.64000000001397
2026-01-02 09:15:00,0,1.0,1.0,89167.77,89237.9,-70.1299999999901,-406.7700000000041
2026-01-02 09:30:00,0,1.0,1.0,89237.9,89467.32,-229.4200000000128,-636.1900000000169
2026-01-02 09:45:00,0,1.0,1.0,89467.32,89836.09,-368.7699999999895,-1004.9600000000064
2026-01-02 10:00:00,0,0.0,1.0,89836.09,89596.61,239.47999999999593,-765.4800000000105
2026-01-02 10:15:00,0,1.0,1.0,89596.61,89700.74,-104.13000000000466,-869.6100000000151
2026-01-02 10:30:00,0,0.0,1.0,89700.74,89666.29,34.45000000001164,-835.1600000000035
2026-01-02 10:45:00,0,0.0,1.0,89666.29,89530.13,136.15999999998894,-699.0000000000146
2026-01-02 11:00:00,1,0.0,1.0,89530.13,89366.57,-163.55999999999767,-862.5600000000122
2026-01-02 11:15:00,1,1.0,1.0,89366.57,89528.0,161.42999999999302,-701.1300000000192
2026-01-02 11:30:00,0,0.0,0.0,89528.0,89502.95,25.05000000000291,-676.0800000000163
2026-01-02 11:45:00,0,0.0,0.0,89502.95,89484.3,18.64999999999418,-657.4300000000221
2026-01-02 12:00:00,1,0.0,0.0,89484.3,89462.68,-21.620000000009895,-679.050000000032
2026-01-02 12:15:00,1,1.0,1.0,89462.68,89521.8,59.120000000009895,-619.9300000000221
2026-01-02 12:30:00,0,0.0,1.0,89521.8,89400.0,121.80000000000291,-498.1300000000192
2026-01-02 12:45:00,0,1.0,1.0,89400.0,89462.24,-62.24000000000524,-560.3700000000244
2026-01-02 13:00:00,0,1.0,1.0,89462.24,89560.62,-98.3799999999901,-658.7500000000146
2026-01-02 13:15:00,0,0.0,1.0,89560.62,89446.97,113.64999999999418,-545.1000000000204
2026-01-02 13:30:00,0,0.0,1.0,89446.97,89348.68,98.29000000000815,-446.8100000000122
2026-01-02 13:45:00,1,0.0,1.0,89348.68,89133.35,-215.3299999999872,-662.1399999999994
2026-01-02 14:00:00,1,0.0,1.0,89133.35,88900.01,-233.34000000001106,-895.4800000000105
2026-01-02 14:15:00,1,1.0,1.0,88900.01,89387.65,487.6399999999994,-407.84000000001106
2026-01-02 14:30:00,0,1.0,1.0,89387.65,89580.0,-192.35000000000582,-600.1900000000169
2026-01-02 14:45:00,0,0.0,1.0,89580.0,89170.15,409.8500000000058,-190.34000000001106
2026-01-02 15:00:00,0,0.0,1.0,89170.15,89128.64,41.50999999999476,-148.8300000000163
2026-01-02 15:15:00,1,1.0,1.0,89128.64,89757.89,629.25,480.4199999999837
2026-01-02 15:30:00,0,0.0,1.0,89757.89,89418.11,339.77999999999884,820.1999999999825
2026-01-02 15:45:00,1,1.0,1.0,89418.11,89771.4,353.2899999999936,1173.4899999999761
2026-01-02 16:00:00,0,1.0,1.0,89771.4,90055.85,-284.45000000001164,889.0399999999645
2026-01-02 16:15:00,0,1.0,1.0,90055.85,90139.77,-83.91999999999825,805.1199999999662
2026-01-02 16:30:00,0,1.0,1.0,90139.77,90376.05,-236.27999999999884,568.8399999999674
2026-01-02 16:45:00,0,1.0,1.0,90376.05,90627.0,-250.9499999999971,317.8899999999703
2026-01-02 17:00:00,0,0.0,0.0,90627.0,90604.51,22.49000000000524,340.37999999997555
2026-01-02 17:15:00,0,0.0,1.0,90604.51,90519.31,85.19999999999709,425.57999999997264
2026-01-02 17:30:00,1,0.0,1.0,90519.31,90370.52,-148.7899999999936,276.78999999997905
2026-01-02 17:45:00,1,0.0,0.0,90370.52,90352.41,-18.110000000000582,258.67999999997846
2026-01-02 18:00:00,1,0.0,1.0,90352.41,90306.0,-46.41000000000349,212.26999999997497
2026-01-02 18:15:00,1,0.0,1.0,90306.0,90013.14,-292.8600000000006,-80.59000000002561
2026-01-02 18:30:00,1,0.0,1.0,90013.14,89773.1,-240.0399999999936,-320.6300000000192
2026-01-02 18:45:00,1,1.0,1.0,89773.1,89982.72,209.61999999999534,-111.01000000002387
2026-01-02 19:00:00,0,0.0,0.0,89982.72,89960.01,22.710000000006403,-88.30000000001746
2026-01-02 19:15:00,1,1.0,1.0,89960.01,90001.89,41.88000000000466,-46.420000000012806
2026-01-02 19:30:00,0,0.0,1.0,90001.89,89897.23,104.66000000000349,58.23999999999069
2026-01-02 19:45:00,1,1.0,1.0,89897.23,90070.5,173.27000000000407,231.50999999999476
2026-01-02 20:00:00,0,0.0,1.0,90070.5,89891.67,178.83000000000175,410.3399999999965
2026-01-02 20:15:00,0,1.0,0.0,89891.67,89901.85,-10.180000000007567,400.15999999998894
2026-01-02 20:30:00,0,0.0,1.0,89901.85,89740.0,161.85000000000582,562.0099999999948
2026-01-02 20:45:00,0,1.0,1.0,89740.0,89813.05,-73.05000000000291,488.95999999999185
2026-01-02 21:00:00,0,1.0,1.0,89813.05,89983.31,-170.25999999999476,318.6999999999971
2026-01-02 21:15:00,0,0.0,0.0,89983.31,89953.5,29.80999999999767,348.50999999999476
2026-01-02 21:30:00,0,1.0,1.0,89953.5,90065.8,-112.30000000000291,236.20999999999185
2026-01-02 21:45:00,0,1.0,1.0,90065.8,90124.0,-58.19999999999709,178.00999999999476
2026-01-02 22:00:00,0,1.0,0.0,90124.0,90130.88,-6.880000000004657,171.1299999999901
2026-01-02 22:15:00,0,1.0,1.0,90130.88,90307.61,-176.72999999999593,-5.600000000005821
2026-01-02 22:30:00,0,0.0,1.0,90307.61,90195.37,112.24000000000524,106.63999999999942
2026-01-02 22:45:00,0,0.0,1.0,90195.37,90088.0,107.36999999999534,214.00999999999476
2026-01-02 23:00:00,1,0.0,1.0,90088.0,89942.0,-146.0,68.00999999999476
2026-01-02 23:15:00,1,1.0,0.0,89942.0,89965.38,23.380000000004657,91.38999999999942
2026-01-02 23:30:00,0,1.0,0.0,89965.38,89995.13,-29.75,61.63999999999942
2026-01-02 23:45:00,0,1.0,1.0,89995.13,90046.16,-51.029999999998836,10.610000000000582
2026-01-03 00:00:00,0,1.0,1.0,90046.16,90087.45,-41.2899999999936,-30.679999999993015
2026-01-03 00:15:00,0,0.0,0.0,90087.45,90079.53,7.919999999998254,-22.75999999999476
2026-01-03 00:30:00,0,1.0,1.0,90079.53,90156.19,-76.66000000000349,-99.41999999999825
2026-01-03 00:45:00,0,1.0,1.0,90156.19,90231.83,-75.63999999999942,-175.05999999999767
2026-01-03 01:00:00,0,0.0,1.0,90231.83,90079.95,151.88000000000466,-23.179999999993015
2026-01-03 01:15:00,0,1.0,1.0,90079.95,90165.99,-86.04000000000815,-109.22000000000116
2026-01-03 01:30:00,0,1.0,1.0,90165.99,90282.69,-116.69999999999709,-225.91999999999825
2026-01-03 01:45:00,0,0.0,1.0,90282.69,90166.38,116.30999999999767,-109.61000000000058
2026-01-03 02:00:00,0,1.0,1.0,90166.38,90261.48,-95.09999999999127,-204.70999999999185
2026-01-03 02:15:00,0,1.0,1.0,90261.48,90300.0,-38.520000000004075,-243.22999999999593
2026-01-03 02:30:00,0,1.0,1.0,90300.0,90340.0,-40.0,-283.2299999999959
2026-01-03 02:45:00,0,0.0,1.0,90340.0,90211.5,128.5,-154.72999999999593
2026-01-03 03:00:00,0,1.0,0.0,90211.5,90218.43,-6.929999999993015,-161.65999999998894
2026-01-03 03:15:00,0,1.0,1.0,90218.43,90269.99,-51.560000000012224,-213.22000000000116
2026-01-03 03:30:00,0,1.0,1.0,90269.99,90321.22,-51.229999999995925,-264.4499999999971
2026-01-03 03:45:00,0,0.0,1.0,90321.22,90252.0,69.22000000000116,-195.22999999999593
2026-01-03 04:00:00,0,0.0,0.0,90252.0,90252.0,0.0,-195.22999999999593
2026-01-03 04:15:00,0,0.0,1.0,90252.0,90075.99,176.00999999999476,-19.220000000001164
2026-01-03 04:30:00,0,1.0,1.0,90075.99,90170.0,-94.00999999999476,-113.22999999999593
2026-01-03 04:45:00,0,0.0,1.0,90170.0,90053.54,116.4600000000064,3.2300000000104774
2026-01-03 05:00:00,0,0.0,1.0,90053.54,90015.74,37.79999999998836,41.029999999998836
2026-01-03 05:15:00,1,0.0,1.0,90015.74,89959.15,-56.59000000001106,-15.560000000012224
2026-01-03 05:30:00,1,1.0,1.0,89959.15,90031.1,71.95000000001164,56.38999999999942
2026-01-03 05:45:00,0,1.0,1.0,90031.1,90077.27,-46.169999999998254,10.220000000001164
2026-01-03 06:00:00,0,0.0,1.0,90077.27,89978.01,99.26000000000931,109.48000000001048
2026-01-03 06:15:00,0,0.0,1.0,89978.01,89888.0,90.00999999999476,199.49000000000524
2026-01-03 06:30:00,1,0.0,0.0,89888.0,89871.05,-16.94999999999709,182.54000000000815
2026-01-03 06:45:00,1,0.0,1.0,89871.05,89766.8,-104.25,78.29000000000815
2026-01-03 07:00:00,1,0.0,1.0,89766.8,89416.0,-350.8000000000029,-272.50999999999476
2026-01-03 07:15:00,1,1.0,1.0,89416.0,89558.5,142.5,-130.00999999999476
2026-01-03 07:30:00,0,1.0,0.0,89558.5,89577.13,-18.630000000004657,-148.63999999999942
2026-01-03 07:45:00,0,0.0,1.0,89577.13,89530.0,47.13000000000466,-101.50999999999476
2026-01-03 08:00:00,0,1.0,1.0,89530.0,89733.07,-203.07000000000698,-304.58000000000175
2026-01-03 08:15:00,0,1.0,1.0,89733.07,89785.65,-52.579999999987194,-357.15999999998894
2026-01-03 08:30:00,0,0.0,1.0,89785.65,89670.51,115.13999999999942,-242.01999999998952
2026-01-03 08:45:00,0,1.0,0.0,89670.51,89682.57,-12.060000000012224,-254.08000000000175
2026-01-03 09:00:00,0,1.0,1.0,89682.57,89810.01,-127.43999999998778,-381.5199999999895
2026-01-03 09:15:00,0,1.0,1.0,89810.01,89933.63,-123.6200000000099,-505.1399999999994
2026-01-03 09:30:00,0,0.0,1.0,89933.63,89791.99,141.63999999999942,-363.5
2026-01-03 09:45:00,0,0.0,1.0,89791.99,89729.07,62.919999999998254,-300.58000000000175
2026-01-03 10:00:00,0,1.0,1.0,89729.07,89797.01,-67.93999999998778,-368.5199999999895
2026-01-03 10:15:00,0,1.0,1.0,89797.01,89830.94,-33.93000000000757,-402.4499999999971
2026-01-03 10:30:00,0,0.0,1.0,89830.94,89754.47,76.47000000000116,-325.9799999999959
2026-01-03 10:45:00,0,0.0,1.0,89754.47,89695.05,59.419999999998254,-266.5599999999977
2026-01-03 11:00:00,1,1.0,0.0,89695.05,89724.26,29.20999999999185,-237.35000000000582
2026-01-03 11:15:00,0,1.0,1.0,89724.26,89766.36,-42.10000000000582,-279.45000000001164
2026-01-03 11:30:00,0,0.0,0.0,89766.36,89752.74,13.619999999995343,-265.8300000000163
2026-01-03 11:45:00,0,0.0,1.0,89752.74,89672.1,80.63999999999942,-185.19000000001688
2026-01-03 12:00:00,1,1.0,1.0,89672.1,89795.59,123.48999999999069,-61.70000000002619
2026-01-03 12:15:00,0,0.0,0.0,89795.59,89793.57,2.0199999999895226,-59.68000000003667
2026-01-03 12:30:00,0,1.0,1.0,89793.57,90039.13,-245.55999999999767,-305.24000000003434
2026-01-03 12:45:00,0,0.0,1.0,90039.13,89922.25,116.88000000000466,-188.3600000000297
2026-01-03 13:00:00,0,1.0,1.0,89922.25,89967.14,-44.88999999999942,-233.2500000000291
2026-01-03 13:15:00,0,0.0,0.0,89967.14,89960.01,7.130000000004657,-226.12000000002445
2026-01-03 13:30:00,0,1.0,1.0,89960.01,90004.96,-44.95000000001164,-271.0700000000361
2026-01-03 13:45:00,0,1.0,1.0,90004.96,90047.16,-42.19999999999709,-313.2700000000332
2026-01-03 14:00:00,0,1.0,1.0,90047.16,90192.1,-144.94000000000233,-458.2100000000355
2026-01-03 14:15:00,0,0.0,1.0,90192.1,90160.0,32.10000000000582,-426.1100000000297
2026-01-03 14:30:00,0,0.0,1.0,90160.0,90126.02,33.979999999995925,-392.13000000003376
2026-01-03 14:45:00,1,0.0,1.0,90126.02,90015.72,-110.30000000000291,-502.43000000003667
2026-01-03 15:00:00,1,1.0,1.0,90015.72,90073.68,57.95999999999185,-444.4700000000448
2026-01-03 15:15:00,0,0.0,1.0,90073.68,90000.0,73.67999999999302,-370.7900000000518
2026-01-03 15:30:00,1,0.0,0.0,90000.0,89969.31,-30.69000000000233,-401.48000000005413
2026-01-03 15:45:00,1,1.0,1.0,89969.31,90026.71,57.40000000000873,-344.0800000000454
2026-01-03 16:00:00,0,1.0,0.0,90026.71,90053.54,-26.829999999987194,-370.9100000000326
2026-01-03 16:15:00,0,1.0,1.0,90053.54,90128.23,-74.69000000000233,-445.6000000000349
2026-01-03 16:30:00,0,0.0,0.0,90128.23,90105.24,22.989999999990687,-422.61000000004424
2026-01-03 16:45:00,0,0.0,1.0,90105.24,90067.99,37.25,-385.36000000004424
2026-01-03 17:00:00,1,0.0,0.0,90067.99,90066.02,-1.9700000000011642,-387.3300000000454
2026-01-03 17:15:00,1,1.0,1.0,90066.02,90115.58,49.55999999999767,-337.77000000004773
2026-01-03 17:30:00,0,0.0,0.0,90115.58,90093.99,21.589999999996508,-316.1800000000512
2026-01-03 17:45:00,1,0.0,1.0,90093.99,90063.21,-30.779999999998836,-346.96000000005006
2026-01-03 18:00:00,1,1.0,1.0,90063.21,90178.63,115.41999999999825,-231.5400000000518
2026-01-03 18:15:00,0,0.0,1.0,90178.63,90138.04,40.59000000001106,-190.95000000004075
2026-01-03 18:30:00,0,1.0,0.0,90138.04,90138.87,-0.8300000000017462,-191.7800000000425
2026-01-03 18:45:00,0,0.0,1.0,90138.87,90063.89,74.97999999999593,-116.80000000004657
2026-01-03 19:00:00,1,1.0,1.0,90063.89,90151.98,88.08999999999651,-28.71000000005006
2026-01-03 19:15:00,0,0.0,0.0,90151.98,90125.63,26.34999999999127,-2.3600000000587897
2026-01-03 19:30:00,0,0.0,0.0,90125.63,90123.77,1.860000000000582,-0.5000000000582077
2026-01-03 19:45:00,1,0.0,1.0,90123.77,90065.2,-58.570000000006985,-59.07000000006519
2026-01-03 20:00:00,1,1.0,1.0,90065.2,90123.76,58.55999999999767,-0.5100000000675209
2026-01-03 20:15:00,0,1.0,1.0,90123.76,90261.97,-138.2100000000064,-138.72000000007392
2026-01-03 20:30:00,0,1.0,1.0,90261.97,90372.39,-110.41999999999825,-249.14000000007218
2026-01-03 20:45:00,0,0.0,0.0,90372.39,90361.5,10.889999999999418,-238.25000000007276
2026-01-03 21:00:00,0,1.0,1.0,90361.5,90473.22,-111.72000000000116,-349.9700000000739
2026-01-03 21:15:00,0,1.0,1.0,90473.22,90604.26,-131.0399999999936,-481.0100000000675
2026-01-03 21:30:00,0,0.0,1.0,90604.26,90564.31,39.94999999999709,-441.06000000007043
2026-01-03 21:45:00,0,0.0,1.0,90564.31,90520.54,43.770000000004075,-397.29000000006636
2026-01-03 22:00:00,0,1.0,1.0,90520.54,90621.01,-100.47000000000116,-497.7600000000675
2026-01-03 22:15:00,0,1.0,0.0,90621.01,90622.0,-0.9900000000052387,-498.75000000007276
2026-01-03 22:30:00,0,0.0,1.0,90622.0,90590.04,31.960000000006403,-466.79000000006636
2026-01-03 22:45:00,0,0.0,1.0,90590.04,90538.0,52.0399999999936,-414.75000000007276
2026-01-03 23:00:00,1,1.0,1.0,90538.0,90634.58,96.58000000000175,-318.170000000071
2026-01-03 23:15:00,0,1.0,0.0,90634.58,90662.02,-27.44000000000233,-345.61000000007334
2026-01-03 23:30:00,0,0.0,1.0,90662.02,90628.01,34.01000000000931,-311.60000000006403
2026-01-03 23:45:00,0,1.0,1.0,90628.01,91399.99,-771.9800000000105,-1083.5800000000745
2026-01-04 00:00:00,0,0.0,1.0,91399.99,91098.32,301.66999999999825,-781.9100000000763
2026-01-04 00:15:00,0,1.0,1.0,91098.32,91165.87,-67.54999999998836,-849.4600000000646
2026-01-04 00:30:00,0,1.0,1.0,91165.87,91341.47,-175.60000000000582,-1025.0600000000704
2026-01-04 00:45:00,0,0.0,1.0,91341.47,91284.31,57.16000000000349,-967.9000000000669
2026-01-04 01:00:00,0,0.0,1.0,91284.31,91132.01,152.3000000000029,-815.600000000064
2026-01-04 01:15:00,1,0.0,1.0,91132.01,91081.52,-50.48999999999069,-866.0900000000547
2026-01-04 01:30:00,1,1.0,1.0,91081.52,91235.37,153.84999999999127,-712.2400000000634
2026-01-04 01:45:00,0,0.0,1.0,91235.37,91125.88,109.48999999999069,-602.7500000000728
2026-01-04 02:00:00,0,1.0,1.0,91125.88,91207.6,-81.72000000000116,-684.4700000000739
2026-01-04 02:15:00,0,0.0,1.0,91207.6,91163.52,44.080000000001746,-640.3900000000722
2026-01-04 02:30:00,0,0.0,1.0,91163.52,91124.0,39.520000000004075,-600.8700000000681
2026-01-04 02:45:00,1,1.0,1.0,91124.0,91338.6,214.60000000000582,-386.2700000000623
2026-01-04 03:00:00,0,0.0,1.0,91338.6,91168.07,170.52999999999884,-215.74000000006345
2026-01-04 03:15:00,0,1.0,1.0,91168.07,91250.21,-82.13999999999942,-297.88000000006286
2026-01-04 03:30:00,0,0.0,0.0,91250.21,91236.78,13.430000000007567,-284.4500000000553
2026-01-04 03:45:00,0,1.0,1.0,91236.78,91319.79,-83.00999999999476,-367.46000000005006
2026-01-04 04:00:00,0,1.0,1.0,91319.79,91376.01,-56.220000000001164,-423.6800000000512
2026-01-04 04:15:00,0,1.0,1.0,91376.01,91509.55,-133.54000000000815,-557.2200000000594
2026-01-04 04:30:00,0,0.0,1.0,91509.55,91400.0,109.55000000000291,-447.67000000005646
2026-01-04 04:45:00,0,0.0,0.0,91400.0,91387.01,12.990000000005239,-434.6800000000512
2026-01-04 05:00:00,1,1.0,1.0,91387.01,91460.01,73.0,-361.6800000000512
2026-01-04 05:15:00,0,0.0,1.0,91460.01,91394.75,65.25999999999476,-296.42000000005646
2026-01-04 05:30:00,0,1.0,1.0,91394.75,91480.04,-85.2899999999936,-381.71000000005006
2026-01-04 05:45:00,0,1.0,1.0,91480.04,91670.01,-189.97000000000116,-571.6800000000512
2026-01-04 06:00:00,0,0.0,1.0,91670.01,91544.14,125.86999999999534,-445.8100000000559
2026-01-04 06:15:00,0,0.0,1.0,91544.14,91286.23,257.9100000000035,-187.9000000000524
2026-01-04 06:30:00,0,0.0,1.0,91286.23,91237.55,48.679999999993015,-139.22000000005937
2026-01-04 06:45:00,1,1.0,1.0,91237.55,91323.82,86.27000000000407,-52.9500000000553
2026-01-04 07:00:00,0,0.0,0.0,91323.82,91308.0,15.820000000006985,-37.13000000004831
2026-01-04 07:15:00,1,1.0,1.0,91308.0,91490.67,182.66999999999825,145.53999999994994
2026-01-04 07:30:00,0,1.0,1.0,91490.67,91532.0,-41.330000000001746,104.2099999999482
2026-01-04 07:45:00,0,0.0,1.0,91532.0,91312.39,219.61000000000058,323.8199999999488
2026-01-04 08:00:00,0,0.0,1.0,91312.39,91234.36,78.02999999999884,401.8499999999476
2026-01-04 08:15:00,1,1.0,1.0,91234.36,91400.0,165.63999999999942,567.489999999947
2026-01-04 08:30:00,0,0.0,0.0,91400.0,91374.99,25.00999999999476,592.4999999999418
2026-01-04 08:45:00,1,0.0,1.0,91374.99,91333.73,-41.26000000000931,551.2399999999325
2026-01-04 09:00:00,1,0.0,0.0,91333.73,91314.36,-19.369999999995343,531.8699999999371
2026-01-04 09:15:00,1,1.0,1.0,91314.36,91446.57,132.2100000000064,664.0799999999435
2026-01-04 09:30:00,0,1.0,0.0,91446.57,91468.28,-21.70999999999185,642.3699999999517
2026-01-04 09:45:00,0,1.0,1.0,91468.28,91544.72,-76.44000000000233,565.9299999999494
2026-01-04 10:00:00,0,0.0,1.0,91544.72,91480.0,64.72000000000116,630.6499999999505
2026-01-04 10:15:00,0,1.0,1.0,91480.0,91591.5,-111.5,519.1499999999505
2026-01-04 10:30:00,0,1.0,0.0,91591.5,91600.62,-9.119999999995343,510.0299999999552
2026-01-04 10:45:00,0,0.0,1.0,91600.62,91360.1,240.51999999998952,750.5499999999447
2026-01-04 11:00:00,0,1.0,0.0,91360.1,91380.58,-20.479999999995925,730.0699999999488
2026-01-04 11:15:00,0,1.0,0.0,91380.58,91380.59,-0.00999999999476131,730.059999999954
2026-01-04 11:30:00,0,0.0,1.0,91380.59,91300.0,80.58999999999651,810.6499999999505
2026-01-04 11:45:00,0,0.0,1.0,91300.0,91255.62,44.38000000000466,855.0299999999552
2026-01-04 12:00:00,1,1.0,1.0,91255.62,91341.13,85.51000000000931,940.5399999999645
2026-01-04 12:15:00,0,0.0,1.0,91341.13,91096.28,244.85000000000582,1185.3899999999703
2026-01-04 12:30:00,0,1.0,1.0,91096.28,91150.98,-54.69999999999709,1130.6899999999732
2026-01-04 12:45:00,0,1.0,1.0,91150.98,91188.41,-37.43000000000757,1093.2599999999657
2026-01-04 13:00:00,0,1.0,0.0,91188.41,91191.16,-2.75,1090.5099999999657
2026-01-04 13:15:00,0,1.0,0.0,91191.16,91224.01,-32.84999999999127,1057.6599999999744
2026-01-04 13:30:00,0,1.0,1.0,91224.01,91264.0,-39.99000000000524,1017.6699999999691
2026-01-04 13:45:00,0,1.0,1.0,91264.0,91398.06,-134.05999999999767,883.6099999999715
2026-01-04 14:00:00,0,0.0,1.0,91398.06,91241.29,156.77000000000407,1040.3799999999756
2026-01-04 14:15:00,0,0.0,1.0,91241.29,91204.33,36.95999999999185,1077.3399999999674
2026-01-04 14:30:00,1,1.0,1.0,91204.33,91336.39,132.05999999999767,1209.399999999965
2026-01-04 14:45:00,0,0.0,0.0,91336.39,91313.76,22.630000000004657,1232.0299999999697
2026-01-04 15:00:00,0,0.0,1.0,91313.76,91233.33,80.42999999999302,1312.4599999999627
2026-01-04 15:15:00,1,0.0,0.0,91233.33,91206.77,-26.55999999999767,1285.899999999965
2026-01-04 15:30:00,1,1.0,1.0,91206.77,91334.94,128.16999999999825,1414.0699999999633
2026-01-04 15:45:00,0,0.0,1.0,91334.94,91282.27,52.669999999998254,1466.7399999999616
2026-01-04 16:00:00,1,1.0,1.0,91282.27,91341.5,59.229999999995925,1525.9699999999575
2026-01-04 16:15:00,0,0.0,1.0,91341.5,91301.31,40.19000000000233,1566.1599999999598
2026-01-04 16:30:00,1,1.0,0.0,91301.31,91321.0,19.69000000000233,1585.8499999999622
2026-01-04 16:45:00,0,1.0,0.0,91321.0,91349.89,-28.889999999999418,1556.9599999999627
2026-01-04 17:00:00,0,1.0,0.0,91349.89,91362.23,-12.339999999996508,1544.6199999999662
2026-01-04 17:15:00,0,1.0,0.0,91362.23,91385.64,-23.410000000003492,1521.2099999999627
2026-01-04 17:30:00,0,0.0,1.0,91385.64,91335.73,49.91000000000349,1571.1199999999662
2026-01-04 17:45:00,0,0.0,1.0,91335.73,91236.54,99.19000000000233,1670.3099999999686
2026-01-04 18:00:00,1,0.0,1.0,91236.54,91179.65,-56.88999999999942,1613.4199999999691
2026-01-04 18:15:00,1,1.0,1.0,91179.65,91219.99,40.34000000001106,1653.7599999999802
2026-01-04 18:30:00,0,0.0,0.0,91219.99,91205.39,14.60000000000582,1668.359999999986
2026-01-04 18:45:00,1,0.0,1.0,91205.39,91012.94,-192.4499999999971,1475.909999999989
2026-01-04 19:00:00,1,1.0,1.0,91012.94,91124.1,111.16000000000349,1587.0699999999924
2026-01-04 19:15:00,0,0.0,1.0,91124.1,91068.01,56.09000000001106,1643.1600000000035
2026-01-04 19:30:00,0,1.0,1.0,91068.01,91138.07,-70.06000000001222,1573.0999999999913
2026-01-04 19:45:00,0,1.0,1.0,91138.07,91270.0,-131.92999999999302,1441.1699999999983
2026-01-04 20:00:00,0,1.0,1.0,91270.0,91339.99,-69.99000000000524,1371.179999999993
2026-01-04 20:15:00,0,0.0,1.0,91339.99,91295.61,44.38000000000466,1415.5599999999977
2026-01-04 20:30:00,0,1.0,0.0,91295.61,91313.94,-18.330000000001746,1397.229999999996
2026-01-04 20:45:00,0,1.0,1.0,91313.94,91360.01,-46.06999999999243,1351.1600000000035
2026-01-04 21:00:00,0,0.0,1.0,91360.01,91312.0,48.00999999999476,1399.1699999999983
2026-01-04 21:15:00,0,0.0,1.0,91312.0,91212.0,100.0,1499.1699999999983
2026-01-04 21:30:00,1,1.0,1.0,91212.0,91279.99,67.99000000000524,1567.1600000000035
2026-01-04 21:45:00,0,0.0,1.0,91279.99,91191.59,88.40000000000873,1655.5600000000122
2026-01-04 22:00:00,0,1.0,1.0,91191.59,91285.37,-93.77999999999884,1561.7800000000134
2026-01-04 22:15:00,0,0.0,1.0,91285.37,91203.74,81.6299999999901,1643.4100000000035
2026-01-04 22:30:00,0,1.0,0.0,91203.74,91220.01,-16.269999999989523,1627.140000000014
2026-01-04 22:45:00,0,1.0,1.0,91220.01,91333.33,-113.32000000000698,1513.820000000007
2026-01-04 23:00:00,0,1.0,1.0,91333.33,91372.55,-39.220000000001164,1474.6000000000058
2026-01-04 23:15:00,0,0.0,1.0,91372.55,91320.39,52.16000000000349,1526.7600000000093
2026-01-04 23:30:00,0,1.0,1.0,91320.39,91529.73,-209.3399999999965,1317.4200000000128
2026-01-04 23:45:00,0,1.0,1.0,91529.73,91895.35,-365.6200000000099,951.8000000000029
2026-01-05 00:00:00,0,0.0,1.0,91895.35,91847.38,47.970000000001164,999.7700000000041
2026-01-05 00:15:00,0,1.0,1.0,91847.38,92043.61,-196.22999999999593,803.5400000000081
2026-01-05 00:30:00,0,1.0,1.0,92043.61,92405.46,-361.8500000000058,441.6900000000023
2026-01-05 00:45:00,0,1.0,1.0,92405.46,92954.39,-548.929999999993,-107.23999999999069
2026-01-05 01:00:00,0,1.0,0.0,92954.39,92978.35,-23.960000000006403,-131.1999999999971
2026-01-05 01:15:00,0,1.0,1.0,92978.35,93200.0,-221.64999999999418,-352.84999999999127
2026-01-05 01:30:00,0,0.0,1.0,93200.0,92967.28,232.72000000000116,-120.1299999999901
2026-01-05 01:45:00,0,0.0,1.0,92967.28,92869.71,97.56999999999243,-22.55999999999767
2026-01-05 02:00:00,1,0.0,1.0,92869.71,92746.2,-123.51000000000931,-146.07000000000698
2026-01-05 02:15:00,1,1.0,1.0,92746.2,92922.56,176.36000000000058,30.289999999993597
2026-01-05 02:30:00,0,1.0,1.0,92922.56,93033.11,-110.55000000000291,-80.26000000000931
2026-01-05 02:45:00,0,0.0,0.0,93033.11,93000.0,33.11000000000058,-47.15000000000873
2026-01-05 03:00:00,0,0.0,0.0,93000.0,92994.58,5.419999999998254,-41.73000000001048
2026-01-05 03:15:00,1,0.0,1.0,92994.58,92937.52,-57.05999999999767,-98.79000000000815
2026-01-05 03:30:00,1,0.0,1.0,92937.52,92878.22,-59.30000000000291,-158.09000000001106
2026-01-05 03:45:00,1,0.0,1.0,92878.22,92763.65,-114.57000000000698,-272.66000000001804
2026-01-05 04:00:00,1,0.0,1.0,92763.65,92478.51,-285.1399999999994,-557.8000000000175
2026-01-05 04:15:00,1,0.0,1.0,92478.51,92399.29,-79.22000000000116,-637.0200000000186
2026-01-05 04:30:00,1,1.0,1.0,92399.29,92595.07,195.7800000000134,-441.24000000000524
2026-01-05 04:45:00,0,1.0,1.0,92595.07,92647.29,-52.21999999998661,-493.45999999999185
2026-01-05 05:00:00,0,1.0,1.0,92647.29,92709.15,-61.86000000000058,-555.3199999999924
2026-01-05 05:15:00,0,0.0,1.0,92709.15,92554.6,154.54999999998836,-400.7700000000041
2026-01-05 05:30:00,0,0.0,1.0,92554.6,92359.99,194.61000000000058,-206.1600000000035
2026-01-05 05:45:00,1,1.0,1.0,92359.99,92436.24,76.25,-129.9100000000035
2026-01-05 06:00:00,0,0.0,1.0,92436.24,92279.88,156.36000000000058,26.44999999999709
2026-01-05 06:15:00,1,1.0,1.0,92279.88,92427.86,147.97999999999593,174.42999999999302
2026-01-05 06:30:00,0,1.0,1.0,92427.86,92491.81,-63.94999999999709,110.47999999999593
2026-01-05 06:45:00,0,1.0,1.0,92491.81,92625.46,-133.65000000000873,-23.170000000012806
2026-01-05 07:00:00,0,0.0,1.0,92625.46,92563.0,62.4600000000064,39.2899999999936
2026-01-05 07:15:00,0,0.0,0.0,92563.0,92547.4,15.60000000000582,54.88999999999942
2026-01-05 07:30:00,1,0.0,0.0,92547.4,92520.63,-26.769999999989523,28.120000000009895
2026-01-05 07:45:00,1,1.0,1.0,92520.63,92655.64,135.00999999999476,163.13000000000466
2026-01-05 08:00:00,0,1.0,1.0,92655.64,92700.0,-44.36000000000058,118.77000000000407
2026-01-05 08:15:00,0,0.0,1.0,92700.0,92485.13,214.86999999999534,333.6399999999994
2026-01-05 08:30:00,0,0.0,0.0,92485.13,92467.53,17.60000000000582,351.24000000000524
2026-01-05 08:45:00,1,0.0,1.0,92467.53,92429.8,-37.729999999995925,313.5100000000093
2026-01-05 09:00:00,1,1.0,1.0,92429.8,92630.3,200.5,514.0100000000093
2026-01-05 09:15:00,0,1.0,0.0,92630.3,92646.44,-16.139999999999418,497.8700000000099
2026-01-05 09:30:00,0,1.0,1.0,92646.44,92688.6,-42.16000000000349,455.7100000000064
2026-01-05 09:45:00,0,1.0,1.0,92688.6,92915.65,-227.04999999998836,228.66000000001804
2026-01-05 10:00:00,0,0.0,0.0,92915.65,92895.69,19.95999999999185,248.6200000000099
2026-01-05 10:15:00,0,0.0,1.0,92895.69,92853.18,42.51000000000931,291.1300000000192
2026-01-05 10:30:00,1,1.0,1.0,92853.18,93080.0,226.82000000000698,517.9500000000262
2026-01-05 10:45:00,0,0.0,1.0,93080.0,92892.47,187.52999999999884,705.480000000025
2026-01-05 11:00:00,0,1.0,1.0,92892.47,92971.99,-79.52000000000407,625.960000000021
2026-01-05 11:15:00,0,1.0,1.0,92971.99,93012.37,-40.379999999990105,585.5800000000309
2026-01-05 11:30:00,0,1.0,1.0,93012.37,93134.26,-121.88999999999942,463.69000000003143
2026-01-05 11:45:00,0,1.0,0.0,93134.26,93155.57,-21.310000000012224,442.3800000000192
2026-01-05 12:00:00,0,0.0,1.0,93155.57,92927.81,227.7600000000093,670.1400000000285
2026-01-05 12:15:00,0,0.0,1.0,92927.81,92816.91,110.89999999999418,781.0400000000227
2026-01-05 12:30:00,1,1.0,1.0,92816.91,92874.28,57.36999999999534,838.410000000018
2026-01-05 12:45:00,0,1.0,1.0,92874.28,92934.81,-60.529999999998836,777.8800000000192
2026-01-05 13:00:00,0,0.0,1.0,92934.81,92784.52,150.2899999999936,928.1700000000128
2026-01-05 13:15:00,0,0.0,1.0,92784.52,92607.44,177.08000000000175,1105.2500000000146
2026-01-05 13:30:00,1,1.0,1.0,92607.44,92742.74,135.3000000000029,1240.5500000000175
2026-01-05 13:45:00,0,1.0,0.0,92742.74,92750.0,-7.259999999994761,1233.2900000000227
2026-01-05 14:00:00,0,1.0,0.0,92750.0,92766.9,-16.89999999999418,1216.3900000000285
2026-01-05 14:15:00,0,1.0,1.0,92766.9,93283.28,-516.3800000000047,700.0100000000239
2026-01-05 14:30:00,0,1.0,1.0,93283.28,93428.0,-144.72000000000116,555.2900000000227
2026-01-05 14:45:00,0,1.0,0.0,93428.0,93438.47,-10.470000000001164,544.8200000000215
2026-01-05 15:00:00,0,0.0,1.0,93438.47,93394.3,44.169999999998254,588.9900000000198
2026-01-05 15:15:00,0,1.0,1.0,93394.3,93857.89,-463.5899999999965,125.40000000002328
2026-01-05 15:30:00,0,1.0,1.0,93857.89,93957.73,-99.83999999999651,25.560000000026776
2026-01-05 15:45:00,0,0.0,0.0,93957.73,93927.14,30.589999999996508,56.15000000002328
2026-01-05 16:00:00,0,0.0,1.0,93927.14,93837.93,89.2100000000064,145.3600000000297
2026-01-05 16:15:00,1,0.0,1.0,93837.93,93725.5,-112.42999999999302,32.93000000003667
2026-01-05 16:30:00,1,0.0,0.0,93725.5,93701.31,-24.19000000000233,8.740000000034343
2026-01-05 16:45:00,1,0.0,0.0,93701.31,93673.86,-27.44999999999709,-18.709999999962747
2026-01-05 17:00:00,1,0.0,1.0,93673.86,93446.54,-227.32000000000698,-246.02999999996973
2026-01-05 17:15:00,1,1.0,1.0,93446.54,93794.67,348.13000000000466,102.10000000003492
2026-01-05 17:30:00,0,1.0,1.0,93794.67,94317.84,-523.1699999999983,-421.06999999996333
2026-01-05 17:45:00,0,0.0,1.0,94317.84,94216.0,101.83999999999651,-319.2299999999668
2026-01-05 18:00:00,0,0.0,1.0,94216.0,94035.87,180.13000000000466,-139.09999999996217
2026-01-05 18:15:00,1,0.0,0.0,94035.87,94009.96,-25.90999999998894,-165.0099999999511
2026-01-05 18:30:00,1,1.0,1.0,94009.96,94449.62,439.65999999998894,274.65000000003783
2026-01-05 18:45:00,0,0.0,1.0,94449.62,94325.97,123.64999999999418,398.300000000032
2026-01-05 19:00:00,0,1.0,1.0,94325.97,94418.58,-92.61000000000058,305.69000000003143
2026-01-05 19:15:00,0,0.0,1.0,94418.58,94270.0,148.58000000000175,454.2700000000332
2026-01-05 19:30:00,0,1.0,0.0,94270.0,94303.4,-33.39999999999418,420.870000000039
2026-01-05 19:45:00,0,1.0,1.0,94303.4,94415.81,-112.41000000000349,308.4600000000355
2026-01-05 20:00:00,0,1.0,1.0,94415.81,94744.43,-328.61999999999534,-20.159999999959837
2026-01-05 20:15:00,0,0.0,1.0,94744.43,94184.06,560.3699999999953,540.2100000000355
2026-01-05 20:30:00,0,0.0,0.0,94184.06,94177.99,6.069999999992433,546.2800000000279
2026-01-05 20:45:00,0,0.0,1.0,94177.99,93992.78,185.2100000000064,731.4900000000343
2026-01-05 21:00:00,1,0.0,1.0,93992.78,93839.1,-153.67999999999302,577.8100000000413
2026-01-05 21:15:00,1,1.0,1.0,93839.1,94082.24,243.13999999999942,820.9500000000407
2026-01-05 21:30:00,0,1.0,0.0,94082.24,94095.78,-13.539999999993597,807.4100000000471
2026-01-05 21:45:00,0,1.0,1.0,94095.78,94181.99,-86.2100000000064,721.2000000000407
2026-01-05 22:00:00,0,1.0,1.0,94181.99,94252.65,-70.65999999998894,650.5400000000518
2026-01-05 22:15:00,0,1.0,0.0,94252.65,94273.23,-20.580000000001746,629.9600000000501
2026-01-05 22:30:00,0,0.0,1.0,94273.23,94171.22,102.00999999999476,731.9700000000448
2026-01-05 22:45:00,0,0.0,1.0,94171.22,94049.83,121.38999999999942,853.3600000000442
2026-01-05 23:00:00,1,0.0,1.0,94049.83,93996.97,-52.86000000000058,800.5000000000437
2026-01-05 23:15:00,1,0.0,1.0,93996.97,93919.72,-77.25,723.2500000000437
2026-01-05 23:30:00,1,0.0,1.0,93919.72,93859.71,-60.00999999999476,663.2400000000489
2026-01-05 23:45:00,1,0.0,1.0,93859.71,93725.93,-133.7800000000134,529.4600000000355
2026-01-06 00:00:00,1,1.0,1.0,93725.93,93807.71,81.78000000001339,611.2400000000489
2026-01-06 00:15:00,0,0.0,1.0,93807.71,93650.64,157.07000000000698,768.3100000000559
2026-01-06 00:30:00,1,1.0,1.0,93650.64,93816.7,166.05999999999767,934.3700000000536
2026-01-06 00:45:00,0,1.0,1.0,93816.7,93917.31,-100.61000000000058,833.760000000053
2026-01-06 01:00:00,0,1.0,1.0,93917.31,94116.72,-199.4100000000035,634.3500000000495
2026-01-06 01:15:00,0,0.0,1.0,94116.72,93832.0,284.72000000000116,919.0700000000506
2026-01-06 01:30:00,0,0.0,1.0,93832.0,93771.82,60.179999999993015,979.2500000000437
2026-01-06 01:45:00,1,0.0,0.0,93771.82,93752.13,-19.69000000000233,959.5600000000413
2026-01-06 02:00:00,1,0.0,1.0,93752.13,93699.07,-53.05999999999767,906.5000000000437
2026-01-06 02:15:00,1,0.0,1.0,93699.07,93619.43,-79.64000000001397,826.8600000000297
2026-01-06 02:30:00,1,1.0,0.0,93619.43,93620.6,1.1700000000128057,828.0300000000425
2026-01-06 02:45:00,1,1.0,1.0,93620.6,93757.12,136.51999999998952,964.550000000032
2026-01-06 03:00:00,0,1.0,1.0,93757.12,93794.67,-37.55000000000291,927.0000000000291
2026-01-06 03:15:00,0,0.0,0.0,93794.67,93776.55,18.119999999995343,945.1200000000244
2026-01-06 03:30:00,0,0.0,0.0,93776.55,93769.24,7.309999999997672,952.4300000000221
2026-01-06 03:45:00,1,1.0,1.0,93769.24,93962.98,193.7399999999907,1146.1700000000128
2026-01-06 04:00:00,0,0.0,1.0,93962.98,93866.0,96.97999999999593,1243.1500000000087
2026-01-06 04:15:00,1,0.0,1.0,93866.0,93823.46,-42.5399999999936,1200.6100000000151
2026-01-06 04:30:00,1,0.0,0.0,93823.46,93801.07,-22.389999999999418,1178.2200000000157
2026-01-06 04:45:00,1,0.0,1.0,93801.07,93738.57,-62.5,1115.7200000000157
2026-01-06 05:00:00,1,0.0,0.0,93738.57,93707.81,-30.760000000009313,1084.9600000000064
2026-01-06 05:15:00,1,0.0,1.0,93707.81,93618.6,-89.20999999999185,995.7500000000146
2026-01-06 05:30:00,1,0.0,0.0,93618.6,93599.99,-18.610000000000582,977.140000000014
2026-01-06 05:45:00,1,1.0,1.0,93599.99,93756.86,156.86999999999534,1134.0100000000093
2026-01-06 06:00:00,0,0.0,0.0,93756.86,93756.86,0.0,1134.0100000000093
2026-01-06 06:15:00,1,1.0,1.0,93756.86,93918.84,161.97999999999593,1295.9900000000052
2026-01-06 06:30:00,0,0.0,1.0,93918.84,93780.01,138.83000000000175,1434.820000000007
2026-01-06 06:45:00,1,0.0,1.0,93780.01,93551.66,-228.34999999999127,1206.4700000000157
2026-01-06 07:00:00,1,0.0,1.0,93551.66,93398.38,-153.27999999999884,1053.1900000000169
2026-01-06 07:15:00,1,0.0,1.0,93398.38,93276.99,-121.38999999999942,931.8000000000175
2026-01-06 07:30:00,1,0.0,0.0,93276.99,93255.08,-21.910000000003492,909.890000000014
2026-01-06 07:45:00,1,1.0,1.0,93255.08,93380.0,124.91999999999825,1034.8100000000122
2026-01-06 08:00:00,0,0.0,1.0,93380.0,93331.98,48.020000000004075,1082.8300000000163
2026-01-06 08:15:00,1,0.0,1.0,93331.98,93237.79,-94.19000000000233,988.640000000014
2026-01-06 08:30:00,1,1.0,0.0,93237.79,93240.17,2.3800000000046566,991.0200000000186
2026-01-06 08:45:00,1,1.0,1.0,93240.17,93358.43,118.25999999999476,1109.2800000000134
2026-01-06 09:00:00,0,1.0,1.0,93358.43,93470.01,-111.58000000000175,997.7000000000116
2026-01-06 09:15:00,0,0.0,0.0,93470.01,93458.0,12.009999999994761,1009.7100000000064
2026-01-06 09:30:00,0,1.0,0.0,93458.0,93462.72,-4.720000000001164,1004.9900000000052
2026-01-06 09:45:00,0,1.0,1.0,93462.72,93589.45,-126.72999999999593,878.2600000000093
2026-01-06 10:00:00,0,1.0,0.0,93589.45,93595.81,-6.360000000000582,871.9000000000087
2026-01-06 10:15:00,0,0.0,0.0,93595.81,93580.06,15.75,887.6500000000087
2026-01-06 10:30:00,0,0.0,0.0,93580.06,93579.56,0.5,888.1500000000087
2026-01-06 10:45:00,0,1.0,1.0,93579.56,93787.55,-207.99000000000524,680.1600000000035
2026-01-06 11:00:00,0,1.0,1.0,93787.55,93833.57,-46.020000000004075,634.1399999999994
2026-01-06 11:15:00,0,0.0,0.0,93833.57,93804.3,29.270000000004075,663.4100000000035
2026-01-06 11:30:00,0,1.0,0.0,93804.3,93840.0,-35.69999999999709,627.7100000000064
2026-01-06 11:45:00,0,1.0,1.0,93840.0,93899.11,-59.11000000000058,568.6000000000058
2026-01-06 12:00:00,0,0.0,0.0,93899.11,93865.69,33.419999999998254,602.0200000000041
2026-01-06 12:15:00,0,0.0,1.0,93865.69,93821.62,44.070000000006985,646.0900000000111
2026-01-06 12:30:00,1,1.0,1.0,93821.62,93872.16,50.54000000000815,696.6300000000192
2026-01-06 12:45:00,0,0.0,1.0,93872.16,93830.29,41.870000000009895,738.5000000000291
2026-01-06 13:00:00,0,0.0,1.0,93830.29,93729.88,100.40999999998894,838.910000000018
2026-01-06 13:15:00,1,0.0,0.0,93729.88,93696.85,-33.029999999998836,805.8800000000192
2026-01-06 13:30:00,1,1.0,0.0,93696.85,93716.53,19.679999999993015,825.5600000000122
2026-01-06 13:45:00,0,1.0,1.0,93716.53,94092.62,-376.0899999999965,449.4700000000157
2026-01-06 14:00:00,0,1.0,1.0,94092.62,94319.85,-227.23000000001048,222.24000000000524
2026-01-06 14:15:00,0,0.0,1.0,94319.85,94087.1,232.75,454.99000000000524
2026-01-06 14:30:00,0,0.0,1.0,94087.1,93836.81,250.29000000000815,705.2800000000134
2026-01-06 14:45:00,1,0.0,1.0,93836.81,93756.0,-80.80999999999767,624.4700000000157
2026-01-06 15:00:00,1,1.0,1.0,93756.0,94130.53,374.52999999999884,999.0000000000146
2026-01-06 15:15:00,0,0.0,1.0,94130.53,93497.95,632.5800000000017,1631.5800000000163
2026-01-06 15:30:00,1,1.0,1.0,93497.95,93648.99,151.04000000000815,1782.6200000000244
2026-01-06 15:45:00,0,0.0,1.0,93648.99,93481.3,167.69000000000233,1950.3100000000268
2026-01-06 16:00:00,0,0.0,1.0,93481.3,92850.61,630.6900000000023,2581.000000000029
2026-01-06 16:15:00,1,0.0,1.0,92850.61,92554.53,-296.08000000000175,2284.9200000000274
2026-01-06 16:30:00,1,1.0,1.0,92554.53,92692.32,137.79000000000815,2422.7100000000355
2026-01-06 16:45:00,0,0.0,1.0,92692.32,92616.55,75.77000000000407,2498.4800000000396
2026-01-06 17:00:00,1,0.0,1.0,92616.55,92517.14,-99.41000000000349,2399.070000000036
2026-01-06 17:15:00,1,0.0,1.0,92517.14,92236.06,-281.08000000000175,2117.9900000000343
2026-01-06 17:30:00,1,0.0,1.0,92236.06,91589.24,-646.8199999999924,1471.170000000042
2026-01-06 17:45:00,1,1.0,1.0,91589.24,91827.1,237.86000000000058,1709.0300000000425
2026-01-06 18:00:00,0,1.0,1.0,91827.1,92003.86,-176.75999999999476,1532.2700000000477
2026-01-06 18:15:00,0,0.0,1.0,92003.86,91939.81,64.05000000000291,1596.3200000000506
2026-01-06 18:30:00,0,1.0,1.0,91939.81,92034.09,-94.27999999999884,1502.0400000000518
2026-01-06 18:45:00,0,1.0,1.0,92034.09,92216.9,-182.80999999999767,1319.2300000000541
2026-01-06 19:00:00,0,1.0,0.0,92216.9,92246.89,-29.99000000000524,1289.240000000049
2026-01-06 19:15:00,0,0.0,1.0,92246.89,92113.59,133.3000000000029,1422.5400000000518
2026-01-06 19:30:00,0,0.0,0.0,92113.59,92104.5,9.089999999996508,1431.6300000000483
2026-01-06 19:45:00,1,1.0,1.0,92104.5,92424.97,320.47000000000116,1752.1000000000495
2026-01-06 20:00:00,0,1.0,1.0,92424.97,92500.0,-75.02999999999884,1677.0700000000506
2026-01-06 20:15:00,0,1.0,1.0,92500.0,92632.58,-132.58000000000175,1544.490000000049
2026-01-06 20:30:00,0,0.0,1.0,92632.58,92505.32,127.25999999999476,1671.7500000000437
2026-01-06 20:45:00,0,1.0,1.0,92505.32,92896.54,-391.2199999999866,1280.530000000057
2026-01-06 21:00:00,0,1.0,1.0,92896.54,93520.42,-623.8800000000047,656.6500000000524
2026-01-06 21:15:00,0,1.0,1.0,93520.42,93620.97,-100.55000000000291,556.1000000000495
2026-01-06 21:30:00,0,0.0,1.0,93620.97,93258.05,362.91999999999825,919.0200000000477
2026-01-06 21:45:00,0,0.0,1.0,93258.05,93108.68,149.3700000000099,1068.3900000000576
2026-01-06 22:00:00,0,1.0,1.0,93108.68,93171.13,-62.45000000001164,1005.940000000046
2026-01-06 22:15:00,0,0.0,1.0,93171.13,93048.46,122.66999999999825,1128.6100000000442
2026-01-06 22:30:00,0,1.0,1.0,93048.46,93362.68,-314.2199999999866,814.3900000000576
2026-01-06 22:45:00,0,1.0,1.0,93362.68,93479.51,-116.83000000000175,697.5600000000559
2026-01-06 23:00:00,0,1.0,1.0,93479.51,93528.43,-48.919999999998254,648.6400000000576
2026-01-06 23:15:00,0,1.0,0.0,93528.43,93548.1,-19.670000000012806,628.9700000000448
2026-01-06 23:30:00,0,1.0,1.0,93548.1,93747.97,-199.86999999999534,429.1000000000495
2026-01-06 23:45:00,0,0.0,1.0,93747.97,93564.09,183.88000000000466,612.9800000000541
2026-01-07 00:00:00,0,0.0,1.0,93564.09,93350.03,214.05999999999767,827.0400000000518
2026-01-07 00:15:00,0,0.0,1.0,93350.03,93187.76,162.27000000000407,989.3100000000559
2026-01-07 00:30:00,1,0.0,1.0,93187.76,92709.52,-478.2399999999907,511.0700000000652
2026-01-07 00:45:00,1,1.0,1.0,92709.52,92794.77,85.25,596.3200000000652
2026-01-07 01:00:00,0,0.0,1.0,92794.77,92543.27,251.5,847.8200000000652
2026-01-07 01:15:00,0,0.0,1.0,92543.27,92433.01,110.26000000000931,958.0800000000745
2026-01-07 01:30:00,1,1.0,0.0,92433.01,92435.35,2.3400000000110595,960.4200000000856
2026-01-07 01:45:00,0,1.0,1.0,92435.35,92658.38,-223.02999999999884,737.3900000000867
2026-01-07 02:00:00,0,1.0,0.0,92658.38,92693.07,-34.69000000000233,702.7000000000844
2026-01-07 02:15:00,0,1.0,1.0,92693.07,92925.06,-231.9899999999907,470.7100000000937
2026-01-07 02:30:00,0,1.0,0.0,92925.06,92949.77,-24.710000000006403,446.0000000000873
2026-01-07 02:45:00,0,1.0,0.0,92949.77,92962.01,-12.239999999990687,433.7600000000966
2026-01-07 03:00:00,0,1.0,0.0,92962.01,93002.08,-40.070000000006985,393.69000000008964
2026-01-07 03:15:00,0,0.0,1.0,93002.08,92858.25,143.83000000000175,537.5200000000914
2026-01-07 03:30:00,0,0.0,0.0,92858.25,92815.83,42.419999999998254,579.9400000000896
2026-01-07 03:45:00,1,0.0,0.0,92815.83,92794.88,-20.94999999999709,558.9900000000926
2026-01-07 04:00:00,1,0.0,0.0,92794.88,92782.33,-12.55000000000291,546.4400000000896
2026-01-07 04:15:00,1,0.0,0.0,92782.33,92770.0,-12.330000000001746,534.1100000000879
2026-01-07 04:30:00,1,0.0,1.0,92770.0,92670.29,-99.7100000000064,434.4000000000815
2026-01-07 04:45:00,1,1.0,1.0,92670.29,92748.82,78.53000000001339,512.9300000000949
2026-01-07 05:00:00,0,0.0,0.0,92748.82,92718.51,30.310000000012224,543.2400000001071
2026-01-07 05:15:00,1,1.0,0.0,92718.51,92750.0,31.49000000000524,574.7300000001123
2026-01-07 05:30:00,0,0.0,1.0,92750.0,92529.54,220.4600000000064,795.1900000001187
2026-01-07 05:45:00,1,1.0,1.0,92529.54,92670.21,140.6700000000128,935.8600000001315
2026-01-07 06:00:00,0,1.0,1.0,92670.21,92836.99,-166.77999999999884,769.0800000001327
2026-01-07 06:15:00,0,0.0,1.0,92836.99,92669.84,167.15000000000873,936.2300000001414
2026-01-07 06:30:00,0,0.0,1.0,92669.84,92614.84,55.0,991.2300000001414
2026-01-07 06:45:00,1,1.0,1.0,92614.84,92760.16,145.32000000000698,1136.5500000001484
2026-01-07 07:00:00,0,1.0,1.0,92760.16,92811.38,-51.220000000001164,1085.3300000001473
2026-01-07 07:15:00,0,1.0,0.0,92811.38,92832.09,-20.70999999999185,1064.6200000001554
2026-01-07 07:30:00,0,1.0,1.0,92832.09,92879.13,-47.04000000000815,1017.5800000001473
2026-01-07 07:45:00,0,1.0,1.0,92879.13,92933.42,-54.2899999999936,963.2900000001537
2026-01-07 08:00:00,0,0.0,1.0,92933.42,92860.05,73.36999999999534,1036.660000000149
2026-01-07 08:15:00,0,0.0,1.0,92860.05,92768.6,91.44999999999709,1128.110000000146
2026-01-07 08:30:00,1,0.0,1.0,92768.6,92718.9,-49.70000000001164,1078.4100000001345
2026-01-07 08:45:00,1,0.0,1.0,92718.9,92286.81,-432.0899999999965,646.320000000138
2026-01-07 09:00:00,1,0.0,1.0,92286.81,91956.96,-329.84999999999127,316.4700000001467
2026-01-07 09:15:00,1,0.0,1.0,91956.96,91745.22,-211.74000000000524,104.73000000014144
2026-01-07 09:30:00,1,0.0,0.0,91745.22,91716.14,-29.080000000001746,75.6500000001397
2026-01-07 09:45:00,1,1.0,1.0,91716.14,91837.79,121.64999999999418,197.30000000013388
2026-01-07 10:00:00,1,0.0,1.0,91837.79,91785.55,-52.23999999999069,145.0600000001432
2026-01-07 10:15:00,1,1.0,1.0,91785.55,91874.01,88.45999999999185,233.52000000013504
2026-01-07 10:30:00,0,1.0,1.0,91874.01,91975.31,-101.30000000000291,132.22000000013213
2026-01-07 10:45:00,0,1.0,1.0,91975.31,92121.26,-145.9499999999971,-13.729999999864958
2026-01-07 11:00:00,0,1.0,1.0,92121.26,92168.39,-47.13000000000466,-60.859999999869615
2026-01-07 11:15:00,0,1.0,0.0,92168.39,92194.69,-26.30000000000291,-87.15999999987253
2026-01-07 11:30:00,0,0.0,1.0,92194.69,92087.21,107.47999999999593,20.3200000001234
2026-01-07 11:45:00,0,0.0,0.0,92087.21,92050.0,37.2100000000064,57.5300000001298
2026-01-07 12:00:00,1,1.0,0.0,92050.0,92068.0,18.0,75.5300000001298
2026-01-07 12:15:00,0,0.0,1.0,92068.0,92016.17,51.830000000001746,127.36000000013155
2026-01-07 12:30:00,1,0.0,0.0,92016.17,91997.86,-18.30999999999767,109.05000000013388
2026-01-07 12:45:00,1,0.0,1.0,91997.86,91898.72,-99.13999999999942,9.91000000013446
2026-01-07 13:00:00,1,1.0,1.0,91898.72,92228.11,329.3899999999994,339.3000000001339
2026-01-07 13:15:00,0,0.0,1.0,92228.11,92152.21,75.89999999999418,415.20000000012806
2026-01-07 13:30:00,0,0.0,1.0,92152.21,92044.67,107.54000000000815,522.7400000001362
2026-01-07 13:45:00,1,0.0,1.0,92044.67,91701.85,-342.81999999999243,179.92000000014377
2026-01-07 14:00:00,1,0.0,1.0,91701.85,91552.1,-149.75,30.170000000143773
2026-01-07 14:15:00,1,1.0,1.0,91552.1,91842.39,290.2899999999936,320.46000000013737
2026-01-07 14:30:00,0,1.0,1.0,91842.39,91959.04,-116.64999999999418,203.8100000001432
2026-01-07 14:45:00,0,0.0,1.0,91959.04,91671.29,287.75,491.5600000001432
2026-01-07 15:00:00,1,0.0,1.0,91671.29,91278.98,-392.3099999999977,99.25000000014552
2026-01-07 15:15:00,1,1.0,1.0,91278.98,91367.1,88.1200000000099,187.37000000015541
2026-01-07 15:30:00,1,0.0,0.0,91367.1,91349.96,-17.139999999999418,170.230000000156
2026-01-07 15:45:00,1,1.0,1.0,91349.96,91596.14,246.17999999999302,416.410000000149
2026-01-07 16:00:00,1,1.0,0.0,91596.14,91600.16,4.0200000000040745,420.4300000001531
2026-01-07 16:15:00,1,0.0,1.0,91600.16,91460.23,-139.93000000000757,280.5000000001455
2026-01-07 16:30:00,1,0.0,1.0,91460.23,91264.54,-195.69000000000233,84.81000000014319
2026-01-07 16:45:00,1,0.0,0.0,91264.54,91264.32,-0.21999999998661224,84.59000000015658
2026-01-07 17:00:00,1,1.0,1.0,91264.32,91606.43,342.10999999998603,426.7000000001426
2026-01-07 17:15:00,0,0.0,0.0,91606.43,91604.2,2.2299999999959255,428.93000000013853
2026-01-07 17:30:00,1,0.0,1.0,91604.2,91252.14,-352.0599999999977,76.87000000014086
2026-01-07 17:45:00,1,1.0,0.0,91252.14,91267.4,15.259999999994761,92.13000000013562
2026-01-07 18:00:00,1,1.0,0.0,91267.4,91289.87,22.470000000001164,114.60000000013679
2026-01-07 18:15:00,1,0.0,1.0,91289.87,91159.99,-129.8799999999901,-15.279999999853317
2026-01-07 18:30:00,1,0.0,1.0,91159.99,90901.39,-258.6000000000058,-273.87999999985914
2026-01-07 18:45:00,1,0.0,1.0,90901.39,90787.34,-114.05000000000291,-387.92999999986205
2026-01-07 19:00:00,1,1.0,1.0,90787.34,90909.0,121.66000000000349,-266.26999999985856
2026-01-07 19:15:00,1,1.0,1.0,90909.0,91095.77,186.77000000000407,-79.49999999985448
2026-01-07 19:30:00,1,1.0,1.0,91095.77,91186.07,90.30000000000291,10.80000000014843
2026-01-07 19:45:00,0,0.0,1.0,91186.07,90999.11,186.9600000000064,197.76000000015483
2026-01-07 20:00:00,1,0.0,1.0,90999.11,90901.08,-98.02999999999884,99.730000000156
2026-01-07 20:15:00,1,1.0,1.0,90901.08,91028.49,127.41000000000349,227.1400000001595
2026-01-07 20:30:00,1,1.0,0.0,91028.49,91047.49,19.0,246.1400000001595
2026-01-07 20:45:00,1,1.0,1.0,91047.49,91177.2,129.70999999999185,375.85000000015134
2026-01-07 21:00:00,0,1.0,0.0,91177.2,91179.48,-2.279999999998836,373.5700000001525
2026-01-07 21:15:00,0,0.0,1.0,91179.48,91118.19,61.2899999999936,434.8600000001461
2026-01-07 21:30:00,1,0.0,0.0,91118.19,91089.5,-28.69000000000233,406.1700000001438
2026-01-07 21:45:00,1,0.0,1.0,91089.5,90982.37,-107.13000000000466,299.0400000001391
2026-01-07 22:00:00,1,1.0,1.0,90982.37,91076.16,93.79000000000815,392.83000000014727
2026-01-07 22:15:00,1,0.0,0.0,91076.16,91060.43,-15.730000000010477,377.1000000001368
2026-01-07 22:30:00,1,1.0,1.0,91060.43,91180.85,120.4200000000128,497.5200000001496
2026-01-07 22:45:00,0,1.0,0.0,91180.85,91224.0,-43.14999999999418,454.3700000001554
2026-01-07 23:00:00,0,1.0,1.0,91224.0,91309.45,-85.44999999999709,368.9200000001583
2026-01-07 23:15:00,0,0.0,1.0,91309.45,91223.57,85.8799999999901,454.80000000014843
2026-01-07 23:30:00,1,1.0,1.0,91223.57,91364.16,140.5899999999965,595.3900000001449
2026-01-07 23:45:00,0,0.0,1.0,91364.16,91219.19,144.97000000000116,740.3600000001461
2026-01-08 00:00:00,1,0.0,1.0,91219.19,91111.99,-107.19999999999709,633.160000000149
2026-01-08 00:15:00,1,1.0,1.0,91111.99,91231.9,119.90999999998894,753.070000000138
2026-01-08 00:30:00,0,1.0,1.0,91231.9,91394.71,-162.81000000001222,590.2600000001257
2026-01-08 00:45:00,0,1.0,0.0,91394.71,91429.1,-34.38999999999942,555.8700000001263
2026-01-08 01:00:00,0,1.0,1.0,91429.1,91518.0,-88.89999999999418,466.97000000013213
2026-01-08 01:15:00,0,0.0,1.0,91518.0,91362.4,155.60000000000582,622.570000000138
2026-01-08 01:30:00,1,1.0,1.0,91362.4,91428.4,66.0,688.570000000138
2026-01-08 01:45:00,0,0.0,0.0,91428.4,91425.68,2.720000000001164,691.2900000001391
2026-01-08 02:00:00,1,0.0,1.0,91425.68,91222.24,-203.43999999998778,487.85000000015134
2026-01-08 02:15:00,1,0.0,1.0,91222.24,90893.62,-328.6200000000099,159.23000000014144
2026-01-08 02:30:00,1,1.0,1.0,90893.62,90956.49,62.870000000009895,222.10000000015134
2026-01-08 02:45:00,1,1.0,1.0,90956.49,91072.33,115.83999999999651,337.94000000014785
2026-01-08 03:00:00,1,0.0,1.0,91072.33,90949.88,-122.44999999999709,215.49000000015076
2026-01-08 03:15:00,1,0.0,1.0,90949.88,90808.86,-141.02000000000407,74.47000000014668
2026-01-08 03:30:00,1,1.0,0.0,90808.86,90813.4,4.539999999993597,79.01000000014028
2026-01-08 03:45:00,1,0.0,0.0,90813.4,90812.99,-0.40999999998894054,78.60000000015134
2026-01-08 04:00:00,1,1.0,1.0,90812.99,91096.85,283.8600000000006,362.4600000001519
2026-01-08 04:15:00,1,0.0,1.0,91096.85,91051.46,-45.38999999999942,317.0700000001525
2026-01-08 04:30:00,1,0.0,0.0,91051.46,91022.75,-28.710000000006403,288.3600000001461
2026-01-08 04:45:00,1,1.0,1.0,91022.75,91090.04,67.2899999999936,355.6500000001397
2026-01-08 05:00:00,1,0.0,1.0,91090.04,91008.7,-81.33999999999651,274.3100000001432
2026-01-08 05:15:00,1,0.0,1.0,91008.7,90894.56,-114.13999999999942,160.17000000014377
2026-01-08 05:30:00,1,0.0,1.0,90894.56,90829.58,-64.97999999999593,95.19000000014785
2026-01-08 05:45:00,1,0.0,1.0,90829.58,90516.54,-313.04000000000815,-217.8499999998603
2026-01-08 06:00:00,1,0.0,1.0,90516.54,90276.86,-239.67999999999302,-457.5299999998533
2026-01-08 06:15:00,1,1.0,1.0,90276.86,90376.95,100.08999999999651,-357.4399999998568
2026-01-08 06:30:00,1,0.0,1.0,90376.95,89898.01,-478.9400000000023,-836.3799999998591
2026-01-08 06:45:00,1,1.0,1.0,89898.01,90047.88,149.8700000000099,-686.5099999998492
2026-01-08 07:00:00,1,1.0,1.0,90047.88,90266.66,218.77999999999884,-467.7299999998504
2026-01-08 07:15:00,1,1.0,1.0,90266.66,90456.51,189.84999999999127,-277.87999999985914
2026-01-08 07:30:00,0,1.0,1.0,90456.51,90548.02,-91.51000000000931,-369.38999999986845
2026-01-08 07:45:00,0,1.0,1.0,90548.02,90627.29,-79.26999999998952,-448.659999999858
2026-01-08 08:00:00,0,1.0,1.0,90627.29,90708.26,-80.97000000000116,-529.6299999998591
2026-01-08 08:15:00,0,0.0,1.0,90708.26,90431.61,276.6499999999942,-252.97999999986496
2026-01-08 08:30:00,1,0.0,1.0,90431.61,90227.25,-204.36000000000058,-457.33999999986554
2026-01-08 08:45:00,1,1.0,1.0,90227.25,90327.61,100.36000000000058,-356.97999999986496
2026-01-08 09:00:00,1,0.0,1.0,90327.61,90027.02,-300.5899999999965,-657.5699999998615
2026-01-08 09:15:00,1,1.0,0.0,90027.02,90066.89,39.86999999999534,-617.6999999998661
2026-01-08 09:30:00,1,0.0,1.0,90066.89,90010.0,-56.88999999999942,-674.5899999998655
2026-01-08 09:45:00,1,0.0,1.0,90010.0,89937.01,-72.99000000000524,-747.5799999998708
2026-01-08 10:00:00,1,1.0,1.0,89937.01,90200.9,263.8899999999994,-483.68999999987136
2026-01-08 10:15:00,0,0.0,0.0,90200.9,90167.69,33.20999999999185,-450.4799999998795
2026-01-08 10:30:00,1,1.0,1.0,90167.69,90410.1,242.4100000000035,-208.06999999987602
2026-01-08 10:45:00,0,0.0,1.0,90410.1,90280.93,129.1700000000128,-78.89999999986321
2026-01-08 11:00:00,1,0.0,1.0,90280.93,90218.61,-62.31999999999243,-141.21999999985565
2026-01-08 11:15:00,1,0.0,1.0,90218.61,90084.07,-134.5399999999936,-275.75999999984924
2026-01-08 11:30:00,1,1.0,1.0,90084.07,90226.77,142.6999999999971,-133.05999999985215
2026-01-08 11:45:00,1,0.0,1.0,90226.77,89884.59,-342.18000000000757,-475.2399999998597
2026-01-08 12:00:00,1,1.0,1.0,89884.59,89953.03,68.44000000000233,-406.7999999998574
2026-01-08 12:15:00,1,1.0,1.0,89953.03,90002.2,49.169999999998254,-357.62999999985914
2026-01-08 12:30:00,1,0.0,0.0,90002.2,89989.21,-12.989999999990687,-370.6199999998498
2026-01-08 12:45:00,1,0.0,0.0,89989.21,89973.71,-15.5,-386.1199999998498
2026-01-08 13:00:00,1,1.0,1.0,89973.71,90067.75,94.0399999999936,-292.0799999998562
2026-01-08 13:15:00,1,0.0,1.0,90067.75,90021.29,-46.4600000000064,-338.53999999986263
2026-01-08 13:30:00,1,0.0,1.0,90021.29,89962.14,-59.14999999999418,-397.6899999998568
2026-01-08 13:45:00,1,0.0,1.0,89962.14,89853.88,-108.25999999999476,-505.94999999985157
2026-01-08 14:00:00,1,0.0,1.0,89853.88,89643.89,-209.99000000000524,-715.9399999998568
2026-01-08 14:15:00,1,0.0,1.0,89643.89,89429.49,-214.39999999999418,-930.339999999851
2026-01-08 14:30:00,1,1.0,1.0,89429.49,90024.01,594.5199999999895,-335.81999999986147
2026-01-08 14:45:00,0,1.0,1.0,90024.01,90328.77,-304.7600000000093,-640.5799999998708
2026-01-08 15:00:00,0,1.0,1.0,90328.77,90584.67,-255.89999999999418,-896.479999999865
2026-01-08 15:15:00,0,0.0,1.0,90584.67,90460.73,123.94000000000233,-772.5399999998626
2026-01-08 15:30:00,1,1.0,1.0,90460.73,90781.57,320.84000000001106,-451.69999999985157
2026-01-08 15:45:00,0,0.0,1.0,90781.57,90700.48,81.09000000001106,-370.6099999998405
2026-01-08 16:00:00,1,0.0,0.0,90700.48,90667.67,-32.80999999999767,-403.4199999998382
2026-01-08 16:15:00,1,1.0,0.0,90667.67,90712.08,44.41000000000349,-359.0099999998347
2026-01-08 16:30:00,1,1.0,1.0,90712.08,90926.84,214.75999999999476,-144.24999999983993
2026-01-08 16:45:00,0,1.0,1.0,90926.84,91114.23,-187.38999999999942,-331.63999999983935
2026-01-08 17:00:00,0,0.0,1.0,91114.23,90865.59,248.63999999999942,-82.99999999983993
2026-01-08 17:15:00,1,1.0,1.0,90865.59,91206.0,340.4100000000035,257.41000000016356
2026-01-08 17:30:00,0,1.0,1.0,91206.0,91366.39,-160.38999999999942,97.02000000016415
2026-01-08 17:45:00,0,0.0,1.0,91366.39,91172.64,193.75,290.77000000016415
2026-01-08 18:00:00,1,1.0,1.0,91172.64,91257.36,84.72000000000116,375.4900000001653
2026-01-08 18:15:00,0,0.0,1.0,91257.36,91010.0,247.36000000000058,622.8500000001659
2026-01-08 18:30:00,1,1.0,1.0,91010.0,91117.35,107.35000000000582,730.2000000001717
2026-01-08 18:45:00,0,1.0,1.0,91117.35,91231.9,-114.54999999998836,615.6500000001834
2026-01-08 19:00:00,0,0.0,1.0,91231.9,91090.81,141.0899999999965,756.7400000001799
2026-01-08 19:15:00,1,1.0,1.0,91090.81,91172.0,81.19000000000233,837.9300000001822
2026-01-08 19:30:00,0,0.0,1.0,91172.0,90937.41,234.5899999999965,1072.5200000001787
2026-01-08 19:45:00,1,0.0,1.0,90937.41,90691.7,-245.7100000000064,826.8100000001723
2026-01-08 20:00:00,1,0.0,1.0,90691.7,90593.25,-98.44999999999709,728.3600000001752
2026-01-08 20:15:00,1,1.0,1.0,90593.25,90793.9,200.64999999999418,929.0100000001694
2026-01-08 20:30:00,1,1.0,1.0,90793.9,90927.62,133.72000000000116,1062.7300000001705
2026-01-08 20:45:00,0,1.0,1.0,90927.62,91133.26,-205.63999999999942,857.0900000001711
2026-01-08 21:00:00,0,0.0,0.0,91133.26,91115.95,17.30999999999767,874.4000000001688
2026-01-08 21:15:00,1,1.0,1.0,91115.95,91275.23,159.27999999999884,1033.6800000001676
2026-01-08 21:30:00,0,0.0,0.0,91275.23,91272.96,2.2699999999895226,1035.9500000001572
2026-01-08 21:45:00,1,1.0,1.0,91272.96,91442.11,169.14999999999418,1205.1000000001513
2026-01-08 22:00:00,0,0.0,1.0,91442.11,91284.5,157.61000000000058,1362.710000000152
2026-01-08 22:15:00,1,0.0,1.0,91284.5,91141.85,-142.64999999999418,1220.0600000001577
2026-01-08 22:30:00,1,1.0,1.0,91141.85,91231.9,90.04999999998836,1310.110000000146
2026-01-08 22:45:00,1,1.0,0.0,91231.9,91271.23,39.330000000001746,1349.4400000001478
2026-01-08 23:00:00,0,1.0,0.0,91271.23,91283.05,-11.820000000006985,1337.6200000001409
2026-01-08 23:15:00,0,0.0,1.0,91283.05,91111.64,171.4100000000035,1509.0300000001444
2026-01-08 23:30:00,1,0.0,0.0,91111.64,91099.99,-11.64999999999418,1497.3800000001502
2026-01-08 23:45:00,1,1.0,1.0,91099.99,91145.61,45.61999999999534,1543.0000000001455
2026-01-09 00:00:00,1,0.0,1.0,91145.61,91066.72,-78.88999999999942,1464.110000000146
2026-01-09 00:15:00,1,1.0,1.0,91066.72,91225.87,159.14999999999418,1623.2600000001403
2026-01-09 00:30:00,1,1.0,1.0,91225.87,91290.33,64.4600000000064,1687.7200000001467
2026-01-09 00:45:00,0,0.0,0.0,91290.33,91270.74,19.589999999996508,1707.3100000001432
2026-01-09 01:00:00,1,1.0,1.0,91270.74,91498.0,227.25999999999476,1934.570000000138
2026-01-09 01:15:00,0,0.0,1.0,91498.0,90949.99,548.0099999999948,2482.5800000001327
2026-01-09 01:30:00,1,1.0,1.0,90949.99,91056.19,106.19999999999709,2588.78000000013
2026-01-09 01:45:00,1,1.0,1.0,91056.19,91441.34,385.1499999999942,2973.930000000124
2026-01-09 02:00:00,0,0.0,1.0,91441.34,91296.17,145.16999999999825,3119.1000000001222
2026-01-09 02:15:00,1,0.0,1.0,91296.17,91216.05,-80.11999999999534,3038.980000000127
2026-01-09 02:30:00,1,0.0,1.0,91216.05,91038.38,-177.66999999999825,2861.3100000001286
2026-01-09 02:45:00,1,1.0,1.0,91038.38,91150.08,111.69999999999709,2973.0100000001257
2026-01-09 03:00:00,1,0.0,1.0,91150.08,91022.64,-127.44000000000233,2845.5700000001234
2026-01-09 03:15:00,1,1.0,1.0,91022.64,91190.73,168.0899999999965,3013.66000000012
2026-01-09 03:30:00,1,1.0,0.0,91190.73,91220.23,29.5,3043.16000000012
2026-01-09 03:45:00,0,0.0,1.0,91220.23,91056.32,163.90999999998894,3207.070000000109
2026-01-09 04:00:00,1,1.0,1.0,91056.32,91127.17,70.84999999999127,3277.9200000001
2026-01-09 04:15:00,0,0.0,1.0,91127.17,91020.48,106.69000000000233,3384.6100000001024
2026-01-09 04:30:00,1,0.0,0.0,91020.48,91012.8,-7.679999999993015,3376.9300000001094
2026-01-09 04:45:00,1,1.0,1.0,91012.8,91084.16,71.36000000000058,3448.29000000011
2026-01-09 05:00:00,1,0.0,1.0,91084.16,91022.44,-61.720000000001164,3386.570000000109
2026-01-09 05:15:00,1,0.0,0.0,91022.44,91000.0,-22.44000000000233,3364.1300000001065
2026-01-09 05:30:00,1,1.0,1.0,91000.0,91091.82,91.82000000000698,3455.9500000001135
2026-01-09 05:45:00,1,0.0,1.0,91091.82,91028.34,-63.48000000001048,3392.470000000103
2026-01-09 06:00:00,1,0.0,0.0,91028.34,90989.29,-39.05000000000291,3353.4200000001
2026-01-09 06:15:00,1,1.0,1.0,90989.29,91117.38,128.09000000001106,3481.510000000111
2026-01-09 06:30:00,1,1.0,0.0,91117.38,91137.58,20.19999999999709,3501.7100000001083
2026-01-09 06:45:00,1,0.0,1.0,91137.58,91071.01,-66.57000000000698,3435.1400000001013
2026-01-09 07:00:00,1,0.0,0.0,91071.01,91029.3,-41.70999999999185,3393.4300000001094
2026-01-09 07:15:00,1,0.0,1.0,91029.3,90980.86,-48.44000000000233,3344.990000000107
2026-01-09 07:30:00,1,0.0,1.0,90980.86,90741.84,-239.02000000000407,3105.970000000103
2026-01-09 07:45:00,1,0.0,1.0,90741.84,90676.0,-65.83999999999651,3040.1300000001065
2026-01-09 08:00:00,1,1.0,0.0,90676.0,90677.91,1.9100000000034925,3042.04000000011
2026-01-09 08:15:00,1,0.0,1.0,90677.91,90314.65,-363.2600000000093,2678.7800000001007
2026-01-09 08:30:00,1,0.0,1.0,90314.65,90033.52,-281.1299999999901,2397.6500000001106
2026-01-09 08:45:00,1,1.0,1.0,90033.52,90158.09,124.56999999999243,2522.220000000103
2026-01-09 09:00:00,1,1.0,1.0,90158.09,90414.34,256.25,2778.470000000103
2026-01-09 09:15:00,1,0.0,1.0,90414.34,90363.84,-50.5,2727.970000000103
2026-01-09 09:30:00,1,0.0,0.0,90363.84,90338.46,-25.379999999990105,2702.590000000113
2026-01-09 09:45:00,1,1.0,1.0,90338.46,90406.28,67.81999999999243,2770.4100000001054
2026-01-09 10:00:00,1,1.0,0.0,90406.28,90438.85,32.570000000006985,2802.9800000001123
2026-01-09 10:15:00,0,1.0,1.0,90438.85,90506.65,-67.79999999998836,2735.180000000124
2026-01-09 10:30:00,0,0.0,0.0,90506.65,90485.87,20.779999999998836,2755.960000000123
2026-01-09 10:45:00,1,1.0,1.0,90485.87,90593.6,107.73000000001048,2863.6900000001333
2026-01-09 11:00:00,0,0.0,0.0,90593.6,90568.02,25.580000000001746,2889.270000000135
2026-01-09 11:15:00,1,0.0,0.0,90568.02,90528.24,-39.779999999998836,2849.490000000136
2026-01-09 11:30:00,1,0.0,1.0,90528.24,90463.11,-65.13000000000466,2784.3600000001315
2026-01-09 11:45:00,1,0.0,0.0,90463.11,90418.77,-44.33999999999651,2740.020000000135
2026-01-09 12:00:00,1,0.0,1.0,90418.77,90342.15,-76.6200000000099,2663.400000000125
2026-01-09 12:15:00,1,1.0,1.0,90342.15,90428.95,86.80000000000291,2750.200000000128
2026-01-09 12:30:00,1,1.0,0.0,90428.95,90449.23,20.279999999998836,2770.480000000127
2026-01-09 12:45:00,1,1.0,1.0,90449.23,90631.31,182.08000000000175,2952.5600000001286
2026-01-09 13:00:00,0,0.0,0.0,90631.31,90591.46,39.84999999999127,2992.41000000012
2026-01-09 13:15:00,1,1.0,0.0,90591.46,90617.32,25.860000000000582,3018.2700000001205
2026-01-09 13:30:00,0,0.0,0.0,90617.32,90607.66,9.660000000003492,3027.930000000124
2026-01-09 13:45:00,1,0.0,1.0,90607.66,90343.86,-263.8000000000029,2764.130000000121
2026-01-09 14:00:00,1,1.0,1.0,90343.86,90556.92,213.05999999999767,2977.1900000001187
2026-01-09 14:15:00,1,0.0,1.0,90556.92,90096.61,-460.3099999999977,2516.880000000121
2026-01-09 14:30:00,1,1.0,1.0,90096.61,90150.0,53.38999999999942,2570.2700000001205
2026-01-09 14:45:00,1,1.0,1.0,90150.0,90259.02,109.02000000000407,2679.2900000001246
2026-01-09 15:00:00,1,1.0,1.0,90259.02,91680.59,1421.5699999999924,4100.860000000117
2026-01-09 15:15:00,0,0.0,1.0,91680.59,91236.19,444.3999999999942,4545.260000000111
2026-01-09 15:30:00,1,0.0,1.0,91236.19,91176.47,-59.720000000001164,4485.54000000011
2026-01-09 15:45:00,1,1.0,1.0,91176.47,91763.99,587.5200000000041,5073.060000000114
2026-01-09 16:00:00,0,0.0,1.0,91763.99,91379.41,384.58000000000175,5457.640000000116
2026-01-09 16:15:00,1,1.0,1.0,91379.41,91468.55,89.13999999999942,5546.780000000115
2026-01-09 16:30:00,1,1.0,1.0,91468.55,91623.89,155.3399999999965,5702.120000000112
2026-01-09 16:45:00,0,0.0,1.0,91623.89,91351.71,272.179999999993,5974.300000000105
2026-01-09 17:00:00,1,0.0,1.0,91351.71,91133.76,-217.95000000001164,5756.350000000093
2026-01-09 17:15:00,1,1.0,0.0,91133.76,91163.35,29.59000000001106,5785.940000000104
2026-01-09 17:30:00,1,1.0,1.0,91163.35,91422.23,258.8799999999901,6044.820000000094
2026-01-09 17:45:00,0,0.0,1.0,91422.23,91283.29,138.94000000000233,6183.760000000097
2026-01-09 18:00:00,1,0.0,1.0,91283.29,90603.53,-679.7599999999948,5504.000000000102
2026-01-09 18:15:00,1,1.0,1.0,90603.53,90812.99,209.4600000000064,5713.460000000108
2026-01-09 18:30:00,1,1.0,0.0,90812.99,90820.31,7.319999999992433,5720.780000000101
2026-01-09 18:45:00,1,0.0,1.0,90820.31,90552.0,-268.3099999999977,5452.470000000103
2026-01-09 19:00:00,1,0.0,1.0,90552.0,90328.34,-223.6600000000035,5228.8100000000995
2026-01-09 19:15:00,1,1.0,0.0,90328.34,90343.59,15.25,5244.0600000000995
2026-01-09 19:30:00,1,0.0,0.0,90343.59,90332.15,-11.440000000002328,5232.620000000097
2026-01-09 19:45:00,1,1.0,1.0,90332.15,90404.42,72.27000000000407,5304.890000000101
2026-01-09 20:00:00,1,1.0,1.0,90404.42,90472.86,68.44000000000233,5373.330000000104
2026-01-09 20:15:00,1,0.0,1.0,90472.86,90263.69,-209.16999999999825,5164.160000000105
2026-01-09 20:30:00,1,1.0,0.0,90263.69,90303.36,39.669999999998254,5203.830000000104
2026-01-09 20:45:00,1,1.0,1.0,90303.36,90362.04,58.679999999993015,5262.510000000097
2026-01-09 21:00:00,1,1.0,1.0,90362.04,90562.62,200.58000000000175,5463.090000000098
2026-01-09 21:15:00,0,0.0,1.0,90562.62,90447.37,115.25,5578.340000000098
2026-01-09 21:30:00,1,1.0,1.0,90447.37,90541.97,94.60000000000582,5672.940000000104
2026-01-09 21:45:00,1,0.0,1.0,90541.97,90392.52,-149.4499999999971,5523.490000000107
2026-01-09 22:00:00,1,1.0,1.0,90392.52,90603.52,211.0,5734.490000000107
2026-01-09 22:15:00,0,0.0,1.0,90603.52,90552.99,50.529999999998836,5785.020000000106
2026-01-09 22:30:00,1,1.0,1.0,90552.99,90630.08,77.08999999999651,5862.110000000102
2026-01-09 22:45:00,1,1.0,1.0,90630.08,90708.05,77.97000000000116,5940.080000000104
2026-01-09 23:00:00,1,1.0,0.0,90708.05,90721.0,12.94999999999709,5953.030000000101
2026-01-09 23:15:00,1,0.0,0.0,90721.0,90684.22,-36.779999999998836,5916.250000000102
2026-01-09 23:30:00,1,0.0,0.0,90684.22,90641.28,-42.94000000000233,5873.3100000000995
2026-01-09 23:45:00,1,0.0,1.0,90641.28,90580.61,-60.669999999998254,5812.640000000101
2026-01-10 00:00:00,1,1.0,0.0,90580.61,90621.43,40.81999999999243,5853.460000000094
2026-01-10 00:15:00,1,0.0,0.0,90621.43,90605.48,-15.94999999999709,5837.510000000097
2026-01-10 00:30:00,1,0.0,0.0,90605.48,90600.0,-5.4799999999959255,5832.030000000101
2026-01-10 00:45:00,1,1.0,1.0,90600.0,90647.78,47.779999999998836,5879.8100000000995
2026-01-10 01:00:00,1,1.0,0.0,90647.78,90666.43,18.64999999999418,5898.460000000094
2026-01-10 01:15:00,1,1.0,1.0,90666.43,90724.55,58.120000000009895,5956.580000000104
2026-01-10 01:30:00,0,0.0,0.0,90724.55,90688.0,36.55000000000291,5993.1300000001065
2026-01-10 01:45:00,1,1.0,1.0,90688.0,90739.61,51.61000000000058,6044.740000000107
2026-01-10 02:00:00,0,1.0,0.0,90739.61,90782.16,-42.55000000000291,6002.190000000104
2026-01-10 02:15:00,0,0.0,1.0,90782.16,90607.02,175.13999999999942,6177.330000000104
2026-01-10 02:30:00,1,1.0,1.0,90607.02,90697.17,90.14999999999418,6267.480000000098
2026-01-10 02:45:00,0,0.0,1.0,90697.17,90576.01,121.16000000000349,6388.640000000101
2026-01-10 03:00:00,1,1.0,1.0,90576.01,90631.55,55.54000000000815,6444.180000000109
2026-01-10 03:15:00,1,0.0,0.0,90631.55,90594.0,-37.55000000000291,6406.6300000001065
2026-01-10 03:30:00,1,1.0,0.0,90594.0,90626.14,32.13999999999942,6438.770000000106
2026-01-10 03:45:00,1,0.0,1.0,90626.14,90533.43,-92.7100000000064,6346.0600000000995
2026-01-10 04:00:00,1,0.0,0.0,90533.43,90525.5,-7.929999999993015,6338.1300000001065
2026-01-10 04:15:00,1,0.0,0.0,90525.5,90508.48,-17.020000000004075,6321.110000000102
2026-01-10 04:30:00,1,0.0,1.0,90508.48,90448.3,-60.179999999993015,6260.930000000109
2026-01-10 04:45:00,1,1.0,1.0,90448.3,90532.17,83.86999999999534,6344.800000000105
2026-01-10 05:00:00,1,1.0,0.0,90532.17,90568.63,36.4600000000064,6381.260000000111
2026-01-10 05:15:00,1,1.0,0.0,90568.63,90609.41,40.779999999998836,6422.04000000011
2026-01-10 05:30:00,0,0.0,0.0,90609.41,90603.52,5.889999999999418,6427.930000000109
2026-01-10 05:45:00,1,0.0,0.0,90603.52,90580.0,-23.520000000004075,6404.410000000105
2026-01-10 06:00:00,1,0.0,1.0,90580.0,90526.45,-53.55000000000291,6350.860000000102
2026-01-10 06:15:00,1,1.0,0.0,90526.45,90540.81,14.360000000000582,6365.220000000103
2026-01-10 06:30:00,0,0.0,0.0,90540.81,90505.47,35.33999999999651,6400.5600000000995
2026-01-10 06:45:00,1,1.0,1.0,90505.47,90606.63,101.16000000000349,6501.720000000103
2026-01-10 07:00:00,0,1.0,0.0,90606.63,90606.67,-0.03999999999359716,6501.680000000109
2026-01-10 07:15:00,0,1.0,0.0,90606.67,90612.26,-5.5899999999965075,6496.090000000113
2026-01-10 07:30:00,0,1.0,1.0,90612.26,90678.5,-66.24000000000524,6429.850000000108
2026-01-10 07:45:00,0,1.0,0.0,90678.5,90708.26,-29.75999999999476,6400.090000000113
2026-01-10 08:00:00,0,0.0,0.0,90708.26,90696.01,12.25,6412.340000000113
2026-01-10 08:15:00,1,0.0,1.0,90696.01,90646.03,-49.979999999995925,6362.360000000117
2026-01-10 08:30:00,1,1.0,0.0,90646.03,90661.95,15.919999999998254,6378.280000000115
2026-01-10 08:45:00,1,0.0,0.0,90661.95,90645.25,-16.69999999999709,6361.580000000118
2026-01-10 09:00:00,1,1.0,0.0,90645.25,90683.02,37.770000000004075,6399.350000000122
2026-01-10 09:15:00,0,1.0,0.0,90683.02,90693.53,-10.509999999994761,6388.8400000001275
2026-01-10 09:30:00,0,1.0,1.0,90693.53,90768.96,-75.43000000000757,6313.41000000012
2026-01-10 09:45:00,0,0.0,0.0,90768.96,90753.15,15.810000000012224,6329.220000000132
2026-01-10 10:00:00,1,1.0,0.0,90753.15,90761.69,8.540000000008149,6337.76000000014
2026-01-10 10:15:00,0,1.0,0.0,90761.69,90779.86,-18.169999999998254,6319.590000000142
2026-01-10 10:30:00,0,1.0,1.0,90779.86,90828.0,-48.13999999999942,6271.450000000143
2026-01-10 10:45:00,0,0.0,1.0,90828.0,90779.41,48.58999999999651,6320.040000000139
2026-01-10 11:00:00,1,1.0,0.0,90779.41,90781.85,2.4400000000023283,6322.480000000141
2026-01-10 11:15:00,0,0.0,0.0,90781.85,90780.0,1.8500000000058208,6324.330000000147
2026-01-10 11:30:00,1,0.0,1.0,90780.0,90723.86,-56.13999999999942,6268.190000000148
2026-01-10 11:45:00,1,1.0,0.0,90723.86,90736.48,12.619999999995343,6280.810000000143
2026-01-10 12:00:00,1,0.0,0.0,90736.48,90719.32,-17.15999999998894,6263.650000000154
2026-01-10 12:15:00,1,0.0,0.0,90719.32,90706.66,-12.660000000003492,6250.990000000151
2026-01-10 12:30:00,1,1.0,0.0,90706.66,90733.71,27.05000000000291,6278.040000000154
2026-01-10 12:45:00,1,0.0,0.0,90733.71,90708.26,-25.45000000001164,6252.590000000142
2026-01-10 13:00:00,1,1.0,0.0,90708.26,90727.56,19.30000000000291,6271.890000000145
2026-01-10 13:15:00,0,0.0,0.0,90727.56,90718.28,9.279999999998836,6281.170000000144
2026-01-10 13:30:00,1,0.0,1.0,90718.28,90656.51,-61.770000000004075,6219.40000000014
2026-01-10 13:45:00,1,0.0,1.0,90656.51,90609.31,-47.19999999999709,6172.200000000143
2026-01-10 14:00:00,1,1.0,0.0,90609.31,90619.51,10.19999999999709,6182.40000000014
2026-01-10 14:15:00,1,0.0,1.0,90619.51,90558.77,-60.73999999999069,6121.660000000149
2026-01-10 14:30:00,1,1.0,0.0,90558.77,90591.01,32.23999999999069,6153.90000000014
2026-01-10 14:45:00,1,1.0,0.0,90591.01,90634.57,43.560000000012224,6197.460000000152
2026-01-10 15:00:00,0,0.0,0.0,90634.57,90595.76,38.810000000012224,6236.270000000164
2026-01-10 15:15:00,1,1.0,1.0,90595.76,90641.27,45.51000000000931,6281.7800000001735
2026-01-10 15:30:00,0,1.0,0.0,90641.27,90665.75,-24.479999999995925,6257.3000000001775
2026-01-10 15:45:00,0,1.0,0.0,90665.75,90681.0,-15.25,6242.0500000001775
2026-01-10 16:00:00,0,0.0,0.0,90681.0,90646.29,34.7100000000064,6276.760000000184
2026-01-10 16:15:00,1,1.0,1.0,90646.29,90706.39,60.10000000000582,6336.86000000019
2026-01-10 16:30:00,0,0.0,0.0,90706.39,90676.66,29.729999999995925,6366.590000000186
2026-01-10 16:45:00,1,1.0,0.0,90676.66,90720.93,44.26999999998952,6410.860000000175
2026-01-10 17:00:00,0,1.0,0.0,90720.93,90745.99,-25.060000000012224,6385.800000000163
2026-01-10 17:15:00,0,0.0,1.0,90745.99,90663.79,82.20000000001164,6468.000000000175
2026-01-10 17:30:00,1,0.0,1.0,90663.79,90544.96,-118.8299999999872,6349.170000000187
2026-01-10 17:45:00,1,0.0,0.0,90544.96,90530.32,-14.639999999999418,6334.530000000188
2026-01-10 18:00:00,1,1.0,1.0,90530.32,90580.15,49.829999999987194,6384.360000000175
2026-01-10 18:15:00,1,1.0,0.0,90580.15,90588.89,8.740000000005239,6393.10000000018
2026-01-10 18:30:00,1,1.0,0.0,90588.89,90595.62,6.7299999999959255,6399.830000000176
2026-01-10 18:45:00,1,0.0,0.0,90595.62,90580.61,-15.009999999994761,6384.820000000182
2026-01-10 19:00:00,1,1.0,0.0,90580.61,90596.91,16.30000000000291,6401.1200000001845
2026-01-10 19:15:00,1,1.0,0.0,90596.91,90631.05,34.13999999999942,6435.260000000184
2026-01-10 19:30:00,1,0.0,0.0,90631.05,90626.54,-4.510000000009313,6430.750000000175
2026-01-10 19:45:00,1,1.0,0.0,90626.54,90659.03,32.49000000000524,6463.24000000018
2026-01-10 20:00:00,1,0.0,0.0,90659.03,90642.1,-16.929999999993015,6446.310000000187
2026-01-10 20:15:00,1,0.0,1.0,90642.1,90584.53,-57.570000000006985,6388.74000000018
2026-01-10 20:30:00,1,0.0,0.0,90584.53,90572.86,-11.669999999998254,6377.070000000182
2026-01-10 20:45:00,1,0.0,1.0,90572.86,90527.01,-45.85000000000582,6331.220000000176
2026-01-10 21:00:00,1,1.0,0.0,90527.01,90568.26,41.25,6372.470000000176
2026-01-10 21:15:00,1,0.0,0.0,90568.26,90535.77,-32.48999999999069,6339.980000000185
2026-01-10 21:30:00,1,0.0,0.0,90535.77,90510.74,-25.029999999998836,6314.950000000186
2026-01-10 21:45:00,1,0.0,1.0,90510.74,90406.01,-104.73000000001048,6210.220000000176
2026-01-10 22:00:00,1,1.0,1.0,90406.01,90488.43,82.41999999999825,6292.640000000174
2026-01-10 22:15:00,1,1.0,1.0,90488.43,90593.36,104.93000000000757,6397.570000000182
2026-01-10 22:30:00,0,0.0,1.0,90593.36,90427.76,165.60000000000582,6563.170000000187
2026-01-10 22:45:00,1,1.0,1.0,90427.76,90511.03,83.27000000000407,6646.4400000001915
2026-01-10 23:00:00,1,1.0,0.0,90511.03,90548.4,37.36999999999534,6683.810000000187
2026-01-10 23:15:00,0,0.0,0.0,90548.4,90535.2,13.19999999999709,6697.010000000184
2026-01-10 23:30:00,1,0.0,0.0,90535.2,90504.7,-30.5,6666.510000000184
2026-01-10 23:45:00,1,1.0,0.0,90504.7,90509.99,5.290000000008149,6671.800000000192
2026-01-11 00:00:00,1,1.0,1.0,90509.99,90602.51,92.51999999998952,6764.320000000182
2026-01-11 00:15:00,0,0.0,0.0,90602.51,90565.78,36.729999999995925,6801.0500000001775
2026-01-11 00:30:00,1,1.0,1.0,90565.78,90640.44,74.66000000000349,6875.710000000181
2026-01-11 00:45:00,0,0.0,0.0,90640.44,90622.62,17.820000000006985,6893.530000000188
2026-01-11 01:00:00,1,0.0,0.0,90622.62,90587.71,-34.90999999998894,6858.620000000199
2026-01-11 01:15:00,1,1.0,0.0,90587.71,90593.47,5.759999999994761,6864.380000000194
2026-01-11 01:30:00,1,1.0,0.0,90593.47,90628.23,34.75999999999476,6899.140000000189
2026-01-11 01:45:00,1,1.0,1.0,90628.23,90694.14,65.91000000000349,6965.050000000192
2026-01-11 02:00:00,0,0.0,0.0,90694.14,90676.48,17.660000000003492,6982.710000000196
2026-01-11 02:15:00,1,1.0,0.0,90676.48,90691.76,15.279999999998836,6997.990000000194
2026-01-11 02:30:00,1,1.0,0.0,90691.76,90699.0,7.240000000005239,7005.2300000002
2026-01-11 02:45:00,1,0.0,1.0,90699.0,90641.37,-57.63000000000466,6947.600000000195
2026-01-11 03:00:00,1,1.0,1.0,90641.37,90708.25,66.88000000000466,7014.4800000002
2026-01-11 03:15:00,0,0.0,0.0,90708.25,90699.99,8.259999999994761,7022.740000000194
2026-01-11 03:30:00,1,1.0,0.0,90699.99,90733.5,33.50999999999476,7056.250000000189
2026-01-11 03:45:00,0,0.0,0.0,90733.5,90719.05,14.44999999999709,7070.700000000186
2026-01-11 04:00:00,1,0.0,0.0,90719.05,90708.27,-10.779999999998836,7059.920000000187
2026-01-11 04:15:00,1,1.0,1.0,90708.27,90758.07,49.80000000000291,7109.72000000019
2026-01-11 04:30:00,0,1.0,0.0,90758.07,90785.48,-27.40999999998894,7082.310000000201
2026-01-11 04:45:00,0,0.0,0.0,90785.48,90783.88,1.5999999999912689,7083.910000000193
2026-01-11 05:00:00,1,0.0,0.0,90783.88,90757.5,-26.380000000004657,7057.530000000188
2026-01-11 05:15:00,1,1.0,1.0,90757.5,90812.98,55.479999999995925,7113.010000000184
2026-01-11 05:30:00,0,0.0,0.0,90812.98,90774.43,38.55000000000291,7151.560000000187
2026-01-11 05:45:00,1,1.0,0.0,90774.43,90789.61,15.180000000007567,7166.740000000194
2026-01-11 06:00:00,0,0.0,1.0,90789.61,90666.52,123.08999999999651,7289.830000000191
2026-01-11 06:15:00,1,0.0,0.0,90666.52,90661.93,-4.5900000000110595,7285.24000000018
2026-01-11 06:30:00,1,1.0,1.0,90661.93,90744.0,82.07000000000698,7367.310000000187
2026-01-11 06:45:00,0,0.0,1.0,90744.0,90679.46,64.5399999999936,7431.85000000018
2026-01-11 07:00:00,1,1.0,1.0,90679.46,90727.17,47.70999999999185,7479.560000000172
2026-01-11 07:15:00,0,0.0,0.0,90727.17,90710.77,16.39999999999418,7495.9600000001665
2026-01-11 07:30:00,1,1.0,0.0,90710.77,90710.79,0.01999999998952262,7495.980000000156
2026-01-11 07:45:00,1,0.0,0.0,90710.79,90677.75,-33.0399999999936,7462.940000000162
2026-01-11 08:00:00,1,1.0,1.0,90677.75,90729.3,51.55000000000291,7514.490000000165
2026-01-11 08:15:00,0,0.0,0.0,90729.3,90722.98,6.320000000006985,7520.810000000172
2026-01-11 08:30:00,1,1.0,1.0,90722.98,90790.01,67.02999999999884,7587.840000000171
2026-01-11 08:45:00,0,0.0,0.0,90790.01,90767.85,22.15999999998894,7610.00000000016
2026-01-11 09:00:00,1,0.0,0.0,90767.85,90755.05,-12.80000000000291,7597.200000000157
2026-01-11 09:15:00,1,0.0,0.0,90755.05,90746.34,-8.710000000006403,7588.490000000151
2026-01-11 09:30:00,1,0.0,0.0,90746.34,90740.02,-6.319999999992433,7582.170000000158
2026-01-11 09:45:00,1,0.0,0.0,90740.02,90733.76,-6.260000000009313,7575.910000000149
2026-01-11 10:00:00,1,0.0,0.0,90733.76,90720.44,-13.319999999992433,7562.590000000157
2026-01-11 10:15:00,1,0.0,0.0,90720.44,90694.19,-26.25,7536.340000000157
2026-01-11 10:30:00,1,1.0,1.0,90694.19,90736.67,42.479999999995925,7578.8200000001525
2026-01-11 10:45:00,1,0.0,0.0,90736.67,90708.25,-28.419999999998254,7550.400000000154
2026-01-11 11:00:00,1,1.0,0.0,90708.25,90714.4,6.149999999994179,7556.550000000148
2026-01-11 11:15:00,1,1.0,0.0,90714.4,90726.15,11.75,7568.300000000148
2026-01-11 11:30:00,0,1.0,0.0,90726.15,90754.99,-28.84000000001106,7539.460000000137
2026-01-11 11:45:00,0,1.0,0.0,90754.99,90794.08,-39.08999999999651,7500.370000000141
2026-01-11 12:00:00,0,1.0,1.0,90794.08,90871.65,-77.56999999999243,7422.800000000148
2026-01-11 12:15:00,0,1.0,0.0,90871.65,90898.78,-27.130000000004657,7395.670000000144
2026-01-11 12:30:00,0,1.0,0.0,90898.78,90938.13,-39.35000000000582,7356.320000000138
2026-01-11 12:45:00,0,1.0,0.0,90938.13,90942.9,-4.769999999989523,7351.550000000148
2026-01-11 13:00:00,0,0.0,1.0,90942.9,90892.04,50.86000000000058,7402.410000000149
2026-01-11 13:15:00,1,0.0,1.0,90892.04,90827.31,-64.72999999999593,7337.680000000153
2026-01-11 13:30:00,1,1.0,0.0,90827.31,90849.45,22.139999999999418,7359.8200000001525
2026-01-11 13:45:00,0,1.0,1.0,90849.45,90936.07,-86.6200000000099,7273.200000000143
2026-01-11 14:00:00,0,1.0,1.0,90936.07,90987.68,-51.60999999998603,7221.590000000157
2026-01-11 14:15:00,0,1.0,1.0,90987.68,91037.41,-49.73000000001048,7171.860000000146
2026-01-11 14:30:00,0,1.0,1.0,91037.41,91127.16,-89.75,7082.110000000146
2026-01-11 14:45:00,0,0.0,1.0,91127.16,90907.03,220.13000000000466,7302.240000000151
2026-01-11 15:00:00,0,1.0,1.0,90907.03,90960.25,-53.220000000001164,7249.02000000015
2026-01-11 15:15:00,0,0.0,1.0,90960.25,90844.2,116.05000000000291,7365.0700000001525
2026-01-11 15:30:00,1,1.0,0.0,90844.2,90875.79,31.589999999996508,7396.660000000149
2026-01-11 15:45:00,0,1.0,0.0,90875.79,90886.22,-10.430000000007567,7386.230000000141
2026-01-11 16:00:00,0,1.0,1.0,90886.22,91034.57,-148.35000000000582,7237.880000000136
2026-01-11 16:15:00,0,1.0,1.0,91034.57,91119.55,-84.97999999999593,7152.90000000014
2026-01-11 16:30:00,0,0.0,1.0,91119.55,91039.15,80.40000000000873,7233.300000000148
2026-01-11 16:45:00,1,1.0,0.0,91039.15,91058.65,19.5,7252.800000000148
2026-01-11 17:00:00,0,0.0,0.0,91058.65,91055.17,3.4799999999959255,7256.280000000144
2026-01-11 17:15:00,1,0.0,1.0,91055.17,90990.17,-65.0,7191.280000000144
2026-01-11 17:30:00,1,0.0,0.0,90990.17,90986.68,-3.4900000000052387,7187.790000000139
2026-01-11 17:45:00,1,0.0,1.0,90986.68,90899.09,-87.58999999999651,7100.200000000143
2026-01-11 18:00:00,1,1.0,0.0,90899.09,90930.81,31.720000000001164,7131.920000000144
2026-01-11 18:15:00,0,0.0,1.0,90930.81,90852.2,78.61000000000058,7210.530000000144
2026-01-11 18:30:00,1,1.0,0.0,90852.2,90886.68,34.479999999995925,7245.01000000014
2026-01-11 18:45:00,0,1.0,0.0,90886.68,90922.07,-35.39000000001397,7209.620000000126
2026-01-11 19:00:00,0,0.0,0.0,90922.07,90894.98,27.09000000001106,7236.710000000137
2026-01-11 19:15:00,1,0.0,1.0,90894.98,90781.02,-113.95999999999185,7122.7500000001455
2026-01-11 19:30:00,1,0.0,1.0,90781.02,90690.8,-90.22000000000116,7032.530000000144
2026-01-11 19:45:00,1,0.0,1.0,90690.8,90558.84,-131.9600000000064,6900.570000000138
2026-01-11 20:00:00,1,0.0,0.0,90558.84,90533.24,-25.59999999999127,6874.970000000147
2026-01-11 20:15:00,1,1.0,1.0,90533.24,90606.24,73.0,6947.970000000147
2026-01-11 20:30:00,1,1.0,1.0,90606.24,90708.26,102.01999999998952,7049.990000000136
2026-01-11 20:45:00,0,0.0,1.0,90708.26,90664.61,43.64999999999418,7093.64000000013
2026-01-11 21:00:00,1,0.0,0.0,90664.61,90636.15,-28.460000000006403,7065.180000000124
2026-01-11 21:15:00,1,1.0,1.0,90636.15,90689.09,52.94000000000233,7118.120000000126
2026-01-11 21:30:00,1,1.0,1.0,90689.09,90757.06,67.97000000000116,7186.0900000001275
2026-01-11 21:45:00,0,0.0,1.0,90757.06,90555.62,201.44000000000233,7387.53000000013
2026-01-11 22:00:00,1,1.0,1.0,90555.62,90685.54,129.91999999999825,7517.450000000128
2026-01-11 22:15:00,0,1.0,0.0,90685.54,90708.25,-22.710000000006403,7494.740000000122
2026-01-11 22:30:00,0,0.0,1.0,90708.25,90526.02,182.22999999999593,7676.970000000118
2026-01-11 22:45:00,1,1.0,1.0,90526.02,90717.11,191.0899999999965,7868.060000000114
2026-01-11 23:00:00,0,1.0,1.0,90717.11,90756.87,-39.75999999999476,7828.300000000119
2026-01-11 23:15:00,0,1.0,1.0,90756.87,90920.37,-163.5,7664.800000000119
2026-01-11 23:30:00,0,1.0,1.0,90920.37,91013.65,-93.27999999999884,7571.5200000001205
2026-01-11 23:45:00,0,0.0,1.0,91013.65,90917.71,95.93999999998778,7667.460000000108
2026-01-12 00:00:00,0,1.0,1.0,90917.71,91150.08,-232.36999999999534,7435.090000000113
2026-01-12 00:15:00,0,0.0,1.0,91150.08,90826.61,323.47000000000116,7758.560000000114
2026-01-12 00:30:00,1,1.0,1.0,90826.61,91258.65,432.0399999999936,8190.600000000108
2026-01-12 00:45:00,0,1.0,1.0,91258.65,91534.92,-276.2700000000041,7914.330000000104
2026-01-12 01:00:00,0,0.0,0.0,91534.92,91513.1,21.819999999992433,7936.150000000096
2026-01-12 01:15:00,0,0.0,1.0,91513.1,91386.65,126.45000000001164,8062.600000000108
2026-01-12 01:30:00,0,1.0,0.0,91386.65,91412.44,-25.79000000000815,8036.8100000000995
2026-01-12 01:45:00,0,1.0,1.0,91412.44,91731.66,-319.22000000000116,7717.590000000098
2026-01-12 02:00:00,0,1.0,1.0,91731.66,91783.23,-51.56999999999243,7666.020000000106
2026-01-12 02:15:00,0,1.0,1.0,91783.23,91932.28,-149.0500000000029,7516.970000000103
2026-01-12 02:30:00,0,1.0,1.0,91932.28,92203.56,-271.27999999999884,7245.690000000104
2026-01-12 02:45:00,0,1.0,1.0,92203.56,92433.32,-229.7600000000093,7015.930000000095
2026-01-12 03:00:00,0,0.0,1.0,92433.32,92381.9,51.420000000012806,7067.350000000108
2026-01-12 03:15:00,0,0.0,1.0,92381.9,91984.0,397.8999999999942,7465.250000000102
2026-01-12 03:30:00,0,0.0,1.0,91984.0,91808.12,175.88000000000466,7641.1300000001065
2026-01-12 03:45:00,0,1.0,1.0,91808.12,92100.12,-292.0,7349.1300000001065
2026-01-12 04:00:00,0,0.0,1.0,92100.12,92047.53,52.58999999999651,7401.720000000103
2026-01-12 04:15:00,0,1.0,1.0,92047.53,92198.45,-150.91999999999825,7250.800000000105
2026-01-12 04:30:00,0,0.0,0.0,92198.45,92175.78,22.669999999998254,7273.470000000103
2026-01-12 04:45:00,0,0.0,1.0,92175.78,92133.09,42.69000000000233,7316.160000000105
2026-01-12 05:00:00,0,1.0,1.0,92133.09,92241.72,-108.63000000000466,7207.530000000101
2026-01-12 05:15:00,0,0.0,1.0,92241.72,92112.79,128.93000000000757,7336.460000000108
2026-01-12 05:30:00,0,0.0,0.0,92112.79,92111.86,0.9299999999930151,7337.390000000101
2026-01-12 05:45:00,0,1.0,1.0,92111.86,92164.76,-52.89999999999418,7284.490000000107
2026-01-12 06:00:00,0,0.0,1.0,92164.76,91965.0,199.75999999999476,7484.250000000102
2026-01-12 06:15:00,0,0.0,0.0,91965.0,91936.33,28.669999999998254,7512.9200000001
2026-01-12 06:30:00,0,0.0,1.0,91936.33,91836.34,99.99000000000524,7612.910000000105
2026-01-12 06:45:00,1,0.0,0.0,91836.34,91816.22,-20.119999999995343,7592.79000000011
2026-01-12 07:00:00,1,1.0,1.0,91816.22,91891.1,74.88000000000466,7667.670000000115
2026-01-12 07:15:00,0,0.0,1.0,91891.1,91572.99,318.1100000000006,7985.780000000115
2026-01-12 07:30:00,1,0.0,1.0,91572.99,91408.09,-164.90000000000873,7820.8800000001065
2026-01-12 07:45:00,1,1.0,1.0,91408.09,91548.02,139.93000000000757,7960.810000000114
2026-01-12 08:00:00,0,0.0,1.0,91548.02,91449.05,98.97000000000116,8059.780000000115
2026-01-12 08:15:00,0,0.0,1.0,91449.05,90560.01,889.0400000000081,8948.820000000123
2026-01-12 08:30:00,1,1.0,1.0,90560.01,90752.27,192.2600000000093,9141.080000000133
2026-01-12 08:45:00,1,1.0,1.0,90752.27,90807.05,54.779999999998836,9195.860000000132
2026-01-12 09:00:00,1,1.0,0.0,90807.05,90810.33,3.279999999998836,9199.14000000013
2026-01-12 09:15:00,1,1.0,0.0,90810.33,90836.98,26.64999999999418,9225.790000000125
2026-01-12 09:30:00,1,0.0,1.0,90836.98,90685.64,-151.3399999999965,9074.450000000128
2026-01-12 09:45:00,1,1.0,0.0,90685.64,90690.0,4.360000000000582,9078.810000000129
2026-01-12 10:00:00,1,0.0,1.0,90690.0,90561.27,-128.72999999999593,8950.080000000133
2026-01-12 10:15:00,1,0.0,0.0,90561.27,90536.85,-24.419999999998254,8925.660000000134
2026-01-12 10:30:00,1,0.0,1.0,90536.85,90433.46,-103.38999999999942,8822.270000000135
2026-01-12 10:45:00,1,1.0,1.0,90433.46,90588.43,154.9699999999866,8977.240000000122
2026-01-12 11:00:00,1,1.0,1.0,90588.43,90689.84,101.41000000000349,9078.650000000125
2026-01-12 11:15:00,0,0.0,1.0,90689.84,90589.73,100.11000000000058,9178.760000000126
2026-01-12 11:30:00,1,1.0,0.0,90589.73,90620.96,31.230000000010477,9209.990000000136
2026-01-12 11:45:00,1,1.0,1.0,90620.96,90761.73,140.76999999998952,9350.760000000126
2026-01-12 12:00:00,0,1.0,0.0,90761.73,90780.01,-18.279999999998836,9332.480000000127
2026-01-12 12:15:00,0,0.0,1.0,90780.01,90733.99,46.01999999998952,9378.500000000116
2026-01-12 12:30:00,1,1.0,1.0,90733.99,90789.37,55.379999999990105,9433.880000000107
2026-01-12 12:45:00,0,0.0,1.0,90789.37,90553.96,235.40999999998894,9669.290000000095
2026-01-12 13:00:00,1,1.0,1.0,90553.96,90690.91,136.9499999999971,9806.240000000093
2026-01-12 13:15:00,0,0.0,0.0,90690.91,90653.05,37.86000000000058,9844.100000000093
2026-01-12 13:30:00,1,0.0,0.0,90653.05,90636.01,-17.04000000000815,9827.060000000085
2026-01-12 13:45:00,1,1.0,0.0,90636.01,90651.13,15.120000000009895,9842.180000000095
2026-01-12 14:00:00,1,0.0,1.0,90651.13,90290.2,-360.93000000000757,9481.250000000087
2026-01-12 14:15:00,1,1.0,1.0,90290.2,90805.47,515.2700000000041,9996.520000000091
2026-01-12 14:30:00,0,1.0,1.0,90805.47,90908.95,-103.47999999999593,9893.040000000095
2026-01-12 14:45:00,0,1.0,0.0,90908.95,90927.75,-18.80000000000291,9874.240000000093
2026-01-12 15:00:00,0,1.0,1.0,90927.75,91320.0,-392.25,9481.990000000093
2026-01-12 15:15:00,0,1.0,1.0,91320.0,91529.71,-209.7100000000064,9272.280000000086
2026-01-12 15:30:00,0,1.0,1.0,91529.71,91665.0,-135.2899999999936,9136.990000000093
2026-01-12 15:45:00,0,1.0,1.0,91665.0,91793.7,-128.6999999999971,9008.290000000095
2026-01-12 16:00:00,0,1.0,1.0,91793.7,92217.62,-423.91999999999825,8584.370000000097
2026-01-12 16:15:00,0,0.0,1.0,92217.62,92159.99,57.629999999990105,8642.000000000087
2026-01-12 16:30:00,0,0.0,1.0,92159.99,92123.52,36.470000000001164,8678.470000000088
2026-01-12 16:45:00,0,0.0,1.0,92123.52,91963.62,159.90000000000873,8838.370000000097
2026-01-12 17:00:00,0,0.0,1.0,91963.62,91711.52,252.09999999999127,9090.470000000088
2026-01-12 17:15:00,1,0.0,1.0,91711.52,91339.89,-371.63000000000466,8718.840000000084
2026-01-12 17:30:00,1,1.0,1.0,91339.89,91522.83,182.94000000000233,8901.780000000086
2026-01-12 17:45:00,0,1.0,1.0,91522.83,91705.7,-182.86999999999534,8718.91000000009
2026-01-12 18:00:00,0,1.0,1.0,91705.7,91924.0,-218.3000000000029,8500.610000000088
2026-01-12 18:15:00,0,0.0,1.0,91924.0,91658.12,265.88000000000466,8766.490000000093
2026-01-12 18:30:00,0,1.0,1.0,91658.12,91691.8,-33.68000000000757,8732.810000000085
2026-01-12 18:45:00,0,0.0,0.0,91691.8,91662.63,29.169999999998254,8761.980000000083
2026-01-12 19:00:00,0,1.0,1.0,91662.63,91825.0,-162.36999999999534,8599.610000000088
2026-01-12 19:15:00,0,0.0,0.0,91825.0,91800.76,24.24000000000524,8623.850000000093
2026-01-12 19:30:00,0,1.0,1.0,91800.76,91861.27,-60.51000000000931,8563.340000000084
2026-01-12 19:45:00,0,1.0,0.0,91861.27,91868.7,-7.429999999993015,8555.91000000009
2026-01-12 20:00:00,0,0.0,1.0,91868.7,91734.82,133.8799999999901,8689.79000000008
2026-01-12 20:15:00,0,0.0,1.0,91734.82,91468.5,266.320000000007,8956.110000000088
2026-01-12 20:30:00,0,1.0,0.0,91468.5,91484.86,-16.360000000000582,8939.750000000087
2026-01-12 20:45:00,0,0.0,0.0,91484.86,91467.36,17.5,8957.250000000087
2026-01-12 21:00:00,0,0.0,1.0,91467.36,91338.01,129.35000000000582,9086.600000000093
2026-01-12 21:15:00,1,0.0,1.0,91338.01,91291.19,-46.81999999999243,9039.7800000001
2026-01-12 21:30:00,1,0.0,1.0,91291.19,91055.17,-236.02000000000407,8803.760000000097
2026-01-12 21:45:00,1,1.0,1.0,91055.17,91414.05,358.88000000000466,9162.640000000101
2026-01-12 22:00:00,0,0.0,1.0,91414.05,91269.52,144.52999999999884,9307.1700000001
2026-01-12 22:15:00,0,1.0,1.0,91269.52,91339.9,-70.3799999999901,9236.79000000011
2026-01-12 22:30:00,0,0.0,1.0,91339.9,91244.99,94.90999999998894,9331.700000000099
2026-01-12 22:45:00,0,0.0,1.0,91244.99,91160.07,84.91999999999825,9416.620000000097
2026-01-12 23:00:00,1,1.0,1.0,91160.07,91269.34,109.26999999998952,9525.890000000087
2026-01-12 23:15:00,0,1.0,0.0,91269.34,91274.69,-5.350000000005821,9520.54000000008
2026-01-12 23:30:00,0,1.0,0.0,91274.69,91296.2,-21.50999999999476,9499.030000000086
2026-01-12 23:45:00,0,1.0,1.0,91296.2,91330.0,-33.80000000000291,9465.230000000083
2026-01-13 00:00:00,0,1.0,1.0,91330.0,91444.51,-114.50999999999476,9350.720000000088
2026-01-13 00:15:00,0,0.0,1.0,91444.51,91309.95,134.55999999999767,9485.280000000086
2026-01-13 00:30:00,0,1.0,1.0,91309.95,91482.74,-172.79000000000815,9312.490000000078
2026-01-13 00:45:00,0,0.0,0.0,91482.74,91478.37,4.370000000009895,9316.860000000088
2026-01-13 01:00:00,0,0.0,1.0,91478.37,91327.53,150.8399999999965,9467.700000000084
2026-01-13 01:15:00,0,0.0,1.0,91327.53,91090.0,237.52999999999884,9705.230000000083
2026-01-13 01:30:00,1,1.0,1.0,91090.0,91185.35,95.35000000000582,9800.580000000089
2026-01-13 01:45:00,0,1.0,1.0,91185.35,91286.03,-100.67999999999302,9699.900000000096
2026-01-13 02:00:00,0,0.0,0.0,91286.03,91267.68,18.35000000000582,9718.250000000102
2026-01-13 02:15:00,0,0.0,1.0,91267.68,91110.33,157.34999999999127,9875.600000000093
2026-01-13 02:30:00,1,1.0,0.0,91110.33,91118.3,7.970000000001164,9883.570000000094
2026-01-13 02:45:00,0,1.0,1.0,91118.3,91272.54,-154.2399999999907,9729.330000000104
2026-01-13 03:00:00,0,1.0,1.0,91272.54,91387.39,-114.85000000000582,9614.480000000098
2026-01-13 03:15:00,0,0.0,1.0,91387.39,91336.63,50.75999999999476,9665.240000000093
2026-01-13 03:30:00,0,1.0,1.0,91336.63,91408.91,-72.27999999999884,9592.960000000094
2026-01-13 03:45:00,0,1.0,1.0,91408.91,91460.09,-51.179999999993015,9541.7800000001
2026-01-13 04:00:00,0,1.0,0.0,91460.09,91473.1,-13.010000000009313,9528.770000000091
2026-01-13 04:15:00,0,0.0,1.0,91473.1,91360.24,112.86000000000058,9641.630000000092
2026-01-13 04:30:00,0,1.0,1.0,91360.24,91515.16,-154.91999999999825,9486.710000000094
2026-01-13 04:45:00,0,1.0,1.0,91515.16,91747.94,-232.77999999999884,9253.930000000095
2026-01-13 05:00:00,0,1.0,1.0,91747.94,92083.28,-335.3399999999965,8918.590000000098
2026-01-13 05:15:00,0,0.0,1.0,92083.28,91937.25,146.02999999999884,9064.620000000097
2026-01-13 05:30:00,0,0.0,0.0,91937.25,91920.99,16.25999999999476,9080.880000000092
2026-01-13 05:45:00,0,1.0,0.0,91920.99,91928.38,-7.389999999999418,9073.490000000093
2026-01-13 06:00:00,0,0.0,1.0,91928.38,91879.45,48.93000000000757,9122.4200000001
2026-01-13 06:15:00,0,1.0,1.0,91879.45,91991.32,-111.8700000000099,9010.55000000009
2026-01-13 06:30:00,0,1.0,1.0,91991.32,92184.36,-193.0399999999936,8817.510000000097
2026-01-13 06:45:00,0,0.0,1.0,92184.36,92030.65,153.7100000000064,8971.220000000103
2026-01-13 07:00:00,0,0.0,0.0,92030.65,92029.22,1.429999999993015,8972.650000000096
2026-01-13 07:15:00,0,0.0,1.0,92029.22,91938.01,91.2100000000064,9063.860000000102
2026-01-13 07:30:00,1,1.0,0.0,91938.01,91942.0,3.9900000000052387,9067.850000000108
2026-01-13 07:45:00,0,1.0,1.0,91942.0,91977.45,-35.44999999999709,9032.40000000011
2026-01-13 08:00:00,0,0.0,0.0,91977.45,91954.7,22.75,9055.15000000011
2026-01-13 08:15:00,0,1.0,1.0,91954.7,92131.62,-176.91999999999825,8878.230000000112
2026-01-13 08:30:00,0,1.0,1.0,92131.62,92165.9,-34.279999999998836,8843.950000000114
2026-01-13 08:45:00,0,1.0,1.0,92165.9,92429.99,-264.09000000001106,8579.860000000102
2026-01-13 09:00:00,0,1.0,1.0,92429.99,92550.78,-120.7899999999936,8459.070000000109
2026-01-13 09:15:00,0,0.0,1.0,92550.78,92148.66,402.11999999999534,8861.190000000104
2026-01-13 09:30:00,0,1.0,1.0,92148.66,92269.42,-120.75999999999476,8740.43000000011
2026-01-13 09:45:00,0,0.0,0.0,92269.42,92238.62,30.80000000000291,8771.230000000112
2026-01-13 10:00:00,0,1.0,0.0,92238.62,92255.86,-17.24000000000524,8753.990000000107
2026-01-13 10:15:00,0,0.0,1.0,92255.86,92053.71,202.14999999999418,8956.140000000101
2026-01-13 10:30:00,0,1.0,1.0,92053.71,92128.62,-74.90999999998894,8881.230000000112
2026-01-13 10:45:00,0,1.0,1.0,92128.62,92218.35,-89.73000000001048,8791.500000000102
2026-01-13 11:00:00,0,0.0,0.0,92218.35,92204.62,13.730000000010477,8805.230000000112
2026-01-13 11:15:00,0,0.0,1.0,92204.62,92071.99,132.6299999999901,8937.860000000102
2026-01-13 11:30:00,1,0.0,1.0,92071.99,92000.74,-71.25,8866.610000000102
2026-01-13 11:45:00,1,0.0,1.0,92000.74,91940.41,-60.330000000001746,8806.2800000001
2026-01-13 12:00:00,1,1.0,1.0,91940.41,92074.5,134.0899999999965,8940.370000000097
2026-01-13 12:15:00,0,1.0,1.0,92074.5,92137.83,-63.330000000001746,8877.040000000095
2026-01-13 12:30:00,0,0.0,0.0,92137.83,92109.35,28.479999999995925,8905.520000000091
2026-01-13 12:45:00,0,0.0,1.0,92109.35,92006.42,102.93000000000757,9008.450000000099
2026-01-13 13:00:00,1,1.0,1.0,92006.42,92139.99,133.57000000000698,9142.020000000106
2026-01-13 13:15:00,0,1.0,1.0,92139.99,92204.37,-64.3799999999901,9077.640000000116
2026-01-13 13:30:00,0,0.0,1.0,92204.37,92076.12,128.25,9205.890000000116
2026-01-13 13:45:00,0,0.0,1.0,92076.12,91971.01,105.11000000000058,9311.000000000116
2026-01-13 14:00:00,1,1.0,1.0,91971.01,92433.63,462.6200000000099,9773.620000000126
2026-01-13 14:15:00,0,1.0,1.0,92433.63,92700.1,-266.47000000000116,9507.150000000125
2026-01-13 14:30:00,0,0.0,1.0,92700.1,92462.03,238.07000000000698,9745.220000000132
2026-01-13 14:45:00,1,1.0,1.0,92462.03,92599.99,137.9600000000064,9883.180000000139
2026-01-13 15:00:00,0,0.0,1.0,92599.99,92397.13,202.86000000000058,10086.04000000014
2026-01-13 15:15:00,0,1.0,1.0,92397.13,92931.98,-534.8499999999913,9551.190000000148
2026-01-13 15:30:00,0,1.0,1.0,92931.98,93449.99,-518.0100000000093,9033.180000000139
2026-01-13 15:45:00,0,0.0,1.0,93449.99,93289.41,160.58000000000175,9193.76000000014
2026-01-13 16:00:00,0,0.0,1.0,93289.41,93199.99,89.41999999999825,9283.180000000139
2026-01-13 16:15:00,1,1.0,1.0,93199.99,93555.95,355.95999999999185,9639.14000000013
2026-01-13 16:30:00,0,0.0,1.0,93555.95,93389.63,166.31999999999243,9805.460000000123
2026-01-13 16:45:00,1,0.0,1.0,93389.63,93332.32,-57.30999999999767,9748.150000000125
2026-01-13 17:00:00,1,1.0,1.0,93332.32,93414.95,82.6299999999901,9830.780000000115
2026-01-13 17:15:00,0,0.0,0.0,93414.95,93391.69,23.25999999999476,9854.04000000011
2026-01-13 17:30:00,1,0.0,1.0,93391.69,93241.99,-149.6999999999971,9704.340000000113
2026-01-13 17:45:00,1,1.0,1.0,93241.99,93568.61,326.61999999999534,10030.960000000108
2026-01-13 18:00:00,0,1.0,0.0,93568.61,93572.76,-4.149999999994179,10026.810000000114
2026-01-13 18:15:00,0,1.0,1.0,93572.76,93632.01,-59.25,9967.560000000114
2026-01-13 18:30:00,0,1.0,0.0,93632.01,93633.71,-1.7000000000116415,9965.860000000102
2026-01-13 18:45:00,0,0.0,1.0,93633.71,93549.98,83.73000000001048,10049.590000000113
2026-01-13 19:00:00,0,1.0,1.0,93549.98,93858.39,-308.4100000000035,9741.18000000011
2026-01-13 19:15:00,0,1.0,1.0,93858.39,94033.09,-174.6999999999971,9566.480000000112
2026-01-13 19:30:00,0,1.0,1.0,94033.09,94226.84,-193.75,9372.730000000112
2026-01-13 19:45:00,0,1.0,1.0,94226.84,94353.09,-126.25,9246.480000000112
2026-01-13 20:00:00,0,0.0,0.0,94353.09,94348.55,4.539999999993597,9251.020000000106
2026-01-13 20:15:00,0,0.0,1.0,94348.55,94299.99,48.55999999999767,9299.580000000104
2026-01-13 20:30:00,1,1.0,1.0,94299.99,94408.7,108.70999999999185,9408.290000000095
2026-01-13 20:45:00,0,0.0,0.0,94408.7,94383.8,24.89999999999418,9433.19000000009
2026-01-13 21:00:00,0,0.0,1.0,94383.8,94324.84,58.9600000000064,9492.150000000096
2026-01-13 21:15:00,1,0.0,1.0,94324.84,94154.42,-170.41999999999825,9321.730000000098
2026-01-13 21:30:00,1,0.0,1.0,94154.42,94087.23,-67.19000000000233,9254.540000000095
2026-01-13 21:45:00,1,1.0,1.0,94087.23,95604.1,1516.87000000001,10771.410000000105
2026-01-13 22:00:00,0,0.0,1.0,95604.1,95316.77,287.33000000000175,11058.740000000107
2026-01-13 22:15:00,0,1.0,1.0,95316.77,95583.98,-267.20999999999185,10791.530000000115
2026-01-13 22:30:00,0,1.0,1.0,95583.98,95757.21,-173.23000000001048,10618.300000000105
2026-01-13 22:45:00,0,0.0,0.0,95757.21,95728.22,28.99000000000524,10647.29000000011
2026-01-13 23:00:00,0,0.0,1.0,95728.22,95386.61,341.6100000000006,10988.90000000011
2026-01-13 23:15:00,1,0.0,1.0,95386.61,95194.8,-191.80999999999767,10797.090000000113
2026-01-13 23:30:00,1,1.0,1.0,95194.8,95414.0,219.1999999999971,11016.29000000011
2026-01-13 23:45:00,0,1.0,1.0,95414.0,95503.27,-89.27000000000407,10927.020000000106
2026-01-14 00:00:00,0,0.0,0.0,95503.27,95466.43,36.84000000001106,10963.860000000117
2026-01-14 00:15:00,0,0.0,1.0,95466.43,95293.62,172.80999999999767,11136.670000000115
2026-01-14 00:30:00,1,0.0,1.0,95293.62,95236.84,-56.779999999998836,11079.890000000116
2026-01-14 00:45:00,1,1.0,1.0,95236.84,95485.48,248.63999999999942,11328.530000000115
2026-01-14 01:00:00,0,0.0,0.0,95485.48,95480.57,4.9099999999889405,11333.440000000104
2026-01-14 01:15:00,1,0.0,1.0,95480.57,95271.63,-208.94000000000233,11124.500000000102
2026-01-14 01:30:00,1,0.0,0.0,95271.63,95245.6,-26.029999999998836,11098.470000000103
2026-01-14 01:45:00,1,1.0,1.0,95245.6,95483.51,237.90999999998894,11336.380000000092
2026-01-14 02:00:00,0,1.0,0.0,95483.51,95526.62,-43.11000000000058,11293.270000000091
2026-01-14 02:15:00,0,0.0,0.0,95526.62,95490.76,35.86000000000058,11329.130000000092
2026-01-14 02:30:00,0,0.0,1.0,95490.76,95347.46,143.29999999998836,11472.43000000008
2026-01-14 02:45:00,1,1.0,1.0,95347.46,95433.44,85.97999999999593,11558.410000000076
2026-01-14 03:00:00,0,0.0,1.0,95433.44,95372.19,61.25,11619.660000000076
2026-01-14 03:15:00,1,1.0,1.0,95372.19,95549.73,177.5399999999936,11797.20000000007
2026-01-14 03:30:00,0,1.0,1.0,95549.73,95720.99,-171.2600000000093,11625.94000000006
2026-01-14 03:45:00,0,0.0,1.0,95720.99,95420.34,300.65000000000873,11926.59000000007
2026-01-14 04:00:00,0,1.0,0.0,95420.34,95460.37,-40.029999999998836,11886.56000000007
2026-01-14 04:15:00,0,0.0,1.0,95460.37,95289.52,170.84999999999127,12057.410000000062
2026-01-14 04:30:00,0,0.0,0.0,95289.52,95245.16,44.36000000000058,12101.770000000062
2026-01-14 04:45:00,1,0.0,0.0,95245.16,95234.12,-11.040000000008149,12090.730000000054
2026-01-14 05:00:00,1,0.0,1.0,95234.12,95043.76,-190.36000000000058,11900.370000000054
2026-01-14 05:15:00,1,0.0,0.0,95043.76,95024.55,-19.20999999999185,11881.160000000062
2026-01-14 05:30:00,1,0.0,0.0,95024.55,95005.0,-19.55000000000291,11861.610000000059
2026-01-14 05:45:00,1,0.0,1.0,95005.0,94863.17,-141.83000000000175,11719.780000000057
2026-01-14 06:00:00,1,0.0,1.0,94863.17,94697.04,-166.13000000000466,11553.650000000052
2026-01-14 06:15:00,1,1.0,1.0,94697.04,94889.75,192.7100000000064,11746.360000000059
2026-01-14 06:30:00,0,1.0,1.0,94889.75,95028.87,-139.11999999999534,11607.240000000063
2026-01-14 06:45:00,0,1.0,0.0,95028.87,95043.0,-14.130000000004657,11593.110000000059
2026-01-14 07:00:00,0,0.0,1.0,95043.0,94935.14,107.86000000000058,11700.97000000006
2026-01-14 07:15:00,0,1.0,1.0,94935.14,95018.33,-83.19000000000233,11617.780000000057
2026-01-14 07:30:00,0,1.0,1.0,95018.33,95205.1,-186.77000000000407,11431.010000000053
2026-01-14 07:45:00,0,1.0,1.0,95205.1,95267.02,-61.919999999998254,11369.090000000055
2026-01-14 08:00:00,0,0.0,1.0,95267.02,95170.3,96.72000000000116,11465.810000000056
2026-01-14 08:15:00,0,0.0,1.0,95170.3,94954.92,215.38000000000466,11681.19000000006
2026-01-14 08:30:00,1,0.0,1.0,94954.92,94900.01,-54.91000000000349,11626.280000000057
2026-01-14 08:45:00,1,1.0,1.0,94900.01,95086.51,186.5,11812.780000000057
2026-01-14 09:00:00,0,0.0,0.0,95086.51,95066.4,20.110000000000582,11832.890000000058
2026-01-14 09:15:00,0,0.0,1.0,95066.4,95012.68,53.720000000001164,11886.610000000059
2026-01-14 09:30:00,1,1.0,1.0,95012.68,95088.24,75.56000000001222,11962.170000000071
2026-01-14 09:45:00,0,1.0,1.0,95088.24,95173.0,-84.75999999999476,11877.410000000076
2026-01-14 10:00:00,0,0.0,1.0,95173.0,95039.98,133.02000000000407,12010.43000000008
2026-01-14 10:15:00,0,1.0,1.0,95039.98,95100.0,-60.020000000004075,11950.410000000076
2026-01-14 10:30:00,0,0.0,0.0,95100.0,95091.75,8.25,11958.660000000076
2026-01-14 10:45:00,0,0.0,1.0,95091.75,94926.19,165.55999999999767,12124.220000000074
2026-01-14 11:00:00,1,1.0,1.0,94926.19,94977.16,50.970000000001164,12175.190000000075
2026-01-14 11:15:00,0,0.0,1.0,94977.16,94922.73,54.43000000000757,12229.620000000083
2026-01-14 11:30:00,0,0.0,1.0,94922.73,94792.99,129.7399999999907,12359.360000000073
2026-01-14 11:45:00,1,1.0,1.0,94792.99,95019.0,226.00999999999476,12585.370000000068
2026-01-14 12:00:00,0,1.0,1.0,95019.0,95079.53,-60.529999999998836,12524.84000000007
2026-01-14 12:15:00,0,0.0,0.0,95079.53,95062.63,16.89999999999418,12541.740000000063
2026-01-14 12:30:00,0,1.0,0.0,95062.63,95077.56,-14.929999999993015,12526.81000000007
2026-01-14 12:45:00,0,0.0,1.0,95077.56,94963.76,113.80000000000291,12640.610000000073
2026-01-14 13:00:00,1,1.0,1.0,94963.76,95190.7,226.94000000000233,12867.550000000076
2026-01-14 13:15:00,0,0.0,1.0,95190.7,95073.04,117.66000000000349,12985.21000000008
2026-01-14 13:30:00,0,0.0,1.0,95073.04,94998.19,74.84999999999127,13060.06000000007
2026-01-14 13:45:00,1,1.0,1.0,94998.19,95476.56,478.36999999999534,13538.430000000066
2026-01-14 14:00:00,0,1.0,1.0,95476.56,95628.0,-151.44000000000233,13386.990000000063
2026-01-14 14:15:00,0,1.0,1.0,95628.0,95862.12,-234.11999999999534,13152.870000000068
2026-01-14 14:30:00,0,1.0,1.0,95862.12,96493.15,-631.0299999999988,12521.84000000007
2026-01-14 14:45:00,0,1.0,1.0,96493.15,96943.01,-449.8600000000006,12071.980000000069
2026-01-14 15:00:00,0,0.0,1.0,96943.01,96745.76,197.25,12269.230000000069
2026-01-14 15:15:00,0,0.0,1.0,96745.76,96428.77,316.9899999999907,12586.22000000006
2026-01-14 15:30:00,1,1.0,1.0,96428.77,96764.57,335.8000000000029,12922.020000000062
2026-01-14 15:45:00,0,1.0,1.0,96764.57,97374.47,-609.8999999999942,12312.120000000068
2026-01-14 16:00:00,0,0.0,1.0,97374.47,97248.37,126.10000000000582,12438.220000000074
2026-01-14 16:15:00,0,1.0,1.0,97248.37,97510.01,-261.6399999999994,12176.580000000075
2026-01-14 16:30:00,0,0.0,1.0,97510.01,97293.24,216.76999999998952,12393.350000000064
2026-01-14 16:45:00,0,1.0,1.0,97293.24,97682.49,-389.25,12004.100000000064
2026-01-14 17:00:00,0,0.0,1.0,97682.49,97544.01,138.48000000001048,12142.580000000075
2026-01-14 17:15:00,0,0.0,1.0,97544.01,97174.66,369.34999999999127,12511.930000000066
2026-01-14 17:30:00,1,0.0,1.0,97174.66,96956.07,-218.5899999999965,12293.34000000007
2026-01-14 17:45:00,1,0.0,1.0,96956.07,96761.71,-194.36000000000058,12098.980000000069
2026-01-14 18:00:00,1,1.0,1.0,96761.71,97040.86,279.1499999999942,12378.130000000063
2026-01-14 18:15:00,0,0.0,1.0,97040.86,96376.8,664.0599999999977,13042.19000000006
2026-01-14 18:30:00,1,1.0,1.0,96376.8,96806.55,429.75,13471.94000000006
2026-01-14 18:45:00,0,1.0,1.0,96806.55,96994.11,-187.55999999999767,13284.380000000063
2026-01-14 19:00:00,0,1.0,1.0,96994.11,97561.58,-567.4700000000012,12716.910000000062
2026-01-14 19:15:00,0,0.0,1.0,97561.58,97356.01,205.57000000000698,12922.480000000069
2026-01-14 19:30:00,0,0.0,1.0,97356.01,97267.42,88.58999999999651,13011.070000000065
2026-01-14 19:45:00,1,1.0,1.0,97267.42,97627.37,359.9499999999971,13371.020000000062
2026-01-14 20:00:00,0,0.0,1.0,97627.37,97338.51,288.8600000000006,13659.880000000063
2026-01-14 20:15:00,0,1.0,1.0,97338.51,97556.14,-217.63000000000466,13442.250000000058
2026-01-14 20:30:00,0,1.0,1.0,97556.14,97655.28,-99.13999999999942,13343.110000000059
2026-01-14 20:45:00,0,0.0,1.0,97655.28,97496.19,159.0899999999965,13502.200000000055
2026-01-14 21:00:00,0,1.0,1.0,97496.19,97584.32,-88.13000000000466,13414.07000000005
2026-01-14 21:15:00,0,0.0,1.0,97584.32,97507.28,77.04000000000815,13491.110000000059
2026-01-14 21:30:00,0,1.0,1.0,97507.28,97564.0,-56.720000000001164,13434.390000000058
2026-01-14 21:45:00,0,0.0,1.0,97564.0,97335.71,228.2899999999936,13662.680000000051
2026-01-14 22:00:00,0,0.0,0.0,97335.71,97324.28,11.430000000007567,13674.110000000059
2026-01-14 22:15:00,1,0.0,1.0,97324.28,97028.01,-296.2700000000041,13377.840000000055
2026-01-14 22:30:00,1,0.0,1.0,97028.01,96878.34,-149.66999999999825,13228.170000000056
2026-01-14 22:45:00,1,1.0,1.0,96878.34,97246.0,367.6600000000035,13595.83000000006
2026-01-14 23:00:00,0,0.0,1.0,97246.0,96992.83,253.16999999999825,13849.000000000058
2026-01-14 23:15:00,1,1.0,0.0,96992.83,97045.64,52.80999999999767,13901.810000000056
2026-01-14 23:30:00,0,0.0,1.0,97045.64,96951.78,93.86000000000058,13995.670000000056
2026-01-14 23:45:00,1,1.0,0.0,96951.78,96980.76,28.979999999995925,14024.650000000052
2026-01-15 00:00:00,0,0.0,1.0,96980.76,96724.74,256.0199999999895,14280.670000000042
2026-01-15 00:15:00,1,0.0,1.0,96724.74,96596.43,-128.31000000001222,14152.36000000003
2026-01-15 00:30:00,1,1.0,1.0,96596.43,96658.03,61.60000000000582,14213.960000000036
2026-01-15 00:45:00,0,1.0,1.0,96658.03,96750.39,-92.36000000000058,14121.600000000035
2026-01-15 01:00:00,0,0.0,1.0,96750.39,96390.36,360.02999999999884,14481.630000000034
2026-01-15 01:15:00,0,1.0,1.0,96390.36,96482.18,-91.81999999999243,14389.810000000041
2026-01-15 01:30:00,0,0.0,0.0,96482.18,96445.31,36.86999999999534,14426.680000000037
2026-01-15 01:45:00,0,0.0,1.0,96445.31,96382.89,62.419999999998254,14489.100000000035
2026-01-15 02:00:00,1,1.0,1.0,96382.89,96527.45,144.55999999999767,14633.660000000033
2026-01-15 02:15:00,0,0.0,1.0,96527.45,96325.28,202.16999999999825,14835.83000000003
2026-01-15 02:30:00,0,1.0,0.0,96325.28,96339.91,-14.630000000004657,14821.200000000026
2026-01-15 02:45:00,0,0.0,1.0,96339.91,96282.52,57.38999999999942,14878.590000000026
2026-01-15 03:00:00,1,0.0,1.0,96282.52,95919.86,-362.6600000000035,14515.930000000022
2026-01-15 03:15:00,1,0.0,0.0,95919.86,95907.36,-12.5,14503.430000000022
2026-01-15 03:30:00,1,1.0,1.0,95907.36,95985.1,77.74000000000524,14581.170000000027
2026-01-15 03:45:00,0,1.0,1.0,95985.1,96074.3,-89.19999999999709,14491.97000000003
2026-01-15 04:00:00,0,1.0,1.0,96074.3,96244.04,-169.7399999999907,14322.23000000004
2026-01-15 04:15:00,0,0.0,0.0,96244.04,96235.58,8.459999999991851,14330.690000000031
2026-01-15 04:30:00,0,1.0,1.0,96235.58,96316.27,-80.69000000000233,14250.00000000003
2026-01-15 04:45:00,0,0.0,0.0,96316.27,96267.93,48.34000000001106,14298.34000000004
2026-01-15 05:00:00,0,0.0,0.0,96267.93,96249.9,18.029999999998836,14316.370000000039
2026-01-15 05:15:00,1,1.0,1.0,96249.9,96435.05,185.15000000000873,14501.520000000048
2026-01-15 05:30:00,0,0.0,0.0,96435.05,96429.71,5.3399999999965075,14506.860000000044
2026-01-15 05:45:00,0,1.0,0.0,96429.71,96446.09,-16.379999999990105,14490.480000000054
2026-01-15 06:00:00,0,1.0,1.0,96446.09,96501.11,-55.020000000004075,14435.46000000005
2026-01-15 06:15:00,0,0.0,1.0,96501.11,96201.48,299.63000000000466,14735.090000000055
2026-01-15 06:30:00,0,1.0,0.0,96201.48,96243.78,-42.30000000000291,14692.790000000052
2026-01-15 06:45:00,0,0.0,0.0,96243.78,96214.04,29.74000000000524,14722.530000000057
2026-01-15 07:00:00,0,1.0,1.0,96214.04,96478.28,-264.24000000000524,14458.290000000052
2026-01-15 07:15:00,0,1.0,1.0,96478.28,96595.26,-116.97999999999593,14341.310000000056
2026-01-15 07:30:00,0,1.0,0.0,96595.26,96630.48,-35.220000000001164,14306.090000000055
2026-01-15 07:45:00,0,0.0,1.0,96630.48,96474.41,156.06999999999243,14462.160000000047
2026-01-15 08:00:00,0,0.0,1.0,96474.41,96370.14,104.27000000000407,14566.430000000051
2026-01-15 08:15:00,1,1.0,1.0,96370.14,96433.66,63.520000000004075,14629.950000000055
2026-01-15 08:30:00,0,1.0,1.0,96433.66,96643.0,-209.3399999999965,14420.610000000059
2026-01-15 08:45:00,0,0.0,1.0,96643.0,96587.88,55.11999999999534,14475.730000000054
2026-01-15 09:00:00,0,1.0,1.0,96587.88,96754.27,-166.38999999999942,14309.340000000055
2026-01-15 09:15:00,0,1.0,1.0,96754.27,97080.4,-326.1299999999901,13983.210000000065
2026-01-15 09:30:00,0,0.0,0.0,97080.4,97040.75,39.64999999999418,14022.860000000059
2026-01-15 09:45:00,0,0.0,1.0,97040.75,96861.07,179.67999999999302,14202.540000000052
2026-01-15 10:00:00,1,0.0,1.0,96861.07,96786.74,-74.33000000000175,14128.21000000005
2026-01-15 10:15:00,1,0.0,0.0,96786.74,96772.91,-13.830000000001746,14114.380000000048
2026-01-15 10:30:00,1,1.0,0.0,96772.91,96818.68,45.76999999998952,14160.150000000038
2026-01-15 10:45:00,0,0.0,1.0,96818.68,96756.97,61.70999999999185,14221.86000000003
2026-01-15 11:00:00,1,1.0,1.0,96756.97,96875.14,118.16999999999825,14340.030000000028
2026-01-15 11:15:00,0,0.0,1.0,96875.14,96690.68,184.4600000000064,14524.490000000034
2026-01-15 11:30:00,0,0.0,1.0,96690.68,96581.08,109.59999999999127,14634.090000000026
2026-01-15 11:45:00,1,1.0,1.0,96581.08,96674.64,93.55999999999767,14727.650000000023
2026-01-15 12:00:00,0,0.0,0.0,96674.64,96636.14,38.5,14766.150000000023
2026-01-15 12:15:00,1,1.0,1.0,96636.14,96746.99,110.85000000000582,14877.00000000003
2026-01-15 12:30:00,0,1.0,1.0,96746.99,96981.65,-234.65999999998894,14642.34000000004
2026-01-15 12:45:00,0,0.0,1.0,96981.65,96865.95,115.69999999999709,14758.040000000037
2026-01-15 13:00:00,0,1.0,1.0,96865.95,96927.36,-61.41000000000349,14696.630000000034
2026-01-15 13:15:00,0,0.0,1.0,96927.36,96774.92,152.44000000000233,14849.070000000036
2026-01-15 13:30:00,0,1.0,1.0,96774.92,96846.75,-71.83000000000175,14777.240000000034
2026-01-15 13:45:00,0,1.0,1.0,96846.75,97139.27,-292.5200000000041,14484.72000000003
2026-01-15 14:00:00,0,0.0,1.0,97139.27,96788.27,351.0,14835.72000000003
2026-01-15 14:15:00,0,0.0,1.0,96788.27,95825.51,962.7600000000093,15798.48000000004
2026-01-15 14:30:00,1,1.0,1.0,95825.51,96063.43,237.91999999999825,16036.400000000038
2026-01-15 14:45:00,0,1.0,1.0,96063.43,96260.23,-196.8000000000029,15839.600000000035
2026-01-15 15:00:00,0,0.0,1.0,96260.23,95894.83,365.3999999999942,16205.00000000003
2026-01-15 15:15:00,0,0.0,0.0,95894.83,95880.69,14.139999999999418,16219.140000000029
2026-01-15 15:30:00,1,1.0,1.0,95880.69,96737.04,856.3499999999913,17075.49000000002
2026-01-15 15:45:00,0,0.0,1.0,96737.04,96377.92,359.11999999999534,17434.610000000015
2026-01-15 16:00:00,1,1.0,0.0,96377.92,96427.08,49.16000000000349,17483.77000000002
2026-01-15 16:15:00,0,1.0,1.0,96427.08,96793.52,-366.4400000000023,17117.330000000016
2026-01-15 16:30:00,0,0.0,0.0,96793.52,96738.51,55.01000000000931,17172.340000000026
2026-01-15 16:45:00,0,0.0,1.0,96738.51,96502.6,235.90999999998894,17408.250000000015
2026-01-15 17:00:00,1,1.0,1.0,96502.6,96742.61,240.00999999999476,17648.26000000001
2026-01-15 17:15:00,0,1.0,1.0,96742.61,96953.4,-210.7899999999936,17437.470000000016
2026-01-15 17:30:00,0,0.0,1.0,96953.4,96636.35,317.04999999998836,17754.520000000004
2026-01-15 17:45:00,0,0.0,1.0,96636.35,96258.36,377.99000000000524,18132.51000000001
2026-01-15 18:00:00,1,0.0,1.0,96258.36,96174.11,-84.25,18048.26000000001
2026-01-15 18:15:00,1,0.0,1.0,96174.11,96022.46,-151.64999999999418,17896.610000000015
2026-01-15 18:30:00,1,0.0,1.0,96022.46,95835.0,-187.4600000000064,17709.15000000001
2026-01-15 18:45:00,1,0.0,0.0,95835.0,95789.45,-45.55000000000291,17663.600000000006
2026-01-15 19:00:00,1,0.0,1.0,95789.45,95505.35,-284.09999999999127,17379.500000000015
2026-01-15 19:15:00,1,0.0,1.0,95505.35,95408.01,-97.34000000001106,17282.160000000003
2026-01-15 19:30:00,1,1.0,1.0,95408.01,95516.01,108.0,17390.160000000003
2026-01-15 19:45:00,0,1.0,0.0,95516.01,95547.52,-31.510000000009313,17358.649999999994
2026-01-15 20:00:00,0,0.0,1.0,95547.52,95198.86,348.6600000000035,17707.309999999998
2026-01-15 20:15:00,1,1.0,1.0,95198.86,95270.44,71.58000000000175,17778.89
2026-01-15 20:30:00,0,0.0,0.0,95270.44,95260.67,9.770000000004075,17788.660000000003
2026-01-15 20:45:00,1,1.0,1.0,95260.67,95327.25,66.58000000000175,17855.240000000005
2026-01-15 21:00:00,0,1.0,1.0,95327.25,95439.06,-111.80999999999767,17743.430000000008
2026-01-15 21:15:00,0,1.0,1.0,95439.06,95495.57,-56.51000000000931,17686.92
2026-01-15 21:30:00,0,1.0,1.0,95495.57,95584.35,-88.77999999999884,17598.14
2026-01-15 21:45:00,0,0.0,0.0,95584.35,95562.76,21.59000000001106,17619.73000000001
2026-01-15 22:00:00,0,1.0,1.0,95562.76,95706.59,-143.83000000000175,17475.90000000001
2026-01-15 22:15:00,0,0.0,0.0,95706.59,95668.96,37.629999999990105,17513.53
2026-01-15 22:30:00,0,0.0,1.0,95668.96,95583.87,85.09000000001106,17598.62000000001
2026-01-15 22:45:00,1,1.0,0.0,95583.87,95602.07,18.20000000001164,17616.82000000002
2026-01-15 23:00:00,0,0.0,0.0,95602.07,95567.99,34.080000000001746,17650.900000000023
2026-01-15 23:15:00,1,0.0,0.0,95567.99,95513.54,-54.45000000001164,17596.45000000001
2026-01-15 23:30:00,1,1.0,1.0,95513.54,95604.8,91.26000000000931,17687.71000000002
2026-01-15 23:45:00,0,1.0,1.0,95604.8,95671.96,-67.16000000000349,17620.550000000017
2026-01-16 00:00:00,0,1.0,0.0,95671.96,95694.0,-22.039999999993597,17598.510000000024
2026-01-16 00:15:00,0,1.0,1.0,95694.0,95813.06,-119.05999999999767,17479.450000000026
2026-01-16 00:30:00,0,0.0,1.0,95813.06,95633.5,179.55999999999767,17659.010000000024
2026-01-16 00:45:00,0,0.0,1.0,95633.5,95473.58,159.91999999999825,17818.930000000022
2026-01-16 01:00:00,1,1.0,1.0,95473.58,95646.83,173.25,17992.180000000022
2026-01-16 01:15:00,0,0.0,0.0,95646.83,95644.23,2.6000000000058208,17994.780000000028
2026-01-16 01:30:00,0,1.0,0.0,95644.23,95664.18,-19.94999999999709,17974.83000000003
2026-01-16 01:45:00,0,0.0,1.0,95664.18,95473.28,190.89999999999418,18165.730000000025
2026-01-16 02:00:00,0,1.0,1.0,95473.28,95676.63,-203.35000000000582,17962.38000000002
2026-01-16 02:15:00,0,0.0,1.0,95676.63,95480.66,195.97000000000116,18158.35000000002
2026-01-16 02:30:00,0,1.0,0.0,95480.66,95504.4,-23.739999999990687,18134.61000000003
2026-01-16 02:45:00,0,1.0,1.0,95504.4,95571.08,-66.68000000000757,18067.930000000022
2026-01-16 03:00:00,0,0.0,1.0,95571.08,95505.01,66.07000000000698,18134.00000000003
2026-01-16 03:15:00,0,0.0,0.0,95505.01,95453.24,51.76999999998952,18185.77000000002
2026-01-16 03:30:00,1,0.0,1.0,95453.24,95354.69,-98.55000000000291,18087.220000000016
2026-01-16 03:45:00,1,1.0,1.0,95354.69,95434.93,80.23999999999069,18167.460000000006
2026-01-16 04:00:00,0,0.0,0.0,95434.93,95400.03,34.89999999999418,18202.36
2026-01-16 04:15:00,1,0.0,1.0,95400.03,95232.6,-167.42999999999302,18034.930000000008
2026-01-16 04:30:00,1,1.0,0.0,95232.6,95261.29,28.689999999987776,18063.619999999995
2026-01-16 04:45:00,0,1.0,1.0,95261.29,95409.59,-148.3000000000029,17915.319999999992
2026-01-16 05:00:00,0,0.0,1.0,95409.59,95299.71,109.8799999999901,18025.199999999983
2026-01-16 05:15:00,0,1.0,1.0,95299.71,95592.59,-292.8799999999901,17732.319999999992
2026-01-16 05:30:00,0,1.0,1.0,95592.59,95660.37,-67.77999999999884,17664.539999999994
2026-01-16 05:45:00,0,0.0,0.0,95660.37,95607.35,53.01999999998952,17717.559999999983
2026-01-16 06:00:00,0,1.0,0.0,95607.35,95657.67,-50.31999999999243,17667.23999999999
2026-01-16 06:15:00,0,1.0,0.0,95657.67,95704.75,-47.080000000001746,17620.15999999999
2026-01-16 06:30:00,0,1.0,0.0,95704.75,95741.21,-36.4600000000064,17583.699999999983
2026-01-16 06:45:00,0,0.0,0.0,95741.21,95691.42,49.79000000000815,17633.48999999999
2026-01-16 07:00:00,0,0.0,1.0,95691.42,95587.64,103.77999999999884,17737.26999999999
2026-01-16 07:15:00,1,0.0,1.0,95587.64,95489.61,-98.02999999999884,17639.23999999999
2026-01-16 07:30:00,1,1.0,1.0,95489.61,95653.16,163.5500000000029,17802.789999999994
2026-01-16 07:45:00,0,1.0,1.0,95653.16,95712.25,-59.08999999999651,17743.699999999997
2026-01-16 08:00:00,0,1.0,1.0,95712.25,95806.75,-94.5,17649.199999999997
2026-01-16 08:15:00,0,0.0,0.0,95806.75,95781.43,25.320000000006985,17674.520000000004
2026-01-16 08:30:00,0,0.0,1.0,95781.43,95676.0,105.42999999999302,17779.949999999997
2026-01-16 08:45:00,1,1.0,0.0,95676.0,95700.0,24.0,17803.949999999997
2026-01-16 09:00:00,0,1.0,0.0,95700.0,95718.95,-18.94999999999709,17785.0
2026-01-16 09:15:00,0,0.0,1.0,95718.95,95662.13,56.81999999999243,17841.819999999992
2026-01-16 09:30:00,0,0.0,0.0,95662.13,95613.53,48.60000000000582,17890.42
2026-01-16 09:45:00,1,0.0,0.0,95613.53,95564.73,-48.80000000000291,17841.619999999995
2026-01-16 10:00:00,1,0.0,1.0,95564.73,95431.06,-133.66999999999825,17707.949999999997
2026-01-16 10:15:00,1,0.0,0.0,95431.06,95385.45,-45.61000000000058,17662.339999999997
2026-01-16 10:30:00,1,0.0,1.0,95385.45,95307.35,-78.09999999999127,17584.240000000005
2026-01-16 10:45:00,1,1.0,0.0,95307.35,95311.69,4.3399999999965075,17588.58
2026-01-16 11:00:00,1,1.0,0.0,95311.69,95351.38,39.69000000000233,17628.270000000004
2026-01-16 11:15:00,0,0.0,0.0,95351.38,95317.04,34.34000000001106,17662.610000000015
2026-01-16 11:30:00,1,1.0,1.0,95317.04,95429.09,112.05000000000291,17774.660000000018
2026-01-16 11:45:00,0,1.0,0.0,95429.09,95477.81,-48.720000000001164,17725.940000000017
2026-01-16 12:00:00,0,1.0,1.0,95477.81,95568.98,-91.16999999999825,17634.77000000002
2026-01-16 12:15:00,0,0.0,1.0,95568.98,95497.73,71.25,17706.02000000002
2026-01-16 12:30:00,0,0.0,0.0,95497.73,95458.55,39.179999999993015,17745.20000000001
2026-01-16 12:45:00,1,1.0,1.0,95458.55,95530.0,71.44999999999709,17816.65000000001
2026-01-16 13:00:00,0,1.0,0.0,95530.0,95533.25,-3.25,17813.40000000001
2026-01-16 13:15:00,0,0.0,1.0,95533.25,95421.75,111.5,17924.90000000001
2026-01-16 13:30:00,0,1.0,0.0,95421.75,95448.87,-27.119999999995343,17897.780000000013
2026-01-16 13:45:00,0,1.0,0.0,95448.87,95459.44,-10.570000000006985,17887.210000000006
2026-01-16 14:00:00,0,1.0,1.0,95459.44,95714.1,-254.6600000000035,17632.550000000003
2026-01-16 14:15:00,0,0.0,1.0,95714.1,95232.6,481.5,18114.050000000003
2026-01-16 14:30:00,0,0.0,0.0,95232.6,95192.36,40.24000000000524,18154.290000000008
2026-01-16 14:45:00,1,1.0,1.0,95192.36,95574.91,382.5500000000029,18536.84000000001
2026-01-16 15:00:00,0,0.0,1.0,95574.91,94721.91,853.0,19389.84000000001
2026-01-16 15:15:00,1,0.0,1.0,94721.91,94535.16,-186.75,19203.09000000001
2026-01-16 15:30:00,1,1.0,0.0,94535.16,94585.98,50.81999999999243,19253.910000000003
2026-01-16 15:45:00,1,1.0,1.0,94585.98,94789.96,203.98000000001048,19457.890000000014
2026-01-16 16:00:00,0,1.0,1.0,94789.96,94870.05,-80.08999999999651,19377.800000000017
2026-01-16 16:15:00,0,1.0,0.0,94870.05,94900.0,-29.94999999999709,19347.85000000002
2026-01-16 16:30:00,0,0.0,0.0,94900.0,94872.55,27.44999999999709,19375.300000000017
2026-01-16 16:45:00,0,0.0,1.0,94872.55,94796.01,76.54000000000815,19451.840000000026
2026-01-16 17:00:00,1,0.0,0.0,94796.01,94761.66,-34.34999999999127,19417.490000000034
2026-01-16 17:15:00,1,1.0,1.0,94761.66,94923.06,161.39999999999418,19578.89000000003
2026-01-16 17:30:00,0,1.0,1.0,94923.06,95076.08,-153.02000000000407,19425.870000000024
2026-01-16 17:45:00,0,0.0,0.0,95076.08,95063.03,13.05000000000291,19438.920000000027
2026-01-16 18:00:00,0,1.0,1.0,95063.03,95209.27,-146.24000000000524,19292.680000000022
2026-01-16 18:15:00,0,0.0,1.0,95209.27,95137.24,72.02999999999884,19364.71000000002
2026-01-16 18:30:00,0,0.0,1.0,95137.24,95001.19,136.0500000000029,19500.760000000024
2026-01-16 18:45:00,1,0.0,0.0,95001.19,94980.99,-20.19999999999709,19480.560000000027
2026-01-16 19:00:00,1,0.0,1.0,94980.99,94861.39,-119.60000000000582,19360.96000000002
2026-01-16 19:15:00,1,1.0,1.0,94861.39,94948.47,87.08000000000175,19448.040000000023
2026-01-16 19:30:00,0,1.0,0.0,94948.47,95002.09,-53.61999999999534,19394.420000000027
2026-01-16 19:45:00,0,0.0,1.0,95002.09,94880.54,121.55000000000291,19515.97000000003
2026-01-16 20:00:00,0,1.0,1.0,94880.54,95118.13,-237.59000000001106,19278.38000000002
2026-01-16 20:15:00,0,1.0,1.0,95118.13,95250.02,-131.88999999999942,19146.49000000002
2026-01-16 20:30:00,0,1.0,1.0,95250.02,95553.6,-303.58000000000175,18842.910000000018
2026-01-16 20:45:00,0,0.0,1.0,95553.6,95416.01,137.59000000001106,18980.50000000003
2026-01-16 21:00:00,0,1.0,0.0,95416.01,95423.14,-7.130000000004657,18973.370000000024
2026-01-16 21:15:00,0,1.0,1.0,95423.14,95551.1,-127.9600000000064,18845.410000000018
2026-01-16 21:30:00,0,0.0,0.0,95551.1,95523.52,27.580000000001746,18872.99000000002
2026-01-16 21:45:00,0,0.0,1.0,95523.52,95383.94,139.58000000000175,19012.57000000002
2026-01-16 22:00:00,0,0.0,0.0,95383.94,95371.64,12.30000000000291,19024.870000000024
2026-01-16 22:15:00,1,1.0,0.0,95371.64,95419.54,47.89999999999418,19072.77000000002
2026-01-16 22:30:00,0,1.0,1.0,95419.54,95514.0,-94.4600000000064,18978.310000000012
2026-01-16 22:45:00,0,1.0,0.0,95514.0,95526.16,-12.160000000003492,18966.15000000001
2026-01-16 23:00:00,0,1.0,0.0,95526.16,95557.0,-30.839999999996508,18935.310000000012
2026-01-16 23:15:00,0,0.0,1.0,95557.0,95461.38,95.61999999999534,19030.930000000008
2026-01-16 23:30:00,0,1.0,1.0,95461.38,95550.94,-89.55999999999767,18941.37000000001
2026-01-16 23:45:00,0,0.0,0.0,95550.94,95538.68,12.260000000009313,18953.63000000002
2026-01-17 00:00:00,0,0.0,1.0,95538.68,95479.43,59.25,19012.88000000002
2026-01-17 00:15:00,1,0.0,0.0,95479.43,95470.95,-8.479999999995925,19004.400000000023
2026-01-17 00:30:00,1,0.0,0.0,95470.95,95465.97,-4.9799999999959255,18999.420000000027
2026-01-17 00:45:00,1,0.0,0.0,95465.97,95453.96,-12.009999999994761,18987.410000000033
2026-01-17 01:00:00,1,1.0,0.0,95453.96,95472.74,18.779999999998836,19006.19000000003
2026-01-17 01:15:00,0,0.0,1.0,95472.74,95402.75,69.99000000000524,19076.180000000037
2026-01-17 01:30:00,1,0.0,0.0,95402.75,95399.93,-2.820000000006985,19073.36000000003
2026-01-17 01:45:00,1,0.0,1.0,95399.93,95284.56,-115.36999999999534,18957.990000000034
2026-01-17 02:00:00,1,1.0,0.0,95284.56,95290.3,5.740000000005239,18963.73000000004
2026-01-17 02:15:00,1,1.0,0.0,95290.3,95314.57,24.270000000004075,18988.000000000044
2026-01-17 02:30:00,0,1.0,1.0,95314.57,95371.35,-56.779999999998836,18931.220000000045
2026-01-17 02:45:00,0,0.0,1.0,95371.35,95311.64,59.7100000000064,18990.93000000005
2026-01-17 03:00:00,0,1.0,0.0,95311.64,95330.96,-19.320000000006985,18971.610000000044
2026-01-17 03:15:00,0,1.0,0.0,95330.96,95332.85,-1.889999999999418,18969.720000000045
2026-01-17 03:30:00,0,1.0,0.0,95332.85,95372.95,-40.09999999999127,18929.620000000054
2026-01-17 03:45:00,0,0.0,0.0,95372.95,95325.96,46.98999999999069,18976.610000000044
2026-01-17 04:00:00,0,1.0,0.0,95325.96,95334.52,-8.559999999997672,18968.050000000047
2026-01-17 04:15:00,0,0.0,0.0,95334.52,95334.45,0.07000000000698492,18968.120000000054
2026-01-17 04:30:00,0,0.0,0.0,95334.45,95303.64,30.80999999999767,18998.93000000005
2026-01-17 04:45:00,0,0.0,0.0,95303.64,95281.39,22.25,19021.18000000005
2026-01-17 05:00:00,1,1.0,0.0,95281.39,95322.94,41.55000000000291,19062.730000000054
2026-01-17 05:15:00,0,0.0,0.0,95322.94,95314.83,8.110000000000582,19070.840000000055
2026-01-17 05:30:00,0,1.0,0.0,95314.83,95323.67,-8.839999999996508,19062.00000000006
2026-01-17 05:45:00,0,0.0,1.0,95323.67,95240.89,82.77999999999884,19144.780000000057
2026-01-17 06:00:00,1,0.0,0.0,95240.89,95223.23,-17.660000000003492,19127.120000000054
2026-01-17 06:15:00,1,1.0,0.0,95223.23,95268.01,44.779999999998836,19171.900000000052
2026-01-17 06:30:00,0,0.0,0.0,95268.01,95240.07,27.939999999987776,19199.84000000004
2026-01-17 06:45:00,1,0.0,1.0,95240.07,95125.18,-114.89000000001397,19084.950000000026
2026-01-17 07:00:00,1,1.0,1.0,95125.18,95176.61,51.43000000000757,19136.380000000034
2026-01-17 07:15:00,0,0.0,0.0,95176.61,95142.24,34.36999999999534,19170.75000000003
2026-01-17 07:30:00,1,0.0,0.0,95142.24,95101.67,-40.570000000006985,19130.180000000022
2026-01-17 07:45:00,1,1.0,1.0,95101.67,95172.1,70.43000000000757,19200.61000000003
2026-01-17 08:00:00,0,1.0,0.0,95172.1,95215.3,-43.19999999999709,19157.410000000033
2026-01-17 08:15:00,0,1.0,0.0,95215.3,95215.31,-0.00999999999476131,19157.400000000038
2026-01-17 08:30:00,0,1.0,0.0,95215.31,95247.51,-32.19999999999709,19125.20000000004
2026-01-17 08:45:00,0,0.0,0.0,95247.51,95209.79,37.720000000001164,19162.920000000042
2026-01-17 09:00:00,0,1.0,0.0,95209.79,95221.36,-11.570000000006985,19151.350000000035
2026-01-17 09:15:00,0,1.0,0.0,95221.36,95266.72,-45.36000000000058,19105.990000000034
2026-01-17 09:30:00,0,0.0,0.0,95266.72,95260.65,6.070000000006985,19112.06000000004
2026-01-17 09:45:00,0,0.0,0.0,95260.65,95254.25,6.399999999994179,19118.460000000036
2026-01-17 10:00:00,1,0.0,0.0,95254.25,95236.03,-18.220000000001164,19100.240000000034
2026-01-17 10:15:00,1,0.0,1.0,95236.03,95167.98,-68.05000000000291,19032.19000000003
2026-01-17 10:30:00,1,0.0,1.0,95167.98,95116.48,-51.5,18980.69000000003
2026-01-17 10:45:00,1,1.0,0.0,95116.48,95121.79,5.309999999997672,18986.00000000003
2026-01-17 11:00:00,1,1.0,1.0,95121.79,95299.59,177.8000000000029,19163.800000000032
2026-01-17 11:15:00,0,1.0,0.0,95299.59,95319.04,-19.44999999999709,19144.350000000035
2026-01-17 11:30:00,0,1.0,0.0,95319.04,95323.86,-4.820000000006985,19139.530000000028
2026-01-17 11:45:00,0,1.0,0.0,95323.86,95362.25,-38.38999999999942,19101.14000000003
2026-01-17 12:00:00,0,0.0,1.0,95362.25,95270.24,92.00999999999476,19193.150000000023
2026-01-17 12:15:00,0,0.0,0.0,95270.24,95267.5,2.7400000000052387,19195.89000000003
2026-01-17 12:30:00,0,0.0,0.0,95267.5,95251.15,16.35000000000582,19212.240000000034
2026-01-17 12:45:00,1,0.0,0.0,95251.15,95244.54,-6.610000000000582,19205.630000000034
2026-01-17 13:00:00,1,1.0,1.0,95244.54,95369.64,125.10000000000582,19330.73000000004
2026-01-17 13:15:00,0,1.0,1.0,95369.64,95433.12,-63.479999999995925,19267.250000000044
2026-01-17 13:30:00,0,1.0,0.0,95433.12,95438.32,-5.2000000000116415,19262.050000000032
2026-01-17 13:45:00,0,0.0,0.0,95438.32,95432.98,5.3400000000110595,19267.390000000043
2026-01-17 14:00:00,0,1.0,0.0,95432.98,95476.38,-43.40000000000873,19223.990000000034
2026-01-17 14:15:00,0,0.0,0.0,95476.38,95451.03,25.35000000000582,19249.34000000004
2026-01-17 14:30:00,0,1.0,0.0,95451.03,95471.18,-20.14999999999418,19229.190000000046
2026-01-17 14:45:00,0,1.0,0.0,95471.18,95500.01,-28.830000000001746,19200.360000000044
2026-01-17 15:00:00,0,1.0,0.0,95500.01,95513.6,-13.59000000001106,19186.770000000033
2026-01-17 15:15:00,0,1.0,1.0,95513.6,95584.24,-70.63999999999942,19116.130000000034
2026-01-17 15:30:00,0,0.0,0.0,95584.24,95573.64,10.60000000000582,19126.73000000004
2026-01-17 15:45:00,0,0.0,1.0,95573.64,95499.82,73.81999999999243,19200.550000000032
2026-01-17 16:00:00,0,0.0,0.0,95499.82,95471.7,28.120000000009895,19228.670000000042
2026-01-17 16:15:00,1,0.0,1.0,95471.7,95388.08,-83.61999999999534,19145.050000000047
2026-01-17 16:30:00,1,0.0,1.0,95388.08,95315.23,-72.85000000000582,19072.20000000004
2026-01-17 16:45:00,1,1.0,1.0,95315.23,95363.8,48.570000000006985,19120.770000000048
2026-01-17 17:00:00,1,1.0,1.0,95363.8,95412.86,49.05999999999767,19169.830000000045
2026-01-17 17:15:00,0,1.0,0.0,95412.86,95436.32,-23.460000000006403,19146.37000000004
2026-01-17 17:30:00,0,0.0,1.0,95436.32,95357.24,79.08000000000175,19225.45000000004
2026-01-17 17:45:00,0,1.0,1.0,95357.24,95437.19,-79.94999999999709,19145.500000000044
2026-01-17 18:00:00,0,1.0,0.0,95437.19,95455.2,-18.00999999999476,19127.49000000005
2026-01-17 18:15:00,0,0.0,0.0,95455.2,95440.84,14.360000000000582,19141.85000000005
2026-01-17 18:30:00,0,0.0,0.0,95440.84,95428.25,12.589999999996508,19154.440000000046
2026-01-17 18:45:00,1,0.0,0.0,95428.25,95393.17,-35.080000000001746,19119.360000000044
2026-01-17 19:00:00,1,0.0,1.0,95393.17,95336.63,-56.5399999999936,19062.82000000005
2026-01-17 19:15:00,1,0.0,0.0,95336.63,95299.7,-36.93000000000757,19025.890000000043
2026-01-17 19:30:00,1,0.0,0.0,95299.7,95291.38,-8.319999999992433,19017.57000000005
2026-01-17 19:45:00,1,0.0,0.0,95291.38,95291.37,-0.010000000009313226,19017.56000000004
2026-01-17 20:00:00,1,1.0,1.0,95291.37,95331.96,40.59000000001106,19058.150000000052
2026-01-17 20:15:00,0,0.0,0.0,95331.96,95316.5,15.460000000006403,19073.61000000006
2026-01-17 20:30:00,1,1.0,1.0,95316.5,95378.18,61.679999999993015,19135.29000000005
2026-01-17 20:45:00,0,0.0,0.0,95378.18,95346.08,32.09999999999127,19167.390000000043
2026-01-17 21:00:00,1,1.0,0.0,95346.08,95368.89,22.80999999999767,19190.20000000004
2026-01-17 21:15:00,0,0.0,1.0,95368.89,95288.26,80.63000000000466,19270.830000000045
2026-01-17 21:30:00,1,1.0,0.0,95288.26,95302.94,14.680000000007567,19285.510000000053
2026-01-17 21:45:00,1,0.0,1.0,95302.94,95188.0,-114.94000000000233,19170.57000000005
2026-01-17 22:00:00,1,0.0,0.0,95188.0,95175.01,-12.990000000005239,19157.580000000045
2026-01-17 22:15:00,1,0.0,0.0,95175.01,95145.34,-29.669999999998254,19127.910000000047
2026-01-17 22:30:00,1,1.0,0.0,95145.34,95170.97,25.630000000004657,19153.54000000005
2026-01-17 22:45:00,1,1.0,0.0,95170.97,95187.45,16.479999999995925,19170.020000000048
2026-01-17 23:00:00,0,0.0,1.0,95187.45,95134.66,52.7899999999936,19222.81000000004
2026-01-17 23:15:00,1,1.0,0.0,95134.66,95157.07,22.410000000003492,19245.220000000045
2026-01-17 23:30:00,0,0.0,0.0,95157.07,95147.77,9.30000000000291,19254.520000000048
2026-01-17 23:45:00,1,1.0,1.0,95147.77,95190.86,43.08999999999651,19297.610000000044
2026-01-18 00:00:00,0,1.0,0.0,95190.86,95199.68,-8.819999999992433,19288.79000000005
2026-01-18 00:15:00,0,0.0,1.0,95199.68,95140.68,59.0,19347.79000000005
2026-01-18 00:30:00,1,0.0,0.0,95140.68,95112.47,-28.20999999999185,19319.58000000006
2026-01-18 00:45:00,1,0.0,1.0,95112.47,94950.04,-162.43000000000757,19157.150000000052
2026-01-18 01:00:00,1,1.0,1.0,94950.04,95035.73,85.69000000000233,19242.840000000055
2026-01-18 01:15:00,1,0.0,1.0,95035.73,94988.98,-46.75,19196.090000000055
2026-01-18 01:30:00,1,0.0,0.0,94988.98,94966.9,-22.080000000001746,19174.010000000053
2026-01-18 01:45:00,1,1.0,1.0,94966.9,95013.73,46.830000000001746,19220.840000000055
2026-01-18 02:00:00,0,1.0,0.0,95013.73,95016.34,-2.610000000000582,19218.230000000054
2026-01-18 02:15:00,0,0.0,1.0,95016.34,94963.69,52.64999999999418,19270.88000000005
2026-01-18 02:30:00,1,1.0,1.0,94963.69,95022.01,58.31999999999243,19329.20000000004
2026-01-18 02:45:00,0,1.0,1.0,95022.01,95063.29,-41.279999999998836,19287.920000000042
2026-01-18 03:00:00,0,1.0,1.0,95063.29,95135.54,-72.25,19215.670000000042
2026-01-18 03:15:00,0,1.0,0.0,95135.54,95159.07,-23.530000000013388,19192.14000000003
2026-01-18 03:30:00,0,1.0,1.0,95159.07,95200.29,-41.21999999998661,19150.920000000042
2026-01-18 03:45:00,0,0.0,0.0,95200.29,95168.0,32.2899999999936,19183.210000000036
2026-01-18 04:00:00,0,0.0,1.0,95168.0,95103.49,64.50999999999476,19247.72000000003
2026-01-18 04:15:00,1,1.0,0.0,95103.49,95105.1,1.610000000000582,19249.33000000003
2026-01-18 04:30:00,1,0.0,0.0,95105.1,95095.68,-9.420000000012806,19239.910000000018
2026-01-18 04:45:00,0,1.0,0.0,95095.68,95096.0,-0.3200000000069849,19239.59000000001
2026-01-18 05:00:00,0,1.0,1.0,95096.0,95142.55,-46.55000000000291,19193.040000000008
2026-01-18 05:15:00,0,1.0,0.0,95142.55,95178.36,-35.80999999999767,19157.23000000001
2026-01-18 05:30:00,0,1.0,0.0,95178.36,95188.55,-10.190000000002328,19147.040000000008
2026-01-18 05:45:00,0,0.0,0.0,95188.55,95178.33,10.220000000001164,19157.26000000001
2026-01-18 06:00:00,0,1.0,0.0,95178.33,95187.63,-9.30000000000291,19147.960000000006
2026-01-18 06:15:00,0,0.0,0.0,95187.63,95186.3,1.3300000000017462,19149.290000000008
2026-01-18 06:30:00,0,0.0,0.0,95186.3,95171.43,14.870000000009895,19164.160000000018
2026-01-18 06:45:00,0,0.0,1.0,95171.43,95080.51,90.91999999999825,19255.080000000016
2026-01-18 07:00:00,1,1.0,0.0,95080.51,95101.99,21.480000000010477,19276.560000000027
2026-01-18 07:15:00,0,0.0,1.0,95101.99,95035.08,66.91000000000349,19343.47000000003
2026-01-18 07:30:00,1,0.0,0.0,95035.08,95028.27,-6.809999999997672,19336.660000000033
2026-01-18 07:45:00,1,1.0,0.0,95028.27,95048.26,19.989999999990687,19356.650000000023
2026-01-18 08:00:00,1,1.0,1.0,95048.26,95109.0,60.74000000000524,19417.39000000003
2026-01-18 08:15:00,0,1.0,1.0,95109.0,95162.73,-53.729999999995925,19363.660000000033
2026-01-18 08:30:00,0,1.0,0.0,95162.73,95183.93,-21.19999999999709,19342.460000000036
2026-01-18 08:45:00,0,1.0,0.0,95183.93,95185.0,-1.070000000006985,19341.39000000003
2026-01-18 09:00:00,0,1.0,0.0,95185.0,95186.3,-1.3000000000029104,19340.090000000026
2026-01-18 09:15:00,0,1.0,1.0,95186.3,95238.62,-52.31999999999243,19287.770000000033
2026-01-18 09:30:00,0,1.0,1.0,95238.62,95275.73,-37.11000000000058,19250.660000000033
2026-01-18 09:45:00,0,0.0,1.0,95275.73,95141.6,134.1299999999901,19384.790000000023
2026-01-18 10:00:00,0,0.0,0.0,95141.6,95127.34,14.260000000009313,19399.050000000032
2026-01-18 10:15:00,1,1.0,1.0,95127.34,95179.27,51.93000000000757,19450.98000000004
2026-01-18 10:30:00,0,1.0,0.0,95179.27,95180.66,-1.389999999999418,19449.59000000004
2026-01-18 10:45:00,0,0.0,1.0,95180.66,95122.84,57.820000000006985,19507.410000000047
2026-01-18 11:00:00,1,0.0,0.0,95122.84,95113.12,-9.720000000001164,19497.690000000046
2026-01-18 11:15:00,1,1.0,0.0,95113.12,95129.42,16.30000000000291,19513.99000000005
2026-01-18 11:30:00,0,1.0,1.0,95129.42,95168.06,-38.63999999999942,19475.35000000005
2026-01-18 11:45:00,0,0.0,1.0,95168.06,95117.99,50.06999999999243,19525.420000000042
2026-01-18 12:00:00,1,1.0,0.0,95117.99,95141.01,23.019999999989523,19548.44000000003
2026-01-18 12:15:00,0,1.0,0.0,95141.01,95164.19,-23.180000000007567,19525.260000000024
2026-01-18 12:30:00,0,0.0,1.0,95164.19,95113.25,50.94000000000233,19576.200000000026
2026-01-18 12:45:00,1,0.0,1.0,95113.25,95051.34,-61.91000000000349,19514.290000000023
2026-01-18 13:00:00,1,0.0,1.0,95051.34,94969.95,-81.38999999999942,19432.900000000023
2026-01-18 13:15:00,1,1.0,1.0,94969.95,95166.29,196.3399999999965,19629.24000000002
2026-01-18 13:30:00,0,0.0,0.0,95166.29,95146.82,19.469999999986612,19648.710000000006
2026-01-18 13:45:00,1,1.0,1.0,95146.82,95237.49,90.66999999999825,19739.380000000005
2026-01-18 14:00:00,0,0.0,1.0,95237.49,95165.0,72.49000000000524,19811.87000000001
2026-01-18 14:15:00,1,0.0,0.0,95165.0,95134.39,-30.610000000000582,19781.26000000001
2026-01-18 14:30:00,1,0.0,1.0,95134.39,94955.79,-178.60000000000582,19602.660000000003
2026-01-18 14:45:00,1,1.0,1.0,94955.79,95009.31,53.520000000004075,19656.180000000008
2026-01-18 15:00:00,1,1.0,1.0,95009.31,95054.27,44.9600000000064,19701.140000000014
2026-01-18 15:15:00,0,0.0,0.0,95054.27,95045.28,8.990000000005239,19710.13000000002
2026-01-18 15:30:00,1,1.0,1.0,95045.28,95119.28,74.0,19784.13000000002
2026-01-18 15:45:00,0,1.0,1.0,95119.28,95153.13,-33.85000000000582,19750.280000000013
2026-01-18 16:00:00,0,0.0,1.0,95153.13,95089.23,63.90000000000873,19814.180000000022
2026-01-18 16:15:00,1,1.0,1.0,95089.23,95183.54,94.30999999999767,19908.49000000002
2026-01-18 16:30:00,0,0.0,0.0,95183.54,95169.35,14.189999999987776,19922.680000000008
2026-01-18 16:45:00,1,0.0,1.0,95169.35,95141.64,-27.710000000006403,19894.97
2026-01-18 17:00:00,1,1.0,1.0,95141.64,95268.28,126.63999999999942,20021.61
2026-01-18 17:15:00,0,0.0,1.0,95268.28,95195.28,73.0,20094.61
2026-01-18 17:30:00,1,1.0,1.0,95195.28,95274.36,79.08000000000175,20173.690000000002
2026-01-18 17:45:00,0,0.0,1.0,95274.36,95228.06,46.30000000000291,20219.990000000005
2026-01-18 18:00:00,1,1.0,1.0,95228.06,95363.31,135.25,20355.240000000005
2026-01-18 18:15:00,0,0.0,0.0,95363.31,95340.2,23.110000000000582,20378.350000000006
2026-01-18 18:30:00,0,1.0,1.0,95340.2,95439.6,-99.40000000000873,20278.949999999997
2026-01-18 18:45:00,0,0.0,0.0,95439.6,95430.77,8.830000000001746,20287.78
2026-01-18 19:00:00,0,1.0,0.0,95430.77,95451.06,-20.289999999993597,20267.490000000005
2026-01-18 19:15:00,0,0.0,1.0,95451.06,95412.87,38.19000000000233,20305.680000000008
2026-01-18 19:30:00,1,0.0,1.0,95412.87,95380.99,-31.879999999990105,20273.800000000017
2026-01-18 19:45:00,1,0.0,1.0,95380.99,95292.98,-88.01000000000931,20185.790000000008
2026-01-18 20:00:00,1,1.0,1.0,95292.98,95441.22,148.24000000000524,20334.030000000013
2026-01-18 20:15:00,0,0.0,1.0,95441.22,95337.53,103.69000000000233,20437.720000000016
2026-01-18 20:30:00,1,0.0,1.0,95337.53,95304.01,-33.520000000004075,20404.20000000001
2026-01-18 20:45:00,1,1.0,1.0,95304.01,95347.52,43.51000000000931,20447.71000000002
2026-01-18 21:00:00,0,0.0,1.0,95347.52,95303.29,44.23000000001048,20491.94000000003
2026-01-18 21:15:00,1,1.0,1.0,95303.29,95399.86,96.57000000000698,20588.51000000004
2026-01-18 21:30:00,0,1.0,1.0,95399.86,95430.44,-30.580000000001746,20557.930000000037
2026-01-18 21:45:00,0,1.0,1.0,95430.44,95521.74,-91.30000000000291,20466.630000000034
2026-01-18 22:00:00,0,0.0,1.0,95521.74,95465.97,55.770000000004075,20522.400000000038
2026-01-18 22:15:00,0,1.0,0.0,95465.97,95483.15,-17.179999999993015,20505.220000000045
2026-01-18 22:30:00,0,1.0,0.0,95483.15,95498.61,-15.460000000006403,20489.76000000004
2026-01-18 22:45:00,0,0.0,1.0,95498.61,95073.01,425.6000000000058,20915.360000000044
2026-01-18 23:00:00,1,0.0,1.0,95073.01,94607.18,-465.83000000000175,20449.530000000042
2026-01-18 23:15:00,1,0.0,1.0,94607.18,94485.69,-121.48999999999069,20328.04000000005
2026-01-18 23:30:00,1,0.0,1.0,94485.69,93673.14,-812.5500000000029,19515.49000000005
2026-01-18 23:45:00,1,0.0,1.0,93673.14,92448.61,-1224.5299999999988,18290.96000000005
2026-01-19 00:00:00,1,1.0,1.0,92448.61,92638.36,189.75,18480.71000000005
2026-01-19 00:15:00,1,1.0,1.0,92638.36,92977.88,339.5200000000041,18820.230000000054
2026-01-19 00:30:00,1,0.0,1.0,92977.88,92711.02,-266.8600000000006,18553.370000000054
2026-01-19 00:45:00,1,1.0,1.0,92711.02,92757.79,46.76999999998952,18600.140000000043
2026-01-19 01:00:00,1,0.0,1.0,92757.79,92564.42,-193.36999999999534,18406.770000000048
2026-01-19 01:15:00,1,0.0,1.0,92564.42,92518.54,-45.88000000000466,18360.890000000043
2026-01-19 01:30:00,1,1.0,1.0,92518.54,92586.65,68.11000000000058,18429.000000000044
2026-01-19 01:45:00,1,0.0,1.0,92586.65,92421.83,-164.81999999999243,18264.18000000005
2026-01-19 02:00:00,1,1.0,1.0,92421.83,92496.55,74.72000000000116,18338.900000000052
2026-01-19 02:15:00,1,1.0,1.0,92496.55,92568.01,71.45999999999185,18410.360000000044
2026-01-19 02:30:00,1,0.0,0.0,92568.01,92566.8,-1.209999999991851,18409.150000000052
2026-01-19 02:45:00,1,1.0,1.0,92566.8,92735.99,169.19000000000233,18578.340000000055
2026-01-19 03:00:00,0,0.0,1.0,92735.99,92548.12,187.8700000000099,18766.210000000065
2026-01-19 03:15:00,1,1.0,1.0,92548.12,92643.66,95.54000000000815,18861.750000000073
2026-01-19 03:30:00,1,1.0,1.0,92643.66,92690.09,46.429999999993015,18908.180000000066
2026-01-19 03:45:00,1,0.0,1.0,92690.09,92613.99,-76.09999999999127,18832.080000000075
2026-01-19 04:00:00,1,1.0,1.0,92613.99,92684.0,70.00999999999476,18902.09000000007
2026-01-19 04:15:00,1,1.0,0.0,92684.0,92687.43,3.429999999993015,18905.520000000062
2026-01-19 04:30:00,0,0.0,0.0,92687.43,92665.0,22.429999999993015,18927.950000000055
2026-01-19 04:45:00,1,0.0,0.0,92665.0,92658.48,-6.5200000000040745,18921.43000000005
2026-01-19 05:00:00,0,1.0,0.0,92658.48,92658.49,-0.010000000009313226,18921.420000000042
2026-01-19 05:15:00,0,0.0,1.0,92658.49,92613.0,45.49000000000524,18966.910000000047
2026-01-19 05:30:00,1,0.0,1.0,92613.0,92511.77,-101.22999999999593,18865.68000000005
2026-01-19 05:45:00,1,1.0,0.0,92511.77,92543.22,31.44999999999709,18897.13000000005
2026-01-19 06:00:00,1,0.0,0.0,92543.22,92535.52,-7.69999999999709,18889.43000000005
2026-01-19 06:15:00,0,1.0,0.0,92535.52,92545.59,-10.069999999992433,18879.36000000006
2026-01-19 06:30:00,0,1.0,1.0,92545.59,92583.27,-37.68000000000757,18841.68000000005
2026-01-19 06:45:00,0,1.0,1.0,92583.27,92622.0,-38.729999999995925,18802.950000000055
2026-01-19 07:00:00,0,1.0,0.0,92622.0,92628.11,-6.110000000000582,18796.840000000055
2026-01-19 07:15:00,0,1.0,1.0,92628.11,92715.7,-87.58999999999651,18709.25000000006
2026-01-19 07:30:00,0,1.0,1.0,92715.7,92841.62,-125.91999999999825,18583.33000000006
2026-01-19 07:45:00,0,0.0,1.0,92841.62,92769.61,72.00999999999476,18655.340000000055
2026-01-19 08:00:00,1,1.0,1.0,92769.61,92974.99,205.38000000000466,18860.72000000006
2026-01-19 08:15:00,0,1.0,1.0,92974.99,93153.63,-178.63999999999942,18682.08000000006
2026-01-19 08:30:00,0,1.0,1.0,93153.63,93259.09,-105.45999999999185,18576.620000000068
2026-01-19 08:45:00,0,0.0,1.0,93259.09,93041.56,217.52999999999884,18794.150000000067
2026-01-19 09:00:00,1,1.0,0.0,93041.56,93070.01,28.44999999999709,18822.600000000064
2026-01-19 09:15:00,0,0.0,1.0,93070.01,92966.06,103.94999999999709,18926.55000000006
2026-01-19 09:30:00,1,1.0,1.0,92966.06,93060.06,94.0,19020.55000000006
2026-01-19 09:45:00,0,0.0,1.0,93060.06,92968.03,92.02999999999884,19112.58000000006
2026-01-19 10:00:00,1,1.0,0.0,92968.03,93000.02,31.99000000000524,19144.570000000065
2026-01-19 10:15:00,0,1.0,0.0,93000.02,93018.49,-18.470000000001164,19126.100000000064
2026-01-19 10:30:00,0,1.0,1.0,93018.49,93064.88,-46.38999999999942,19079.710000000065
2026-01-19 10:45:00,0,0.0,1.0,93064.88,92998.43,66.45000000001164,19146.160000000076
2026-01-19 11:00:00,1,1.0,1.0,92998.43,93129.95,131.52000000000407,19277.68000000008
2026-01-19 11:15:00,0,1.0,1.0,93129.95,93232.6,-102.65000000000873,19175.03000000007
2026-01-19 11:30:00,0,0.0,1.0,93232.6,93191.96,40.63999999999942,19215.67000000007
2026-01-19 11:45:00,1,0.0,1.0,93191.96,93060.04,-131.9200000000128,19083.75000000006
2026-01-19 12:00:00,1,0.0,1.0,93060.04,93017.99,-42.04999999998836,19041.70000000007
2026-01-19 12:15:00,1,1.0,1.0,93017.99,93159.03,141.0399999999936,19182.740000000063
2026-01-19 12:30:00,0,0.0,1.0,93159.03,93070.6,88.42999999999302,19271.170000000056
2026-01-19 12:45:00,1,0.0,1.0,93070.6,92991.52,-79.08000000000175,19192.090000000055
2026-01-19 13:00:00,1,0.0,1.0,92991.52,92950.0,-41.520000000004075,19150.57000000005
2026-01-19 13:15:00,1,1.0,1.0,92950.0,93069.99,119.99000000000524,19270.560000000056
2026-01-19 13:30:00,0,0.0,1.0,93069.99,93031.86,38.13000000000466,19308.69000000006
2026-01-19 13:45:00,1,0.0,1.0,93031.86,92882.62,-149.24000000000524,19159.450000000055
2026-01-19 14:00:00,1,0.0,0.0,92882.62,92871.24,-11.379999999990105,19148.070000000065
2026-01-19 14:15:00,1,0.0,1.0,92871.24,92800.0,-71.24000000000524,19076.83000000006
2026-01-19 14:30:00,1,1.0,0.0,92800.0,92812.43,12.429999999993015,19089.260000000053
2026-01-19 14:45:00,1,1.0,1.0,92812.43,93032.38,219.95000000001164,19309.210000000065
2026-01-19 15:00:00,0,0.0,1.0,93032.38,92920.67,111.7100000000064,19420.92000000007
2026-01-19 15:15:00,1,1.0,1.0,92920.67,92986.74,66.07000000000698,19486.990000000078
2026-01-19 15:30:00,0,1.0,1.0,92986.74,93068.62,-81.8799999999901,19405.110000000088
2026-01-19 15:45:00,0,0.0,0.0,93068.62,93046.44,22.179999999993015,19427.29000000008
2026-01-19 16:00:00,1,1.0,1.0,93046.44,93166.93,120.48999999999069,19547.78000000007
2026-01-19 16:15:00,0,1.0,1.0,93166.93,93216.72,-49.79000000000815,19497.990000000063
2026-01-19 16:30:00,0,1.0,1.0,93216.72,93301.86,-85.13999999999942,19412.850000000064
2026-01-19 16:45:00,0,1.0,1.0,93301.86,93350.0,-48.13999999999942,19364.710000000065
2026-01-19 17:00:00,0,0.0,1.0,93350.0,93301.34,48.66000000000349,19413.370000000068
2026-01-19 17:15:00,1,0.0,1.0,93301.34,93196.39,-104.94999999999709,19308.42000000007
2026-01-19 17:30:00,1,1.0,1.0,93196.39,93242.99,46.60000000000582,19355.020000000077
2026-01-19 17:45:00,0,0.0,1.0,93242.99,93100.01,142.98000000001048,19498.000000000087
2026-01-19 18:00:00,1,0.0,1.0,93100.01,92981.46,-118.54999999998836,19379.4500000001
2026-01-19 18:15:00,1,1.0,1.0,92981.46,93120.09,138.6299999999901,19518.08000000009
2026-01-19 18:30:00,0,0.0,1.0,93120.09,93065.84,54.25,19572.33000000009
2026-01-19 18:45:00,1,1.0,0.0,93065.84,93082.91,17.070000000006985,19589.400000000096
2026-01-19 19:00:00,0,0.0,0.0,93082.91,93073.98,8.930000000007567,19598.330000000104
2026-01-19 19:15:00,0,1.0,1.0,93073.98,93140.1,-66.1200000000099,19532.210000000094
2026-01-19 19:30:00,0,0.0,1.0,93140.1,93105.85,34.25,19566.460000000094
2026-01-19 19:45:00,0,1.0,1.0,93105.85,93166.47,-60.61999999999534,19505.8400000001
2026-01-19 20:00:00,0,1.0,1.0,93166.47,93245.08,-78.61000000000058,19427.230000000098
2026-01-19 20:15:00,0,0.0,1.0,93245.08,93131.6,113.47999999999593,19540.710000000094
2026-01-19 20:30:00,0,1.0,0.0,93131.6,93141.94,-10.339999999996508,19530.370000000097
2026-01-19 20:45:00,0,0.0,1.0,93141.94,93098.37,43.570000000006985,19573.940000000104
2026-01-19 21:00:00,0,0.0,1.0,93098.37,93039.99,58.379999999990105,19632.320000000094
2026-01-19 21:15:00,1,1.0,0.0,93039.99,93053.89,13.89999999999418,19646.22000000009
2026-01-19 21:30:00,0,0.0,1.0,93053.89,93003.42,50.470000000001164,19696.69000000009
2026-01-19 21:45:00,1,0.0,1.0,93003.42,92850.19,-153.22999999999593,19543.460000000094
2026-01-19 22:00:00,1,1.0,1.0,92850.19,92983.85,133.6600000000035,19677.120000000097
2026-01-19 22:15:00,0,0.0,1.0,92983.85,92819.61,164.24000000000524,19841.360000000102
2026-01-19 22:30:00,1,0.0,1.0,92819.61,92565.78,-253.83000000000175,19587.5300000001
2026-01-19 22:45:00,1,0.0,1.0,92565.78,92442.23,-123.55000000000291,19463.980000000098
2026-01-19 23:00:00,1,1.0,1.0,92442.23,92539.47,97.24000000000524,19561.220000000103
2026-01-19 23:15:00,0,1.0,1.0,92539.47,92653.11,-113.63999999999942,19447.580000000104
2026-01-19 23:30:00,0,0.0,0.0,92653.11,92631.0,22.110000000000582,19469.690000000104
2026-01-19 23:45:00,1,1.0,1.0,92631.0,92702.46,71.4600000000064,19541.15000000011
2026-01-20 00:00:00,0,0.0,1.0,92702.46,92465.63,236.83000000000175,19777.980000000112
2026-01-20 00:15:00,1,1.0,1.0,92465.63,92723.45,257.81999999999243,20035.800000000105
2026-01-20 00:30:00,0,0.0,0.0,92723.45,92717.9,5.55000000000291,20041.350000000108
2026-01-20 00:45:00,0,1.0,0.0,92717.9,92726.47,-8.570000000006985,20032.7800000001
2026-01-20 01:00:00,0,1.0,1.0,92726.47,92857.18,-130.70999999999185,19902.07000000011
2026-01-20 01:15:00,0,0.0,1.0,92857.18,92707.19,149.9899999999907,20052.0600000001
2026-01-20 01:30:00,1,1.0,0.0,92707.19,92716.48,9.289999999993597,20061.350000000093
2026-01-20 01:45:00,0,0.0,1.0,92716.48,92480.8,235.67999999999302,20297.030000000086
2026-01-20 02:00:00,1,1.0,0.0,92480.8,92494.59,13.789999999993597,20310.82000000008
2026-01-20 02:15:00,0,1.0,1.0,92494.59,92614.36,-119.77000000000407,20191.050000000076
2026-01-20 02:30:00,0,0.0,1.0,92614.36,92552.16,62.19999999999709,20253.250000000073
2026-01-20 02:45:00,0,0.0,1.0,92552.16,92429.23,122.93000000000757,20376.18000000008
2026-01-20 03:00:00,1,0.0,1.0,92429.23,92377.67,-51.55999999999767,20324.620000000083
2026-01-20 03:15:00,1,1.0,1.0,92377.67,92413.85,36.18000000000757,20360.80000000009
2026-01-20 03:30:00,0,1.0,0.0,92413.85,92434.92,-21.069999999992433,20339.730000000098
2026-01-20 03:45:00,0,0.0,1.0,92434.92,92314.46,120.45999999999185,20460.19000000009
2026-01-20 04:00:00,1,0.0,0.0,92314.46,92311.77,-2.6900000000023283,20457.500000000087
2026-01-20 04:15:00,0,0.0,1.0,92311.77,92230.0,81.77000000000407,20539.27000000009
2026-01-20 04:30:00,0,0.0,1.0,92230.0,92062.61,167.38999999999942,20706.66000000009
2026-01-20 04:45:00,1,0.0,1.0,92062.61,91412.07,-650.5399999999936,20056.120000000097
2026-01-20 05:00:00,1,1.0,1.0,91412.07,91730.32,318.25,20374.370000000097
2026-01-20 05:15:00,0,0.0,1.0,91730.32,91640.29,90.03000000001339,20464.40000000011
2026-01-20 05:30:00,1,0.0,0.0,91640.29,91624.18,-16.110000000000582,20448.29000000011
2026-01-20 05:45:00,0,0.0,1.0,91624.18,91457.4,166.77999999999884,20615.07000000011
2026-01-20 06:00:00,1,0.0,1.0,91457.4,91275.91,-181.4899999999907,20433.580000000118
2026-01-20 06:15:00,1,0.0,1.0,91275.91,91127.82,-148.0899999999965,20285.49000000012
2026-01-20 06:30:00,1,0.0,1.0,91127.82,90929.98,-197.84000000001106,20087.65000000011
2026-01-20 06:45:00,1,1.0,1.0,90929.98,91037.98,108.0,20195.65000000011
2026-01-20 07:00:00,0,1.0,0.0,91037.98,91059.12,-21.139999999999418,20174.51000000011
2026-01-20 07:15:00,0,1.0,1.0,91059.12,91191.01,-131.88999999999942,20042.62000000011
2026-01-20 07:30:00,0,0.0,0.0,91191.01,91177.98,13.029999999998836,20055.65000000011
2026-01-20 07:45:00,0,0.0,1.0,91177.98,91004.59,173.38999999999942,20229.04000000011
2026-01-20 08:00:00,1,1.0,1.0,91004.59,91203.32,198.73000000001048,20427.77000000012
2026-01-20 08:15:00,0,0.0,1.0,91203.32,90855.29,348.0300000000134,20775.800000000134
2026-01-20 08:30:00,1,1.0,1.0,90855.29,91116.0,260.7100000000064,21036.51000000014
2026-01-20 08:45:00,0,0.0,1.0,91116.0,91058.34,57.66000000000349,21094.170000000144
2026-01-20 09:00:00,1,0.0,0.0,91058.34,91046.04,-12.30000000000291,21081.87000000014
2026-01-20 09:15:00,0,0.0,0.0,91046.04,91015.01,31.029999999998836,21112.90000000014
2026-01-20 09:30:00,0,1.0,0.0,91015.01,91036.25,-21.24000000000524,21091.660000000134
2026-01-20 09:45:00,0,1.0,1.0,91036.25,91172.35,-136.10000000000582,20955.56000000013
2026-01-20 10:00:00,0,1.0,1.0,91172.35,91282.79,-110.43999999998778,20845.12000000014
2026-01-20 10:15:00,0,0.0,1.0,91282.79,91233.86,48.929999999993015,20894.050000000134
2026-01-20 10:30:00,0,1.0,1.0,91233.86,91269.58,-35.720000000001164,20858.330000000133
2026-01-20 10:45:00,0,1.0,1.0,91269.58,91357.08,-87.5,20770.830000000133
2026-01-20 11:00:00,0,1.0,1.0,91357.08,91401.12,-44.0399999999936,20726.79000000014
2026-01-20 11:15:00,0,0.0,1.0,91401.12,91336.0,65.11999999999534,20791.910000000134
2026-01-20 11:30:00,0,0.0,1.0,91336.0,91218.99,117.00999999999476,20908.92000000013
2026-01-20 11:45:00,1,1.0,1.0,91218.99,91284.12,65.1299999999901,20974.05000000012
2026-01-20 12:00:00,0,0.0,1.0,91284.12,91148.82,135.29999999998836,21109.350000000108
2026-01-20 12:15:00,1,1.0,0.0,91148.82,91169.24,20.419999999998254,21129.770000000106
2026-01-20 12:30:00,0,1.0,1.0,91169.24,91280.31,-111.06999999999243,21018.700000000114
2026-01-20 12:45:00,0,0.0,1.0,91280.31,90920.83,359.4799999999959,21378.18000000011
2026-01-20 13:00:00,1,0.0,1.0,90920.83,90881.45,-39.38000000000466,21338.800000000105
2026-01-20 13:15:00,1,1.0,1.0,90881.45,91024.79,143.3399999999965,21482.1400000001
2026-01-20 13:30:00,0,0.0,1.0,91024.79,90958.88,65.90999999998894,21548.05000000009
2026-01-20 13:45:00,1,1.0,1.0,90958.88,91096.48,137.59999999999127,21685.65000000008
2026-01-20 14:00:00,0,0.0,1.0,91096.48,90990.11,106.36999999999534,21792.020000000077
2026-01-20 14:15:00,1,1.0,1.0,90990.11,91066.14,76.02999999999884,21868.050000000076
2026-01-20 14:30:00,0,0.0,1.0,91066.14,90531.15,534.9900000000052,22403.04000000008
2026-01-20 14:45:00,1,0.0,1.0,90531.15,90304.51,-226.63999999999942,22176.40000000008
2026-01-20 15:00:00,1,1.0,1.0,90304.51,90625.99,321.4800000000105,22497.880000000092
2026-01-20 15:15:00,0,0.0,1.0,90625.99,90551.22,74.77000000000407,22572.650000000096
2026-01-20 15:30:00,1,1.0,1.0,90551.22,90684.95,133.72999999999593,22706.380000000092
2026-01-20 15:45:00,0,1.0,1.0,90684.95,90757.25,-72.30000000000291,22634.08000000009
2026-01-20 16:00:00,0,0.0,1.0,90757.25,90624.58,132.66999999999825,22766.750000000087
2026-01-20 16:15:00,1,0.0,1.0,90624.58,90128.04,-496.54000000000815,22270.21000000008
2026-01-20 16:30:00,1,1.0,1.0,90128.04,90165.51,37.470000000001164,22307.68000000008
2026-01-20 16:45:00,0,1.0,1.0,90165.51,90456.09,-290.58000000000175,22017.10000000008
2026-01-20 17:00:00,0,0.0,1.0,90456.09,90207.17,248.91999999999825,22266.020000000077
2026-01-20 17:15:00,1,0.0,1.0,90207.17,89688.01,-519.1600000000035,21746.860000000073
2026-01-20 17:30:00,1,1.0,1.0,89688.01,89775.46,87.45000000001164,21834.310000000085
2026-01-20 17:45:00,0,1.0,1.0,89775.46,89908.03,-132.56999999999243,21701.740000000093
2026-01-20 18:00:00,0,0.0,1.0,89908.03,89733.13,174.89999999999418,21876.640000000087
2026-01-20 18:15:00,1,0.0,1.0,89733.13,89512.65,-220.48000000001048,21656.160000000076
2026-01-20 18:30:00,1,0.0,0.0,89512.65,89501.0,-11.64999999999418,21644.510000000082
2026-01-20 18:45:00,1,1.0,1.0,89501.0,89575.8,74.80000000000291,21719.310000000085
2026-01-20 19:00:00,0,0.0,1.0,89575.8,89483.41,92.38999999999942,21811.700000000084
2026-01-20 19:15:00,1,0.0,1.0,89483.41,89444.68,-38.73000000001048,21772.970000000074
2026-01-20 19:30:00,1,1.0,1.0,89444.68,89725.76,281.08000000000175,22054.050000000076
2026-01-20 19:45:00,0,0.0,1.0,89725.76,89400.01,325.75,22379.800000000076
2026-01-20 20:00:00,1,1.0,1.0,89400.01,89768.57,368.5600000000122,22748.360000000088
2026-01-20 20:15:00,0,0.0,1.0,89768.57,89651.46,117.11000000000058,22865.47000000009
2026-01-20 20:30:00,1,1.0,1.0,89651.46,89733.99,82.52999999999884,22948.000000000087
2026-01-20 20:45:00,0,1.0,1.0,89733.99,89803.79,-69.79999999998836,22878.2000000001
2026-01-20 21:00:00,0,0.0,1.0,89803.79,89626.97,176.81999999999243,23055.02000000009
2026-01-20 21:15:00,1,0.0,1.0,89626.97,89538.9,-88.07000000000698,22966.950000000084
2026-01-20 21:30:00,1,0.0,1.0,89538.9,89476.01,-62.88999999999942,22904.060000000085
2026-01-20 21:45:00,1,1.0,1.0,89476.01,89635.11,159.10000000000582,23063.16000000009
2026-01-20 22:00:00,0,0.0,1.0,89635.11,89510.67,124.44000000000233,23187.600000000093
2026-01-20 22:15:00,1,0.0,1.0,89510.67,88579.02,-931.6499999999942,22255.9500000001
2026-01-20 22:30:00,1,0.0,1.0,88579.02,88509.18,-69.84000000001106,22186.110000000088
2026-01-20 22:45:00,1,0.0,1.0,88509.18,88212.01,-297.16999999999825,21888.94000000009
2026-01-20 23:00:00,1,0.0,1.0,88212.01,88120.02,-91.98999999999069,21796.9500000001
2026-01-20 23:15:00,1,1.0,1.0,88120.02,88492.58,372.5599999999977,22169.510000000097
2026-01-20 23:30:00,0,0.0,1.0,88492.58,88427.66,64.91999999999825,22234.430000000095
2026-01-20 23:45:00,1,0.0,0.0,88427.66,88419.03,-8.630000000004657,22225.80000000009
2026-01-21 00:00:00,0,1.0,1.0,88419.03,88561.23,-142.1999999999971,22083.600000000093
2026-01-21 00:15:00,0,1.0,1.0,88561.23,88851.18,-289.9499999999971,21793.650000000096
2026-01-21 00:30:00,0,1.0,1.0,88851.18,88936.01,-84.83000000000175,21708.820000000094
2026-01-21 00:45:00,0,1.0,1.0,88936.01,89092.91,-156.90000000000873,21551.920000000086
2026-01-21 01:00:00,0,0.0,0.0,89092.91,89078.34,14.570000000006985,21566.490000000093
2026-01-21 01:15:00,0,0.0,0.0,89078.34,89037.37,40.970000000001164,21607.460000000094
2026-01-21 01:30:00,0,0.0,0.0,89037.37,89020.91,16.45999999999185,21623.920000000086
2026-01-21 01:45:00,0,1.0,1.0,89020.91,89271.69,-250.77999999999884,21373.140000000087
2026-01-21 02:00:00,0,0.0,1.0,89271.69,89117.04,154.65000000000873,21527.790000000095
2026-01-21 02:15:00,1,0.0,0.0,89117.04,89089.99,-27.04999999998836,21500.740000000107
2026-01-21 02:30:00,0,0.0,0.0,89089.99,89048.57,41.419999999998254,21542.160000000105
2026-01-21 02:45:00,1,1.0,1.0,89048.57,89225.34,176.76999999998952,21718.930000000095
2026-01-21 03:00:00,0,1.0,1.0,89225.34,89278.93,-53.58999999999651,21665.3400000001
2026-01-21 03:15:00,0,1.0,1.0,89278.93,89554.48,-275.5500000000029,21389.790000000095
2026-01-21 03:30:00,0,0.0,1.0,89554.48,89432.33,122.14999999999418,21511.94000000009
2026-01-21 03:45:00,0,0.0,1.0,89432.33,89362.55,69.77999999999884,21581.72000000009
2026-01-21 04:00:00,0,1.0,1.0,89362.55,89500.0,-137.4499999999971,21444.27000000009
2026-01-21 04:15:00,0,1.0,1.0,89500.0,89579.23,-79.22999999999593,21365.040000000095
2026-01-21 04:30:00,0,0.0,1.0,89579.23,89448.89,130.3399999999965,21495.380000000092
2026-01-21 04:45:00,0,1.0,1.0,89448.89,89583.72,-134.83000000000175,21360.55000000009
2026-01-21 05:00:00,0,1.0,0.0,89583.72,89598.28,-14.559999999997672,21345.990000000093
2026-01-21 05:15:00,0,1.0,1.0,89598.28,89928.79,-330.50999999999476,21015.480000000098
2026-01-21 05:30:00,0,1.0,0.0,89928.79,89950.04,-21.25,20994.230000000098
2026-01-21 05:45:00,0,0.0,0.0,89950.04,89908.02,42.01999999998952,21036.250000000087
2026-01-21 06:00:00,0,0.0,0.0,89908.02,89885.39,22.630000000004657,21058.880000000092
2026-01-21 06:15:00,1,0.0,1.0,89885.39,89616.78,-268.6100000000006,20790.27000000009
2026-01-21 06:30:00,1,1.0,0.0,89616.78,89649.62,32.83999999999651,20823.110000000088
2026-01-21 06:45:00,0,0.0,1.0,89649.62,89527.11,122.50999999999476,20945.620000000083
2026-01-21 07:00:00,1,1.0,1.0,89527.11,89628.97,101.86000000000058,21047.480000000083
2026-01-21 07:15:00,0,0.0,1.0,89628.97,89228.16,400.8099999999977,21448.29000000008
2026-01-21 07:30:00,1,0.0,0.0,89228.16,89213.95,-14.210000000006403,21434.080000000075
2026-01-21 07:45:00,1,0.0,1.0,89213.95,89163.12,-50.830000000001746,21383.250000000073
2026-01-21 08:00:00,1,1.0,1.0,89163.12,89256.88,93.76000000000931,21477.010000000082
2026-01-21 08:15:00,0,0.0,1.0,89256.88,89035.36,221.52000000000407,21698.530000000086
2026-01-21 08:30:00,1,1.0,1.0,89035.36,89197.35,161.99000000000524,21860.52000000009
2026-01-21 08:45:00,0,1.0,1.0,89197.35,89296.44,-99.08999999999651,21761.430000000095
2026-01-21 09:00:00,0,1.0,1.0,89296.44,89409.42,-112.97999999999593,21648.4500000001
2026-01-21 09:15:00,0,1.0,0.0,89409.42,89414.67,-5.25,21643.2000000001
2026-01-21 09:30:00,0,0.0,1.0,89414.67,89112.3,302.36999999999534,21945.570000000094
2026-01-21 09:45:00,1,1.0,1.0,89112.3,89303.77,191.47000000000116,22137.040000000095
2026-01-21 10:00:00,0,1.0,0.0,89303.77,89338.12,-34.34999999999127,22102.690000000104
2026-01-21 10:15:00,0,0.0,0.0,89338.12,89310.63,27.489999999990687,22130.180000000095
2026-01-21 10:30:00,0,0.0,1.0,89310.63,89248.99,61.63999999999942,22191.820000000094
2026-01-21 10:45:00,1,1.0,1.0,89248.99,89308.44,59.44999999999709,22251.27000000009
2026-01-21 11:00:00,0,1.0,0.0,89308.44,89325.55,-17.110000000000582,22234.16000000009
2026-01-21 11:15:00,0,0.0,1.0,89325.55,89281.49,44.05999999999767,22278.22000000009
2026-01-21 11:30:00,1,0.0,1.0,89281.49,88789.99,-491.5,21786.72000000009
2026-01-21 11:45:00,1,0.0,1.0,88789.99,88384.03,-405.9600000000064,21380.760000000082
2026-01-21 12:00:00,1,0.0,0.0,88384.03,88356.73,-27.30000000000291,21353.46000000008
2026-01-21 12:15:00,0,1.0,1.0,88356.73,88626.57,-269.84000000001106,21083.620000000068
2026-01-21 12:30:00,0,1.0,1.0,88626.57,88736.31,-109.73999999999069,20973.880000000077
2026-01-21 12:45:00,0,1.0,1.0,88736.31,88943.0,-206.69000000000233,20767.190000000075
2026-01-21 13:00:00,0,0.0,1.0,88943.0,88850.12,92.88000000000466,20860.07000000008
2026-01-21 13:15:00,1,0.0,1.0,88850.12,88715.45,-134.66999999999825,20725.40000000008
2026-01-21 13:30:00,1,0.0,0.0,88715.45,88672.64,-42.80999999999767,20682.590000000084
2026-01-21 13:45:00,1,1.0,1.0,88672.64,89578.8,906.1600000000035,21588.750000000087
2026-01-21 14:00:00,0,1.0,0.0,89578.8,89594.54,-15.739999999990687,21573.010000000097
2026-01-21 14:15:00,0,1.0,1.0,89594.54,89670.01,-75.47000000000116,21497.540000000095
2026-01-21 14:30:00,0,1.0,1.0,89670.01,89805.43,-135.41999999999825,21362.120000000097
2026-01-21 14:45:00,0,1.0,1.0,89805.43,90344.43,-539.0,20823.120000000097
2026-01-21 15:00:00,0,0.0,1.0,90344.43,90013.52,330.90999999998894,21154.030000000086
2026-01-21 15:15:00,1,1.0,1.0,90013.52,90113.2,99.67999999999302,21253.71000000008
2026-01-21 15:30:00,0,1.0,1.0,90113.2,90288.04,-174.8399999999965,21078.870000000083
2026-01-21 15:45:00,0,0.0,1.0,90288.04,89742.57,545.4699999999866,21624.34000000007
2026-01-21 16:00:00,1,0.0,1.0,89742.57,89584.1,-158.47000000000116,21465.870000000068
2026-01-21 16:15:00,1,0.0,1.0,89584.1,88157.41,-1426.6900000000023,20039.180000000066
2026-01-21 16:30:00,1,0.0,1.0,88157.41,87602.4,-555.0100000000093,19484.170000000056
2026-01-21 16:45:00,1,0.0,1.0,87602.4,87323.05,-279.34999999999127,19204.820000000065
2026-01-21 17:00:00,1,1.0,1.0,87323.05,87780.0,456.9499999999971,19661.770000000062
2026-01-21 17:15:00,1,1.0,1.0,87780.0,87925.56,145.55999999999767,19807.33000000006
2026-01-21 17:30:00,0,1.0,0.0,87925.56,87932.38,-6.820000000006985,19800.510000000053
2026-01-21 17:45:00,0,0.0,0.0,87932.38,87905.8,26.580000000001746,19827.090000000055
2026-01-21 18:00:00,0,1.0,1.0,87905.8,88015.67,-109.86999999999534,19717.22000000006
2026-01-21 18:15:00,0,1.0,1.0,88015.67,88124.56,-108.88999999999942,19608.33000000006
2026-01-21 18:30:00,0,1.0,1.0,88124.56,88485.43,-360.86999999999534,19247.460000000065
2026-01-21 18:45:00,0,0.0,1.0,88485.43,88400.01,85.41999999999825,19332.880000000063
2026-01-21 19:00:00,1,1.0,1.0,88400.01,89646.66,1246.6500000000087,20579.53000000007
2026-01-21 19:15:00,0,1.0,1.0,89646.66,90039.21,-392.5500000000029,20186.98000000007
2026-01-21 19:30:00,0,1.0,1.0,90039.21,90355.56,-316.34999999999127,19870.630000000077
2026-01-21 19:45:00,0,0.0,1.0,90355.56,89912.7,442.8600000000006,20313.490000000078
2026-01-21 20:00:00,1,0.0,1.0,89912.7,89743.32,-169.3799999999901,20144.110000000088
2026-01-21 20:15:00,1,1.0,1.0,89743.32,89904.01,160.68999999998778,20304.800000000076
2026-01-21 20:30:00,1,1.0,1.0,89904.01,90214.01,310.0,20614.800000000076
2026-01-21 20:45:00,0,0.0,1.0,90214.01,90105.01,109.0,20723.800000000076
2026-01-21 21:00:00,1,0.0,0.0,90105.01,90072.26,-32.75,20691.050000000076
2026-01-21 21:15:00,1,1.0,1.0,90072.26,90258.82,186.56000000001222,20877.610000000088
2026-01-21 21:30:00,1,0.0,0.0,90258.82,90249.18,-9.64000000001397,20867.970000000074
2026-01-21 21:45:00,1,0.0,0.0,90249.18,90217.74,-31.439999999987776,20836.530000000086
2026-01-21 22:00:00,1,0.0,1.0,90217.74,89992.91,-224.83000000000175,20611.700000000084
2026-01-21 22:15:00,1,0.0,0.0,89992.91,89962.36,-30.55000000000291,20581.15000000008
2026-01-21 22:30:00,1,0.0,1.0,89962.36,89763.51,-198.85000000000582,20382.300000000076
2026-01-21 22:45:00,1,1.0,1.0,89763.51,90190.48,426.97000000000116,20809.270000000077
2026-01-21 23:00:00,0,0.0,1.0,90190.48,90030.34,160.13999999999942,20969.410000000076
2026-01-21 23:15:00,1,0.0,1.0,90030.34,89547.89,-482.4499999999971,20486.96000000008
2026-01-21 23:30:00,1,0.0,1.0,89547.89,89454.73,-93.16000000000349,20393.800000000076
2026-01-21 23:45:00,1,1.0,1.0,89454.73,89710.4,255.66999999999825,20649.470000000074
2026-01-22 00:00:00,1,1.0,1.0,89710.4,89839.15,128.75,20778.220000000074
2026-01-22 00:15:00,0,1.0,1.0,89839.15,89939.99,-100.84000000001106,20677.380000000063
2026-01-22 00:30:00,0,0.0,0.0,89939.99,89908.49,31.5,20708.880000000063
2026-01-22 00:45:00,1,1.0,1.0,89908.49,90006.25,97.75999999999476,20806.640000000058
2026-01-22 01:00:00,0,1.0,1.0,90006.25,90135.07,-128.82000000000698,20677.82000000005
2026-01-22 01:15:00,0,0.0,1.0,90135.07,89992.84,142.23000000001048,20820.05000000006
2026-01-22 01:30:00,1,1.0,1.0,89992.84,90113.19,120.35000000000582,20940.400000000067
2026-01-22 01:45:00,0,1.0,1.0,90113.19,90183.96,-70.77000000000407,20869.630000000063
2026-01-22 02:00:00,0,1.0,1.0,90183.96,90291.83,-107.86999999999534,20761.760000000068
2026-01-22 02:15:00,0,0.0,1.0,90291.83,90115.45,176.38000000000466,20938.140000000072
2026-01-22 02:30:00,1,0.0,1.0,90115.45,89938.3,-177.14999999999418,20760.990000000078
2026-01-22 02:45:00,1,1.0,1.0,89938.3,90100.6,162.3000000000029,20923.29000000008
2026-01-22 03:00:00,0,0.0,1.0,90100.6,89936.49,164.11000000000058,21087.40000000008
2026-01-22 03:15:00,1,0.0,1.0,89936.49,89839.29,-97.20000000001164,20990.20000000007
2026-01-22 03:30:00,1,1.0,1.0,89839.29,89899.51,60.220000000001164,21050.42000000007
2026-01-22 03:45:00,0,0.0,0.0,89899.51,89876.77,22.739999999990687,21073.16000000006
2026-01-22 04:00:00,1,1.0,1.0,89876.77,89975.96,99.19000000000233,21172.350000000064
2026-01-22 04:15:00,0,1.0,0.0,89975.96,89998.6,-22.639999999999418,21149.710000000065
2026-01-22 04:30:00,0,1.0,0.0,89998.6,89998.91,-0.3099999999976717,21149.400000000067
2026-01-22 04:45:00,0,1.0,0.0,89998.91,90045.97,-47.05999999999767,21102.34000000007
2026-01-22 05:00:00,0,0.0,1.0,90045.97,89977.81,68.16000000000349,21170.500000000073
2026-01-22 05:15:00,1,1.0,0.0,89977.81,90010.62,32.80999999999767,21203.31000000007
2026-01-22 05:30:00,0,1.0,0.0,90010.62,90026.3,-15.680000000007567,21187.630000000063
2026-01-22 05:45:00,0,1.0,0.0,90026.3,90037.83,-11.529999999998836,21176.100000000064
2026-01-22 06:00:00,0,0.0,0.0,90037.83,90004.63,33.19999999999709,21209.30000000006
2026-01-22 06:15:00,1,1.0,1.0,90004.63,90157.99,153.36000000000058,21362.66000000006
2026-01-22 06:30:00,0,1.0,0.0,90157.99,90172.11,-14.119999999995343,21348.540000000066
2026-01-22 06:45:00,0,0.0,1.0,90172.11,90062.21,109.89999999999418,21458.44000000006
2026-01-22 07:00:00,1,0.0,1.0,90062.21,89971.71,-90.5,21367.94000000006
2026-01-22 07:15:00,1,0.0,0.0,89971.71,89943.22,-28.49000000000524,21339.450000000055
2026-01-22 07:30:00,1,0.0,1.0,89943.22,89818.79,-124.43000000000757,21215.020000000048
2026-01-22 07:45:00,1,0.0,0.0,89818.79,89770.01,-48.779999999998836,21166.24000000005
2026-01-22 08:00:00,1,1.0,1.0,89770.01,89876.05,106.04000000000815,21272.280000000057
2026-01-22 08:15:00,0,0.0,0.0,89876.05,89821.16,54.88999999999942,21327.170000000056
2026-01-22 08:30:00,1,1.0,1.0,89821.16,89920.16,99.0,21426.170000000056
2026-01-22 08:45:00,0,1.0,1.0,89920.16,90043.69,-123.52999999999884,21302.640000000058
2026-01-22 09:00:00,0,0.0,0.0,90043.69,89993.25,50.44000000000233,21353.08000000006
2026-01-22 09:15:00,1,1.0,1.0,89993.25,90103.24,109.99000000000524,21463.070000000065
2026-01-22 09:30:00,0,0.0,1.0,90103.24,90033.02,70.22000000000116,21533.290000000066
2026-01-22 09:45:00,1,0.0,0.0,90033.02,90031.11,-1.9100000000034925,21531.380000000063
2026-01-22 10:00:00,1,0.0,0.0,90031.11,90029.37,-1.7400000000052387,21529.640000000058
2026-01-22 10:15:00,1,1.0,0.0,90029.37,90058.5,29.130000000004657,21558.770000000062
2026-01-22 10:30:00,0,1.0,0.0,90058.5,90078.77,-20.270000000004075,21538.50000000006
2026-01-22 10:45:00,0,0.0,1.0,90078.77,89987.17,91.60000000000582,21630.100000000064
2026-01-22 11:00:00,1,0.0,0.0,89987.17,89952.81,-34.36000000000058,21595.740000000063
2026-01-22 11:15:00,1,1.0,0.0,89952.81,89983.47,30.660000000003492,21626.400000000067
2026-01-22 11:30:00,0,0.0,0.0,89983.47,89941.26,42.2100000000064,21668.610000000073
2026-01-22 11:45:00,1,1.0,1.0,89941.26,90008.46,67.20000000001164,21735.810000000085
2026-01-22 12:00:00,0,1.0,0.0,90008.46,90020.02,-11.559999999997672,21724.250000000087
2026-01-22 12:15:00,0,1.0,0.0,90020.02,90037.83,-17.80999999999767,21706.44000000009
2026-01-22 12:30:00,0,0.0,0.0,90037.83,90021.09,16.74000000000524,21723.180000000095
2026-01-22 12:45:00,1,1.0,0.0,90021.09,90053.07,31.980000000010477,21755.160000000105
2026-01-22 13:00:00,0,1.0,1.0,90053.07,90197.16,-144.0899999999965,21611.07000000011
2026-01-22 13:15:00,0,0.0,1.0,90197.16,89622.76,574.4000000000087,22185.470000000118
2026-01-22 13:30:00,1,0.0,0.0,89622.76,89619.81,-2.9499999999970896,22182.52000000012
2026-01-22 13:45:00,1,1.0,1.0,89619.81,89702.84,83.02999999999884,22265.55000000012
2026-01-22 14:00:00,0,0.0,1.0,89702.84,89574.08,128.75999999999476,22394.310000000114
2026-01-22 14:15:00,1,0.0,1.0,89574.08,89486.1,-87.97999999999593,22306.330000000118
2026-01-22 14:30:00,1,0.0,1.0,89486.1,89088.59,-397.5100000000093,21908.82000000011
2026-01-22 14:45:00,1,1.0,1.0,89088.59,89258.84,170.25,22079.07000000011
2026-01-22 15:00:00,1,0.0,1.0,89258.84,88658.05,-600.7899999999936,21478.280000000115
2026-01-22 15:15:00,1,1.0,1.0,88658.05,89150.07,492.0200000000041,21970.30000000012
2026-01-22 15:30:00,0,0.0,1.0,89150.07,89000.01,150.06000000001222,22120.36000000013
2026-01-22 15:45:00,1,0.0,1.0,89000.01,88843.79,-156.22000000000116,21964.14000000013
2026-01-22 16:00:00,1,1.0,1.0,88843.79,88992.1,148.31000000001222,22112.450000000143
2026-01-22 16:15:00,0,0.0,0.0,88992.1,88972.45,19.65000000000873,22132.10000000015
2026-01-22 16:30:00,1,1.0,1.0,88972.45,89054.06,81.61000000000058,22213.710000000152
2026-01-22 16:45:00,0,1.0,1.0,89054.06,89228.33,-174.27000000000407,22039.440000000148
2026-01-22 17:00:00,0,0.0,1.0,89228.33,89148.33,80.0,22119.440000000148
2026-01-22 17:15:00,1,1.0,1.0,89148.33,89230.71,82.38000000000466,22201.820000000153
2026-01-22 17:30:00,0,1.0,1.0,89230.71,89550.01,-319.29999999998836,21882.520000000164
2026-01-22 17:45:00,0,0.0,1.0,89550.01,89474.03,75.97999999999593,21958.50000000016
2026-01-22 18:00:00,1,1.0,1.0,89474.03,89616.04,142.00999999999476,22100.510000000155
2026-01-22 18:15:00,0,1.0,0.0,89616.04,89668.6,-52.560000000012224,22047.950000000143
2026-01-22 18:30:00,0,0.0,1.0,89668.6,89333.94,334.6600000000035,22382.610000000146
2026-01-22 18:45:00,1,1.0,1.0,89333.94,89399.12,65.17999999999302,22447.79000000014
2026-01-22 19:00:00,1,1.0,1.0,89399.12,89504.99,105.8700000000099,22553.66000000015
2026-01-22 19:15:00,0,1.0,1.0,89504.99,89845.71,-340.72000000000116,22212.940000000148
2026-01-22 19:30:00,0,0.0,1.0,89845.71,89777.9,67.81000000001222,22280.75000000016
2026-01-22 19:45:00,1,1.0,1.0,89777.9,89924.0,146.10000000000582,22426.850000000166
2026-01-22 20:00:00,0,0.0,1.0,89924.0,89574.44,349.5599999999977,22776.410000000164
2026-01-22 20:15:00,1,0.0,1.0,89574.44,89507.7,-66.74000000000524,22709.67000000016
2026-01-22 20:30:00,1,0.0,1.0,89507.7,89409.72,-97.97999999999593,22611.690000000162
2026-01-22 20:45:00,1,1.0,1.0,89409.72,89540.01,130.2899999999936,22741.980000000156
2026-01-22 21:00:00,1,1.0,0.0,89540.01,89571.54,31.529999999998836,22773.510000000155
2026-01-22 21:15:00,1,0.0,1.0,89571.54,89392.01,-179.52999999999884,22593.980000000156
2026-01-22 21:30:00,1,0.0,1.0,89392.01,89268.66,-123.34999999999127,22470.630000000165
2026-01-22 21:45:00,1,1.0,1.0,89268.66,89490.7,222.0399999999936,22692.67000000016
2026-01-22 22:00:00,0,0.0,1.0,89490.7,89422.77,67.92999999999302,22760.60000000015
2026-01-22 22:15:00,1,0.0,1.0,89422.77,89265.5,-157.27000000000407,22603.330000000147
2026-01-22 22:30:00,1,1.0,1.0,89265.5,89346.99,81.49000000000524,22684.820000000153
2026-01-22 22:45:00,1,0.0,0.0,89346.99,89302.4,-44.59000000001106,22640.23000000014
2026-01-22 23:00:00,1,1.0,1.0,89302.4,89440.0,137.60000000000582,22777.830000000147
2026-01-22 23:15:00,1,1.0,1.0,89440.0,89505.7,65.69999999999709,22843.530000000144
2026-01-22 23:30:00,1,1.0,0.0,89505.7,89559.67,53.970000000001164,22897.500000000146
2026-01-22 23:45:00,0,0.0,0.0,89559.67,89537.0,22.669999999998254,22920.170000000144
2026-01-23 00:00:00,1,1.0,1.0,89537.0,89615.71,78.7100000000064,22998.88000000015
2026-01-23 00:15:00,0,0.0,1.0,89615.71,89552.51,63.20000000001164,23062.08000000016
2026-01-23 00:30:00,1,0.0,0.0,89552.51,89520.01,-32.5,23029.58000000016
2026-01-23 00:45:00,1,1.0,1.0,89520.01,89607.82,87.81000000001222,23117.390000000174
2026-01-23 01:00:00,0,1.0,1.0,89607.82,89693.16,-85.33999999999651,23032.050000000178
2026-01-23 01:15:00,0,1.0,1.0,89693.16,89827.81,-134.64999999999418,22897.400000000183
2026-01-23 01:30:00,0,1.0,1.0,89827.81,89939.38,-111.57000000000698,22785.830000000176
2026-01-23 01:45:00,0,1.0,0.0,89939.38,89950.34,-10.959999999991851,22774.870000000185
2026-01-23 02:00:00,0,0.0,1.0,89950.34,89769.13,181.20999999999185,22956.080000000176
2026-01-23 02:15:00,1,1.0,0.0,89769.13,89788.7,19.569999999992433,22975.65000000017
2026-01-23 02:30:00,1,0.0,1.0,89788.7,89663.48,-125.22000000000116,22850.430000000168
2026-01-23 02:45:00,1,1.0,1.0,89663.48,89805.44,141.9600000000064,22992.390000000174
2026-01-23 03:00:00,0,1.0,1.0,89805.44,89897.74,-92.30000000000291,22900.09000000017
2026-01-23 03:15:00,0,0.0,0.0,89897.74,89894.28,3.460000000006403,22903.550000000178
2026-01-23 03:30:00,1,1.0,0.0,89894.28,89924.78,30.5,22934.050000000178
2026-01-23 03:45:00,0,1.0,1.0,89924.78,90076.9,-152.11999999999534,22781.930000000182
2026-01-23 04:00:00,0,0.0,1.0,90076.9,89985.48,91.41999999999825,22873.35000000018
2026-01-23 04:15:00,1,0.0,0.0,89985.48,89983.04,-2.4400000000023283,22870.910000000178
2026-01-23 04:30:00,1,0.0,0.0,89983.04,89965.42,-17.619999999995343,22853.290000000183
2026-01-23 04:45:00,1,0.0,1.0,89965.42,89886.16,-79.25999999999476,22774.030000000188
2026-01-23 05:00:00,1,0.0,1.0,89886.16,89646.22,-239.94000000000233,22534.090000000186
2026-01-23 05:15:00,1,0.0,0.0,89646.22,89643.52,-2.6999999999970896,22531.39000000019
2026-01-23 05:30:00,1,0.0,0.0,89643.52,89616.03,-27.49000000000524,22503.900000000183
2026-01-23 05:45:00,1,1.0,1.0,89616.03,89733.5,117.47000000000116,22621.370000000185
2026-01-23 06:00:00,0,0.0,1.0,89733.5,89473.16,260.3399999999965,22881.71000000018
2026-01-23 06:15:00,1,1.0,1.0,89473.16,89655.74,182.58000000000175,23064.290000000183
2026-01-23 06:30:00,0,0.0,1.0,89655.74,89509.59,146.15000000000873,23210.44000000019
2026-01-23 06:45:00,1,1.0,0.0,89509.59,89550.59,41.0,23251.44000000019
2026-01-23 07:00:00,1,1.0,1.0,89550.59,89642.22,91.63000000000466,23343.070000000196
2026-01-23 07:15:00,1,0.0,1.0,89642.22,89580.98,-61.24000000000524,23281.83000000019
2026-01-23 07:30:00,1,0.0,0.0,89580.98,89549.45,-31.529999999998836,23250.300000000192
2026-01-23 07:45:00,1,1.0,0.0,89549.45,89552.21,2.7600000000093132,23253.0600000002
2026-01-23 08:00:00,1,0.0,1.0,89552.21,89332.78,-219.43000000000757,23033.630000000194
2026-01-23 08:15:00,1,1.0,0.0,89332.78,89359.76,26.979999999995925,23060.61000000019
2026-01-23 08:30:00,1,0.0,1.0,89359.76,89221.46,-138.29999999998836,22922.3100000002
2026-01-23 08:45:00,1,1.0,0.0,89221.46,89238.57,17.110000000000582,22939.420000000202
2026-01-23 09:00:00,1,0.0,1.0,89238.57,89165.65,-72.9200000000128,22866.50000000019
2026-01-23 09:15:00,1,0.0,1.0,89165.65,89009.73,-155.91999999999825,22710.58000000019
2026-01-23 09:30:00,1,0.0,0.0,89009.73,88977.72,-32.00999999999476,22678.570000000196
2026-01-23 09:45:00,1,1.0,1.0,88977.72,89049.83,72.11000000000058,22750.680000000197
2026-01-23 10:00:00,1,1.0,0.0,89049.83,89103.0,53.169999999998254,22803.850000000195
2026-01-23 10:15:00,1,1.0,0.0,89103.0,89127.97,24.970000000001164,22828.820000000196
2026-01-23 10:30:00,0,0.0,1.0,89127.97,89046.49,81.47999999999593,22910.300000000192
2026-01-23 10:45:00,1,1.0,1.0,89046.49,89222.89,176.39999999999418,23086.700000000186
2026-01-23 11:00:00,0,0.0,0.0,89222.89,89219.99,2.8999999999941792,23089.60000000018
2026-01-23 11:15:00,1,1.0,0.0,89219.99,89249.2,29.20999999999185,23118.810000000172
2026-01-23 11:30:00,1,0.0,0.0,89249.2,89202.48,-46.720000000001164,23072.09000000017
2026-01-23 11:45:00,1,0.0,0.0,89202.48,89160.01,-42.470000000001164,23029.62000000017
2026-01-23 12:00:00,1,1.0,0.0,89160.01,89163.52,3.5100000000093132,23033.13000000018
2026-01-23 12:15:00,1,1.0,1.0,89163.52,89241.26,77.73999999999069,23110.87000000017
2026-01-23 12:30:00,1,1.0,0.0,89241.26,89267.83,26.570000000006985,23137.440000000177
2026-01-23 12:45:00,0,1.0,1.0,89267.83,89407.15,-139.31999999999243,22998.120000000185
2026-01-23 13:00:00,0,0.0,1.0,89407.15,89257.43,149.72000000000116,23147.840000000186
2026-01-23 13:15:00,1,1.0,1.0,89257.43,89355.2,97.77000000000407,23245.61000000019
2026-01-23 13:30:00,0,0.0,0.0,89355.2,89350.81,4.389999999999418,23250.00000000019
2026-01-23 13:45:00,1,1.0,1.0,89350.81,89459.29,108.47999999999593,23358.480000000185
2026-01-23 14:00:00,0,1.0,1.0,89459.29,89685.93,-226.63999999999942,23131.840000000186
2026-01-23 14:15:00,0,0.0,1.0,89685.93,88965.48,720.4499999999971,23852.290000000183
2026-01-23 14:30:00,1,1.0,0.0,88965.48,89017.85,52.370000000009895,23904.660000000193
2026-01-23 14:45:00,1,0.0,1.0,89017.85,88821.92,-195.93000000000757,23708.730000000185
2026-01-23 15:00:00,1,1.0,1.0,88821.92,88979.61,157.69000000000233,23866.420000000187
2026-01-23 15:15:00,1,1.0,1.0,88979.61,89259.98,280.36999999999534,24146.790000000183
2026-01-23 15:30:00,0,1.0,1.0,89259.98,89761.61,-501.63000000000466,23645.160000000178
2026-01-23 15:45:00,0,0.0,0.0,89761.61,89752.27,9.339999999996508,23654.500000000175
2026-01-23 16:00:00,1,0.0,1.0,89752.27,89575.45,-176.82000000000698,23477.680000000168
2026-01-23 16:15:00,1,1.0,1.0,89575.45,90269.66,694.2100000000064,24171.890000000174
2026-01-23 16:30:00,0,0.0,1.0,90269.66,90124.85,144.80999999999767,24316.70000000017
2026-01-23 16:45:00,1,1.0,1.0,90124.85,90199.99,75.13999999999942,24391.84000000017
2026-01-23 17:00:00,0,1.0,1.0,90199.99,90981.99,-782.0,23609.84000000017
2026-01-23 17:15:00,0,0.0,1.0,90981.99,90831.33,150.6600000000035,23760.500000000175
2026-01-23 17:30:00,0,0.0,1.0,90831.33,90600.0,231.33000000000175,23991.830000000176
2026-01-23 17:45:00,1,1.0,1.0,90600.0,90743.61,143.61000000000058,24135.440000000177
2026-01-23 18:00:00,0,1.0,1.0,90743.61,90871.84,-128.22999999999593,24007.21000000018
2026-01-23 18:15:00,0,0.0,1.0,90871.84,90738.0,133.8399999999965,24141.050000000178
2026-01-23 18:30:00,1,0.0,1.0,90738.0,90530.45,-207.5500000000029,23933.500000000175
2026-01-23 18:45:00,1,0.0,1.0,90530.45,90278.0,-252.4499999999971,23681.050000000178
2026-01-23 19:00:00,1,0.0,1.0,90278.0,89845.83,-432.16999999999825,23248.88000000018
2026-01-23 19:15:00,1,1.0,0.0,89845.83,89879.79,33.95999999999185,23282.84000000017
2026-01-23 19:30:00,1,1.0,1.0,89879.79,89982.79,103.0,23385.84000000017
2026-01-23 19:45:00,1,1.0,1.0,89982.79,90119.01,136.22000000000116,23522.060000000172
2026-01-23 20:00:00,0,0.0,1.0,90119.01,89814.37,304.6399999999994,23826.70000000017
2026-01-23 20:15:00,1,0.0,1.0,89814.37,89422.27,-392.09999999999127,23434.60000000018
2026-01-23 20:30:00,1,1.0,1.0,89422.27,89503.68,81.40999999998894,23516.01000000017
2026-01-23 20:45:00,1,1.0,1.0,89503.68,89605.43,101.75,23617.76000000017
2026-01-23 21:00:00,0,0.0,0.0,89605.43,89600.26,5.169999999998254,23622.930000000168
2026-01-23 21:15:00,1,0.0,1.0,89600.26,89438.01,-162.25,23460.680000000168
2026-01-23 21:30:00,1,0.0,1.0,89438.01,89349.99,-88.01999999998952,23372.660000000178
2026-01-23 21:45:00,1,1.0,1.0,89349.99,89622.5,272.50999999999476,23645.170000000173
2026-01-23 22:00:00,1,1.0,1.0,89622.5,89712.22,89.72000000000116,23734.890000000174
2026-01-23 22:15:00,1,0.0,1.0,89712.22,89587.03,-125.19000000000233,23609.70000000017
2026-01-23 22:30:00,1,1.0,0.0,89587.03,89624.61,37.580000000001746,23647.280000000173
2026-01-23 22:45:00,1,0.0,0.0,89624.61,89576.22,-48.38999999999942,23598.890000000174
2026-01-23 23:00:00,1,0.0,0.0,89576.22,89562.0,-14.220000000001164,23584.670000000173
2026-01-23 23:15:00,1,0.0,0.0,89562.0,89517.1,-44.89999999999418,23539.77000000018
2026-01-23 23:30:00,1,1.0,1.0,89517.1,89600.26,83.15999999998894,23622.930000000168
2026-01-23 23:45:00,1,0.0,1.0,89600.26,89509.51,-90.75,23532.180000000168
2026-01-24 00:00:00,1,0.0,0.0,89509.51,89457.87,-51.63999999999942,23480.54000000017
2026-01-24 00:15:00,1,1.0,0.0,89457.87,89481.82,23.95000000001164,23504.49000000018
2026-01-24 00:30:00,1,0.0,0.0,89481.82,89452.83,-28.99000000000524,23475.500000000175
2026-01-24 00:45:00,1,1.0,1.0,89452.83,89515.93,63.09999999999127,23538.600000000166
2026-01-24 01:00:00,1,1.0,1.0,89515.93,89574.23,58.30000000000291,23596.90000000017
2026-01-24 01:15:00,0,0.0,0.0,89574.23,89540.39,33.83999999999651,23630.740000000165
2026-01-24 01:30:00,1,1.0,0.0,89540.39,89550.24,9.85000000000582,23640.59000000017
2026-01-24 01:45:00,1,1.0,1.0,89550.24,89621.67,71.42999999999302,23712.020000000164
2026-01-24 02:00:00,0,0.0,0.0,89621.67,89617.41,4.259999999994761,23716.28000000016
2026-01-24 02:15:00,1,1.0,1.0,89617.41,89686.57,69.16000000000349,23785.440000000162
2026-01-24 02:30:00,1,1.0,0.0,89686.57,89702.85,16.279999999998836,23801.72000000016
2026-01-24 02:45:00,0,1.0,1.0,89702.85,89873.32,-170.47000000000116,23631.25000000016
2026-01-24 03:00:00,0,1.0,1.0,89873.32,89936.25,-62.929999999993015,23568.320000000167
2026-01-24 03:15:00,0,0.0,1.0,89936.25,89834.34,101.91000000000349,23670.23000000017
2026-01-24 03:30:00,1,0.0,1.0,89834.34,89770.02,-64.31999999999243,23605.910000000178
2026-01-24 03:45:00,1,1.0,0.0,89770.02,89803.43,33.40999999998894,23639.320000000167
2026-01-24 04:00:00,1,0.0,1.0,89803.43,89723.13,-80.29999999998836,23559.02000000018
2026-01-24 04:15:00,1,1.0,0.0,89723.13,89759.67,36.5399999999936,23595.560000000172
2026-01-24 04:30:00,1,1.0,1.0,89759.67,89829.35,69.68000000000757,23665.24000000018
2026-01-24 04:45:00,0,0.0,0.0,89829.35,89829.1,0.25,23665.49000000018
2026-01-24 05:00:00,1,0.0,0.0,89829.1,89816.12,-12.980000000010477,23652.51000000017
2026-01-24 05:15:00,1,0.0,0.0,89816.12,89761.89,-54.229999999995925,23598.280000000173
2026-01-24 05:30:00,1,1.0,0.0,89761.89,89775.2,13.309999999997672,23611.59000000017
2026-01-24 05:45:00,0,0.0,0.0,89775.2,89744.49,30.70999999999185,23642.300000000163
2026-01-24 06:00:00,1,0.0,1.0,89744.49,89649.99,-94.5,23547.800000000163
2026-01-24 06:15:00,1,1.0,0.0,89649.99,89671.76,21.769999999989523,23569.570000000153
2026-01-24 06:30:00,1,0.0,0.0,89671.76,89649.32,-22.439999999987776,23547.130000000165
2026-01-24 06:45:00,1,1.0,0.0,89649.32,89657.77,8.44999999999709,23555.58000000016
2026-01-24 07:00:00,0,0.0,0.0,89657.77,89604.88,52.88999999999942,23608.47000000016
2026-01-24 07:15:00,1,1.0,0.0,89604.88,89657.76,52.879999999990105,23661.35000000015
2026-01-24 07:30:00,1,0.0,0.0,89657.76,89620.1,-37.65999999998894,23623.690000000162
2026-01-24 07:45:00,1,0.0,0.0,89620.1,89615.86,-4.240000000005239,23619.450000000157
2026-01-24 08:00:00,1,0.0,0.0,89615.86,89615.86,0.0,23619.450000000157
2026-01-24 08:15:00,1,1.0,0.0,89615.86,89663.22,47.36000000000058,23666.810000000158
2026-01-24 08:30:00,1,0.0,0.0,89663.22,89660.88,-2.3399999999965075,23664.47000000016
2026-01-24 08:45:00,1,0.0,0.0,89660.88,89640.45,-20.430000000007567,23644.040000000154
2026-01-24 09:00:00,1,0.0,0.0,89640.45,89620.68,-19.770000000004075,23624.27000000015
2026-01-24 09:15:00,1,0.0,0.0,89620.68,89613.66,-7.019999999989523,23617.25000000016
2026-01-24 09:30:00,1,0.0,0.0,89613.66,89600.0,-13.660000000003492,23603.590000000157
2026-01-24 09:45:00,1,1.0,0.0,89600.0,89629.18,29.179999999993015,23632.77000000015
2026-01-24 10:00:00,1,0.0,0.0,89629.18,89620.42,-8.759999999994761,23624.010000000155
2026-01-24 10:15:00,1,0.0,0.0,89620.42,89602.24,-18.179999999993015,23605.83000000016
2026-01-24 10:30:00,1,1.0,0.0,89602.24,89626.8,24.55999999999767,23630.39000000016
2026-01-24 10:45:00,1,0.0,0.0,89626.8,89610.05,-16.75,23613.64000000016
2026-01-24 11:00:00,1,1.0,0.0,89610.05,89633.87,23.819999999992433,23637.460000000152
2026-01-24 11:15:00,1,1.0,0.0,89633.87,89654.25,20.380000000004657,23657.840000000157
2026-01-24 11:30:00,0,0.0,1.0,89654.25,89595.4,58.85000000000582,23716.690000000162
2026-01-24 11:45:00,1,0.0,0.0,89595.4,89541.56,-53.83999999999651,23662.850000000166
2026-01-24 12:00:00,1,1.0,0.0,89541.56,89549.99,8.430000000007567,23671.280000000173
2026-01-24 12:15:00,0,0.0,0.0,89549.99,89535.99,14.0,23685.280000000173
2026-01-24 12:30:00,1,1.0,0.0,89535.99,89537.82,1.8300000000017462,23687.110000000175
2026-01-24 12:45:00,1,0.0,0.0,89537.82,89535.59,-2.2300000000104774,23684.880000000165
2026-01-24 13:00:00,1,0.0,0.0,89535.59,89532.3,-3.289999999993597,23681.59000000017
2026-01-24 13:15:00,1,1.0,0.0,89532.3,89536.76,4.459999999991851,23686.050000000163
2026-01-24 13:30:00,0,0.0,1.0,89536.76,89368.22,168.5399999999936,23854.590000000157
2026-01-24 13:45:00,1,1.0,1.0,89368.22,89473.86,105.63999999999942,23960.230000000156
2026-01-24 14:00:00,0,0.0,0.0,89473.86,89472.83,1.0299999999988358,23961.260000000155
2026-01-24 14:15:00,1,1.0,0.0,89472.83,89500.01,27.179999999993015,23988.440000000148
2026-01-24 14:30:00,0,0.0,0.0,89500.01,89450.03,49.979999999995925,24038.420000000144
2026-01-24 14:45:00,1,1.0,0.0,89450.03,89470.53,20.5,24058.920000000144
2026-01-24 15:00:00,0,0.0,1.0,89470.53,89394.43,76.10000000000582,24135.02000000015
2026-01-24 15:15:00,1,0.0,0.0,89394.43,89347.13,-47.29999999998836,24087.72000000016
2026-01-24 15:30:00,1,0.0,1.0,89347.13,89275.77,-71.36000000000058,24016.36000000016
2026-01-24 15:45:00,1,0.0,0.0,89275.77,89247.79,-27.980000000010477,23988.38000000015
2026-01-24 16:00:00,1,1.0,0.0,89247.79,89260.0,12.210000000006403,24000.590000000157
2026-01-24 16:15:00,1,0.0,0.0,89260.0,89219.99,-40.00999999999476,23960.58000000016
2026-01-24 16:30:00,1,1.0,1.0,89219.99,89290.01,70.01999999998952,24030.60000000015
2026-01-24 16:45:00,1,1.0,1.0,89290.01,89371.88,81.8700000000099,24112.47000000016
2026-01-24 17:00:00,1,1.0,0.0,89371.88,89406.69,34.80999999999767,24147.28000000016
2026-01-24 17:15:00,0,0.0,1.0,89406.69,89333.53,73.16000000000349,24220.440000000162
2026-01-24 17:30:00,1,1.0,1.0,89333.53,89406.5,72.97000000000116,24293.410000000164
2026-01-24 17:45:00,0,1.0,0.0,89406.5,89415.99,-9.490000000005239,24283.92000000016
2026-01-24 18:00:00,0,1.0,0.0,89415.99,89426.69,-10.69999999999709,24273.22000000016
2026-01-24 18:15:00,0,0.0,0.0,89426.69,89412.73,13.960000000006403,24287.180000000168
2026-01-24 18:30:00,1,0.0,0.0,89412.73,89395.23,-17.5,24269.680000000168
2026-01-24 18:45:00,1,0.0,1.0,89395.23,89316.98,-78.25,24191.430000000168
2026-01-24 19:00:00,1,0.0,0.0,89316.98,89296.03,-20.94999999999709,24170.48000000017
2026-01-24 19:15:00,1,1.0,0.0,89296.03,89334.98,38.94999999999709,24209.430000000168
2026-01-24 19:30:00,1,0.0,0.0,89334.98,89331.36,-3.6199999999953434,24205.810000000172
2026-01-24 19:45:00,1,1.0,1.0,89331.36,89373.53,42.169999999998254,24247.98000000017
2026-01-24 20:00:00,1,1.0,0.0,89373.53,89399.99,26.460000000006403,24274.440000000177
2026-01-24 20:15:00,0,0.0,0.0,89399.99,89383.65,16.34000000001106,24290.780000000188
2026-01-24 20:30:00,1,0.0,0.0,89383.65,89380.01,-3.639999999999418,24287.14000000019
2026-01-24 20:45:00,1,0.0,1.0,89380.01,89287.83,-92.17999999999302,24194.960000000196
2026-01-24 21:00:00,1,1.0,1.0,89287.83,89331.53,43.69999999999709,24238.660000000193
2026-01-24 21:15:00,1,1.0,1.0,89331.53,89370.37,38.83999999999651,24277.50000000019
2026-01-24 21:30:00,1,1.0,0.0,89370.37,89386.61,16.24000000000524,24293.740000000194
2026-01-24 21:45:00,0,1.0,1.0,89386.61,89471.51,-84.89999999999418,24208.8400000002
2026-01-24 22:00:00,0,0.0,1.0,89471.51,89401.37,70.13999999999942,24278.9800000002
2026-01-24 22:15:00,1,0.0,1.0,89401.37,89304.85,-96.51999999998952,24182.46000000021
2026-01-24 22:30:00,1,1.0,1.0,89304.85,89430.0,125.14999999999418,24307.610000000204
2026-01-24 22:45:00,0,0.0,1.0,89430.0,89351.79,78.2100000000064,24385.82000000021
2026-01-24 23:00:00,1,1.0,1.0,89351.79,89389.76,37.970000000001164,24423.790000000212
2026-01-24 23:15:00,0,0.0,1.0,89389.76,89316.38,73.3799999999901,24497.170000000202
2026-01-24 23:30:00,1,0.0,1.0,89316.38,89225.34,-91.04000000000815,24406.130000000194
2026-01-24 23:45:00,1,1.0,1.0,89225.34,89265.39,40.05000000000291,24446.180000000197
2026-01-25 00:00:00,1,0.0,1.0,89265.39,89183.5,-81.88999999999942,24364.290000000197
2026-01-25 00:15:00,1,1.0,1.0,89183.5,89272.0,88.5,24452.790000000197
2026-01-25 00:30:00,1,1.0,1.0,89272.0,89315.18,43.179999999993015,24495.97000000019
2026-01-25 00:45:00,0,0.0,1.0,89315.18,89253.18,62.0,24557.97000000019
2026-01-25 01:00:00,1,0.0,1.0,89253.18,89200.0,-53.179999999993015,24504.790000000197
2026-01-25 01:15:00,1,0.0,1.0,89200.0,89140.0,-60.0,24444.790000000197
2026-01-25 01:30:00,1,1.0,0.0,89140.0,89176.31,36.30999999999767,24481.100000000195
2026-01-25 01:45:00,1,1.0,1.0,89176.31,89243.2,66.88999999999942,24547.990000000194
2026-01-25 02:00:00,1,0.0,1.0,89243.2,89140.08,-103.11999999999534,24444.8700000002
2026-01-25 02:15:00,1,1.0,0.0,89140.08,89145.41,5.330000000001746,24450.2000000002
2026-01-25 02:30:00,1,0.0,0.0,89145.41,89139.04,-6.370000000009895,24443.83000000019
2026-01-25 02:45:00,1,1.0,0.0,89139.04,89145.61,6.570000000006985,24450.400000000198
2026-01-25 03:00:00,1,0.0,1.0,89145.61,89035.32,-110.2899999999936,24340.110000000204
2026-01-25 03:15:00,1,0.0,1.0,89035.32,88928.47,-106.85000000000582,24233.2600000002
2026-01-25 03:30:00,1,1.0,0.0,88928.47,88960.35,31.880000000004657,24265.140000000203
2026-01-25 03:45:00,1,1.0,0.0,88960.35,88977.85,17.5,24282.640000000203
2026-01-25 04:00:00,1,0.0,0.0,88977.85,88958.39,-19.460000000006403,24263.180000000197
2026-01-25 04:15:00,1,1.0,1.0,88958.39,89068.04,109.64999999999418,24372.83000000019
2026-01-25 04:30:00,1,0.0,1.0,89068.04,89006.96,-61.079999999987194,24311.750000000204
2026-01-25 04:45:00,1,1.0,0.0,89006.96,89040.45,33.48999999999069,24345.240000000194
2026-01-25 05:00:00,1,0.0,1.0,89040.45,88990.0,-50.44999999999709,24294.790000000197
2026-01-25 05:15:00,1,0.0,1.0,88990.0,88892.46,-97.5399999999936,24197.250000000204
2026-01-25 05:30:00,1,1.0,1.0,88892.46,88990.9,98.43999999998778,24295.69000000019
2026-01-25 05:45:00,1,0.0,1.0,88990.9,88710.28,-280.61999999999534,24015.070000000196
2026-01-25 06:00:00,1,1.0,1.0,88710.28,88788.8,78.52000000000407,24093.5900000002
2026-01-25 06:15:00,1,1.0,1.0,88788.8,88849.59,60.7899999999936,24154.380000000194
2026-01-25 06:30:00,1,0.0,0.0,88849.59,88831.36,-18.229999999995925,24136.150000000198
2026-01-25 06:45:00,1,0.0,1.0,88831.36,88730.95,-100.41000000000349,24035.740000000194
2026-01-25 07:00:00,1,1.0,1.0,88730.95,88785.69,54.74000000000524,24090.4800000002
2026-01-25 07:15:00,1,0.0,1.0,88785.69,88722.26,-63.43000000000757,24027.050000000192
2026-01-25 07:30:00,1,0.0,1.0,88722.26,88659.99,-62.26999999998952,23964.780000000203
2026-01-25 07:45:00,1,1.0,1.0,88659.99,88725.16,65.16999999999825,24029.9500000002
2026-01-25 08:00:00,1,0.0,1.0,88725.16,88682.54,-42.620000000009895,23987.33000000019
2026-01-25 08:15:00,1,0.0,1.0,88682.54,88317.02,-365.5199999999895,23621.8100000002
2026-01-25 08:30:00,1,0.0,0.0,88317.02,88300.01,-17.010000000009313,23604.800000000192
2026-01-25 08:45:00,1,1.0,1.0,88300.01,88360.0,59.99000000000524,23664.790000000197
2026-01-25 09:00:00,1,1.0,1.0,88360.0,88464.45,104.44999999999709,23769.240000000194
2026-01-25 09:15:00,1,1.0,0.0,88464.45,88487.99,23.54000000000815,23792.780000000203
2026-01-25 09:30:00,1,0.0,1.0,88487.99,88398.38,-89.61000000000058,23703.170000000202
2026-01-25 09:45:00,1,1.0,1.0,88398.38,88479.88,81.5,23784.670000000202
2026-01-25 10:00:00,1,1.0,1.0,88479.88,88625.7,145.81999999999243,23930.490000000194
2026-01-25 10:15:00,1,0.0,0.0,88625.7,88615.43,-10.270000000004075,23920.22000000019
2026-01-25 10:30:00,1,1.0,1.0,88615.43,88659.51,44.080000000001746,23964.300000000192
2026-01-25 10:45:00,0,0.0,1.0,88659.51,88606.76,52.75,24017.050000000192
2026-01-25 11:00:00,1,1.0,1.0,88606.76,88670.15,63.38999999999942,24080.44000000019
2026-01-25 11:15:00,0,0.0,1.0,88670.15,88609.24,60.90999999998894,24141.35000000018
2026-01-25 11:30:00,1,0.0,1.0,88609.24,88570.17,-39.070000000006985,24102.280000000173
2026-01-25 11:45:00,1,1.0,1.0,88570.17,88638.88,68.7100000000064,24170.99000000018
2026-01-25 12:00:00,1,1.0,1.0,88638.88,88690.0,51.11999999999534,24222.110000000175
2026-01-25 12:15:00,0,1.0,1.0,88690.0,88758.56,-68.55999999999767,24153.550000000178
2026-01-25 12:30:00,0,1.0,0.0,88758.56,88791.99,-33.43000000000757,24120.12000000017
2026-01-25 12:45:00,0,0.0,1.0,88791.99,88742.52,49.470000000001164,24169.59000000017
2026-01-25 13:00:00,1,0.0,1.0,88742.52,88697.45,-45.070000000006985,24124.520000000164
2026-01-25 13:15:00,1,1.0,1.0,88697.45,88846.57,149.1200000000099,24273.640000000174
2026-01-25 13:30:00,0,1.0,1.0,88846.57,88921.0,-74.42999999999302,24199.21000000018
2026-01-25 13:45:00,0,0.0,1.0,88921.0,88883.67,37.330000000001746,24236.540000000183
2026-01-25 14:00:00,1,0.0,1.0,88883.67,88719.99,-163.67999999999302,24072.86000000019
2026-01-25 14:15:00,1,0.0,0.0,88719.99,88684.64,-35.35000000000582,24037.510000000184
2026-01-25 14:30:00,1,1.0,0.0,88684.64,88710.1,25.460000000006403,24062.97000000019
2026-01-25 14:45:00,1,1.0,0.0,88710.1,88744.02,33.919999999998254,24096.89000000019
2026-01-25 15:00:00,1,0.0,0.0,88744.02,88742.64,-1.3800000000046566,24095.510000000184
2026-01-25 15:15:00,1,0.0,1.0,88742.64,88682.81,-59.830000000001746,24035.680000000182
2026-01-25 15:30:00,1,0.0,1.0,88682.81,88446.5,-236.30999999999767,23799.370000000185
2026-01-25 15:45:00,1,0.0,1.0,88446.5,87904.72,-541.7799999999988,23257.590000000186
2026-01-25 16:00:00,1,1.0,1.0,87904.72,88038.12,133.39999999999418,23390.99000000018
2026-01-25 16:15:00,1,0.0,1.0,88038.12,87930.95,-107.16999999999825,23283.82000000018
2026-01-25 16:30:00,1,1.0,1.0,87930.95,88077.26,146.30999999999767,23430.13000000018
2026-01-25 16:45:00,1,0.0,1.0,88077.26,87863.05,-214.20999999999185,23215.920000000187
2026-01-25 17:00:00,1,1.0,0.0,87863.05,87888.6,25.55000000000291,23241.47000000019
2026-01-25 17:15:00,1,1.0,1.0,87888.6,87998.35,109.75,23351.22000000019
2026-01-25 17:30:00,0,0.0,1.0,87998.35,87892.17,106.18000000000757,23457.400000000198
2026-01-25 17:45:00,1,0.0,1.0,87892.17,87700.58,-191.5899999999965,23265.8100000002
2026-01-25 18:00:00,1,0.0,1.0,87700.58,87528.53,-172.0500000000029,23093.7600000002
2026-01-25 18:15:00,1,0.0,1.0,87528.53,87079.93,-448.6000000000058,22645.160000000193
2026-01-25 18:30:00,1,1.0,1.0,87079.93,87420.01,340.08000000000175,22985.240000000194
2026-01-25 18:45:00,1,0.0,1.0,87420.01,87290.36,-129.64999999999418,22855.5900000002
2026-01-25 19:00:00,1,0.0,1.0,87290.36,86482.18,-808.1800000000076,22047.410000000193
2026-01-25 19:15:00,1,1.0,1.0,86482.18,86706.64,224.4600000000064,22271.8700000002
2026-01-25 19:30:00,1,0.0,1.0,86706.64,86495.16,-211.47999999999593,22060.390000000203
2026-01-25 19:45:00,1,0.0,1.0,86495.16,86440.0,-55.16000000000349,22005.2300000002
2026-01-25 20:00:00,1,1.0,1.0,86440.0,86490.16,50.16000000000349,22055.390000000203
2026-01-25 20:15:00,1,0.0,1.0,86490.16,86332.69,-157.47000000000116,21897.920000000202
2026-01-25 20:30:00,1,1.0,1.0,86332.69,86654.61,321.91999999999825,22219.8400000002
2026-01-25 20:45:00,1,1.0,1.0,86654.61,86934.13,279.5200000000041,22499.360000000204
2026-01-25 21:00:00,0,1.0,1.0,86934.13,86972.89,-38.75999999999476,22460.60000000021
2026-01-25 21:15:00,0,0.0,1.0,86972.89,86541.02,431.86999999999534,22892.470000000205
2026-01-25 21:30:00,1,1.0,0.0,86541.02,86568.5,27.479999999995925,22919.9500000002
2026-01-25 21:45:00,0,0.0,1.0,86568.5,86511.76,56.74000000000524,22976.690000000206
2026-01-25 22:00:00,1,0.0,1.0,86511.76,86319.08,-192.67999999999302,22784.010000000213
2026-01-25 22:15:00,1,1.0,1.0,86319.08,86634.6,315.5200000000041,23099.530000000217
2026-01-25 22:30:00,1,0.0,1.0,86634.6,86521.39,-113.2100000000064,22986.32000000021
2026-01-25 22:45:00,1,0.0,1.0,86521.39,86383.24,-138.14999999999418,22848.170000000217
2026-01-25 23:00:00,1,1.0,1.0,86383.24,86490.82,107.58000000000175,22955.75000000022
2026-01-25 23:15:00,1,0.0,1.0,86490.82,86423.04,-67.78000000001339,22887.970000000205
2026-01-25 23:30:00,1,1.0,1.0,86423.04,86670.36,247.32000000000698,23135.290000000212
2026-01-25 23:45:00,0,1.0,1.0,86670.36,87051.28,-380.91999999999825,22754.370000000214
2026-01-26 00:00:00,0,0.0,1.0,87051.28,86843.23,208.0500000000029,22962.420000000217
2026-01-26 00:15:00,1,0.0,1.0,86843.23,86632.44,-210.7899999999936,22751.630000000223
2026-01-26 00:30:00,1,1.0,1.0,86632.44,86854.86,222.41999999999825,22974.05000000022
2026-01-26 00:45:00,1,1.0,1.0,86854.86,87269.3,414.4400000000023,23388.490000000224
2026-01-26 01:00:00,0,1.0,1.0,87269.3,87649.99,-380.6900000000023,23007.80000000022
2026-01-26 01:15:00,0,1.0,0.0,87649.99,87686.83,-36.83999999999651,22970.960000000225
2026-01-26 01:30:00,0,1.0,0.0,87686.83,87698.73,-11.89999999999418,22959.06000000023
2026-01-26 01:45:00,0,0.0,1.0,87698.73,87509.31,189.41999999999825,23148.48000000023
2026-01-26 02:00:00,1,1.0,1.0,87509.31,87915.62,406.3099999999977,23554.790000000226
2026-01-26 02:15:00,0,0.0,1.0,87915.62,87625.22,290.3999999999942,23845.19000000022
2026-01-26 02:30:00,1,0.0,1.0,87625.22,87563.38,-61.83999999999651,23783.350000000224
2026-01-26 02:45:00,1,1.0,0.0,87563.38,87572.9,9.519999999989523,23792.870000000214
2026-01-26 03:00:00,0,0.0,1.0,87572.9,87446.17,126.72999999999593,23919.60000000021
2026-01-26 03:15:00,1,0.0,1.0,87446.17,87359.12,-87.05000000000291,23832.550000000207
2026-01-26 03:30:00,1,0.0,1.0,87359.12,87282.05,-77.06999999999243,23755.480000000214
2026-01-26 03:45:00,1,1.0,1.0,87282.05,87466.02,183.97000000000116,23939.450000000215
2026-01-26 04:00:00,0,1.0,1.0,87466.02,87859.46,-393.4400000000023,23546.010000000213
2026-01-26 04:15:00,0,0.0,1.0,87859.46,87769.79,89.6700000000128,23635.680000000226
2026-01-26 04:30:00,1,0.0,0.0,87769.79,87737.06,-32.729999999995925,23602.95000000023
2026-01-26 04:45:00,1,0.0,1.0,87737.06,87693.44,-43.61999999999534,23559.330000000235
2026-01-26 05:00:00,1,1.0,1.0,87693.44,87865.01,171.56999999999243,23730.900000000227
2026-01-26 05:15:00,1,0.0,0.0,87865.01,87838.47,-26.539999999993597,23704.360000000233
2026-01-26 05:30:00,1,0.0,0.0,87838.47,87826.01,-12.460000000006403,23691.900000000227
2026-01-26 05:45:00,1,0.0,1.0,87826.01,87764.0,-62.00999999999476,23629.890000000232
2026-01-26 06:00:00,1,1.0,1.0,87764.0,87929.35,165.35000000000582,23795.240000000238
2026-01-26 06:15:00,0,1.0,0.0,87929.35,87962.51,-33.15999999998894,23762.08000000025
2026-01-26 06:30:00,0,0.0,0.0,87962.51,87937.44,25.069999999992433,23787.15000000024
2026-01-26 06:45:00,1,1.0,1.0,87937.44,88008.49,71.05000000000291,23858.200000000244
2026-01-26 07:00:00,0,0.0,1.0,88008.49,87788.2,220.29000000000815,24078.490000000253
2026-01-26 07:15:00,1,1.0,1.0,87788.2,87923.92,135.72000000000116,24214.210000000254
2026-01-26 07:30:00,1,1.0,1.0,87923.92,88000.64,76.72000000000116,24290.930000000255
2026-01-26 07:45:00,0,0.0,1.0,88000.64,87920.02,80.61999999999534,24371.55000000025
2026-01-26 08:00:00,1,1.0,1.0,87920.02,88200.01,279.9899999999907,24651.54000000024
2026-01-26 08:15:00,0,0.0,1.0,88200.01,88056.19,143.81999999999243,24795.360000000233
2026-01-26 08:30:00,1,0.0,1.0,88056.19,87975.39,-80.80000000000291,24714.56000000023
2026-01-26 08:45:00,1,0.0,1.0,87975.39,87822.74,-152.64999999999418,24561.910000000236
2026-01-26 09:00:00,1,0.0,0.0,87822.74,87801.85,-20.889999999999418,24541.020000000237
2026-01-26 09:15:00,1,0.0,0.0,87801.85,87766.51,-35.34000000001106,24505.680000000226
2026-01-26 09:30:00,1,0.0,1.0,87766.51,87663.12,-103.38999999999942,24402.290000000226
2026-01-26 09:45:00,1,1.0,1.0,87663.12,87842.47,179.35000000000582,24581.640000000232
2026-01-26 10:00:00,1,1.0,1.0,87842.47,87912.74,70.27000000000407,24651.910000000236
2026-01-26 10:15:00,0,0.0,0.0,87912.74,87889.55,23.19000000000233,24675.10000000024
2026-01-26 10:30:00,1,1.0,0.0,87889.55,87897.55,8.0,24683.10000000024
2026-01-26 10:45:00,0,1.0,1.0,87897.55,87973.0,-75.44999999999709,24607.65000000024
2026-01-26 11:00:00,0,0.0,1.0,87973.0,87794.68,178.32000000000698,24785.97000000025
2026-01-26 11:15:00,1,1.0,1.0,87794.68,87848.75,54.070000000006985,24840.040000000256
2026-01-26 11:30:00,1,1.0,0.0,87848.75,87855.0,6.25,24846.290000000256
2026-01-26 11:45:00,0,1.0,0.0,87855.0,87882.35,-27.35000000000582,24818.94000000025
2026-01-26 12:00:00,0,1.0,0.0,87882.35,87889.11,-6.759999999994761,24812.180000000255
2026-01-26 12:15:00,0,0.0,1.0,87889.11,87767.98,121.13000000000466,24933.31000000026
2026-01-26 12:30:00,1,1.0,0.0,87767.98,87799.45,31.470000000001164,24964.78000000026
2026-01-26 12:45:00,1,1.0,0.0,87799.45,87829.84,30.389999999999418,24995.17000000026
2026-01-26 13:00:00,0,1.0,1.0,87829.84,87893.02,-63.18000000000757,24931.990000000253
2026-01-26 13:15:00,0,1.0,1.0,87893.02,88011.89,-118.86999999999534,24813.120000000257
2026-01-26 13:30:00,0,0.0,1.0,88011.89,87960.01,51.88000000000466,24865.000000000262
2026-01-26 13:45:00,1,0.0,1.0,87960.01,87688.02,-271.9899999999907,24593.01000000027
2026-01-26 14:00:00,1,0.0,0.0,87688.02,87675.71,-12.309999999997672,24580.700000000274
2026-01-26 14:15:00,1,1.0,1.0,87675.71,88144.09,468.3799999999901,25049.080000000264
2026-01-26 14:30:00,0,1.0,0.0,88144.09,88178.1,-34.01000000000931,25015.070000000254
2026-01-26 14:45:00,0,1.0,1.0,88178.1,88721.46,-543.3600000000006,24471.710000000254
2026-01-26 15:00:00,0,0.0,1.0,88721.46,88492.82,228.63999999999942,24700.350000000253
2026-01-26 15:15:00,0,0.0,1.0,88492.82,87476.6,1016.2200000000012,25716.570000000254
2026-01-26 15:30:00,1,1.0,1.0,87476.6,87641.41,164.80999999999767,25881.380000000252
2026-01-26 15:45:00,1,0.0,1.0,87641.41,87410.24,-231.16999999999825,25650.210000000254
2026-01-26 16:00:00,1,1.0,1.0,87410.24,87697.51,287.2699999999895,25937.480000000243
2026-01-26 16:15:00,1,0.0,1.0,87697.51,87471.74,-225.76999999998952,25711.710000000254
2026-01-26 16:30:00,1,1.0,1.0,87471.74,87606.99,135.25,25846.960000000254
2026-01-26 16:45:00,1,0.0,1.0,87606.99,87426.07,-180.91999999999825,25666.040000000256
2026-01-26 17:00:00,1,0.0,0.0,87426.07,87400.0,-26.070000000006985,25639.97000000025
2026-01-26 17:15:00,1,1.0,1.0,87400.0,87537.6,137.60000000000582,25777.570000000254
2026-01-26 17:30:00,1,1.0,1.0,87537.6,87700.62,163.01999999998952,25940.590000000244
2026-01-26 17:45:00,1,1.0,1.0,87700.62,87850.0,149.38000000000466,26089.97000000025
2026-01-26 18:00:00,0,1.0,1.0,87850.0,88082.84,-232.8399999999965,25857.130000000252
2026-01-26 18:15:00,0,0.0,1.0,88082.84,88009.43,73.41000000000349,25930.540000000256
2026-01-26 18:30:00,1,1.0,1.0,88009.43,88403.72,394.29000000000815,26324.830000000264
2026-01-26 18:45:00,0,0.0,0.0,88403.72,88368.14,35.580000000001746,26360.410000000265
2026-01-26 19:00:00,1,0.0,1.0,88368.14,88189.53,-178.61000000000058,26181.800000000265
2026-01-26 19:15:00,1,1.0,1.0,88189.53,88248.83,59.30000000000291,26241.100000000268
2026-01-26 19:30:00,0,0.0,1.0,88248.83,88013.19,235.63999999999942,26476.740000000267
2026-01-26 19:45:00,1,0.0,1.0,88013.19,87922.97,-90.22000000000116,26386.520000000266
2026-01-26 20:00:00,1,0.0,0.0,87922.97,87884.0,-38.970000000001164,26347.550000000265
2026-01-26 20:15:00,1,0.0,1.0,87884.0,87808.8,-75.19999999999709,26272.350000000268
2026-01-26 20:30:00,1,0.0,1.0,87808.8,87629.22,-179.58000000000175,26092.770000000266
2026-01-26 20:45:00,1,1.0,1.0,87629.22,87842.68,213.45999999999185,26306.230000000258
2026-01-26 21:00:00,1,1.0,1.0,87842.68,87939.8,97.1200000000099,26403.350000000268
2026-01-26 21:15:00,0,1.0,1.0,87939.8,88146.38,-206.58000000000175,26196.770000000266
2026-01-26 21:30:00,0,0.0,1.0,88146.38,88064.69,81.69000000000233,26278.46000000027
2026-01-26 21:45:00,1,1.0,0.0,88064.69,88102.36,37.669999999998254,26316.130000000267
2026-01-26 22:00:00,1,0.0,0.0,88102.36,88091.99,-10.369999999995343,26305.76000000027
2026-01-26 22:15:00,1,1.0,0.0,88091.99,88121.15,29.15999999998894,26334.92000000026
2026-01-26 22:30:00,1,1.0,0.0,88121.15,88140.01,18.860000000000582,26353.78000000026
2026-01-26 22:45:00,1,1.0,1.0,88140.01,88189.13,49.120000000009895,26402.90000000027
2026-01-26 23:00:00,0,1.0,1.0,88189.13,88462.78,-273.6499999999942,26129.250000000276
2026-01-26 23:15:00,0,1.0,1.0,88462.78,88552.42,-89.63999999999942,26039.610000000277
2026-01-26 23:30:00,0,0.0,1.0,88552.42,88347.08,205.3399999999965,26244.950000000274
2026-01-26 23:45:00,1,0.0,1.0,88347.08,88238.08,-109.0,26135.950000000274
2026-01-27 00:00:00,1,1.0,1.0,88238.08,88393.8,155.72000000000116,26291.670000000275
2026-01-27 00:15:00,0,0.0,1.0,88393.8,88300.72,93.08000000000175,26384.750000000276
2026-01-27 00:30:00,1,1.0,1.0,88300.72,88353.97,53.25,26438.000000000276
2026-01-27 00:45:00,0,0.0,1.0,88353.97,88265.98,87.99000000000524,26525.99000000028
2026-01-27 01:00:00,1,1.0,1.0,88265.98,88438.97,172.99000000000524,26698.980000000287
2026-01-27 01:15:00,0,1.0,1.0,88438.97,88631.79,-192.81999999999243,26506.160000000295
2026-01-27 01:30:00,0,0.0,1.0,88631.79,88550.61,81.17999999999302,26587.340000000288
2026-01-27 01:45:00,1,1.0,1.0,88550.61,88692.0,141.38999999999942,26728.730000000287
2026-01-27 02:00:00,0,0.0,1.0,88692.0,88558.54,133.4600000000064,26862.190000000293
2026-01-27 02:15:00,1,1.0,1.0,88558.54,88738.71,180.1700000000128,27042.360000000306
2026-01-27 02:30:00,0,1.0,1.0,88738.71,88831.6,-92.88999999999942,26949.470000000307
2026-01-27 02:45:00,0,0.0,1.0,88831.6,88630.75,200.85000000000582,27150.320000000313
2026-01-27 03:00:00,1,1.0,1.0,88630.75,88739.14,108.38999999999942,27258.710000000312
2026-01-27 03:15:00,0,1.0,1.0,88739.14,88811.68,-72.5399999999936,27186.17000000032
2026-01-27 03:30:00,0,0.0,0.0,88811.68,88788.0,23.679999999993015,27209.85000000031
2026-01-27 03:45:00,1,1.0,0.0,88788.0,88822.31,34.30999999999767,27244.16000000031
2026-01-27 04:00:00,0,1.0,0.0,88822.31,88841.61,-19.30000000000291,27224.860000000306
2026-01-27 04:15:00,0,0.0,1.0,88841.61,88690.01,151.60000000000582,27376.460000000312
2026-01-27 04:30:00,1,0.0,1.0,88690.01,88579.58,-110.42999999999302,27266.03000000032
2026-01-27 04:45:00,1,0.0,1.0,88579.58,88457.29,-122.29000000000815,27143.74000000031
2026-01-27 05:00:00,1,1.0,0.0,88457.29,88495.24,37.95000000001164,27181.690000000322
2026-01-27 05:15:00,1,0.0,0.0,88495.24,88483.71,-11.529999999998836,27170.160000000324
2026-01-27 05:30:00,1,0.0,0.0,88483.71,88456.3,-27.410000000003492,27142.75000000032
2026-01-27 05:45:00,1,1.0,1.0,88456.3,88498.99,42.69000000000233,27185.440000000322
2026-01-27 06:00:00,1,0.0,1.0,88498.99,88391.99,-107.0,27078.440000000322
2026-01-27 06:15:00,1,0.0,1.0,88391.99,88285.71,-106.27999999999884,26972.160000000324
2026-01-27 06:30:00,1,1.0,1.0,88285.71,88332.67,46.95999999999185,27019.120000000315
2026-01-27 06:45:00,1,1.0,1.0,88332.67,88497.41,164.74000000000524,27183.86000000032
2026-01-27 07:00:00,0,1.0,0.0,88497.41,88524.71,-27.30000000000291,27156.560000000318
2026-01-27 07:15:00,0,0.0,1.0,88524.71,88451.84,72.8700000000099,27229.430000000328
2026-01-27 07:30:00,1,0.0,1.0,88451.84,88320.41,-131.42999999999302,27098.000000000335
2026-01-27 07:45:00,1,1.0,1.0,88320.41,88366.92,46.50999999999476,27144.51000000033
2026-01-27 08:00:00,1,0.0,1.0,88366.92,88234.72,-132.1999999999971,27012.310000000332
2026-01-27 08:15:00,1,0.0,0.0,88234.72,88226.71,-8.009999999994761,27004.300000000338
2026-01-27 08:30:00,1,0.0,1.0,88226.71,88170.82,-55.88999999999942,26948.41000000034
2026-01-27 08:45:00,1,0.0,1.0,88170.82,88004.13,-166.69000000000233,26781.720000000336
2026-01-27 09:00:00,1,0.0,0.0,88004.13,87983.64,-20.49000000000524,26761.23000000033
2026-01-27 09:15:00,1,1.0,0.0,87983.64,88021.73,38.08999999999651,26799.320000000327
2026-01-27 09:30:00,1,0.0,1.0,88021.73,87886.82,-134.90999999998894,26664.41000000034
2026-01-27 09:45:00,1,1.0,1.0,87886.82,87992.12,105.29999999998836,26769.710000000327
2026-01-27 10:00:00,1,0.0,0.0,87992.12,87989.2,-2.9199999999982538,26766.79000000033
2026-01-27 10:15:00,1,0.0,1.0,87989.2,87828.62,-160.58000000000175,26606.210000000327
2026-01-27 10:30:00,1,0.0,1.0,87828.62,87786.53,-42.08999999999651,26564.12000000033
2026-01-27 10:45:00,1,1.0,1.0,87786.53,87885.29,98.75999999999476,26662.880000000325
2026-01-27 11:00:00,1,0.0,0.0,87885.29,87874.66,-10.629999999990105,26652.250000000335
2026-01-27 11:15:00,1,1.0,1.0,87874.66,88055.01,180.34999999999127,26832.600000000326
2026-01-27 11:30:00,1,0.0,1.0,88055.01,87992.74,-62.26999999998952,26770.330000000336
2026-01-27 11:45:00,1,1.0,1.0,87992.74,88100.16,107.41999999999825,26877.750000000335
2026-01-27 12:00:00,1,0.0,1.0,88100.16,88050.02,-50.13999999999942,26827.610000000335
2026-01-27 12:15:00,1,0.0,1.0,88050.02,88005.89,-44.13000000000466,26783.48000000033
2026-01-27 12:30:00,1,0.0,0.0,88005.89,87986.96,-18.929999999993015,26764.550000000338
2026-01-27 12:45:00,1,0.0,1.0,87986.96,87911.96,-75.0,26689.550000000338
2026-01-27 13:00:00,1,0.0,1.0,87911.96,87824.32,-87.63999999999942,26601.91000000034
2026-01-27 13:15:00,1,1.0,1.0,87824.32,88051.65,227.3299999999872,26829.240000000325
2026-01-27 13:30:00,1,0.0,1.0,88051.65,87982.15,-69.5,26759.740000000325
2026-01-27 13:45:00,1,1.0,1.0,87982.15,88296.59,314.4400000000023,27074.180000000328
2026-01-27 14:00:00,0,0.0,0.0,88296.59,88264.54,32.05000000000291,27106.23000000033
2026-01-27 14:15:00,1,0.0,1.0,88264.54,87689.65,-574.8899999999994,26531.34000000033
2026-01-27 14:30:00,1,1.0,1.0,87689.65,87745.02,55.370000000009895,26586.71000000034
2026-01-27 14:45:00,1,1.0,1.0,87745.02,87981.87,236.84999999999127,26823.560000000332
2026-01-27 15:00:00,1,0.0,1.0,87981.87,87630.1,-351.7699999999895,26471.790000000343
2026-01-27 15:15:00,1,1.0,1.0,87630.1,87701.38,71.27999999999884,26543.07000000034
2026-01-27 15:30:00,1,1.0,1.0,87701.38,88047.46,346.08000000000175,26889.150000000343
2026-01-27 15:45:00,1,1.0,1.0,88047.46,88431.68,384.2199999999866,27273.37000000033
2026-01-27 16:00:00,0,0.0,1.0,88431.68,88372.9,58.779999999998836,27332.15000000033
2026-01-27 16:15:00,1,1.0,1.0,88372.9,88739.13,366.2300000000105,27698.38000000034
2026-01-27 16:30:00,0,0.0,1.0,88739.13,88641.44,97.69000000000233,27796.07000000034
2026-01-27 16:45:00,1,0.0,1.0,88641.44,88016.25,-625.1900000000023,27170.88000000034
2026-01-27 17:00:00,1,0.0,1.0,88016.25,87894.33,-121.91999999999825,27048.96000000034
2026-01-27 17:15:00,1,0.0,1.0,87894.33,87362.17,-532.1600000000035,26516.800000000338
2026-01-27 17:30:00,1,1.0,1.0,87362.17,87546.58,184.4100000000035,26701.21000000034
2026-01-27 17:45:00,1,1.0,1.0,87546.58,87670.21,123.63000000000466,26824.840000000346
2026-01-27 18:00:00,1,1.0,1.0,87670.21,87868.0,197.7899999999936,27022.63000000034
2026-01-27 18:15:00,0,0.0,0.0,87868.0,87836.38,31.619999999995343,27054.250000000335
2026-01-27 18:30:00,1,1.0,1.0,87836.38,88285.05,448.66999999999825,27502.920000000333
2026-01-27 18:45:00,0,0.0,1.0,88285.05,88218.85,66.19999999999709,27569.12000000033
2026-01-27 19:00:00,1,1.0,0.0,88218.85,88248.68,29.829999999987194,27598.950000000317
2026-01-27 19:15:00,0,1.0,1.0,88248.68,88528.14,-279.4600000000064,27319.49000000031
2026-01-27 19:30:00,0,0.0,1.0,88528.14,88408.77,119.36999999999534,27438.860000000306
2026-01-27 19:45:00,1,1.0,1.0,88408.77,88739.13,330.3600000000006,27769.220000000307
2026-01-27 20:00:00,0,1.0,1.0,88739.13,89149.99,-410.8600000000006,27358.360000000306
2026-01-27 20:15:00,0,0.0,1.0,89149.99,88943.67,206.32000000000698,27564.680000000313
2026-01-27 20:30:00,0,1.0,1.0,88943.67,89396.16,-452.49000000000524,27112.190000000308
2026-01-27 20:45:00,0,0.0,0.0,89396.16,89394.69,1.4700000000011642,27113.66000000031
2026-01-27 21:00:00,0,0.0,1.0,89394.69,89249.75,144.94000000000233,27258.60000000031
2026-01-27 21:15:00,0,0.0,0.0,89249.75,89212.27,37.479999999995925,27296.080000000307
2026-01-27 21:30:00,0,0.0,1.0,89212.27,89081.46,130.80999999999767,27426.890000000305
2026-01-27 21:45:00,0,1.0,1.0,89081.46,89147.78,-66.31999999999243,27360.570000000313
2026-01-27 22:00:00,0,1.0,0.0,89147.78,89170.39,-22.610000000000582,27337.960000000312
2026-01-27 22:15:00,0,1.0,1.0,89170.39,89331.35,-160.9600000000064,27177.000000000306
2026-01-27 22:30:00,0,0.0,1.0,89331.35,89243.63,87.72000000000116,27264.720000000307
2026-01-27 22:45:00,0,1.0,1.0,89243.63,89320.31,-76.67999999999302,27188.040000000314
2026-01-27 23:00:00,0,1.0,1.0,89320.31,89502.7,-182.38999999999942,27005.650000000314
2026-01-27 23:15:00,0,0.0,1.0,89502.7,89419.66,83.0399999999936,27088.690000000308
2026-01-27 23:30:00,0,0.0,1.0,89419.66,89250.0,169.6600000000035,27258.35000000031
2026-01-27 23:45:00,1,0.0,0.0,89250.0,89247.75,-2.25,27256.10000000031
2026-01-28 00:00:00,0,1.0,1.0,89247.75,89319.36,-71.61000000000058,27184.49000000031
2026-01-28 00:15:00,0,0.0,1.0,89319.36,89203.57,115.7899999999936,27300.280000000304
2026-01-28 00:30:00,0,1.0,1.0,89203.57,89467.72,-264.1499999999942,27036.13000000031
2026-01-28 00:45:00,0,0.0,1.0,89467.72,89382.15,85.57000000000698,27121.700000000317
2026-01-28 01:00:00,0,0.0,1.0,89382.15,89327.68,54.470000000001164,27176.17000000032
2026-01-28 01:15:00,0,1.0,0.0,89327.68,89364.54,-36.86000000000058,27139.310000000318
2026-01-28 01:30:00,0,1.0,0.0,89364.54,89404.57,-40.03000000001339,27099.280000000304
2026-01-28 01:45:00,0,0.0,1.0,89404.57,89285.03,119.54000000000815,27218.820000000313
2026-01-28 02:00:00,0,1.0,1.0,89285.03,89333.8,-48.770000000004075,27170.05000000031
2026-01-28 02:15:00,0,0.0,1.0,89333.8,89153.85,179.9499999999971,27350.000000000306
2026-01-28 02:30:00,1,1.0,1.0,89153.85,89285.77,131.91999999999825,27481.920000000304
2026-01-28 02:45:00,0,0.0,1.0,89285.77,89080.8,204.97000000000116,27686.890000000305
2026-01-28 03:00:00,1,0.0,0.0,89080.8,89069.4,-11.400000000008731,27675.490000000296
2026-01-28 03:15:00,1,1.0,0.0,89069.4,89074.66,5.260000000009313,27680.750000000306
2026-01-28 03:30:00,0,1.0,1.0,89074.66,89126.67,-52.00999999999476,27628.74000000031
2026-01-28 03:45:00,0,0.0,1.0,89126.67,88939.99,186.67999999999302,27815.420000000304
2026-01-28 04:00:00,1,1.0,0.0,88939.99,88947.99,8.0,27823.420000000304
2026-01-28 04:15:00,0,1.0,1.0,88947.99,89017.04,-69.04999999998836,27754.370000000315
2026-01-28 04:30:00,0,0.0,0.0,89017.04,88975.04,42.0,27796.370000000315
2026-01-28 04:45:00,0,0.0,1.0,88975.04,88912.86,62.179999999993015,27858.55000000031
2026-01-28 05:00:00,1,0.0,0.0,88912.86,88892.25,-20.610000000000582,27837.940000000308
2026-01-28 05:15:00,1,0.0,0.0,88892.25,88886.75,-5.5,27832.440000000308
2026-01-28 05:30:00,1,1.0,1.0,88886.75,89084.1,197.35000000000582,28029.790000000314
2026-01-28 05:45:00,0,1.0,1.0,89084.1,89243.85,-159.75,27870.040000000314
2026-01-28 06:00:00,0,0.0,0.0,89243.85,89196.23,47.620000000009895,27917.660000000324
2026-01-28 06:15:00,0,0.0,0.0,89196.23,89182.2,14.029999999998836,27931.690000000322
2026-01-28 06:30:00,0,1.0,1.0,89182.2,89317.47,-135.27000000000407,27796.42000000032
2026-01-28 06:45:00,0,0.0,1.0,89317.47,89223.54,93.93000000000757,27890.350000000326
2026-01-28 07:00:00,0,1.0,1.0,89223.54,89274.9,-51.36000000000058,27838.990000000325
2026-01-28 07:15:00,0,0.0,0.0,89274.9,89250.99,23.90999999998894,27862.900000000314
2026-01-28 07:30:00,0,0.0,1.0,89250.99,89134.35,116.63999999999942,27979.540000000314
2026-01-28 07:45:00,1,1.0,0.0,89134.35,89146.01,11.65999999998894,27991.200000000303
2026-01-28 08:00:00,0,0.0,1.0,89146.01,89026.7,119.30999999999767,28110.5100000003
2026-01-28 08:15:00,1,1.0,1.0,89026.7,89097.6,70.90000000000873,28181.41000000031
2026-01-28 08:30:00,0,0.0,1.0,89097.6,88925.47,172.13000000000466,28353.540000000314
2026-01-28 08:45:00,1,1.0,0.0,88925.47,88944.0,18.529999999998836,28372.070000000313
2026-01-28 09:00:00,0,1.0,1.0,88944.0,88994.87,-50.86999999999534,28321.200000000317
2026-01-28 09:15:00,0,1.0,1.0,88994.87,89319.28,-324.4100000000035,27996.790000000314
2026-01-28 09:30:00,0,1.0,1.0,89319.28,89567.25,-247.97000000000116,27748.820000000313
2026-01-28 09:45:00,0,1.0,0.0,89567.25,89567.26,-0.00999999999476131,27748.810000000318
2026-01-28 10:00:00,0,0.0,1.0,89567.26,89341.07,226.18999999998778,27975.000000000306
2026-01-28 10:15:00,0,1.0,1.0,89341.07,89493.9,-152.8299999999872,27822.17000000032
2026-01-28 10:30:00,0,0.0,1.0,89493.9,89403.77,90.1299999999901,27912.30000000031
2026-01-28 10:45:00,0,0.0,1.0,89403.77,89332.26,71.51000000000931,27983.810000000318
2026-01-28 11:00:00,0,1.0,1.0,89332.26,89456.89,-124.63000000000466,27859.180000000313
2026-01-28 11:15:00,0,1.0,1.0,89456.89,89667.52,-210.63000000000466,27648.55000000031
2026-01-28 11:30:00,0,1.0,1.0,89667.52,90080.0,-412.4799999999959,27236.070000000313
2026-01-28 11:45:00,0,0.0,1.0,90080.0,89928.86,151.13999999999942,27387.210000000312
2026-01-28 12:00:00,0,0.0,1.0,89928.86,89867.7,61.16000000000349,27448.370000000315
2026-01-28 12:15:00,0,1.0,0.0,89867.7,89908.7,-41.0,27407.370000000315
2026-01-28 12:30:00,0,1.0,1.0,89908.7,89998.69,-89.99000000000524,27317.38000000031
2026-01-28 12:45:00,0,1.0,1.0,89998.69,90179.26,-180.56999999999243,27136.810000000318
2026-01-28 13:00:00,0,0.0,0.0,90179.26,90140.73,38.529999999998836,27175.340000000317
2026-01-28 13:15:00,0,1.0,1.0,90140.73,90415.58,-274.8500000000058,26900.49000000031
2026-01-28 13:30:00,0,0.0,1.0,90415.58,90257.91,157.66999999999825,27058.16000000031
2026-01-28 13:45:00,0,0.0,1.0,90257.91,90149.73,108.18000000000757,27166.340000000317
2026-01-28 14:00:00,1,0.0,1.0,90149.73,90010.86,-138.86999999999534,27027.47000000032
2026-01-28 14:15:00,1,0.0,1.0,90010.86,89710.71,-300.1499999999942,26727.320000000327
2026-01-28 14:30:00,1,0.0,1.0,89710.71,89617.27,-93.44000000000233,26633.880000000325
2026-01-28 14:45:00,1,0.0,1.0,89617.27,89101.77,-515.5,26118.380000000325
2026-01-28 15:00:00,1,1.0,1.0,89101.77,89267.94,166.16999999999825,26284.550000000323
2026-01-28 15:15:00,0,1.0,1.0,89267.94,89500.01,-232.06999999999243,26052.48000000033
2026-01-28 15:30:00,0,0.0,0.0,89500.01,89479.66,20.34999999999127,26072.830000000322
2026-01-28 15:45:00,0,0.0,1.0,89479.66,89264.94,214.72000000000116,26287.550000000323
2026-01-28 16:00:00,1,1.0,1.0,89264.94,89748.93,483.9899999999907,26771.540000000314
2026-01-28 16:15:00,0,0.0,1.0,89748.93,89552.1,196.8299999999872,26968.3700000003
2026-01-28 16:30:00,1,1.0,1.0,89552.1,89629.66,77.55999999999767,27045.9300000003
2026-01-28 16:45:00,0,1.0,1.0,89629.66,89727.9,-98.23999999999069,26947.690000000308
2026-01-28 17:00:00,0,0.0,1.0,89727.9,89593.88,134.01999999998952,27081.710000000297
2026-01-28 17:15:00,0,1.0,1.0,89593.88,89857.68,-263.79999999998836,26817.91000000031
2026-01-28 17:30:00,0,1.0,1.0,89857.68,90169.88,-312.20000000001164,26505.710000000297
2026-01-28 17:45:00,0,0.0,1.0,90169.88,89816.5,353.38000000000466,26859.090000000302
2026-01-28 18:00:00,0,0.0,0.0,89816.5,89770.32,46.179999999993015,26905.270000000295
2026-01-28 18:15:00,1,0.0,1.0,89770.32,89640.01,-130.31000000001222,26774.960000000283
2026-01-28 18:30:00,1,0.0,1.0,89640.01,89546.24,-93.76999999998952,26681.190000000293
2026-01-28 18:45:00,1,0.0,1.0,89546.24,89361.26,-184.98000000001048,26496.210000000283
2026-01-28 19:00:00,1,1.0,0.0,89361.26,89403.69,42.43000000000757,26538.64000000029
2026-01-28 19:15:00,0,0.0,1.0,89403.69,89039.3,364.3899999999994,26903.03000000029
2026-01-28 19:30:00,1,1.0,1.0,89039.3,89402.58,363.27999999999884,27266.31000000029
2026-01-28 19:45:00,0,1.0,1.0,89402.58,89584.86,-182.27999999999884,27084.03000000029
2026-01-28 20:00:00,0,1.0,1.0,89584.86,89791.55,-206.69000000000233,26877.340000000288
2026-01-28 20:15:00,0,0.0,1.0,89791.55,89234.8,556.75,27434.090000000288
2026-01-28 20:30:00,1,0.0,1.0,89234.8,89130.63,-104.16999999999825,27329.92000000029
2026-01-28 20:45:00,1,1.0,1.0,89130.63,89211.49,80.86000000000058,27410.78000000029
2026-01-28 21:00:00,0,0.0,0.0,89211.49,89178.99,32.5,27443.28000000029
2026-01-28 21:15:00,1,1.0,1.0,89178.99,89426.09,247.09999999999127,27690.38000000028
2026-01-28 21:30:00,0,0.0,0.0,89426.09,89412.17,13.919999999998254,27704.30000000028
2026-01-28 21:45:00,0,0.0,1.0,89412.17,89292.61,119.55999999999767,27823.860000000277
2026-01-28 22:00:00,0,0.0,0.0,89292.61,89285.77,6.8399999999965075,27830.700000000274
2026-01-28 22:15:00,1,0.0,0.0,89285.77,89259.62,-26.15000000000873,27804.550000000265
2026-01-28 22:30:00,1,1.0,1.0,89259.62,89396.15,136.52999999999884,27941.080000000264
2026-01-28 22:45:00,0,0.0,0.0,89396.15,89350.02,46.129999999990105,27987.210000000254
2026-01-28 23:00:00,0,0.0,1.0,89350.02,89298.18,51.84000000001106,28039.050000000265
2026-01-28 23:15:00,0,1.0,0.0,89298.18,89313.55,-15.370000000009895,28023.680000000255
2026-01-28 23:30:00,0,0.0,0.0,89313.55,89299.99,13.559999999997672,28037.240000000253
2026-01-28 23:45:00,0,0.0,1.0,89299.99,89100.01,199.98000000001048,28237.220000000263
2026-01-29 00:00:00,1,0.0,1.0,89100.01,89032.57,-67.43999999998778,28169.780000000275
2026-01-29 00:15:00,1,0.0,1.0,89032.57,88969.86,-62.7100000000064,28107.07000000027
2026-01-29 00:30:00,1,1.0,1.0,88969.86,89143.91,174.0500000000029,28281.120000000272
2026-01-29 00:45:00,0,0.0,0.0,89143.91,89106.05,37.86000000000058,28318.980000000272
2026-01-29 01:00:00,0,0.0,1.0,89106.05,88831.59,274.4600000000064,28593.44000000028
2026-01-29 01:15:00,1,1.0,0.0,88831.59,88836.0,4.4100000000034925,28597.850000000282
2026-01-29 01:30:00,1,0.0,1.0,88836.0,88603.56,-232.44000000000233,28365.41000000028
2026-01-29 01:45:00,1,1.0,1.0,88603.56,88690.26,86.69999999999709,28452.110000000277
2026-01-29 02:00:00,1,0.0,1.0,88690.26,88611.14,-79.11999999999534,28372.99000000028
2026-01-29 02:15:00,1,0.0,1.0,88611.14,88154.64,-456.5,27916.49000000028
2026-01-29 02:30:00,1,0.0,1.0,88154.64,87907.06,-247.58000000000175,27668.91000000028
2026-01-29 02:45:00,1,1.0,1.0,87907.06,88081.77,174.7100000000064,27843.620000000286
2026-01-29 03:00:00,1,0.0,0.0,88081.77,88048.39,-33.38000000000466,27810.24000000028
2026-01-29 03:15:00,1,1.0,1.0,88048.39,88128.34,79.94999999999709,27890.19000000028
2026-01-29 03:30:00,1,0.0,1.0,88128.34,88053.71,-74.6299999999901,27815.56000000029
2026-01-29 03:45:00,1,0.0,1.0,88053.71,87980.02,-73.69000000000233,27741.870000000286
2026-01-29 04:00:00,1,1.0,1.0,87980.02,88070.47,90.44999999999709,27832.320000000283
2026-01-29 04:15:00,1,1.0,1.0,88070.47,88165.24,94.77000000000407,27927.090000000288
2026-01-29 04:30:00,1,1.0,1.0,88165.24,88315.2,149.95999999999185,28077.05000000028
2026-01-29 04:45:00,0,0.0,0.0,88315.2,88311.47,3.7299999999959255,28080.780000000275
2026-01-29 05:00:00,1,0.0,1.0,88311.47,88206.12,-105.35000000000582,27975.43000000027
2026-01-29 05:15:00,1,1.0,1.0,88206.12,88307.86,101.74000000000524,28077.170000000275
2026-01-29 05:30:00,1,0.0,1.0,88307.86,88186.54,-121.32000000000698,27955.850000000268
2026-01-29 05:45:00,1,1.0,1.0,88186.54,88249.38,62.84000000001106,28018.69000000028
2026-01-29 06:00:00,1,1.0,0.0,88249.38,88279.99,30.610000000000582,28049.30000000028
2026-01-29 06:15:00,1,1.0,1.0,88279.99,88328.48,48.48999999999069,28097.79000000027
2026-01-29 06:30:00,0,0.0,0.0,88328.48,88319.35,9.129999999990105,28106.92000000026
2026-01-29 06:45:00,1,1.0,0.0,88319.35,88329.73,10.379999999990105,28117.30000000025
2026-01-29 07:00:00,1,0.0,1.0,88329.73,88265.89,-63.83999999999651,28053.460000000254
2026-01-29 07:15:00,1,1.0,1.0,88265.89,88338.11,72.22000000000116,28125.680000000255
2026-01-29 07:30:00,1,1.0,0.0,88338.11,88352.97,14.860000000000582,28140.540000000256
2026-01-29 07:45:00,0,0.0,1.0,88352.97,87950.01,402.9600000000064,28543.500000000262
2026-01-29 08:00:00,1,1.0,1.0,87950.01,88452.4,502.3899999999994,29045.89000000026
2026-01-29 08:15:00,0,0.0,1.0,88452.4,88125.19,327.20999999999185,29373.100000000253
2026-01-29 08:30:00,1,0.0,1.0,88125.19,88064.16,-61.029999999998836,29312.070000000254
2026-01-29 08:45:00,1,0.0,1.0,88064.16,87994.29,-69.8700000000099,29242.200000000244
2026-01-29 09:00:00,1,1.0,0.0,87994.29,88033.93,39.63999999999942,29281.840000000244
2026-01-29 09:15:00,1,0.0,0.0,88033.93,88026.96,-6.969999999986612,29274.870000000257
2026-01-29 09:30:00,1,0.0,1.0,88026.96,87892.01,-134.95000000001164,29139.920000000246
2026-01-29 09:45:00,1,1.0,0.0,87892.01,87933.54,41.529999999998836,29181.450000000244
2026-01-29 10:00:00,1,1.0,0.0,87933.54,87956.01,22.470000000001164,29203.920000000246
2026-01-29 10:15:00,1,0.0,0.0,87956.01,87915.58,-40.429999999993015,29163.490000000253
2026-01-29 10:30:00,1,1.0,0.0,87915.58,87946.46,30.880000000004657,29194.370000000257
2026-01-29 10:45:00,1,1.0,1.0,87946.46,88023.31,76.84999999999127,29271.22000000025
2026-01-29 11:00:00,1,0.0,1.0,88023.31,87787.73,-235.58000000000175,29035.640000000247
2026-01-29 11:15:00,1,1.0,0.0,87787.73,87792.6,4.870000000009895,29040.510000000257
2026-01-29 11:30:00,1,1.0,1.0,87792.6,87846.5,53.89999999999418,29094.41000000025
2026-01-29 11:45:00,1,1.0,1.0,87846.5,88021.99,175.49000000000524,29269.900000000256
2026-01-29 12:00:00,1,0.0,1.0,88021.99,87940.69,-81.30000000000291,29188.600000000253
2026-01-29 12:15:00,1,1.0,1.0,87940.69,88001.77,61.080000000001746,29249.680000000255
2026-01-29 12:30:00,1,1.0,1.0,88001.77,88121.21,119.44000000000233,29369.120000000257
2026-01-29 12:45:00,0,1.0,0.0,88121.21,88133.39,-12.179999999993015,29356.940000000264
2026-01-29 13:00:00,0,1.0,0.0,88133.39,88167.98,-34.58999999999651,29322.350000000268
2026-01-29 13:15:00,0,0.0,1.0,88167.98,88081.96,86.01999999998952,29408.370000000257
2026-01-29 13:30:00,1,0.0,0.0,88081.96,88052.88,-29.080000000001746,29379.290000000256
2026-01-29 13:45:00,1,0.0,1.0,88052.88,87989.55,-63.330000000001746,29315.960000000254
2026-01-29 14:00:00,1,0.0,1.0,87989.55,87827.48,-162.07000000000698,29153.890000000247
2026-01-29 14:15:00,1,0.0,1.0,87827.48,87682.65,-144.83000000000175,29009.060000000245
2026-01-29 14:30:00,1,0.0,1.0,87682.65,87014.4,-668.25,28340.810000000245
2026-01-29 14:45:00,1,0.0,1.0,87014.4,85338.76,-1675.6399999999994,26665.170000000246
2026-01-29 15:00:00,1,1.0,1.0,85338.76,85454.87,116.11000000000058,26781.280000000246
2026-01-29 15:15:00,1,0.0,1.0,85454.87,84619.99,-834.8799999999901,25946.400000000256
2026-01-29 15:30:00,1,1.0,1.0,84619.99,84934.02,314.02999999999884,26260.430000000255
2026-01-29 15:45:00,1,0.0,1.0,84934.02,84769.56,-164.4600000000064,26095.97000000025
2026-01-29 16:00:00,1,0.0,1.0,84769.56,84504.71,-264.84999999999127,25831.120000000257
2026-01-29 16:15:00,1,1.0,1.0,84504.71,84621.58,116.86999999999534,25947.990000000253
2026-01-29 16:30:00,1,1.0,1.0,84621.58,85270.0,648.4199999999983,26596.41000000025
2026-01-29 16:45:00,1,0.0,0.0,85270.0,85236.58,-33.419999999998254,26562.990000000253
2026-01-29 17:00:00,1,0.0,1.0,85236.58,85059.53,-177.0500000000029,26385.94000000025
2026-01-29 17:15:00,1,0.0,1.0,85059.53,84880.32,-179.20999999999185,26206.730000000258
2026-01-29 17:30:00,1,0.0,1.0,84880.32,84261.66,-618.6600000000035,25588.070000000254
2026-01-29 17:45:00,1,1.0,1.0,84261.66,84523.51,261.84999999999127,25849.920000000246
2026-01-29 18:00:00,1,0.0,1.0,84523.51,83881.48,-642.0299999999988,25207.890000000247
2026-01-29 18:15:00,1,1.0,1.0,83881.48,84024.01,142.52999999999884,25350.420000000246
2026-01-29 18:30:00,1,0.0,1.0,84024.01,83477.02,-546.9899999999907,24803.430000000255
2026-01-29 18:45:00,1,1.0,1.0,83477.02,83664.86,187.8399999999965,24991.27000000025
2026-01-29 19:00:00,1,1.0,1.0,83664.86,83801.9,137.0399999999936,25128.310000000245
2026-01-29 19:15:00,1,1.0,1.0,83801.9,84166.57,364.6700000000128,25492.980000000258
2026-01-29 19:30:00,1,0.0,1.0,84166.57,84012.11,-154.4600000000064,25338.52000000025
2026-01-29 19:45:00,1,0.0,1.0,84012.11,83918.06,-94.05000000000291,25244.47000000025
2026-01-29 20:00:00,1,1.0,1.0,83918.06,84000.42,82.36000000000058,25326.83000000025
2026-01-29 20:15:00,1,1.0,1.0,84000.42,84100.01,99.58999999999651,25426.420000000246
2026-01-29 20:30:00,1,1.0,1.0,84100.01,84216.91,116.90000000000873,25543.320000000254
2026-01-29 20:45:00,0,1.0,1.0,84216.91,84427.2,-210.2899999999936,25333.03000000026
2026-01-29 21:00:00,0,0.0,1.0,84427.2,84370.58,56.61999999999534,25389.650000000256
2026-01-29 21:15:00,1,1.0,1.0,84370.58,84448.13,77.55000000000291,25467.20000000026
2026-01-29 21:30:00,1,1.0,1.0,84448.13,84526.57,78.44000000000233,25545.64000000026
2026-01-29 21:45:00,1,0.0,1.0,84526.57,84345.63,-180.94000000000233,25364.70000000026
2026-01-29 22:00:00,1,1.0,1.0,84345.63,84445.29,99.65999999998894,25464.360000000248
2026-01-29 22:15:00,1,1.0,0.0,84445.29,84458.9,13.610000000000582,25477.97000000025
2026-01-29 22:30:00,0,1.0,1.0,84458.9,84570.05,-111.15000000000873,25366.82000000024
2026-01-29 22:45:00,0,0.0,1.0,84570.05,84487.38,82.66999999999825,25449.490000000238
2026-01-29 23:00:00,1,1.0,1.0,84487.38,84576.0,88.61999999999534,25538.110000000233
2026-01-29 23:15:00,1,1.0,1.0,84576.0,84687.4,111.39999999999418,25649.510000000228
2026-01-29 23:30:00,0,0.0,0.0,84687.4,84650.16,37.23999999999069,25686.75000000022
2026-01-29 23:45:00,1,0.0,1.0,84650.16,84542.28,-107.88000000000466,25578.870000000214
2026-01-30 00:00:00,1,0.0,1.0,84542.28,84368.44,-173.8399999999965,25405.030000000217
2026-01-30 00:15:00,1,1.0,0.0,84368.44,84403.62,35.179999999993015,25440.21000000021
2026-01-30 00:30:00,1,0.0,1.0,84403.62,84192.0,-211.61999999999534,25228.590000000215
2026-01-30 00:45:00,1,0.0,0.0,84192.0,84143.3,-48.69999999999709,25179.890000000218
2026-01-30 01:00:00,1,0.0,1.0,84143.3,83772.92,-370.38000000000466,24809.510000000213
2026-01-30 01:15:00,1,0.0,1.0,83772.92,82035.92,-1737.0,23072.510000000213
2026-01-30 01:30:00,1,1.0,1.0,82035.92,82468.02,432.1000000000058,23504.61000000022
2026-01-30 01:45:00,1,0.0,1.0,82468.02,81900.53,-567.4900000000052,22937.120000000214
2026-01-30 02:00:00,1,0.0,1.0,81900.53,81465.36,-435.16999999999825,22501.950000000215
2026-01-30 02:15:00,1,1.0,1.0,81465.36,81984.95,519.5899999999965,23021.540000000212
2026-01-30 02:30:00,1,1.0,1.0,81984.95,82164.88,179.93000000000757,23201.47000000022
2026-01-30 02:45:00,0,1.0,1.0,82164.88,82387.37,-222.4899999999907,22978.98000000023
2026-01-30 03:00:00,0,0.0,0.0,82387.37,82355.67,31.69999999999709,23010.680000000226
2026-01-30 03:15:00,1,1.0,1.0,82355.67,82498.04,142.36999999999534,23153.05000000022
2026-01-30 03:30:00,0,1.0,1.0,82498.04,82676.43,-178.38999999999942,22974.66000000022
2026-01-30 03:45:00,0,1.0,1.0,82676.43,83030.61,-354.18000000000757,22620.480000000214
2026-01-30 04:00:00,0,1.0,0.0,83030.61,83043.35,-12.740000000005239,22607.74000000021
2026-01-30 04:15:00,0,0.0,1.0,83043.35,82917.47,125.88000000000466,22733.620000000214
2026-01-30 04:30:00,1,1.0,0.0,82917.47,82938.92,21.44999999999709,22755.07000000021
2026-01-30 04:45:00,0,1.0,0.0,82938.92,82971.99,-33.070000000006985,22722.000000000204
2026-01-30 05:00:00,0,1.0,1.0,82971.99,83259.54,-287.54999999998836,22434.450000000215
2026-01-30 05:15:00,0,0.0,1.0,83259.54,83108.37,151.16999999999825,22585.620000000214
2026-01-30 05:30:00,1,0.0,1.0,83108.37,82914.19,-194.17999999999302,22391.44000000022
2026-01-30 05:45:00,1,0.0,1.0,82914.19,82792.9,-121.29000000000815,22270.150000000212
2026-01-30 06:00:00,1,0.0,1.0,82792.9,82410.54,-382.3600000000006,21887.790000000212
2026-01-30 06:15:00,1,0.0,1.0,82410.54,82161.57,-248.9699999999866,21638.820000000225
2026-01-30 06:30:00,1,1.0,1.0,82161.57,82602.81,441.2399999999907,22080.060000000216
2026-01-30 06:45:00,1,1.0,1.0,82602.81,82946.04,343.2299999999959,22423.290000000212
2026-01-30 07:00:00,0,0.0,1.0,82946.04,82669.63,276.40999999998894,22699.7000000002
2026-01-30 07:15:00,1,0.0,1.0,82669.63,82567.29,-102.34000000001106,22597.36000000019
2026-01-30 07:30:00,1,1.0,1.0,82567.29,82816.98,249.69000000000233,22847.050000000192
2026-01-30 07:45:00,1,1.0,1.0,82816.98,82904.9,87.91999999999825,22934.97000000019
2026-01-30 08:00:00,0,0.0,1.0,82904.9,82700.0,204.89999999999418,23139.870000000185
2026-01-30 08:15:00,1,0.0,1.0,82700.0,82595.27,-104.72999999999593,23035.14000000019
2026-01-30 08:30:00,1,1.0,1.0,82595.27,82671.7,76.42999999999302,23111.57000000018
2026-01-30 08:45:00,0,0.0,0.0,82671.7,82642.46,29.239999999990687,23140.810000000172
2026-01-30 09:00:00,0,0.0,1.0,82642.46,82410.93,231.5300000000134,23372.340000000186
2026-01-30 09:15:00,1,1.0,1.0,82410.93,82485.65,74.72000000000116,23447.060000000187
2026-01-30 09:30:00,0,0.0,1.0,82485.65,82363.72,121.92999999999302,23568.99000000018
2026-01-30 09:45:00,1,0.0,0.0,82363.72,82319.15,-44.570000000006985,23524.420000000173
2026-01-30 10:00:00,0,1.0,1.0,82319.15,82522.67,-203.52000000000407,23320.90000000017
2026-01-30 10:15:00,0,1.0,1.0,82522.67,82592.05,-69.38000000000466,23251.520000000164
2026-01-30 10:30:00,0,1.0,1.0,82592.05,82833.92,-241.86999999999534,23009.65000000017
2026-01-30 10:45:00,0,1.0,0.0,82833.92,82860.8,-26.880000000004657,22982.770000000164
2026-01-30 11:00:00,0,0.0,1.0,82860.8,82741.16,119.63999999999942,23102.410000000164
2026-01-30 11:15:00,1,1.0,0.0,82741.16,82793.97,52.80999999999767,23155.22000000016
2026-01-30 11:30:00,0,1.0,1.0,82793.97,83151.36,-357.3899999999994,22797.83000000016
2026-01-30 11:45:00,0,0.0,1.0,83151.36,82933.28,218.08000000000175,23015.910000000164
2026-01-30 12:00:00,1,0.0,1.0,82933.28,82747.14,-186.13999999999942,22829.770000000164
2026-01-30 12:15:00,1,0.0,0.0,82747.14,82745.2,-1.9400000000023283,22827.83000000016
2026-01-30 12:30:00,0,1.0,0.0,82745.2,82800.5,-55.30000000000291,22772.53000000016
2026-01-30 12:45:00,0,0.0,0.0,82800.5,82755.2,45.30000000000291,22817.83000000016
2026-01-30 13:00:00,1,0.0,0.0,82755.2,82714.0,-41.19999999999709,22776.630000000165
2026-01-30 13:15:00,1,1.0,1.0,82714.0,82930.28,216.27999999999884,22992.910000000164
2026-01-30 13:30:00,0,0.0,1.0,82930.28,82740.92,189.36000000000058,23182.270000000164
2026-01-30 13:45:00,1,1.0,1.0,82740.92,82973.37,232.4499999999971,23414.72000000016
2026-01-30 14:00:00,0,1.0,0.0,82973.37,82980.0,-6.630000000004657,23408.090000000157
2026-01-30 14:15:00,0,1.0,1.0,82980.0,83650.86,-670.8600000000006,22737.230000000156
2026-01-30 14:30:00,0,0.0,1.0,83650.86,83098.0,552.8600000000006,23290.090000000157
2026-01-30 14:45:00,1,1.0,1.0,83098.0,83317.32,219.32000000000698,23509.410000000164
2026-01-30 15:00:00,1,0.0,1.0,83317.32,82620.28,-697.0400000000081,22812.370000000155
2026-01-30 15:15:00,1,1.0,1.0,82620.28,83266.4,646.1199999999953,23458.49000000015
2026-01-30 15:30:00,0,0.0,1.0,83266.4,82883.94,382.45999999999185,23840.950000000143
2026-01-30 15:45:00,1,1.0,1.0,82883.94,83071.61,187.66999999999825,24028.62000000014
2026-01-30 16:00:00,0,1.0,1.0,83071.61,83165.47,-93.86000000000058,23934.76000000014
2026-01-30 16:15:00,0,1.0,1.0,83165.47,83390.52,-225.0500000000029,23709.710000000137
2026-01-30 16:30:00,0,0.0,1.0,83390.52,83149.0,241.52000000000407,23951.23000000014
2026-01-30 16:45:00,1,0.0,1.0,83149.0,82755.21,-393.7899999999936,23557.440000000148
2026-01-30 17:00:00,1,1.0,1.0,82755.21,83385.68,630.4699999999866,24187.910000000134
2026-01-30 17:15:00,0,0.0,1.0,83385.68,83158.85,226.8299999999872,24414.74000000012
2026-01-30 17:30:00,1,0.0,1.0,83158.85,82943.23,-215.6200000000099,24199.12000000011
2026-01-30 17:45:00,1,0.0,1.0,82943.23,82871.83,-71.39999999999418,24127.720000000118
2026-01-30 18:00:00,1,0.0,1.0,82871.83,82496.94,-374.8899999999994,23752.830000000118
2026-01-30 18:15:00,1,1.0,1.0,82496.94,83134.78,637.8399999999965,24390.670000000115
2026-01-30 18:30:00,0,1.0,1.0,83134.78,83931.13,-796.3500000000058,23594.32000000011
2026-01-30 18:45:00,0,1.0,1.0,83931.13,84141.58,-210.4499999999971,23383.87000000011
2026-01-30 19:00:00,0,1.0,1.0,84141.58,84311.99,-170.4100000000035,23213.46000000011
2026-01-30 19:15:00,0,0.0,0.0,84311.99,84249.99,62.0,23275.46000000011
2026-01-30 19:30:00,1,0.0,0.0,84249.99,84242.99,-7.0,23268.46000000011
2026-01-30 19:45:00,1,0.0,1.0,84242.99,83899.57,-343.41999999999825,22925.04000000011
2026-01-30 20:00:00,1,1.0,0.0,83899.57,83954.01,54.439999999987776,22979.480000000098
2026-01-30 20:15:00,0,1.0,0.0,83954.01,83965.15,-11.139999999999418,22968.3400000001
2026-01-30 20:30:00,0,0.0,0.0,83965.15,83906.34,58.80999999999767,23027.150000000096
2026-01-30 20:45:00,1,1.0,1.0,83906.34,84050.17,143.83000000000175,23170.980000000098
2026-01-30 21:00:00,0,1.0,1.0,84050.17,84264.38,-214.2100000000064,22956.77000000009
2026-01-30 21:15:00,0,0.0,0.0,84264.38,84222.77,41.61000000000058,22998.380000000092
2026-01-30 21:30:00,0,1.0,0.0,84222.77,84273.7,-50.929999999993015,22947.4500000001
2026-01-30 21:45:00,0,0.0,1.0,84273.7,84009.75,263.9499999999971,23211.400000000096
2026-01-30 22:00:00,1,0.0,1.0,84009.75,83941.7,-68.05000000000291,23143.350000000093
2026-01-30 22:15:00,1,1.0,0.0,83941.7,83989.99,48.29000000000815,23191.6400000001
2026-01-30 22:30:00,0,1.0,1.0,83989.99,84219.99,-230.0,22961.6400000001
2026-01-30 22:45:00,0,0.0,1.0,84219.99,84011.6,208.38999999999942,23170.0300000001
2026-01-30 23:00:00,0,1.0,0.0,84011.6,84030.0,-18.39999999999418,23151.630000000107
2026-01-30 23:15:00,0,1.0,1.0,84030.0,84231.99,-201.99000000000524,22949.6400000001
2026-01-30 23:30:00,0,1.0,0.0,84231.99,84260.49,-28.5,22921.1400000001
2026-01-30 23:45:00,0,0.0,1.0,84260.49,84174.74,85.75,23006.8900000001
2026-01-31 00:00:00,1,0.0,0.0,84174.74,84173.76,-0.9800000000104774,23005.91000000009
2026-01-31 00:15:00,0,1.0,1.0,84173.76,84245.13,-71.3700000000099,22934.54000000008
2026-01-31 00:30:00,0,0.0,1.0,84245.13,84067.83,177.3000000000029,23111.840000000084
2026-01-31 00:45:00,1,1.0,1.0,84067.83,84215.79,147.95999999999185,23259.800000000076
2026-01-31 01:00:00,0,0.0,1.0,84215.79,84132.26,83.52999999999884,23343.330000000075
2026-01-31 01:15:00,1,0.0,1.0,84132.26,84048.11,-84.14999999999418,23259.18000000008
2026-01-31 01:30:00,1,0.0,0.0,84048.11,83999.99,-48.11999999999534,23211.060000000085
2026-01-31 01:45:00,1,1.0,0.0,83999.99,84021.5,21.50999999999476,23232.57000000008
2026-01-31 02:00:00,0,0.0,1.0,84021.5,83892.92,128.58000000000175,23361.15000000008
2026-01-31 02:15:00,1,1.0,1.0,83892.92,84138.66,245.74000000000524,23606.890000000087
2026-01-31 02:30:00,0,0.0,0.0,84138.66,84130.01,8.650000000008731,23615.540000000095
2026-01-31 02:45:00,0,1.0,0.0,84130.01,84177.46,-47.45000000001164,23568.090000000084
2026-01-31 03:00:00,0,0.0,0.0,84177.46,84152.91,24.55000000000291,23592.640000000087
2026-01-31 03:15:00,1,0.0,1.0,84152.91,84084.52,-68.38999999999942,23524.250000000087
2026-01-31 03:30:00,1,0.0,0.0,84084.52,84022.69,-61.830000000001746,23462.420000000086
2026-01-31 03:45:00,1,1.0,1.0,84022.69,84097.47,74.77999999999884,23537.200000000084
2026-01-31 04:00:00,0,1.0,0.0,84097.47,84146.22,-48.75,23488.450000000084
2026-01-31 04:15:00,0,0.0,1.0,84146.22,84061.23,84.99000000000524,23573.44000000009
2026-01-31 04:30:00,0,0.0,1.0,84061.23,83992.45,68.77999999999884,23642.22000000009
2026-01-31 04:45:00,1,1.0,0.0,83992.45,84020.31,27.860000000000582,23670.08000000009
2026-01-31 05:00:00,0,0.0,0.0,84020.31,83998.59,21.720000000001164,23691.80000000009
2026-01-31 05:15:00,1,1.0,0.0,83998.59,84017.15,18.55999999999767,23710.360000000088
2026-01-31 05:30:00,0,0.0,0.0,84017.15,84000.01,17.139999999999418,23727.500000000087
2026-01-31 05:45:00,1,0.0,0.0,84000.01,83990.57,-9.439999999987776,23718.0600000001
2026-01-31 06:00:00,0,0.0,1.0,83990.57,83670.65,319.9200000000128,24037.980000000112
2026-01-31 06:15:00,1,1.0,1.0,83670.65,83774.72,104.07000000000698,24142.05000000012
2026-01-31 06:30:00,0,1.0,0.0,83774.72,83786.09,-11.369999999995343,24130.680000000124
2026-01-31 06:45:00,0,0.0,0.0,83786.09,83749.53,36.55999999999767,24167.24000000012
2026-01-31 07:00:00,0,0.0,0.0,83749.53,83700.16,49.36999999999534,24216.610000000117
2026-01-31 07:15:00,1,0.0,1.0,83700.16,83482.07,-218.0899999999965,23998.52000000012
2026-01-31 07:30:00,1,1.0,0.0,83482.07,83546.81,64.73999999999069,24063.26000000011
2026-01-31 07:45:00,0,0.0,1.0,83546.81,83351.72,195.0899999999965,24258.350000000108
2026-01-31 08:00:00,1,0.0,1.0,83351.72,83097.99,-253.72999999999593,24004.62000000011
2026-01-31 08:15:00,1,0.0,1.0,83097.99,82789.98,-308.0100000000093,23696.610000000102
2026-01-31 08:30:00,1,1.0,1.0,82789.98,83074.07,284.09000000001106,23980.700000000114
2026-01-31 08:45:00,0,1.0,0.0,83074.07,83140.01,-65.93999999998778,23914.760000000126
2026-01-31 09:00:00,0,0.0,1.0,83140.01,83021.63,118.3799999999901,24033.140000000116
2026-01-31 09:15:00,1,1.0,1.0,83021.63,83214.57,192.94000000000233,24226.080000000118
2026-01-31 09:30:00,0,0.0,1.0,83214.57,83109.1,105.47000000000116,24331.55000000012
2026-01-31 09:45:00,1,0.0,1.0,83109.1,83004.38,-104.72000000000116,24226.830000000118
2026-01-31 10:00:00,1,1.0,0.0,83004.38,83055.34,50.95999999999185,24277.79000000011
2026-01-31 10:15:00,0,1.0,1.0,83055.34,83179.99,-124.65000000000873,24153.1400000001
2026-01-31 10:30:00,0,0.0,0.0,83179.99,83160.0,19.99000000000524,24173.130000000107
2026-01-31 10:45:00,0,0.0,1.0,83160.0,83019.99,140.00999999999476,24313.1400000001
2026-01-31 11:00:00,1,0.0,0.0,83019.99,83000.01,-19.980000000010477,24293.16000000009
2026-01-31 11:15:00,1,0.0,0.0,83000.01,82984.0,-16.00999999999476,24277.150000000096
2026-01-31 11:30:00,1,1.0,0.0,82984.0,83020.0,36.0,24313.150000000096
2026-01-31 11:45:00,0,0.0,1.0,83020.0,82842.66,177.3399999999965,24490.490000000093
2026-01-31 12:00:00,1,1.0,1.0,82842.66,82994.0,151.3399999999965,24641.83000000009
2026-01-31 12:15:00,0,0.0,1.0,82994.0,82918.77,75.22999999999593,24717.060000000085
2026-01-31 12:30:00,1,0.0,1.0,82918.77,82762.0,-156.77000000000407,24560.29000000008
2026-01-31 12:45:00,1,1.0,0.0,82762.0,82802.27,40.270000000004075,24600.560000000085
2026-01-31 13:00:00,0,1.0,0.0,82802.27,82827.95,-25.679999999993015,24574.880000000092
2026-01-31 13:15:00,0,0.0,1.0,82827.95,82649.79,178.1600000000035,24753.040000000095
2026-01-31 13:30:00,1,1.0,1.0,82649.79,82767.99,118.20000000001164,24871.240000000107
2026-01-31 13:45:00,0,0.0,1.0,82767.99,82449.53,318.4600000000064,25189.700000000114
2026-01-31 14:00:00,1,0.0,1.0,82449.53,81588.0,-861.5299999999988,24328.170000000115
2026-01-31 14:15:00,1,0.0,1.0,81588.0,80995.78,-592.2200000000012,23735.950000000114
2026-01-31 14:30:00,1,1.0,1.0,80995.78,81479.99,484.2100000000064,24220.16000000012
2026-01-31 14:45:00,1,0.0,1.0,81479.99,81265.88,-214.11000000000058,24006.05000000012
2026-01-31 15:00:00,1,1.0,0.0,81265.88,81315.28,49.39999999999418,24055.450000000114
2026-01-31 15:15:00,0,1.0,0.0,81315.28,81343.35,-28.070000000006985,24027.380000000107
2026-01-31 15:30:00,0,0.0,0.0,81343.35,81302.15,41.20000000001164,24068.580000000118
2026-01-31 15:45:00,1,0.0,1.0,81302.15,80992.49,-309.65999999998894,23758.92000000013
2026-01-31 16:00:00,1,1.0,1.0,80992.49,81113.08,120.58999999999651,23879.510000000126
2026-01-31 16:15:00,0,0.0,1.0,81113.08,80980.76,132.32000000000698,24011.830000000133
2026-01-31 16:30:00,1,0.0,1.0,80980.76,80365.04,-615.7200000000012,23396.11000000013
2026-01-31 16:45:00,1,0.0,1.0,80365.04,78846.77,-1518.2699999999895,21877.840000000142
2026-01-31 17:00:00,1,1.0,1.0,78846.77,79120.1,273.33000000000175,22151.170000000144
2026-01-31 17:15:00,0,0.0,1.0,79120.1,78907.28,212.82000000000698,22363.99000000015
2026-01-31 17:30:00,1,0.0,0.0,78907.28,78893.92,-13.360000000000582,22350.63000000015
2026-01-31 17:45:00,0,0.0,1.0,78893.92,78622.96,270.95999999999185,22621.590000000142
2026-01-31 18:00:00,1,0.0,1.0,78622.96,78436.94,-186.02000000000407,22435.570000000138
2026-01-31 18:15:00,1,0.0,1.0,78436.94,77540.28,-896.6600000000035,21538.910000000134
2026-01-31 18:30:00,1,1.0,1.0,77540.28,78038.38,498.1000000000058,22037.01000000014
2026-01-31 18:45:00,0,1.0,1.0,78038.38,78226.24,-187.86000000000058,21849.15000000014
2026-01-31 19:00:00,0,0.0,1.0,78226.24,77982.54,243.70000000001164,22092.85000000015
2026-01-31 19:15:00,1,0.0,1.0,77982.54,77520.01,-462.52999999999884,21630.320000000153
2026-01-31 19:30:00,1,1.0,1.0,77520.01,77750.01,230.0,21860.320000000153
2026-01-31 19:45:00,0,0.0,1.0,77750.01,77532.16,217.84999999999127,22078.170000000144
2026-01-31 20:00:00,1,0.0,1.0,77532.16,77382.96,-149.1999999999971,21928.970000000147
2026-01-31 20:15:00,1,1.0,1.0,77382.96,77517.04,134.0799999999872,22063.050000000134
2026-01-31 20:30:00,0,1.0,1.0,77517.04,77999.03,-481.99000000000524,21581.06000000013
2026-01-31 20:45:00,0,0.0,1.0,77999.03,77670.56,328.47000000000116,21909.53000000013
2026-01-31 21:00:00,1,1.0,1.0,77670.56,77836.34,165.77999999999884,22075.31000000013
2026-01-31 21:15:00,0,1.0,1.0,77836.34,78166.41,-330.070000000007,21745.24000000012
2026-01-31 21:30:00,0,1.0,1.0,78166.41,78292.0,-125.58999999999651,21619.650000000125
2026-01-31 21:45:00,0,0.0,1.0,78292.0,78186.56,105.44000000000233,21725.090000000127
2026-01-31 22:00:00,1,1.0,1.0,78186.56,78341.23,154.66999999999825,21879.760000000126
2026-01-31 22:15:00,0,0.0,1.0,78341.23,78097.96,243.26999999998952,22123.030000000115
2026-01-31 22:30:00,1,1.0,0.0,78097.96,78155.17,57.20999999999185,22180.240000000107
2026-01-31 22:45:00,0,1.0,1.0,78155.17,78227.88,-72.7100000000064,22107.5300000001
2026-01-31 23:00:00,0,1.0,1.0,78227.88,78975.17,-747.2899999999936,21360.240000000107
2026-01-31 23:15:00,0,0.0,1.0,78975.17,78839.36,135.80999999999767,21496.050000000105
2026-01-31 23:30:00,0,0.0,1.0,78839.36,78741.09,98.27000000000407,21594.32000000011
2026-01-31 23:45:00,1,1.0,1.0,78741.09,79337.87,596.7799999999988,22191.100000000108
2026-02-01 00:00:00,0,0.0,1.0,79337.87,79089.36,248.50999999999476,22439.610000000102
2026-02-01 00:15:00,1,0.0,1.0,79089.36,78755.54,-333.820000000007,22105.790000000095
2026-02-01 00:30:00,1,1.0,1.0,78755.54,78902.31,146.77000000000407,22252.5600000001
2026-02-01 00:45:00,1,0.0,1.0,78902.31,78696.13,-206.17999999999302,22046.380000000107
2026-02-01 01:00:00,1,1.0,1.0,78696.13,78834.31,138.17999999999302,22184.5600000001
2026-02-01 01:15:00,0,0.0,1.0,78834.31,78343.5,490.8099999999977,22675.370000000097
2026-02-01 01:30:00,1,1.0,1.0,78343.5,78532.17,188.66999999999825,22864.040000000095
2026-02-01 01:45:00,0,1.0,1.0,78532.17,78817.97,-285.8000000000029,22578.240000000093
2026-02-01 02:00:00,0,0.0,1.0,78817.97,78630.0,187.97000000000116,22766.210000000094
2026-02-01 02:15:00,1,1.0,1.0,78630.0,78749.48,119.47999999999593,22885.69000000009
2026-02-01 02:30:00,0,1.0,1.0,78749.48,78900.01,-150.52999999999884,22735.16000000009
2026-02-01 02:45:00,0,0.0,0.0,78900.01,78864.18,35.830000000001746,22770.990000000093
2026-02-01 03:00:00,0,0.0,1.0,78864.18,78742.93,121.25,22892.240000000093
2026-02-01 03:15:00,0,0.0,0.0,78742.93,78733.27,9.65999999998894,22901.90000000008
2026-02-01 03:30:00,0,1.0,1.0,78733.27,78868.28,-135.00999999999476,22766.890000000087
2026-02-01 03:45:00,0,1.0,1.0,78868.28,78964.13,-95.85000000000582,22671.04000000008
2026-02-01 04:00:00,0,0.0,0.0,78964.13,78931.67,32.4600000000064,22703.500000000087
2026-02-01 04:15:00,0,1.0,1.0,78931.67,79012.99,-81.32000000000698,22622.18000000008
2026-02-01 04:30:00,0,0.0,0.0,79012.99,78971.75,41.24000000000524,22663.420000000086
2026-02-01 04:45:00,0,0.0,1.0,78971.75,78851.34,120.41000000000349,22783.83000000009
2026-02-01 05:00:00,1,1.0,1.0,78851.34,78950.01,98.66999999999825,22882.500000000087
2026-02-01 05:15:00,0,0.0,1.0,78950.01,78581.34,368.66999999999825,23251.170000000086
2026-02-01 05:30:00,1,1.0,0.0,78581.34,78620.91,39.570000000006985,23290.740000000093
2026-02-01 05:45:00,0,1.0,1.0,78620.91,78711.25,-90.33999999999651,23200.400000000096
2026-02-01 06:00:00,0,0.0,0.0,78711.25,78710.47,0.7799999999988358,23201.180000000095
2026-02-01 06:15:00,0,0.0,1.0,78710.47,78526.02,184.4499999999971,23385.630000000092
2026-02-01 06:30:00,1,0.0,1.0,78526.02,78300.0,-226.02000000000407,23159.610000000088
2026-02-01 06:45:00,1,0.0,1.0,78300.0,78122.9,-177.10000000000582,22982.510000000082
2026-02-01 07:00:00,1,1.0,1.0,78122.9,78212.25,89.35000000000582,23071.860000000088
2026-02-01 07:15:00,0,1.0,1.0,78212.25,78580.11,-367.8600000000006,22704.000000000087
2026-02-01 07:30:00,0,0.0,1.0,78580.11,78343.0,237.11000000000058,22941.110000000088
2026-02-01 07:45:00,1,1.0,1.0,78343.0,78446.06,103.05999999999767,23044.170000000086
2026-02-01 08:00:00,0,1.0,0.0,78446.06,78500.53,-54.470000000001164,22989.700000000084
2026-02-01 08:15:00,0,1.0,1.0,78500.53,78863.0,-362.47000000000116,22627.230000000083
2026-02-01 08:30:00,0,0.0,1.0,78863.0,78604.02,258.9799999999959,22886.21000000008
2026-02-01 08:45:00,1,1.0,1.0,78604.02,78760.51,156.4899999999907,23042.70000000007
2026-02-01 09:00:00,0,0.0,1.0,78760.51,78681.42,79.08999999999651,23121.790000000066
2026-02-01 09:15:00,1,1.0,1.0,78681.42,78867.0,185.58000000000175,23307.370000000068
2026-02-01 09:30:00,0,1.0,1.0,78867.0,79034.45,-167.4499999999971,23139.92000000007
2026-02-01 09:45:00,0,1.0,1.0,79034.45,79175.8,-141.35000000000582,22998.570000000065
2026-02-01 10:00:00,0,0.0,1.0,79175.8,79020.27,155.52999999999884,23154.100000000064
2026-02-01 10:15:00,1,0.0,1.0,79020.27,78384.93,-635.3400000000111,22518.760000000053
2026-02-01 10:30:00,1,0.0,1.0,78384.93,78279.73,-105.19999999999709,22413.560000000056
2026-02-01 10:45:00,1,1.0,1.0,78279.73,78499.99,220.2600000000093,22633.820000000065
2026-02-01 11:00:00,0,0.0,1.0,78499.99,78414.91,85.08000000000175,22718.900000000067
2026-02-01 11:15:00,1,1.0,1.0,78414.91,78839.52,424.6100000000006,23143.510000000068
2026-02-01 11:30:00,0,0.0,1.0,78839.52,78743.56,95.9600000000064,23239.470000000074
2026-02-01 11:45:00,1,0.0,1.0,78743.56,78569.8,-173.75999999999476,23065.71000000008
2026-02-01 12:00:00,1,0.0,1.0,78569.8,78446.68,-123.1200000000099,22942.59000000007
2026-02-01 12:15:00,1,0.0,0.0,78446.68,78378.45,-68.22999999999593,22874.360000000073
2026-02-01 12:30:00,1,1.0,1.0,78378.45,78459.67,81.22000000000116,22955.580000000075
2026-02-01 12:45:00,0,1.0,1.0,78459.67,78673.47,-213.8000000000029,22741.78000000007
2026-02-01 13:00:00,0,1.0,0.0,78673.47,78687.14,-13.669999999998254,22728.110000000073
2026-02-01 13:15:00,0,0.0,1.0,78687.14,78526.34,160.8000000000029,22888.910000000076
2026-02-01 13:30:00,1,0.0,1.0,78526.34,78317.51,-208.83000000000175,22680.080000000075
2026-02-01 13:45:00,1,0.0,1.0,78317.51,78188.32,-129.18999999998778,22550.890000000087
2026-02-01 14:00:00,1,0.0,1.0,78188.32,77849.34,-338.9800000000105,22211.910000000076
2026-02-01 14:15:00,1,1.0,0.0,77849.34,77887.62,38.279999999998836,22250.190000000075
2026-02-01 14:30:00,0,1.0,1.0,77887.62,78211.12,-323.5,21926.690000000075
2026-02-01 14:45:00,0,0.0,1.0,78211.12,77618.62,592.5,22519.190000000075
2026-02-01 15:00:00,1,0.0,1.0,77618.62,76984.0,-634.6199999999953,21884.57000000008
2026-02-01 15:15:00,1,1.0,1.0,76984.0,77169.8,185.8000000000029,22070.370000000083
2026-02-01 15:30:00,0,1.0,1.0,77169.8,77593.4,-423.59999999999127,21646.77000000009
2026-02-01 15:45:00,0,0.0,0.0,77593.4,77571.98,21.419999999998254,21668.19000000009
2026-02-01 16:00:00,0,0.0,0.0,77571.98,77534.17,37.80999999999767,21706.000000000087
2026-02-01 16:15:00,1,0.0,1.0,77534.17,77242.29,-291.88000000000466,21414.120000000083
2026-02-01 16:30:00,1,1.0,1.0,77242.29,77494.77,252.48000000001048,21666.600000000093
2026-02-01 16:45:00,0,1.0,1.0,77494.77,77641.2,-146.42999999999302,21520.1700000001
2026-02-01 17:00:00,0,0.0,1.0,77641.2,77556.45,84.75,21604.9200000001
2026-02-01 17:15:00,1,0.0,1.0,77556.45,77475.73,-80.72000000000116,21524.2000000001
2026-02-01 17:30:00,1,1.0,1.0,77475.73,77745.32,269.59000000001106,21793.79000000011
2026-02-01 17:45:00,0,1.0,1.0,77745.32,78234.0,-488.679999999993,21305.110000000117
2026-02-01 18:00:00,0,0.0,1.0,78234.0,78155.34,78.66000000000349,21383.77000000012
2026-02-01 18:15:00,0,0.0,1.0,78155.34,77990.7,164.63999999999942,21548.41000000012
2026-02-01 18:30:00,1,1.0,0.0,77990.7,78029.28,38.580000000001746,21586.99000000012
2026-02-01 18:45:00,0,0.0,1.0,78029.28,77736.0,293.27999999999884,21880.27000000012
2026-02-01 19:00:00,1,0.0,0.0,77736.0,77700.0,-36.0,21844.27000000012
2026-02-01 19:15:00,1,0.0,1.0,77700.0,77544.37,-155.63000000000466,21688.640000000116
2026-02-01 19:30:00,1,0.0,1.0,77544.37,77174.78,-369.5899999999965,21319.05000000012
2026-02-01 19:45:00,1,1.0,0.0,77174.78,77193.13,18.35000000000582,21337.400000000125
2026-02-01 20:00:00,0,0.0,1.0,77193.13,76688.74,504.3899999999994,21841.790000000125
2026-02-01 20:15:00,1,1.0,1.0,76688.74,77416.62,727.8799999999901,22569.670000000115
2026-02-01 20:30:00,0,0.0,1.0,77416.62,77103.04,313.58000000000175,22883.250000000116
2026-02-01 20:45:00,1,0.0,1.0,77103.04,76742.48,-360.5599999999977,22522.69000000012
2026-02-01 21:00:00,1,1.0,1.0,76742.48,76991.87,249.38999999999942,22772.080000000118
2026-02-01 21:15:00,0,0.0,1.0,76991.87,76841.43,150.44000000000233,22922.52000000012
2026-02-01 21:30:00,1,0.0,1.0,76841.43,76526.03,-315.3999999999942,22607.120000000126
2026-02-01 21:45:00,1,1.0,1.0,76526.03,77491.44,965.4100000000035,23572.53000000013
2026-02-01 22:00:00,0,0.0,1.0,77491.44,77196.21,295.2299999999959,23867.760000000126
2026-02-01 22:15:00,0,1.0,1.0,77196.21,77456.14,-259.929999999993,23607.830000000133
2026-02-01 22:30:00,0,0.0,1.0,77456.14,77249.31,206.83000000000175,23814.660000000134
2026-02-01 22:45:00,0,0.0,1.0,77249.31,76639.72,609.5899999999965,24424.25000000013
2026-02-01 23:00:00,1,1.0,1.0,76639.72,76800.9,161.17999999999302,24585.430000000124
2026-02-01 23:15:00,0,1.0,1.0,76800.9,77320.57,-519.6700000000128,24065.76000000011
2026-02-01 23:30:00,0,0.0,1.0,77320.57,76968.21,352.3600000000006,24418.12000000011
2026-02-01 23:45:00,1,1.0,1.0,76968.21,77541.03,572.8199999999924,24990.940000000104
2026-02-02 00:00:00,0,1.0,1.0,77541.03,77932.2,-391.16999999999825,24599.770000000106
2026-02-02 00:15:00,0,0.0,0.0,77932.2,77860.01,72.19000000000233,24671.96000000011
2026-02-02 00:30:00,0,0.0,1.0,77860.01,77672.61,187.39999999999418,24859.360000000102
2026-02-02 00:45:00,1,0.0,1.0,77672.61,76824.0,-848.6100000000006,24010.750000000102
2026-02-02 01:00:00,1,1.0,1.0,76824.0,77773.57,949.570000000007,24960.32000000011
2026-02-02 01:15:00,0,0.0,0.0,77773.57,77710.65,62.920000000012806,25023.24000000012
2026-02-02 01:30:00,1,0.0,1.0,77710.65,77518.87,-191.77999999999884,24831.460000000123
2026-02-02 01:45:00,1,0.0,1.0,77518.87,77196.0,-322.86999999999534,24508.590000000127
2026-02-02 02:00:00,1,0.0,1.0,77196.0,77124.38,-71.61999999999534,24436.970000000132
2026-02-02 02:15:00,1,0.0,1.0,77124.38,76972.21,-152.16999999999825,24284.800000000134
2026-02-02 02:30:00,1,0.0,1.0,76972.21,76491.17,-481.04000000000815,23803.760000000126
2026-02-02 02:45:00,1,0.0,1.0,76491.17,75890.1,-601.0699999999924,23202.690000000133
2026-02-02 03:00:00,1,0.0,1.0,75890.1,75102.92,-787.1800000000076,22415.510000000126
2026-02-02 03:15:00,1,0.0,1.0,75102.92,74637.6,-465.31999999999243,21950.190000000133
2026-02-02 03:30:00,1,1.0,1.0,74637.6,76292.98,1655.37999999999,23605.570000000123
2026-02-02 03:45:00,0,0.0,1.0,76292.98,75526.74,766.2399999999907,24371.810000000114
2026-02-02 04:00:00,1,1.0,1.0,75526.74,76481.93,955.1899999999878,25327.000000000102
2026-02-02 04:15:00,0,0.0,1.0,76481.93,76171.91,310.0199999999895,25637.02000000009
2026-02-02 04:30:00,1,0.0,1.0,76171.91,75894.15,-277.7600000000093,25359.260000000082
2026-02-02 04:45:00,1,0.0,1.0,75894.15,75525.66,-368.4899999999907,24990.77000000009
2026-02-02 05:00:00,1,0.0,1.0,75525.66,75088.0,-437.6600000000035,24553.110000000088
2026-02-02 05:15:00,1,1.0,1.0,75088.0,75251.4,163.39999999999418,24716.510000000082
2026-02-02 05:30:00,0,1.0,1.0,75251.4,75502.1,-250.70000000001164,24465.81000000007
2026-02-02 05:45:00,0,1.0,1.0,75502.1,75647.75,-145.64999999999418,24320.160000000076
2026-02-02 06:00:00,0,1.0,0.0,75647.75,75703.59,-55.83999999999651,24264.32000000008
2026-02-02 06:15:00,0,1.0,1.0,75703.59,76507.83,-804.2400000000052,23460.080000000075
2026-02-02 06:30:00,0,1.0,0.0,76507.83,76549.32,-41.49000000000524,23418.59000000007
2026-02-02 06:45:00,0,0.0,0.0,76549.32,76537.52,11.80000000000291,23430.390000000072
2026-02-02 07:00:00,0,0.0,1.0,76537.52,76439.88,97.63999999999942,23528.03000000007
2026-02-02 07:15:00,1,1.0,1.0,76439.88,76569.99,130.11000000000058,23658.140000000072
2026-02-02 07:30:00,0,1.0,1.0,76569.99,76660.79,-90.79999999998836,23567.340000000084
2026-02-02 07:45:00,0,1.0,1.0,76660.79,76870.09,-209.3000000000029,23358.04000000008
2026-02-02 08:00:00,0,0.0,1.0,76870.09,76789.99,80.09999999999127,23438.140000000072
2026-02-02 08:15:00,1,1.0,1.0,76789.99,76920.01,130.01999999998952,23568.16000000006
2026-02-02 08:30:00,0,0.0,0.0,76920.01,76881.28,38.729999999995925,23606.890000000058
2026-02-02 08:45:00,1,0.0,1.0,76881.28,76799.99,-81.2899999999936,23525.600000000064
2026-02-02 09:00:00,1,1.0,1.0,76799.99,77360.64,560.6499999999942,24086.25000000006
2026-02-02 09:15:00,0,1.0,0.0,77360.64,77437.28,-76.63999999999942,24009.61000000006
2026-02-02 09:30:00,0,1.0,1.0,77437.28,77725.33,-288.0500000000029,23721.560000000056
2026-02-02 09:45:00,0,0.0,0.0,77725.33,77656.36,68.97000000000116,23790.530000000057
2026-02-02 10:00:00,1,1.0,0.0,77656.36,77664.68,8.319999999992433,23798.85000000005
2026-02-02 10:15:00,0,0.0,0.0,77664.68,77602.23,62.44999999999709,23861.300000000047
2026-02-02 10:30:00,1,0.0,1.0,77602.23,77504.54,-97.69000000000233,23763.610000000044
2026-02-02 10:45:00,1,1.0,1.0,77504.54,77750.0,245.4600000000064,24009.07000000005
2026-02-02 11:00:00,0,1.0,0.0,77750.0,77814.78,-64.77999999999884,23944.29000000005
2026-02-02 11:15:00,0,1.0,0.0,77814.78,77840.01,-25.229999999995925,23919.060000000056
2026-02-02 11:30:00,0,0.0,0.0,77840.01,77759.99,80.01999999998952,23999.080000000045
2026-02-02 11:45:00,1,1.0,1.0,77759.99,77971.65,211.65999999998894,24210.740000000034
2026-02-02 12:00:00,0,1.0,1.0,77971.65,78175.43,-203.77999999999884,24006.960000000036
2026-02-02 12:15:00,0,0.0,1.0,78175.43,77854.46,320.9699999999866,24327.930000000022
2026-02-02 12:30:00,1,1.0,1.0,77854.46,77988.51,134.04999999998836,24461.98000000001
2026-02-02 12:45:00,0,1.0,0.0,77988.51,77999.99,-11.480000000010477,24450.5
2026-02-02 13:00:00,0,0.0,1.0,77999.99,77918.32,81.66999999999825,24532.17
2026-02-02 13:15:00,1,0.0,0.0,77918.32,77875.04,-43.28000000001339,24488.889999999985
2026-02-02 13:30:00,1,1.0,1.0,77875.04,78224.79,349.75,24838.639999999985
2026-02-02 13:45:00,0,0.0,1.0,78224.79,77788.63,436.15999999998894,25274.799999999974
2026-02-02 14:00:00,1,1.0,1.0,77788.63,78022.04,233.40999999998894,25508.209999999963
2026-02-02 14:15:00,0,1.0,1.0,78022.04,78504.04,-482.0,25026.209999999963
2026-02-02 14:30:00,0,0.0,1.0,78504.04,77844.79,659.25,25685.459999999963
2026-02-02 14:45:00,1,1.0,1.0,77844.79,78295.36,450.570000000007,26136.02999999997
2026-02-02 15:00:00,0,1.0,1.0,78295.36,78622.0,-326.6399999999994,25809.38999999997
2026-02-02 15:15:00,0,1.0,1.0,78622.0,79021.47,-399.47000000000116,25409.91999999997
2026-02-02 15:30:00,0,0.0,1.0,79021.47,78850.06,171.4100000000035,25581.329999999973
2026-02-02 15:45:00,1,1.0,1.0,78850.06,79066.1,216.04000000000815,25797.36999999998
2026-02-02 16:00:00,0,1.0,1.0,79066.1,79180.01,-113.90999999998894,25683.459999999992
2026-02-02 16:15:00,0,0.0,1.0,79180.01,79072.16,107.84999999999127,25791.309999999983
2026-02-02 16:30:00,1,0.0,1.0,79072.16,78634.76,-437.40000000000873,25353.909999999974
2026-02-02 16:45:00,1,1.0,1.0,78634.76,78978.92,344.1600000000035,25698.069999999978
2026-02-02 17:00:00,0,0.0,0.0,78978.92,78965.63,13.289999999993597,25711.35999999997
2026-02-02 17:15:00,1,0.0,1.0,78965.63,78875.1,-90.52999999999884,25620.829999999973
2026-02-02 17:30:00,1,1.0,1.0,78875.1,78988.64,113.5399999999936,25734.369999999966
2026-02-02 17:45:00,1,0.0,1.0,78988.64,78711.87,-276.7700000000041,25457.599999999962
2026-02-02 18:00:00,1,0.0,1.0,78711.87,78430.36,-281.50999999999476,25176.089999999967
2026-02-02 18:15:00,1,1.0,1.0,78430.36,78578.87,148.50999999999476,25324.599999999962
2026-02-02 18:30:00,1,0.0,0.0,78578.87,78569.84,-9.029999999998836,25315.569999999963
2026-02-02 18:45:00,1,0.0,0.0,78569.84,78520.0,-49.83999999999651,25265.729999999967
2026-02-02 19:00:00,1,0.0,0.0,78520.0,78480.02,-39.979999999995925,25225.74999999997
2026-02-02 19:15:00,1,1.0,0.0,78480.02,78544.85,64.83000000000175,25290.579999999973
2026-02-02 19:30:00,1,0.0,1.0,78544.85,78341.5,-203.35000000000582,25087.229999999967
2026-02-02 19:45:00,1,1.0,1.0,78341.5,78431.28,89.77999999999884,25177.009999999966
2026-02-02 20:00:00,1,0.0,0.0,78431.28,78415.29,-15.990000000005239,25161.01999999996
2026-02-02 20:15:00,1,0.0,1.0,78415.29,78188.73,-226.55999999999767,24934.459999999963
2026-02-02 20:30:00,1,0.0,1.0,78188.73,78008.59,-180.13999999999942,24754.319999999963
2026-02-02 20:45:00,1,1.0,1.0,78008.59,78345.26,336.66999999999825,25090.98999999996
2026-02-02 21:00:00,0,0.0,0.0,78345.26,78291.47,53.7899999999936,25144.779999999955
2026-02-02 21:15:00,1,1.0,0.0,78291.47,78367.53,76.05999999999767,25220.839999999953
2026-02-02 21:30:00,1,1.0,1.0,78367.53,78532.06,164.52999999999884,25385.36999999995
2026-02-02 21:45:00,0,1.0,1.0,78532.06,78765.35,-233.29000000000815,25152.079999999944
2026-02-02 22:00:00,0,0.0,1.0,78765.35,78661.43,103.9200000000128,25255.999999999956
2026-02-02 22:15:00,1,1.0,1.0,78661.43,78831.03,169.60000000000582,25425.599999999962
2026-02-02 22:30:00,0,0.0,0.0,78831.03,78795.2,35.830000000001746,25461.429999999964
2026-02-02 22:45:00,1,0.0,0.0,78795.2,78748.72,-46.479999999995925,25414.949999999968
2026-02-02 23:00:00,1,0.0,1.0,78748.72,78620.73,-127.99000000000524,25286.959999999963
2026-02-02 23:15:00,1,1.0,1.0,78620.73,78892.42,271.6900000000023,25558.649999999965
2026-02-02 23:30:00,0,0.0,1.0,78892.42,78738.61,153.80999999999767,25712.459999999963
2026-02-02 23:45:00,1,0.0,1.0,78738.61,78576.85,-161.75999999999476,25550.699999999968
2026-02-03 00:00:00,1,1.0,1.0,78576.85,78909.49,332.6399999999994,25883.339999999967
2026-02-03 00:15:00,0,1.0,0.0,78909.49,78951.48,-41.98999999999069,25841.349999999977
2026-02-03 00:30:00,0,1.0,1.0,78951.48,79065.24,-113.76000000000931,25727.589999999967
2026-02-03 00:45:00,0,0.0,1.0,79065.24,78930.0,135.24000000000524,25862.829999999973
2026-02-03 01:00:00,1,0.0,0.0,78930.0,78905.59,-24.410000000003492,25838.41999999997
2026-02-03 01:15:00,1,1.0,0.0,78905.59,78940.0,34.41000000000349,25872.829999999973
2026-02-03 01:30:00,1,1.0,0.0,78940.0,79017.63,77.63000000000466,25950.459999999977
2026-02-03 01:45:00,1,0.0,1.0,79017.63,78527.78,-489.8500000000058,25460.60999999997
2026-02-03 02:00:00,1,1.0,1.0,78527.78,78700.0,172.22000000000116,25632.829999999973
2026-02-03 02:15:00,1,0.0,1.0,78700.0,78393.01,-306.99000000000524,25325.839999999967
2026-02-03 02:30:00,1,0.0,1.0,78393.01,77808.01,-585.0,24740.839999999967
2026-02-03 02:45:00,1,1.0,1.0,77808.01,78021.53,213.52000000000407,24954.35999999997
2026-02-03 03:00:00,1,1.0,1.0,78021.53,78306.0,284.47000000000116,25238.829999999973
2026-02-03 03:15:00,0,1.0,1.0,78306.0,78560.01,-254.00999999999476,24984.819999999978
2026-02-03 03:30:00,0,1.0,1.0,78560.01,78753.32,-193.31000000001222,24791.509999999966
2026-02-03 03:45:00,0,1.0,0.0,78753.32,78759.99,-6.669999999998254,24784.839999999967
2026-02-03 04:00:00,0,0.0,1.0,78759.99,78509.36,250.63000000000466,25035.469999999972
2026-02-03 04:15:00,1,1.0,1.0,78509.36,78979.63,470.2700000000041,25505.739999999976
2026-02-03 04:30:00,0,0.0,1.0,78979.63,78798.39,181.24000000000524,25686.97999999998
2026-02-03 04:45:00,1,0.0,1.0,78798.39,78504.1,-294.2899999999936,25392.689999999988
2026-02-03 05:00:00,1,0.0,0.0,78504.1,78431.82,-72.27999999999884,25320.40999999999
2026-02-03 05:15:00,1,0.0,0.0,78431.82,78362.35,-69.47000000000116,25250.939999999988
2026-02-03 05:30:00,1,0.0,1.0,78362.35,78240.45,-121.90000000000873,25129.03999999998
2026-02-03 05:45:00,1,0.0,1.0,78240.45,78069.73,-170.72000000000116,24958.319999999978
2026-02-03 06:00:00,1,1.0,1.0,78069.73,78566.97,497.24000000000524,25455.559999999983
2026-02-03 06:15:00,1,0.0,1.0,78566.97,78464.62,-102.35000000000582,25353.209999999977
2026-02-03 06:30:00,1,1.0,1.0,78464.62,78594.17,129.5500000000029,25482.75999999998
2026-02-03 06:45:00,0,1.0,1.0,78594.17,78750.0,-155.83000000000175,25326.92999999998
2026-02-03 07:00:00,0,0.0,0.0,78750.0,78670.92,79.08000000000175,25406.00999999998
2026-02-03 07:15:00,1,1.0,1.0,78670.92,78839.99,169.07000000000698,25575.079999999987
2026-02-03 07:30:00,0,0.0,0.0,78839.99,78794.67,45.320000000006985,25620.399999999994
2026-02-03 07:45:00,1,0.0,1.0,78794.67,78488.66,-306.00999999999476,25314.39
2026-02-03 08:00:00,1,1.0,1.0,78488.66,78882.2,393.5399999999936,25707.929999999993
2026-02-03 08:15:00,0,1.0,1.0,78882.2,79005.32,-123.1200000000099,25584.809999999983
2026-02-03 08:30:00,0,0.0,1.0,79005.32,78747.96,257.3600000000006,25842.169999999984
2026-02-03 08:45:00,1,0.0,1.0,78747.96,78180.8,-567.1600000000035,25275.00999999998
2026-02-03 09:00:00,1,0.0,1.0,78180.8,77960.51,-220.29000000000815,25054.719999999972
2026-02-03 09:15:00,1,1.0,1.0,77960.51,78312.15,351.6399999999994,25406.35999999997
2026-02-03 09:30:00,1,1.0,1.0,78312.15,78400.01,87.86000000000058,25494.219999999972
2026-02-03 09:45:00,1,1.0,1.0,78400.01,78529.83,129.82000000000698,25624.03999999998
2026-02-03 10:00:00,0,0.0,0.0,78529.83,78466.07,63.75999999999476,25687.799999999974
2026-02-03 10:15:00,1,0.0,1.0,78466.07,78165.48,-300.59000000001106,25387.209999999963
2026-02-03 10:30:00,1,0.0,0.0,78165.48,78120.36,-45.11999999999534,25342.089999999967
2026-02-03 10:45:00,1,1.0,1.0,78120.36,78231.09,110.72999999999593,25452.819999999963
2026-02-03 11:00:00,1,0.0,1.0,78231.09,78058.2,-172.88999999999942,25279.929999999964
2026-02-03 11:15:00,1,1.0,1.0,78058.2,78220.19,161.99000000000524,25441.91999999997
2026-02-03 11:30:00,1,0.0,1.0,78220.19,78079.5,-140.69000000000233,25301.229999999967
2026-02-03 11:45:00,1,1.0,1.0,78079.5,78222.2,142.6999999999971,25443.929999999964
2026-02-03 12:00:00,0,1.0,1.0,78222.2,78318.65,-96.44999999999709,25347.479999999967
2026-02-03 12:15:00,1,0.0,0.0,78318.65,78237.41,-81.23999999999069,25266.239999999976
2026-02-03 12:30:00,1,1.0,1.0,78237.41,78330.26,92.84999999999127,25359.089999999967
2026-02-03 12:45:00,1,1.0,0.0,78330.26,78410.15,79.88999999999942,25438.979999999967
2026-02-03 13:00:00,1,1.0,0.0,78410.15,78423.52,13.370000000009895,25452.349999999977
2026-02-03 13:15:00,0,0.0,1.0,78423.52,78300.92,122.60000000000582,25574.949999999983
2026-02-03 13:30:00,1,1.0,0.0,78300.92,78307.65,6.7299999999959255,25581.67999999998
2026-02-03 13:45:00,1,1.0,0.0,78307.65,78358.47,50.820000000006985,25632.499999999985
2026-02-03 14:00:00,1,1.0,0.0,78358.47,78425.83,67.36000000000058,25699.859999999986
2026-02-03 14:15:00,0,0.0,1.0,78425.83,77875.71,550.1199999999953,26249.97999999998
2026-02-03 14:30:00,1,0.0,1.0,77875.71,77201.22,-674.4900000000052,25575.489999999976
2026-02-03 14:45:00,1,0.0,0.0,77201.22,77173.56,-27.660000000003492,25547.829999999973
2026-02-03 15:00:00,1,1.0,1.0,77173.56,77736.2,562.6399999999994,26110.469999999972
2026-02-03 15:15:00,1,0.0,1.0,77736.2,77480.0,-256.1999999999971,25854.269999999975
2026-02-03 15:30:00,1,1.0,1.0,77480.0,78132.33,652.3300000000017,26506.599999999977
2026-02-03 15:45:00,0,0.0,1.0,78132.33,77363.77,768.5599999999977,27275.159999999974
2026-02-03 16:00:00,1,0.0,1.0,77363.77,76693.53,-670.2400000000052,26604.91999999997
2026-02-03 16:15:00,1,1.0,0.0,76693.53,76753.45,59.919999999998254,26664.839999999967
2026-02-03 16:30:00,1,0.0,1.0,76753.45,76488.08,-265.36999999999534,26399.469999999972
2026-02-03 16:45:00,1,0.0,1.0,76488.08,75699.08,-789.0,25610.469999999972
2026-02-03 17:00:00,1,1.0,1.0,75699.08,75900.3,201.22000000000116,25811.689999999973
2026-02-03 17:15:00,1,0.0,1.0,75900.3,75147.94,-752.3600000000006,25059.329999999973
2026-02-03 17:30:00,1,0.0,1.0,75147.94,74915.79,-232.15000000000873,24827.179999999964
2026-02-03 17:45:00,1,0.0,1.0,74915.79,74680.42,-235.36999999999534,24591.80999999997
2026-02-03 18:00:00,1,0.0,1.0,74680.42,74088.14,-592.2799999999988,23999.52999999997
2026-02-03 18:15:00,1,0.0,1.0,74088.14,73726.8,-361.3399999999965,23638.189999999973
2026-02-03 18:30:00,1,0.0,1.0,73726.8,73139.13,-587.6699999999983,23050.519999999975
2026-02-03 18:45:00,1,1.0,1.0,73139.13,74582.3,1443.1699999999983,24493.689999999973
2026-02-03 19:00:00,1,1.0,1.0,74582.3,74933.99,351.6900000000023,24845.379999999976
2026-02-03 19:15:00,1,0.0,0.0,74933.99,74912.83,-21.160000000003492,24824.219999999972
2026-02-03 19:30:00,1,1.0,0.0,74912.83,74935.0,22.169999999998254,24846.38999999997
2026-02-03 19:45:00,1,0.0,1.0,74935.0,74709.12,-225.88000000000466,24620.509999999966
2026-02-03 20:00:00,1,1.0,1.0,74709.12,75662.44,953.320000000007,25573.829999999973
2026-02-03 20:15:00,0,1.0,1.0,75662.44,76388.64,-726.1999999999971,24847.629999999976
2026-02-03 20:30:00,0,1.0,1.0,76388.64,76475.52,-86.88000000000466,24760.74999999997
2026-02-03 20:45:00,0,1.0,1.0,76475.52,76795.01,-319.4899999999907,24441.25999999998
2026-02-03 21:00:00,0,0.0,1.0,76795.01,76497.41,297.59999999999127,24738.85999999997
2026-02-03 21:15:00,1,0.0,1.0,76497.41,76368.51,-128.90000000000873,24609.959999999963
2026-02-03 21:30:00,1,0.0,1.0,76368.51,76239.43,-129.08000000000175,24480.87999999996
2026-02-03 21:45:00,1,0.0,1.0,76239.43,75838.59,-400.8399999999965,24080.039999999964
2026-02-03 22:00:00,1,1.0,1.0,75838.59,76030.42,191.83000000000175,24271.869999999966
2026-02-03 22:15:00,1,0.0,1.0,76030.42,75803.06,-227.36000000000058,24044.509999999966
2026-02-03 22:30:00,1,0.0,1.0,75803.06,75708.83,-94.22999999999593,23950.27999999997
2026-02-03 22:45:00,1,1.0,0.0,75708.83,75770.0,61.169999999998254,24011.449999999968
2026-02-03 23:00:00,1,0.0,0.0,75770.0,75751.64,-18.360000000000582,23993.089999999967
2026-02-03 23:15:00,1,1.0,1.0,75751.64,75859.34,107.69999999999709,24100.789999999964
2026-02-03 23:30:00,1,0.0,1.0,75859.34,75770.21,-89.1299999999901,24011.659999999974
2026-02-03 23:45:00,1,0.0,1.0,75770.21,75467.23,-302.9800000000105,23708.679999999964
2026-02-04 00:00:00,1,1.0,1.0,75467.23,76029.01,561.7799999999988,24270.459999999963
2026-02-04 00:15:00,0,1.0,0.0,76029.01,76056.0,-26.99000000000524,24243.469999999958
2026-02-04 00:30:00,1,0.0,1.0,76056.0,75910.88,-145.11999999999534,24098.349999999962
2026-02-04 00:45:00,1,1.0,1.0,75910.88,76535.62,624.7399999999907,24723.089999999953
2026-02-04 01:00:00,0,0.0,0.0,76535.62,76471.1,64.51999999998952,24787.609999999942
2026-02-04 01:15:00,1,1.0,1.0,76471.1,76694.61,223.50999999999476,25011.119999999937
2026-02-04 01:30:00,0,0.0,1.0,76694.61,76423.73,270.88000000000466,25281.99999999994
2026-02-04 01:45:00,1,0.0,0.0,76423.73,76412.98,-10.75,25271.24999999994
2026-02-04 02:00:00,1,0.0,1.0,76412.98,76186.63,-226.34999999999127,25044.89999999995
2026-02-04 02:15:00,1,0.0,1.0,76186.63,75999.91,-186.72000000000116,24858.17999999995
2026-02-04 02:30:00,1,0.0,0.0,75999.91,75963.35,-36.55999999999767,24821.61999999995
2026-02-04 02:45:00,1,1.0,1.0,75963.35,76638.0,674.6499999999942,25496.269999999946
2026-02-04 03:00:00,0,0.0,1.0,76638.0,76390.12,247.88000000000466,25744.14999999995
2026-02-04 03:15:00,1,1.0,1.0,76390.12,76682.88,292.7600000000093,26036.90999999996
2026-02-04 03:30:00,0,1.0,0.0,76682.88,76698.17,-15.289999999993597,26021.619999999966
2026-02-04 03:45:00,1,1.0,0.0,76698.17,76730.69,32.520000000004075,26054.13999999997
2026-02-04 04:00:00,1,0.0,1.0,76730.69,76595.94,-134.75,25919.38999999997
2026-02-04 04:15:00,1,0.0,0.0,76595.94,76594.38,-1.5599999999976717,25917.829999999973
2026-02-04 04:30:00,1,0.0,1.0,76594.38,76479.75,-114.63000000000466,25803.199999999968
2026-02-04 04:45:00,1,0.0,0.0,76479.75,76476.81,-2.9400000000023283,25800.259999999966
2026-02-04 05:00:00,1,0.0,0.0,76476.81,76466.27,-10.539999999993597,25789.719999999972
2026-02-04 05:15:00,1,0.0,1.0,76466.27,76245.3,-220.97000000000116,25568.74999999997
2026-02-04 05:30:00,1,1.0,0.0,76245.3,76279.99,34.69000000000233,25603.439999999973
2026-02-04 05:45:00,1,1.0,1.0,76279.99,76550.62,270.6299999999901,25874.069999999963
2026-02-04 06:00:00,1,0.0,0.0,76550.62,76486.01,-64.61000000000058,25809.459999999963
2026-02-04 06:15:00,1,1.0,1.0,76486.01,76711.56,225.5500000000029,26035.009999999966
2026-02-04 06:30:00,0,0.0,0.0,76711.56,76652.68,58.88000000000466,26093.88999999997
2026-02-04 06:45:00,1,0.0,0.0,76652.68,76612.23,-40.44999999999709,26053.439999999973
2026-02-04 07:00:00,1,0.0,1.0,76612.23,76452.28,-159.9499999999971,25893.489999999976
2026-02-04 07:15:00,1,1.0,1.0,76452.28,76554.4,102.11999999999534,25995.60999999997
2026-02-04 07:30:00,1,0.0,0.0,76554.4,76514.3,-40.09999999999127,25955.50999999998
2026-02-04 07:45:00,1,0.0,1.0,76514.3,76408.58,-105.72000000000116,25849.78999999998
2026-02-04 08:00:00,1,0.0,1.0,76408.58,76126.07,-282.50999999999476,25567.279999999984
2026-02-04 08:15:00,1,1.0,1.0,76126.07,76365.9,239.8299999999872,25807.10999999997
2026-02-04 08:30:00,1,1.0,1.0,76365.9,76587.26,221.36000000000058,26028.469999999972
2026-02-04 08:45:00,0,0.0,1.0,76587.26,76319.22,268.0399999999936,26296.509999999966
2026-02-04 09:00:00,1,0.0,1.0,76319.22,76157.86,-161.36000000000058,26135.149999999965
2026-02-04 09:15:00,1,0.0,0.0,76157.86,76097.0,-60.86000000000058,26074.289999999964
2026-02-04 09:30:00,1,1.0,0.0,76097.0,76119.0,22.0,26096.289999999964
2026-02-04 09:45:00,1,1.0,0.0,76119.0,76149.99,30.99000000000524,26127.27999999997
2026-02-04 10:00:00,1,0.0,0.0,76149.99,76115.46,-34.529999999998836,26092.74999999997
2026-02-04 10:15:00,1,1.0,1.0,76115.46,76263.73,148.26999999998952,26241.01999999996
2026-02-04 10:30:00,1,1.0,0.0,76263.73,76302.1,38.370000000009895,26279.38999999997
2026-02-04 10:45:00,1,0.0,1.0,76302.1,75817.36,-484.74000000000524,25794.649999999965
2026-02-04 11:00:00,1,1.0,0.0,75817.36,75847.2,29.839999999996508,25824.48999999996
2026-02-04 11:15:00,1,1.0,1.0,75847.2,76035.99,188.79000000000815,26013.27999999997
2026-02-04 11:30:00,1,0.0,0.0,76035.99,76017.25,-18.74000000000524,25994.539999999964
2026-02-04 11:45:00,1,1.0,1.0,76017.25,76110.88,93.63000000000466,26088.16999999997
2026-02-04 12:00:00,1,0.0,0.0,76110.88,76071.77,-39.11000000000058,26049.05999999997
2026-02-04 12:15:00,1,1.0,1.0,76071.77,76177.4,105.6299999999901,26154.68999999996
2026-02-04 12:30:00,1,1.0,0.0,76177.4,76180.85,3.4500000000116415,26158.13999999997
2026-02-04 12:45:00,1,0.0,0.0,76180.85,76112.01,-68.84000000001106,26089.29999999996
2026-02-04 13:00:00,1,0.0,1.0,76112.01,75858.81,-253.1999999999971,25836.099999999962
2026-02-04 13:15:00,1,0.0,1.0,75858.81,75358.07,-500.7399999999907,25335.35999999997
2026-02-04 13:30:00,1,0.0,1.0,75358.07,74867.0,-491.070000000007,24844.289999999964
2026-02-04 13:45:00,1,1.0,1.0,74867.0,75350.76,483.75999999999476,25328.04999999996
2026-02-04 14:00:00,1,0.0,0.0,75350.76,75298.81,-51.94999999999709,25276.099999999962
2026-02-04 14:15:00,1,0.0,1.0,75298.81,75212.01,-86.80000000000291,25189.29999999996
2026-02-04 14:30:00,1,0.0,1.0,75212.01,74359.53,-852.4799999999959,24336.819999999963
2026-02-04 14:45:00,1,1.0,1.0,74359.53,74850.04,490.50999999999476,24827.329999999958
2026-02-04 15:00:00,1,1.0,0.0,74850.04,74911.68,61.63999999999942,24888.969999999958
2026-02-04 15:15:00,0,0.0,1.0,74911.68,74363.46,548.2199999999866,25437.189999999944
2026-02-04 15:30:00,1,0.0,1.0,74363.46,74136.36,-227.10000000000582,25210.08999999994
2026-02-04 15:45:00,1,0.0,1.0,74136.36,73896.34,-240.02000000000407,24970.069999999934
2026-02-04 16:00:00,1,1.0,1.0,73896.34,74150.0,253.6600000000035,25223.729999999938
2026-02-04 16:15:00,1,0.0,1.0,74150.0,73113.02,-1036.979999999996,24186.74999999994
2026-02-04 16:30:00,1,1.0,1.0,73113.02,73636.01,522.9899999999907,24709.739999999932
2026-02-04 16:45:00,1,0.0,0.0,73636.01,73608.88,-27.129999999990105,24682.609999999942
2026-02-04 17:00:00,1,0.0,1.0,73608.88,72473.56,-1135.320000000007,23547.289999999935
2026-02-04 17:15:00,1,1.0,1.0,72473.56,72769.18,295.61999999999534,23842.90999999993
2026-02-04 17:30:00,1,0.0,1.0,72769.18,72576.08,-193.09999999999127,23649.80999999994
2026-02-04 17:45:00,1,1.0,1.0,72576.08,72858.9,282.81999999999243,23932.629999999932
2026-02-04 18:00:00,1,1.0,1.0,72858.9,73416.02,557.1200000000099,24489.74999999994
2026-02-04 18:15:00,1,1.0,1.0,73416.02,74002.0,585.9799999999959,25075.729999999938
2026-02-04 18:30:00,0,0.0,1.0,74002.0,73425.96,576.0399999999936,25651.76999999993
2026-02-04 18:45:00,1,1.0,1.0,73425.96,73532.36,106.39999999999418,25758.169999999925
2026-02-04 19:00:00,1,0.0,1.0,73532.36,73153.81,-378.5500000000029,25379.619999999923
2026-02-04 19:15:00,1,1.0,1.0,73153.81,73604.47,450.6600000000035,25830.279999999926
2026-02-04 19:30:00,1,1.0,1.0,73604.47,73923.29,318.81999999999243,26149.09999999992
2026-02-04 19:45:00,0,0.0,1.0,73923.29,73535.6,387.6899999999878,26536.789999999906
2026-02-04 20:00:00,1,1.0,0.0,73535.6,73589.27,53.669999999998254,26590.459999999905
2026-02-04 20:15:00,1,1.0,0.0,73589.27,73649.3,60.029999999998836,26650.489999999903
2026-02-04 20:30:00,0,0.0,1.0,73649.3,73516.3,133.0,26783.489999999903
2026-02-04 20:45:00,1,1.0,0.0,73516.3,73569.13,52.830000000001746,26836.319999999905
2026-02-04 21:00:00,0,0.0,1.0,73569.13,73092.2,476.93000000000757,27313.249999999913
2026-02-04 21:15:00,1,0.0,1.0,73092.2,72639.97,-452.2299999999959,26861.019999999917
2026-02-04 21:30:00,1,1.0,1.0,72639.97,72799.99,160.02000000000407,27021.03999999992
2026-02-04 21:45:00,1,0.0,1.0,72799.99,72331.65,-468.34000000001106,26552.69999999991
2026-02-04 22:00:00,1,1.0,1.0,72331.65,73510.02,1178.37000000001,27731.06999999992
2026-02-04 22:15:00,0,0.0,1.0,73510.02,72792.83,717.1900000000023,28448.259999999922
2026-02-04 22:30:00,1,0.0,1.0,72792.83,72543.38,-249.4499999999971,28198.809999999925
2026-02-04 22:45:00,1,1.0,1.0,72543.38,72849.91,306.52999999999884,28505.339999999924
2026-02-04 23:00:00,0,1.0,1.0,72849.91,73380.95,-531.0399999999936,27974.29999999993
2026-02-04 23:15:00,0,1.0,0.0,73380.95,73383.5,-2.5500000000029104,27971.749999999927
2026-02-04 23:30:00,0,0.0,1.0,73383.5,73165.83,217.66999999999825,28189.419999999925
2026-02-04 23:45:00,1,0.0,1.0,73165.83,72778.45,-387.38000000000466,27802.03999999992
2026-02-05 00:00:00,1,1.0,1.0,72778.45,73252.79,474.3399999999965,28276.379999999917
2026-02-05 00:15:00,0,0.0,1.0,73252.79,73103.03,149.75999999999476,28426.139999999912
2026-02-05 00:30:00,1,0.0,1.0,73103.03,72868.02,-235.00999999999476,28191.129999999917
2026-02-05 00:45:00,1,1.0,1.0,72868.02,73170.71,302.6900000000023,28493.81999999992
2026-02-05 01:00:00,0,0.0,1.0,73170.71,72967.15,203.56000000001222,28697.379999999932
2026-02-05 01:15:00,1,0.0,1.0,72967.15,72635.05,-332.09999999999127,28365.27999999994
2026-02-05 01:30:00,1,0.0,1.0,72635.05,72421.26,-213.79000000000815,28151.489999999932
2026-02-05 01:45:00,1,0.0,1.0,72421.26,72044.96,-376.29999999998836,27775.189999999944
2026-02-05 02:00:00,1,1.0,1.0,72044.96,72325.59,280.6299999999901,28055.819999999934
2026-02-05 02:15:00,0,1.0,1.0,72325.59,72588.0,-262.4100000000035,27793.40999999993
2026-02-05 02:30:00,0,0.0,1.0,72588.0,71454.44,1133.5599999999977,28926.96999999993
2026-02-05 02:45:00,1,1.0,0.0,71454.44,71525.52,71.08000000000175,28998.04999999993
2026-02-05 03:00:00,0,0.0,0.0,71525.52,71515.6,9.919999999998254,29007.96999999993
2026-02-05 03:15:00,0,0.0,0.0,71515.6,71446.0,69.60000000000582,29077.569999999934
2026-02-05 03:30:00,1,0.0,1.0,71446.0,71223.25,-222.75,28854.819999999934
2026-02-05 03:45:00,1,0.0,1.0,71223.25,70950.65,-272.6000000000058,28582.21999999993
2026-02-05 04:00:00,1,1.0,0.0,70950.65,71028.32,77.6700000000128,28659.88999999994
2026-02-05 04:15:00,0,1.0,1.0,71028.32,71354.81,-326.4899999999907,28333.39999999995
2026-02-05 04:30:00,0,0.0,1.0,71354.81,70888.08,466.7299999999959,28800.129999999946
2026-02-05 04:45:00,1,0.0,0.0,70888.08,70843.37,-44.7100000000064,28755.41999999994
2026-02-05 05:00:00,1,0.0,1.0,70843.37,70433.11,-410.25999999999476,28345.159999999945
2026-02-05 05:15:00,1,1.0,1.0,70433.11,71019.55,586.4400000000023,28931.599999999948
2026-02-05 05:30:00,0,0.0,1.0,71019.55,70732.72,286.83000000000175,29218.42999999995
2026-02-05 05:45:00,1,0.0,0.0,70732.72,70665.79,-66.93000000000757,29151.49999999994
2026-02-05 06:00:00,1,0.0,1.0,70665.79,70527.13,-138.65999999998894,29012.839999999953
2026-02-05 06:15:00,1,1.0,1.0,70527.13,70884.57,357.4400000000023,29370.279999999955
2026-02-05 06:30:00,0,1.0,0.0,70884.57,70951.51,-66.93999999998778,29303.339999999967
2026-02-05 06:45:00,0,1.0,1.0,70951.51,71098.99,-147.48000000001048,29155.859999999957
2026-02-05 07:00:00,0,1.0,1.0,71098.99,71416.83,-317.8399999999965,28838.01999999996
2026-02-05 07:15:00,0,0.0,1.0,71416.83,71161.07,255.75999999999476,29093.779999999955
2026-02-05 07:30:00,1,0.0,1.0,71161.07,70756.85,-404.22000000000116,28689.559999999954
2026-02-05 07:45:00,1,1.0,1.0,70756.85,71079.99,323.1399999999994,29012.699999999953
2026-02-05 08:00:00,0,1.0,1.0,71079.99,71344.77,-264.77999999999884,28747.919999999955
2026-02-05 08:15:00,0,0.0,1.0,71344.77,71252.73,92.04000000000815,28839.959999999963
2026-02-05 08:30:00,1,0.0,1.0,71252.73,71054.99,-197.7399999999907,28642.219999999972
2026-02-05 08:45:00,1,1.0,1.0,71054.99,71823.45,768.4599999999919,29410.679999999964
2026-02-05 09:00:00,0,0.0,1.0,71823.45,71736.95,86.5,29497.179999999964
2026-02-05 09:15:00,1,0.0,1.0,71736.95,71483.39,-253.55999999999767,29243.619999999966
2026-02-05 09:30:00,1,1.0,0.0,71483.39,71550.0,66.61000000000058,29310.229999999967
2026-02-05 09:45:00,0,0.0,0.0,71550.0,71493.96,56.0399999999936,29366.26999999996
2026-02-05 10:00:00,1,1.0,1.0,71493.96,71716.42,222.45999999999185,29588.729999999952
2026-02-05 10:15:00,0,0.0,1.0,71716.42,71365.95,350.47000000000116,29939.199999999953
2026-02-05 10:30:00,1,0.0,1.0,71365.95,70858.13,-507.81999999999243,29431.37999999996
2026-02-05 10:45:00,1,0.0,0.0,70858.13,70792.79,-65.34000000001106,29366.03999999995
2026-02-05 11:00:00,1,0.0,1.0,70792.79,70065.4,-727.3899999999994,28638.64999999995
2026-02-05 11:15:00,1,1.0,1.0,70065.4,70493.71,428.3100000000122,29066.959999999963
2026-02-05 11:30:00,0,0.0,1.0,70493.71,70318.35,175.36000000000058,29242.319999999963
2026-02-05 11:45:00,1,0.0,1.0,70318.35,69918.01,-400.34000000001106,28841.979999999952
2026-02-05 12:00:00,1,0.0,1.0,69918.01,69640.86,-277.1499999999942,28564.829999999958
2026-02-05 12:15:00,1,0.0,1.0,69640.86,69327.77,-313.0899999999965,28251.73999999996
2026-02-05 12:30:00,1,1.0,1.0,69327.77,69563.57,235.8000000000029,28487.539999999964
2026-02-05 12:45:00,1,0.0,0.0,69563.57,69488.08,-75.49000000000524,28412.04999999996
2026-02-05 13:00:00,1,0.0,1.0,69488.08,69294.31,-193.77000000000407,28218.279999999955
2026-02-05 13:15:00,1,1.0,1.0,69294.31,69434.09,139.77999999999884,28358.059999999954
2026-02-05 13:30:00,1,1.0,1.0,69434.09,69688.94,254.85000000000582,28612.90999999996
2026-02-05 13:45:00,0,1.0,0.0,69688.94,69740.76,-51.81999999999243,28561.089999999967
2026-02-05 14:00:00,0,1.0,1.0,69740.76,70129.13,-388.3700000000099,28172.719999999958
2026-02-05 14:15:00,0,1.0,1.0,70129.13,70436.0,-306.86999999999534,27865.849999999962
2026-02-05 14:30:00,0,0.0,1.0,70436.0,69404.76,1031.2400000000052,28897.089999999967
2026-02-05 14:45:00,1,0.0,1.0,69404.76,68014.24,-1390.5199999999895,27506.569999999978
2026-02-05 15:00:00,1,0.0,1.0,68014.24,66851.99,-1162.25,26344.319999999978
2026-02-05 15:15:00,1,1.0,1.0,66851.99,67519.99,668.0,27012.319999999978
2026-02-05 15:30:00,0,0.0,0.0,67519.99,67489.07,30.919999999998254,27043.239999999976
2026-02-05 15:45:00,1,0.0,1.0,67489.07,67046.11,-442.9600000000064,26600.27999999997
2026-02-05 16:00:00,1,1.0,1.0,67046.11,68175.28,1129.1699999999983,27729.449999999968
2026-02-05 16:15:00,0,0.0,1.0,68175.28,67873.52,301.75999999999476,28031.209999999963
2026-02-05 16:30:00,1,1.0,1.0,67873.52,68295.15,421.6299999999901,28452.839999999953
2026-02-05 16:45:00,0,0.0,1.0,68295.15,67254.51,1040.6399999999994,29493.479999999952
2026-02-05 17:00:00,1,1.0,1.0,67254.51,67409.23,154.72000000000116,29648.199999999953
2026-02-05 17:15:00,0,0.0,1.0,67409.23,67109.93,299.3000000000029,29947.499999999956
2026-02-05 17:30:00,1,0.0,1.0,67109.93,66181.69,-928.2399999999907,29019.259999999966
2026-02-05 17:45:00,1,1.0,1.0,66181.69,66448.92,267.2299999999959,29286.48999999996
2026-02-05 18:00:00,0,0.0,1.0,66448.92,65851.28,597.6399999999994,29884.12999999996
2026-02-05 18:15:00,1,0.0,1.0,65851.28,65766.86,-84.41999999999825,29799.709999999963
2026-02-05 18:30:00,1,1.0,1.0,65766.86,66347.0,580.1399999999994,30379.849999999962
2026-02-05 18:45:00,0,0.0,0.0,66347.0,66300.03,46.970000000001164,30426.819999999963
2026-02-05 19:00:00,0,0.0,1.0,66300.03,65864.3,435.7299999999959,30862.54999999996
2026-02-05 19:15:00,1,0.0,0.0,65864.3,65806.59,-57.7100000000064,30804.839999999953
2026-02-05 19:30:00,0,0.0,1.0,65806.59,65265.65,540.939999999995,31345.779999999948
2026-02-05 19:45:00,1,0.0,1.0,65265.65,65051.38,-214.27000000000407,31131.509999999944
2026-02-05 20:00:00,1,0.0,1.0,65051.38,63866.59,-1184.7900000000009,29946.719999999943
2026-02-05 20:15:00,1,0.0,1.0,63866.59,63666.94,-199.64999999999418,29747.06999999995
2026-02-05 20:30:00,1,1.0,1.0,63666.94,63775.67,108.72999999999593,29855.799999999945
2026-02-05 20:45:00,0,0.0,1.0,63775.67,63432.34,343.33000000000175,30199.129999999946
2026-02-05 21:00:00,1,1.0,1.0,63432.34,63969.92,537.5800000000017,30736.70999999995
2026-02-05 21:15:00,0,0.0,1.0,63969.92,63696.29,273.6299999999974,31010.339999999946
2026-02-05 21:30:00,1,0.0,1.0,63696.29,63213.34,-482.95000000000437,30527.38999999994
2026-02-05 21:45:00,1,1.0,1.0,63213.34,63525.09,311.75,30839.13999999994
2026-02-05 22:00:00,0,1.0,1.0,63525.09,64099.37,-574.2800000000061,30264.859999999935
2026-02-05 22:15:00,0,0.0,0.0,64099.37,64035.93,63.44000000000233,30328.299999999937
2026-02-05 22:30:00,0,0.0,1.0,64035.93,63907.86,128.0699999999997,30456.369999999937
2026-02-05 22:45:00,1,1.0,1.0,63907.86,64581.12,673.260000000002,31129.62999999994
2026-02-05 23:00:00,0,0.0,1.0,64581.12,64409.83,171.29000000000087,31300.91999999994
2026-02-05 23:15:00,1,0.0,1.0,64409.83,63472.08,-937.75,30363.16999999994
2026-02-05 23:30:00,1,0.0,1.0,63472.08,62909.86,-562.2200000000012,29800.94999999994
2026-02-05 23:45:00,1,0.0,1.0,62909.86,60255.65,-2654.209999999999,27146.73999999994
2026-02-06 00:00:00,1,1.0,1.0,60255.65,61373.3,1117.6500000000015,28264.38999999994
2026-02-06 00:15:00,0,1.0,1.0,61373.3,62965.51,-1592.2099999999991,26672.179999999942
2026-02-06 00:30:00,0,1.0,1.0,62965.51,63509.39,-543.8799999999974,26128.299999999945
2026-02-06 00:45:00,0,1.0,1.0,63509.39,64325.16,-815.7700000000041,25312.52999999994
2026-02-06 01:00:00,0,0.0,1.0,64325.16,64112.75,212.4100000000035,25524.939999999944
2026-02-06 01:15:00,1,1.0,1.0,64112.75,64731.0,618.25,26143.189999999944
2026-02-06 01:30:00,0,1.0,1.0,64731.0,65714.96,-983.9600000000064,25159.229999999938
2026-02-06 01:45:00,0,0.0,1.0,65714.96,64854.12,860.8400000000038,26020.06999999994
2026-02-06 02:00:00,1,0.0,1.0,64854.12,64612.73,-241.38999999999942,25778.679999999942
2026-02-06 02:15:00,1,1.0,1.0,64612.73,65189.82,577.0899999999965,26355.76999999994
2026-02-06 02:30:00,0,0.0,1.0,65189.82,64990.1,199.72000000000116,26555.48999999994
2026-02-06 02:45:00,1,0.0,1.0,64990.1,64424.31,-565.7900000000009,25989.69999999994
2026-02-06 03:00:00,1,1.0,1.0,64424.31,64700.01,275.70000000000437,26265.399999999943
2026-02-06 03:15:00,0,0.0,1.0,64700.01,64492.28,207.7300000000032,26473.129999999946
2026-02-06 03:30:00,0,0.0,1.0,64492.28,64168.33,323.9499999999971,26797.079999999944
2026-02-06 03:45:00,1,1.0,1.0,64168.33,64487.44,319.1100000000006,27116.189999999944
2026-02-06 04:00:00,0,1.0,1.0,64487.44,64911.47,-424.02999999999884,26692.159999999945
2026-02-06 04:15:00,0,0.0,1.0,64911.47,64769.63,141.84000000000378,26833.99999999995
2026-02-06 04:30:00,0,1.0,1.0,64769.63,64905.84,-136.20999999999913,26697.78999999995
2026-02-06 04:45:00,0,1.0,1.0,64905.84,65526.06,-620.2200000000012,26077.56999999995
2026-02-06 05:00:00,0,0.0,0.0,65526.06,65466.12,59.93999999999505,26137.509999999944
2026-02-06 05:15:00,0,1.0,1.0,65466.12,65978.41,-512.2900000000009,25625.219999999943
2026-02-06 05:30:00,0,1.0,1.0,65978.41,66408.11,-429.6999999999971,25195.519999999946
2026-02-06 05:45:00,0,0.0,1.0,66408.11,66176.69,231.41999999999825,25426.939999999944
2026-02-06 06:00:00,0,0.0,1.0,66176.69,65841.6,335.0899999999965,25762.02999999994
2026-02-06 06:15:00,1,0.0,1.0,65841.6,65082.62,-758.9800000000032,25003.049999999937
2026-02-06 06:30:00,1,0.0,0.0,65082.62,64988.26,-94.36000000000058,24908.689999999937
2026-02-06 06:45:00,1,1.0,0.0,64988.26,65040.06,51.799999999995634,24960.489999999932
2026-02-06 07:00:00,0,0.0,0.0,65040.06,64998.22,41.83999999999651,25002.32999999993
2026-02-06 07:15:00,0,1.0,1.0,64998.22,65209.87,-211.65000000000146,24790.679999999928
2026-02-06 07:30:00,0,0.0,1.0,65209.87,64856.0,353.8700000000026,25144.54999999993
2026-02-06 07:45:00,1,1.0,1.0,64856.0,65108.9,252.90000000000146,25397.44999999993
2026-02-06 08:00:00,0,0.0,1.0,65108.9,64821.21,287.6900000000023,25685.139999999934
2026-02-06 08:15:00,1,0.0,0.0,64821.21,64769.27,-51.94000000000233,25633.19999999993
2026-02-06 08:30:00,0,1.0,1.0,64769.27,64895.05,-125.78000000000611,25507.419999999925
2026-02-06 08:45:00,0,1.0,1.0,64895.05,65114.44,-219.38999999999942,25288.029999999926
2026-02-06 09:00:00,0,1.0,1.0,65114.44,65631.89,-517.4499999999971,24770.57999999993
2026-02-06 09:15:00,0,1.0,1.0,65631.89,65867.64,-235.75,24534.82999999993
2026-02-06 09:30:00,0,0.0,0.0,65867.64,65799.55,68.08999999999651,24602.919999999925
2026-02-06 09:45:00,0,1.0,0.0,65799.55,65833.57,-34.020000000004075,24568.89999999992
2026-02-06 10:00:00,0,1.0,1.0,65833.57,66022.98,-189.40999999998894,24379.489999999932
2026-02-06 10:15:00,0,1.0,0.0,66022.98,66065.99,-43.01000000000931,24336.479999999923
2026-02-06 10:30:00,0,0.0,0.0,66065.99,65967.51,98.48000000001048,24434.959999999934
2026-02-06 10:45:00,0,0.0,0.0,65967.51,65943.34,24.169999999998254,24459.129999999932
2026-02-06 11:00:00,0,1.0,1.0,65943.34,66066.23,-122.88999999999942,24336.239999999932
2026-02-06 11:15:00,0,1.0,1.0,66066.23,66322.23,-256.0,24080.239999999932
2026-02-06 11:30:00,0,1.0,1.0,66322.23,66631.32,-309.09000000001106,23771.14999999992
2026-02-06 11:45:00,0,0.0,1.0,66631.32,66414.94,216.38000000000466,23987.529999999926
2026-02-06 12:00:00,1,0.0,0.0,66414.94,66396.17,-18.770000000004075,23968.759999999922
2026-02-06 12:15:00,0,0.0,0.0,66396.17,66339.44,56.729999999995925,24025.489999999918
2026-02-06 12:30:00,0,1.0,1.0,66339.44,66557.93,-218.4899999999907,23806.999999999927
2026-02-06 12:45:00,0,1.0,1.0,66557.93,67037.01,-479.08000000000175,23327.919999999925
2026-02-06 13:00:00,0,0.0,0.0,67037.01,66935.99,101.01999999998952,23428.939999999915
2026-02-06 13:15:00,1,1.0,1.0,66935.99,67232.01,296.0199999999895,23724.959999999905
2026-02-06 13:30:00,0,1.0,0.0,67232.01,67316.82,-84.81000000001222,23640.149999999892
2026-02-06 13:45:00,0,0.0,1.0,67316.82,67187.02,129.8000000000029,23769.949999999895
2026-02-06 14:00:00,1,0.0,0.0,67187.02,67114.64,-72.38000000000466,23697.56999999989
2026-02-06 14:15:00,1,1.0,1.0,67114.64,68300.0,1185.3600000000006,24882.92999999989
2026-02-06 14:30:00,0,0.0,0.0,68300.0,68194.89,105.11000000000058,24988.03999999989
2026-02-06 14:45:00,1,0.0,1.0,68194.89,67933.43,-261.4600000000064,24726.579999999885
2026-02-06 15:00:00,1,1.0,1.0,67933.43,68170.21,236.7800000000134,24963.3599999999
2026-02-06 15:15:00,0,1.0,1.0,68170.21,68809.87,-639.6599999999889,24323.69999999991
2026-02-06 15:30:00,0,0.0,1.0,68809.87,68626.0,183.86999999999534,24507.569999999905
2026-02-06 15:45:00,1,1.0,1.0,68626.0,69290.0,664.0,25171.569999999905
2026-02-06 16:00:00,0,1.0,1.0,69290.0,69521.42,-231.41999999999825,24940.149999999907
2026-02-06 16:15:00,0,1.0,1.0,69521.42,69802.0,-280.58000000000175,24659.569999999905
2026-02-06 16:30:00,0,1.0,1.0,69802.0,69954.01,-152.00999999999476,24507.55999999991
2026-02-06 16:45:00,0,1.0,1.0,69954.01,70225.14,-271.13000000000466,24236.429999999906
2026-02-06 17:00:00,0,1.0,1.0,70225.14,70924.57,-699.4300000000076,23536.999999999898
2026-02-06 17:15:00,0,1.0,1.0,70924.57,71075.1,-150.52999999999884,23386.4699999999
2026-02-06 17:30:00,0,0.0,1.0,71075.1,70753.53,321.570000000007,23708.039999999906
2026-02-06 17:45:00,1,0.0,1.0,70753.53,70053.52,-700.0099999999948,23008.02999999991
2026-02-06 18:00:00,1,0.0,1.0,70053.52,69561.04,-492.4800000000105,22515.5499999999
2026-02-06 18:15:00,1,1.0,1.0,69561.04,70000.01,438.97000000000116,22954.519999999902
2026-02-06 18:30:00,1,0.0,1.0,70000.01,69776.68,-223.33000000000175,22731.1899999999
2026-02-06 18:45:00,1,1.0,0.0,69776.68,69829.87,53.19000000000233,22784.379999999903
2026-02-06 19:00:00,1,1.0,1.0,69829.87,70260.92,431.0500000000029,23215.429999999906
2026-02-06 19:15:00,0,1.0,1.0,70260.92,70388.57,-127.65000000000873,23087.779999999897
2026-02-06 19:30:00,0,1.0,1.0,70388.57,70731.46,-342.8899999999994,22744.889999999898
2026-02-06 19:45:00,0,0.0,1.0,70731.46,70510.69,220.77000000000407,22965.6599999999
2026-02-06 20:00:00,1,1.0,0.0,70510.69,70581.56,70.86999999999534,23036.529999999897
2026-02-06 20:15:00,0,0.0,1.0,70581.56,70279.9,301.6600000000035,23338.1899999999
2026-02-06 20:30:00,1,0.0,1.0,70279.9,70000.13,-279.7699999999895,23058.41999999991
2026-02-06 20:45:00,1,1.0,0.0,70000.13,70006.4,6.269999999989523,23064.6899999999
2026-02-06 21:00:00,1,1.0,1.0,70006.4,70401.75,395.3500000000058,23460.039999999906
2026-02-06 21:15:00,0,0.0,1.0,70401.75,70285.99,115.75999999999476,23575.7999999999
2026-02-06 21:30:00,1,1.0,0.0,70285.99,70358.43,72.43999999998778,23648.23999999989
2026-02-06 21:45:00,1,1.0,0.0,70358.43,70438.12,79.69000000000233,23727.92999999989
2026-02-06 22:00:00,0,1.0,1.0,70438.12,70812.2,-374.08000000000175,23353.84999999989
2026-02-06 22:15:00,0,1.0,1.0,70812.2,71192.17,-379.97000000000116,22973.87999999989
2026-02-06 22:30:00,0,1.0,1.0,71192.17,71354.46,-162.29000000000815,22811.58999999988
2026-02-06 22:45:00,0,0.0,1.0,71354.46,71121.62,232.84000000001106,23044.42999999989
2026-02-06 23:00:00,1,0.0,1.0,71121.62,70576.39,-545.2299999999959,22499.199999999895
2026-02-06 23:15:00,1,1.0,0.0,70576.39,70645.22,68.83000000000175,22568.029999999897
2026-02-06 23:30:00,0,0.0,0.0,70645.22,70580.26,64.9600000000064,22632.989999999903
2026-02-06 23:45:00,1,0.0,1.0,70580.26,70271.66,-308.59999999999127,22324.389999999912
2026-02-07 00:00:00,1,0.0,1.0,70271.66,70111.08,-160.58000000000175,22163.80999999991
2026-02-07 00:15:00,1,0.0,1.0,70111.08,69734.97,-376.1100000000006,21787.69999999991
2026-02-07 00:30:00,1,1.0,1.0,69734.97,69958.0,223.02999999999884,22010.72999999991
2026-02-07 00:45:00,1,0.0,1.0,69958.0,69841.12,-116.88000000000466,21893.849999999904
2026-02-07 01:00:00,1,1.0,1.0,69841.12,69982.53,141.4100000000035,22035.259999999907
2026-02-07 01:15:00,1,1.0,1.0,69982.53,70287.56,305.02999999999884,22340.289999999906
2026-02-07 01:30:00,0,1.0,1.0,70287.56,70471.49,-183.93000000000757,22156.3599999999
2026-02-07 01:45:00,0,0.0,0.0,70471.49,70427.77,43.720000000001164,22200.0799999999
2026-02-07 02:00:00,1,1.0,0.0,70427.77,70441.89,14.119999999995343,22214.199999999895
2026-02-07 02:15:00,1,1.0,0.0,70441.89,70456.7,14.809999999997672,22229.009999999893
2026-02-07 02:30:00,1,0.0,0.0,70456.7,70361.37,-95.33000000000175,22133.67999999989
2026-02-07 02:45:00,1,1.0,1.0,70361.37,70741.07,379.70000000001164,22513.379999999903
2026-02-07 03:00:00,1,1.0,1.0,70741.07,70861.62,120.54999999998836,22633.92999999989
2026-02-07 03:15:00,0,0.0,1.0,70861.62,70729.59,132.02999999999884,22765.95999999989
2026-02-07 03:30:00,1,1.0,1.0,70729.59,70918.99,189.40000000000873,22955.3599999999
2026-02-07 03:45:00,0,1.0,1.0,70918.99,71219.82,-300.83000000000175,22654.529999999897
2026-02-07 04:00:00,0,0.0,0.0,71219.82,71151.31,68.51000000000931,22723.039999999906
2026-02-07 04:15:00,1,0.0,1.0,71151.31,70705.52,-445.7899999999936,22277.249999999913
2026-02-07 04:30:00,1,1.0,0.0,70705.52,70768.13,62.61000000000058,22339.859999999913
2026-02-07 04:45:00,0,1.0,1.0,70768.13,70916.0,-147.86999999999534,22191.989999999918
2026-02-07 05:00:00,0,0.0,1.0,70916.0,70271.97,644.0299999999988,22836.019999999917
2026-02-07 05:15:00,1,0.0,0.0,70271.97,70236.0,-35.970000000001164,22800.049999999916
2026-02-07 05:30:00,1,0.0,0.0,70236.0,70161.5,-74.5,22725.549999999916
2026-02-07 05:45:00,1,0.0,0.0,70161.5,70104.44,-57.05999999999767,22668.489999999918
2026-02-07 06:00:00,1,1.0,0.0,70104.44,70215.31,110.86999999999534,22779.359999999913
2026-02-07 06:15:00,1,0.0,1.0,70215.31,70063.41,-151.89999999999418,22627.45999999992
2026-02-07 06:30:00,1,0.0,1.0,70063.41,68769.65,-1293.7600000000093,21333.69999999991
2026-02-07 06:45:00,1,0.0,1.0,68769.65,67951.49,-818.1599999999889,20515.53999999992
2026-02-07 07:00:00,1,1.0,0.0,67951.49,68031.2,79.70999999999185,20595.249999999913
2026-02-07 07:15:00,1,1.0,1.0,68031.2,68476.92,445.72000000000116,21040.969999999914
2026-02-07 07:30:00,1,0.0,1.0,68476.92,68087.14,-389.77999999999884,20651.189999999915
2026-02-07 07:45:00,1,1.0,1.0,68087.14,68247.69,160.5500000000029,20811.739999999918
2026-02-07 08:00:00,1,1.0,1.0,68247.69,68404.33,156.63999999999942,20968.379999999917
2026-02-07 08:15:00,1,0.0,0.0,68404.33,68352.11,-52.220000000001164,20916.159999999916
2026-02-07 08:30:00,1,1.0,1.0,68352.11,68495.01,142.89999999999418,21059.05999999991
2026-02-07 08:45:00,1,1.0,1.0,68495.01,68753.4,258.3899999999994,21317.44999999991
2026-02-07 09:00:00,1,0.0,1.0,68753.4,68464.24,-289.15999999998894,21028.28999999992
2026-02-07 09:15:00,1,0.0,1.0,68464.24,68116.99,-347.25,20681.03999999992
2026-02-07 09:30:00,1,1.0,0.0,68116.99,68138.2,21.20999999999185,20702.249999999913
2026-02-07 09:45:00,1,0.0,1.0,68138.2,67960.81,-177.38999999999942,20524.859999999913
2026-02-07 10:00:00,1,0.0,0.0,67960.81,67946.2,-14.610000000000582,20510.249999999913
2026-02-07 10:15:00,1,0.0,1.0,67946.2,67793.87,-152.33000000000175,20357.91999999991
2026-02-07 10:30:00,1,1.0,1.0,67793.87,67987.0,193.13000000000466,20551.049999999916
2026-02-07 10:45:00,1,0.0,0.0,67987.0,67946.06,-40.94000000000233,20510.109999999913
2026-02-07 11:00:00,1,0.0,0.0,67946.06,67926.9,-19.160000000003492,20490.94999999991
2026-02-07 11:15:00,1,0.0,0.0,67926.9,67823.19,-103.70999999999185,20387.239999999918
2026-02-07 11:30:00,1,1.0,1.0,67823.19,67972.65,149.45999999999185,20536.69999999991
2026-02-07 11:45:00,1,1.0,1.0,67972.65,68849.66,877.0100000000093,21413.70999999992
2026-02-07 12:00:00,0,1.0,1.0,68849.66,69328.68,-479.0199999999895,20934.68999999993
2026-02-07 12:15:00,0,0.0,1.0,69328.68,69157.33,171.34999999999127,21106.03999999992
2026-02-07 12:30:00,1,0.0,1.0,69157.33,69024.98,-132.35000000000582,20973.689999999915
2026-02-07 12:45:00,1,0.0,0.0,69024.98,68994.0,-30.979999999995925,20942.70999999992
2026-02-07 13:00:00,1,1.0,1.0,68994.0,69256.58,262.58000000000175,21205.28999999992
2026-02-07 13:15:00,0,0.0,1.0,69256.58,68902.15,354.43000000000757,21559.71999999993
2026-02-07 13:30:00,1,1.0,1.0,68902.15,69093.98,191.83000000000175,21751.54999999993
2026-02-07 13:45:00,0,0.0,0.0,69093.98,69014.88,79.09999999999127,21830.64999999992
2026-02-07 14:00:00,1,0.0,0.0,69014.88,68952.69,-62.19000000000233,21768.45999999992
2026-02-07 14:15:00,1,0.0,1.0,68952.69,68806.71,-145.97999999999593,21622.479999999923
2026-02-07 14:30:00,1,0.0,1.0,68806.71,68645.99,-160.72000000000116,21461.759999999922
2026-02-07 14:45:00,1,1.0,1.0,68645.99,69114.22,468.2299999999959,21929.989999999918
2026-02-07 15:00:00,1,1.0,1.0,69114.22,69268.53,154.30999999999767,22084.299999999916
2026-02-07 15:15:00,0,1.0,0.0,69268.53,69310.96,-42.43000000000757,22041.869999999908
2026-02-07 15:30:00,0,0.0,1.0,69310.96,69151.5,159.4600000000064,22201.329999999914
2026-02-07 15:45:00,1,1.0,1.0,69151.5,69456.43,304.929999999993,22506.259999999907
2026-02-07 16:00:00,0,0.0,1.0,69456.43,69305.5,150.92999999999302,22657.1899999999
2026-02-07 16:15:00,1,1.0,0.0,69305.5,69332.39,26.889999999999418,22684.0799999999
2026-02-07 16:30:00,1,0.0,1.0,69332.39,68957.16,-375.2299999999959,22308.849999999904
2026-02-07 16:45:00,1,0.0,1.0,68957.16,68744.85,-212.30999999999767,22096.539999999906
2026-02-07 17:00:00,1,1.0,1.0,68744.85,69077.29,332.4399999999878,22428.979999999894
2026-02-07 17:15:00,0,1.0,1.0,69077.29,69303.49,-226.20000000001164,22202.779999999882
2026-02-07 17:30:00,0,0.0,1.0,69303.49,69188.81,114.68000000000757,22317.45999999989
2026-02-07 17:45:00,1,0.0,1.0,69188.81,69050.43,-138.38000000000466,22179.079999999885
2026-02-07 18:00:00,1,1.0,1.0,69050.43,69353.65,303.22000000000116,22482.299999999886
2026-02-07 18:15:00,0,1.0,1.0,69353.65,69512.77,-159.1200000000099,22323.179999999877
2026-02-07 18:30:00,0,1.0,0.0,69512.77,69514.11,-1.3399999999965075,22321.83999999988
2026-02-07 18:45:00,0,0.0,1.0,69514.11,69352.83,161.27999999999884,22483.11999999988
2026-02-07 19:00:00,1,1.0,0.0,69352.83,69430.38,77.55000000000291,22560.669999999882
2026-02-07 19:15:00,0,0.0,0.0,69430.38,69348.08,82.30000000000291,22642.969999999885
2026-02-07 19:30:00,1,1.0,0.0,69348.08,69373.61,25.529999999998836,22668.499999999884
2026-02-07 19:45:00,1,0.0,0.0,69373.61,69312.52,-61.08999999999651,22607.409999999887
2026-02-07 20:00:00,1,1.0,1.0,69312.52,69443.73,131.20999999999185,22738.61999999988
2026-02-07 20:15:00,0,1.0,0.0,69443.73,69547.1,-103.3700000000099,22635.24999999987
2026-02-07 20:30:00,0,1.0,0.0,69547.1,69631.18,-84.0799999999872,22551.169999999882
2026-02-07 20:45:00,0,0.0,0.0,69631.18,69522.71,108.46999999998661,22659.63999999987
2026-02-07 21:00:00,1,0.0,0.0,69522.71,69500.01,-22.70000000001164,22636.939999999857
2026-02-07 21:15:00,1,0.0,0.0,69500.01,69458.93,-41.080000000001746,22595.859999999855
2026-02-07 21:30:00,1,1.0,0.0,69458.93,69497.99,39.060000000012224,22634.919999999867
2026-02-07 21:45:00,1,1.0,0.0,69497.99,69554.53,56.5399999999936,22691.45999999986
2026-02-07 22:00:00,0,1.0,0.0,69554.53,69574.37,-19.839999999996508,22671.619999999864
2026-02-07 22:15:00,0,0.0,1.0,69574.37,69400.0,174.36999999999534,22845.98999999986
2026-02-07 22:30:00,1,0.0,0.0,69400.0,69399.34,-0.6600000000034925,22845.329999999856
2026-02-07 22:45:00,1,0.0,1.0,69399.34,69075.56,-323.77999999999884,22521.549999999857
2026-02-07 23:00:00,1,0.0,0.0,69075.56,69040.81,-34.75,22486.799999999857
2026-02-07 23:15:00,1,1.0,1.0,69040.81,69259.35,218.54000000000815,22705.339999999866
2026-02-07 23:30:00,1,1.0,0.0,69259.35,69289.38,30.029999999998836,22735.369999999864
2026-02-07 23:45:00,0,1.0,0.0,69289.38,69357.18,-67.79999999998836,22667.569999999876
2026-02-08 00:00:00,0,0.0,1.0,69357.18,69050.0,307.179999999993,22974.74999999987
2026-02-08 00:15:00,1,0.0,0.0,69050.0,68966.17,-83.83000000000175,22890.919999999867
2026-02-08 00:30:00,1,1.0,1.0,68966.17,69133.79,167.61999999999534,23058.539999999863
2026-02-08 00:45:00,1,1.0,1.0,69133.79,69380.01,246.22000000000116,23304.759999999864
2026-02-08 01:00:00,0,0.0,1.0,69380.01,69151.49,228.51999999998952,23533.279999999853
2026-02-08 01:15:00,1,1.0,1.0,69151.49,69330.94,179.4499999999971,23712.72999999985
2026-02-08 01:30:00,0,1.0,0.0,69330.94,69379.57,-48.63000000000466,23664.099999999846
2026-02-08 01:45:00,0,1.0,0.0,69379.57,69410.39,-30.819999999992433,23633.279999999853
2026-02-08 02:00:00,0,1.0,0.0,69410.39,69436.99,-26.60000000000582,23606.679999999847
2026-02-08 02:15:00,0,0.0,0.0,69436.99,69330.29,106.70000000001164,23713.37999999986
2026-02-08 02:30:00,1,1.0,0.0,69330.29,69370.7,40.41000000000349,23753.789999999863
2026-02-08 02:45:00,0,0.0,1.0,69370.7,69246.41,124.2899999999936,23878.079999999856
2026-02-08 03:00:00,1,1.0,0.0,69246.41,69341.45,95.0399999999936,23973.11999999985
2026-02-08 03:15:00,0,0.0,0.0,69341.45,69257.6,83.84999999999127,24056.96999999984
2026-02-08 03:30:00,1,0.0,1.0,69257.6,69099.99,-157.61000000000058,23899.35999999984
2026-02-08 03:45:00,1,0.0,0.0,69099.99,69065.74,-34.25,23865.10999999984
2026-02-08 04:00:00,1,1.0,1.0,69065.74,69234.59,168.84999999999127,24033.95999999983
2026-02-08 04:15:00,1,1.0,0.0,69234.59,69236.0,1.4100000000034925,24035.369999999835
2026-02-08 04:30:00,1,1.0,0.0,69236.0,69340.16,104.16000000000349,24139.52999999984
2026-02-08 04:45:00,0,1.0,0.0,69340.16,69381.57,-41.41000000000349,24098.119999999835
2026-02-08 05:00:00,0,0.0,0.0,69381.57,69276.44,105.13000000000466,24203.24999999984
2026-02-08 05:15:00,1,0.0,0.0,69276.44,69191.08,-85.36000000000058,24117.88999999984
2026-02-08 05:30:00,1,1.0,0.0,69191.08,69220.52,29.44000000000233,24147.32999999984
2026-02-08 05:45:00,0,1.0,1.0,69220.52,69344.71,-124.19000000000233,24023.13999999984
2026-02-08 06:00:00,0,1.0,0.0,69344.71,69372.08,-27.369999999995343,23995.769999999844
2026-02-08 06:15:00,0,0.0,0.0,69372.08,69326.03,46.05000000000291,24041.819999999847
2026-02-08 06:30:00,1,1.0,0.0,69326.03,69361.18,35.14999999999418,24076.96999999984
2026-02-08 06:45:00,0,1.0,0.0,69361.18,69389.48,-28.30000000000291,24048.66999999984
2026-02-08 07:00:00,0,1.0,0.0,69389.48,69473.66,-84.18000000000757,23964.48999999983
2026-02-08 07:15:00,0,1.0,0.0,69473.66,69512.13,-38.470000000001164,23926.01999999983
2026-02-08 07:30:00,0,1.0,1.0,69512.13,69710.69,-198.55999999999767,23727.45999999983
2026-02-08 07:45:00,0,0.0,0.0,69710.69,69622.0,88.69000000000233,23816.149999999834
2026-02-08 08:00:00,1,1.0,1.0,69622.0,70212.08,590.0800000000017,24406.229999999836
2026-02-08 08:15:00,0,1.0,1.0,70212.08,70366.14,-154.05999999999767,24252.16999999984
2026-02-08 08:30:00,0,1.0,1.0,70366.14,70665.59,-299.4499999999971,23952.71999999984
2026-02-08 08:45:00,0,0.0,1.0,70665.59,70403.39,262.1999999999971,24214.91999999984
2026-02-08 09:00:00,0,1.0,0.0,70403.39,70453.59,-50.19999999999709,24164.71999999984
2026-02-08 09:15:00,0,0.0,1.0,70453.59,70131.27,322.31999999999243,24487.039999999834
2026-02-08 09:30:00,1,0.0,0.0,70131.27,70107.19,-24.080000000001746,24462.95999999983
2026-02-08 09:45:00,1,1.0,1.0,70107.19,70325.64,218.4499999999971,24681.40999999983
2026-02-08 10:00:00,0,0.0,1.0,70325.64,70046.13,279.50999999999476,24960.919999999824
2026-02-08 10:15:00,1,1.0,1.0,70046.13,70234.67,188.5399999999936,25149.459999999817
2026-02-08 10:30:00,0,1.0,0.0,70234.67,70266.41,-31.74000000000524,25117.719999999812
2026-02-08 10:45:00,0,1.0,1.0,70266.41,70634.25,-367.8399999999965,24749.879999999815
2026-02-08 11:00:00,0,1.0,0.0,70634.25,70704.0,-69.75,24680.129999999815
2026-02-08 11:15:00,0,1.0,1.0,70704.0,70899.92,-195.91999999999825,24484.209999999817
2026-02-08 11:30:00,0,1.0,0.0,70899.92,70999.98,-100.05999999999767,24384.14999999982
2026-02-08 11:45:00,0,0.0,1.0,70999.98,70873.94,126.0399999999936,24510.189999999813
2026-02-08 12:00:00,0,1.0,0.0,70873.94,70959.88,-85.94000000000233,24424.24999999981
2026-02-08 12:15:00,0,0.0,1.0,70959.88,70756.72,203.1600000000035,24627.409999999814
2026-02-08 12:30:00,1,1.0,1.0,70756.72,71249.95,493.2299999999959,25120.63999999981
2026-02-08 12:45:00,0,0.0,1.0,71249.95,71116.0,133.9499999999971,25254.589999999807
2026-02-08 13:00:00,0,1.0,1.0,71116.0,71454.66,-338.6600000000035,24915.929999999804
2026-02-08 13:15:00,0,0.0,1.0,71454.66,71222.01,232.65000000000873,25148.579999999813
2026-02-08 13:30:00,0,1.0,1.0,71222.01,71514.77,-292.7600000000093,24855.819999999803
2026-02-08 13:45:00,0,0.0,1.0,71514.77,71386.35,128.41999999999825,24984.2399999998
2026-02-08 14:00:00,0,0.0,1.0,71386.35,71242.85,143.5,25127.7399999998
2026-02-08 14:15:00,1,0.0,0.0,71242.85,71142.66,-100.19000000000233,25027.5499999998
2026-02-08 14:30:00,1,1.0,1.0,71142.66,71262.19,119.52999999999884,25147.079999999798
2026-02-08 14:45:00,0,1.0,0.0,71262.19,71359.35,-97.16000000000349,25049.919999999795
2026-02-08 15:00:00,0,0.0,1.0,71359.35,70906.3,453.0500000000029,25502.969999999797
2026-02-08 15:15:00,1,1.0,1.0,70906.3,71138.01,231.70999999999185,25734.67999999979
2026-02-08 15:30:00,0,1.0,0.0,71138.01,71188.99,-50.98000000001048,25683.69999999978
2026-02-08 15:45:00,0,0.0,1.0,71188.99,70990.92,198.07000000000698,25881.769999999786
2026-02-08 16:00:00,1,1.0,1.0,70990.92,71150.74,159.82000000000698,26041.589999999793
2026-02-08 16:15:00,0,0.0,1.0,71150.74,70784.36,366.38000000000466,26407.969999999797
2026-02-08 16:30:00,1,0.0,1.0,70784.36,70416.0,-368.3600000000006,26039.609999999797
2026-02-08 16:45:00,1,1.0,1.0,70416.0,70584.95,168.9499999999971,26208.559999999794
2026-02-08 17:00:00,0,0.0,0.0,70584.95,70560.33,24.619999999995343,26233.17999999979
2026-02-08 17:15:00,1,1.0,1.0,70560.33,70813.0,252.66999999999825,26485.849999999788
2026-02-08 17:30:00,0,0.0,0.0,70813.0,70785.99,27.00999999999476,26512.859999999782
2026-02-08 17:45:00,0,1.0,1.0,70785.99,70905.49,-119.5,26393.359999999782
2026-02-08 18:00:00,0,1.0,0.0,70905.49,70984.41,-78.91999999999825,26314.439999999784
2026-02-08 18:15:00,0,1.0,1.0,70984.41,71307.98,-323.56999999999243,25990.86999999979
2026-02-08 18:30:00,0,0.0,1.0,71307.98,71147.25,160.72999999999593,26151.599999999788
2026-02-08 18:45:00,0,1.0,1.0,71147.25,71294.63,-147.38000000000466,26004.219999999783
2026-02-08 19:00:00,0,0.0,0.0,71294.63,71201.49,93.13999999999942,26097.359999999782
2026-02-08 19:15:00,0,1.0,1.0,71201.49,71304.68,-103.18999999998778,25994.169999999795
2026-02-08 19:30:00,0,1.0,1.0,71304.68,71422.97,-118.29000000000815,25875.879999999786
2026-02-08 19:45:00,0,0.0,1.0,71422.97,71081.85,341.11999999999534,26216.99999999978
2026-02-08 20:00:00,1,0.0,0.0,71081.85,71025.69,-56.16000000000349,26160.83999999978
2026-02-08 20:15:00,0,1.0,0.0,71025.69,71088.91,-63.220000000001164,26097.619999999777
2026-02-08 20:30:00,0,0.0,1.0,71088.91,70835.17,253.74000000000524,26351.359999999782
2026-02-08 20:45:00,1,1.0,1.0,70835.17,71012.15,176.97999999999593,26528.33999999978
2026-02-08 21:00:00,0,0.0,0.0,71012.15,70972.39,39.75999999999476,26568.099999999773
2026-02-08 21:15:00,0,0.0,1.0,70972.39,70766.79,205.60000000000582,26773.69999999978
2026-02-08 21:30:00,1,0.0,0.0,70766.79,70700.0,-66.7899999999936,26706.909999999785
2026-02-08 21:45:00,1,1.0,1.0,70700.0,70835.63,135.63000000000466,26842.53999999979
2026-02-08 22:00:00,0,1.0,0.0,70835.63,70851.43,-15.799999999988358,26826.7399999998
2026-02-08 22:15:00,0,1.0,0.0,70851.43,70911.63,-60.20000000001164,26766.53999999979
2026-02-08 22:30:00,0,1.0,1.0,70911.63,71066.09,-154.45999999999185,26612.079999999798
2026-02-08 22:45:00,0,1.0,1.0,71066.09,71366.0,-299.9100000000035,26312.169999999795
2026-02-08 23:00:00,0,0.0,1.0,71366.0,70514.0,852.0,27164.169999999795
2026-02-08 23:15:00,1,0.0,0.0,70514.0,70469.73,-44.270000000004075,27119.89999999979
2026-02-08 23:30:00,1,0.0,1.0,70469.73,70330.38,-139.34999999999127,26980.5499999998
2026-02-08 23:45:00,1,1.0,1.0,70330.38,70609.99,279.6100000000006,27260.1599999998
2026-02-09 00:00:00,0,0.0,1.0,70609.99,70479.39,130.60000000000582,27390.759999999806
2026-02-09 00:15:00,1,0.0,1.0,70479.39,70278.68,-200.7100000000064,27190.0499999998
2026-02-09 00:30:00,1,1.0,1.0,70278.68,70502.38,223.70000000001164,27413.74999999981
2026-02-09 00:45:00,0,0.0,1.0,70502.38,70413.99,88.38999999999942,27502.13999999981
2026-02-09 01:00:00,1,1.0,1.0,70413.99,70715.97,301.9799999999959,27804.119999999806
2026-02-09 01:15:00,0,0.0,1.0,70715.97,70250.01,465.9600000000064,28270.079999999813
2026-02-09 01:30:00,1,1.0,1.0,70250.01,70369.53,119.52000000000407,28389.599999999817
2026-02-09 01:45:00,0,0.0,0.0,70369.53,70342.54,26.99000000000524,28416.589999999822
2026-02-09 02:00:00,0,1.0,1.0,70342.54,70460.0,-117.4600000000064,28299.129999999815
2026-02-09 02:15:00,0,1.0,1.0,70460.0,70875.06,-415.0599999999977,27884.069999999818
2026-02-09 02:30:00,0,0.0,1.0,70875.06,70629.99,245.06999999999243,28129.13999999981
2026-02-09 02:45:00,1,1.0,1.0,70629.99,70761.16,131.16999999999825,28260.30999999981
2026-02-09 03:00:00,0,1.0,0.0,70761.16,70821.4,-60.23999999999069,28200.069999999818
2026-02-09 03:15:00,0,1.0,1.0,70821.4,71134.96,-313.5600000000122,27886.509999999806
2026-02-09 03:30:00,0,1.0,1.0,71134.96,71307.56,-172.59999999999127,27713.909999999814
2026-02-09 03:45:00,0,0.0,1.0,71307.56,71035.55,272.00999999999476,27985.91999999981
2026-02-09 04:00:00,0,1.0,1.0,71035.55,71251.26,-215.70999999999185,27770.209999999817
2026-02-09 04:15:00,0,0.0,1.0,71251.26,71038.61,212.64999999999418,27982.85999999981
2026-02-09 04:30:00,0,0.0,0.0,71038.61,71005.01,33.60000000000582,28016.459999999817
2026-02-09 04:45:00,0,0.0,1.0,71005.01,70823.5,181.50999999999476,28197.969999999812
2026-02-09 05:00:00,0,1.0,1.0,70823.5,71024.0,-200.5,27997.469999999812
2026-02-09 05:15:00,0,0.0,0.0,71024.0,70975.24,48.75999999999476,28046.229999999807
2026-02-09 05:30:00,0,1.0,1.0,70975.24,71044.51,-69.26999999998952,27976.959999999817
2026-02-09 05:45:00,0,0.0,1.0,71044.51,70895.87,148.63999999999942,28125.599999999817
2026-02-09 06:00:00,0,0.0,1.0,70895.87,70420.35,475.5199999999895,28601.119999999806
2026-02-09 06:15:00,1,1.0,1.0,70420.35,70550.84,130.4899999999907,28731.609999999797
2026-02-09 06:30:00,0,1.0,1.0,70550.84,70667.95,-117.11000000000058,28614.499999999796
2026-02-09 06:45:00,0,1.0,1.0,70667.95,70796.84,-128.88999999999942,28485.609999999797
2026-02-09 07:00:00,0,0.0,1.0,70796.84,70722.16,74.67999999999302,28560.28999999979
2026-02-09 07:15:00,0,0.0,1.0,70722.16,70432.07,290.0899999999965,28850.379999999786
2026-02-09 07:30:00,1,0.0,0.0,70432.07,70422.59,-9.480000000010477,28840.899999999776
2026-02-09 07:45:00,1,1.0,1.0,70422.59,70532.47,109.88000000000466,28950.77999999978
2026-02-09 08:00:00,0,0.0,1.0,70532.47,70087.2,445.2700000000041,29396.049999999785
2026-02-09 08:15:00,1,0.0,1.0,70087.2,69807.99,-279.20999999999185,29116.839999999793
2026-02-09 08:30:00,1,1.0,1.0,69807.99,69873.99,66.0,29182.839999999793
2026-02-09 08:45:00,1,0.0,0.0,69873.99,69866.85,-7.139999999999418,29175.699999999793
2026-02-09 09:00:00,1,1.0,0.0,69866.85,69895.38,28.529999999998836,29204.229999999792
2026-02-09 09:15:00,1,0.0,1.0,69895.38,69691.7,-203.68000000000757,29000.549999999785
2026-02-09 09:30:00,1,0.0,0.0,69691.7,69630.35,-61.34999999999127,28939.199999999793
2026-02-09 09:45:00,1,0.0,1.0,69630.35,69540.01,-90.34000000001106,28848.859999999782
2026-02-09 10:00:00,1,0.0,1.0,69540.01,69038.84,-501.16999999999825,28347.689999999784
2026-02-09 10:15:00,1,0.0,1.0,69038.84,68622.43,-416.4100000000035,27931.27999999978
2026-02-09 10:30:00,1,1.0,1.0,68622.43,68727.88,105.45000000001164,28036.729999999792
2026-02-09 10:45:00,1,0.0,1.0,68727.88,68614.44,-113.44000000000233,27923.28999999979
2026-02-09 11:00:00,1,1.0,1.0,68614.44,68866.09,251.64999999999418,28174.939999999784
2026-02-09 11:15:00,1,1.0,0.0,68866.09,68914.94,48.85000000000582,28223.78999999979
2026-02-09 11:30:00,0,1.0,0.0,68914.94,68928.72,-13.779999999998836,28210.00999999979
2026-02-09 11:45:00,0,1.0,1.0,68928.72,69182.59,-253.86999999999534,27956.139999999796
2026-02-09 12:00:00,0,0.0,1.0,69182.59,69042.5,140.0899999999965,28096.229999999792
2026-02-09 12:15:00,1,1.0,1.0,69042.5,69151.5,109.0,28205.229999999792
2026-02-09 12:30:00,0,0.0,0.0,69151.5,69147.01,4.490000000005239,28209.719999999797
2026-02-09 12:45:00,1,1.0,1.0,69147.01,69250.6,103.59000000001106,28313.30999999981
2026-02-09 13:00:00,0,1.0,0.0,69250.6,69270.0,-19.39999999999418,28293.909999999814
2026-02-09 13:15:00,0,0.0,1.0,69270.0,69074.59,195.4100000000035,28489.319999999818
2026-02-09 13:30:00,1,0.0,1.0,69074.59,68594.57,-480.0199999999895,28009.29999999983
2026-02-09 13:45:00,1,1.0,0.0,68594.57,68608.87,14.299999999988358,28023.599999999817
2026-02-09 14:00:00,1,1.0,1.0,68608.87,68994.7,385.83000000000175,28409.42999999982
2026-02-09 14:15:00,0,1.0,1.0,68994.7,69176.47,-181.77000000000407,28227.659999999814
2026-02-09 14:30:00,0,1.0,1.0,69176.47,69272.0,-95.52999999999884,28132.129999999815
2026-02-09 14:45:00,0,1.0,1.0,69272.0,69483.18,-211.17999999999302,27920.949999999822
2026-02-09 15:00:00,0,0.0,1.0,69483.18,68921.04,562.1399999999994,28483.089999999822
2026-02-09 15:15:00,1,1.0,1.0,68921.04,69542.29,621.25,29104.339999999822
2026-02-09 15:30:00,0,1.0,0.0,69542.29,69563.37,-21.080000000001746,29083.25999999982
2026-02-09 15:45:00,0,0.0,1.0,69563.37,69205.01,358.3600000000006,29441.61999999982
2026-02-09 16:00:00,1,1.0,1.0,69205.01,69604.0,398.99000000000524,29840.609999999826
2026-02-09 16:15:00,0,1.0,1.0,69604.0,69942.02,-338.0200000000041,29502.589999999822
2026-02-09 16:30:00,0,1.0,1.0,69942.02,70093.01,-150.9899999999907,29351.59999999983
2026-02-09 16:45:00,0,0.0,1.0,70093.01,69926.39,166.61999999999534,29518.219999999827
2026-02-09 17:00:00,0,1.0,1.0,69926.39,70049.31,-122.91999999999825,29395.29999999983
2026-02-09 17:15:00,0,1.0,1.0,70049.31,70853.59,-804.2799999999988,28591.01999999983
2026-02-09 17:30:00,0,0.0,1.0,70853.59,70612.29,241.3000000000029,28832.319999999832
2026-02-09 17:45:00,0,0.0,1.0,70612.29,70540.86,71.42999999999302,28903.749999999825
2026-02-09 18:00:00,0,0.0,1.0,70540.86,70284.03,256.83000000000175,29160.579999999827
2026-02-09 18:15:00,0,1.0,1.0,70284.03,70437.75,-153.72000000000116,29006.859999999826
2026-02-09 18:30:00,0,0.0,0.0,70437.75,70418.68,19.070000000006985,29025.929999999833
2026-02-09 18:45:00,0,1.0,1.0,70418.68,70484.79,-66.11000000000058,28959.819999999832
2026-02-09 19:00:00,0,1.0,1.0,70484.79,70676.47,-191.68000000000757,28768.139999999825
2026-02-09 19:15:00,0,1.0,1.0,70676.47,70928.68,-252.20999999999185,28515.929999999833
2026-02-09 19:30:00,0,1.0,0.0,70928.68,70957.01,-28.330000000001746,28487.59999999983
2026-02-09 19:45:00,0,1.0,0.0,70957.01,70987.99,-30.980000000010477,28456.61999999982
2026-02-09 20:00:00,0,0.0,1.0,70987.99,70550.15,437.84000000001106,28894.45999999983
2026-02-09 20:15:00,0,1.0,1.0,70550.15,70832.0,-281.8500000000058,28612.609999999826
2026-02-09 20:30:00,0,0.0,1.0,70832.0,70738.71,93.2899999999936,28705.89999999982
2026-02-09 20:45:00,0,0.0,1.0,70738.71,70412.02,326.6900000000023,29032.589999999822
2026-02-09 21:00:00,1,0.0,1.0,70412.02,70318.51,-93.51000000000931,28939.079999999813
2026-02-09 21:15:00,1,0.0,1.0,70318.51,70011.42,-307.0899999999965,28631.989999999816
2026-02-09 21:30:00,1,1.0,1.0,70011.42,70400.0,388.58000000000175,29020.569999999818
2026-02-09 21:45:00,0,1.0,1.0,70400.0,70645.28,-245.27999999999884,28775.28999999982
2026-02-09 22:00:00,0,0.0,1.0,70645.28,70442.52,202.75999999999476,28978.049999999814
2026-02-09 22:15:00,0,1.0,1.0,70442.52,70513.55,-71.02999999999884,28907.019999999815
2026-02-09 22:30:00,0,0.0,1.0,70513.55,70372.96,140.5899999999965,29047.60999999981
2026-02-09 22:45:00,0,1.0,1.0,70372.96,70442.67,-69.70999999999185,28977.89999999982
2026-02-09 23:00:00,0,0.0,1.0,70442.67,70287.55,155.11999999999534,29133.019999999815
2026-02-09 23:15:00,0,1.0,1.0,70287.55,70391.49,-103.94000000000233,29029.079999999813
2026-02-09 23:30:00,0,0.0,1.0,70391.49,70138.0,253.49000000000524,29282.569999999818
2026-02-09 23:45:00,0,1.0,0.0,70138.0,70184.8,-46.80000000000291,29235.769999999815
2026-02-10 00:00:00,0,0.0,1.0,70184.8,69987.99,196.80999999999767,29432.579999999813
2026-02-10 00:15:00,1,0.0,1.0,69987.99,69784.23,-203.7600000000093,29228.819999999803
2026-02-10 00:30:00,1,1.0,0.0,69784.23,69827.33,43.10000000000582,29271.91999999981
2026-02-10 00:45:00,0,1.0,1.0,69827.33,70115.99,-288.6600000000035,28983.259999999806
2026-02-10 01:00:00,0,1.0,1.0,70115.99,70366.01,-250.01999999998952,28733.239999999816
2026-02-10 01:15:00,0,1.0,1.0,70366.01,70465.6,-99.59000000001106,28633.649999999805
2026-02-10 01:30:00,0,1.0,0.0,70465.6,70486.82,-21.220000000001164,28612.429999999804
2026-02-10 01:45:00,0,0.0,1.0,70486.82,70355.14,131.68000000000757,28744.10999999981
2026-02-10 02:00:00,0,0.0,1.0,70355.14,70248.51,106.63000000000466,28850.739999999816
2026-02-10 02:15:00,0,0.0,1.0,70248.51,70051.69,196.81999999999243,29047.55999999981
2026-02-10 02:30:00,1,1.0,0.0,70051.69,70102.89,51.19999999999709,29098.759999999806
2026-02-10 02:45:00,0,0.0,1.0,70102.89,69844.0,258.8899999999994,29357.649999999805
2026-02-10 03:00:00,1,0.0,1.0,69844.0,69543.94,-300.0599999999977,29057.589999999807
2026-02-10 03:15:00,1,0.0,1.0,69543.94,69378.34,-165.60000000000582,28891.9899999998
2026-02-10 03:30:00,1,1.0,1.0,69378.34,69511.83,133.49000000000524,29025.479999999807
2026-02-10 03:45:00,1,1.0,1.0,69511.83,69792.98,281.1499999999942,29306.6299999998
2026-02-10 04:00:00,0,1.0,0.0,69792.98,69823.66,-30.680000000007567,29275.949999999793
2026-02-10 04:15:00,0,0.0,1.0,69823.66,69696.9,126.76000000000931,29402.709999999803
2026-02-10 04:30:00,0,1.0,1.0,69696.9,69831.62,-134.72000000000116,29267.9899999998
2026-02-10 04:45:00,0,0.0,0.0,69831.62,69807.35,24.269999999989523,29292.25999999979
2026-02-10 05:00:00,0,0.0,1.0,69807.35,69526.8,280.5500000000029,29572.809999999794
2026-02-10 05:15:00,1,0.0,1.0,69526.8,69366.68,-160.1200000000099,29412.689999999784
2026-02-10 05:30:00,1,1.0,1.0,69366.68,69447.64,80.9600000000064,29493.64999999979
2026-02-10 05:45:00,1,0.0,1.0,69447.64,69340.46,-107.17999999999302,29386.469999999797
2026-02-10 06:00:00,1,0.0,1.0,69340.46,69209.14,-131.32000000000698,29255.14999999979
2026-02-10 06:15:00,1,0.0,1.0,69209.14,69031.1,-178.0399999999936,29077.109999999797
2026-02-10 06:30:00,1,0.0,1.0,69031.1,68921.35,-109.75,28967.359999999797
2026-02-10 06:45:00,1,1.0,1.0,68921.35,69119.69,198.3399999999965,29165.699999999793
2026-02-10 07:00:00,1,0.0,0.0,69119.69,69091.99,-27.69999999999709,29137.999999999796
2026-02-10 07:15:00,1,0.0,1.0,69091.99,68958.0,-133.99000000000524,29004.00999999979
2026-02-10 07:30:00,1,0.0,0.0,68958.0,68919.66,-38.33999999999651,28965.669999999795
2026-02-10 07:45:00,1,0.0,1.0,68919.66,68838.0,-81.66000000000349,28884.00999999979
2026-02-10 08:00:00,1,1.0,1.0,68838.0,69034.96,196.9600000000064,29080.969999999797
2026-02-10 08:15:00,1,1.0,0.0,69034.96,69071.19,36.229999999995925,29117.199999999793
2026-02-10 08:30:00,1,1.0,1.0,69071.19,69142.0,70.80999999999767,29188.00999999979
2026-02-10 08:45:00,0,1.0,1.0,69142.0,69263.6,-121.60000000000582,29066.409999999785
2026-02-10 09:00:00,0,1.0,0.0,69263.6,69280.54,-16.939999999987776,29049.469999999797
2026-02-10 09:15:00,0,0.0,1.0,69280.54,69204.2,76.33999999999651,29125.809999999794
2026-02-10 09:30:00,1,0.0,0.0,69204.2,69151.5,-52.69999999999709,29073.109999999797
2026-02-10 09:45:00,1,0.0,0.0,69151.5,69149.92,-1.5800000000017462,29071.529999999795
2026-02-10 10:00:00,1,1.0,0.0,69149.92,69176.09,26.169999999998254,29097.699999999793
2026-02-10 10:15:00,0,0.0,1.0,69176.09,68997.79,178.3000000000029,29275.999999999796
2026-02-10 10:30:00,1,0.0,1.0,68997.79,68921.68,-76.11000000000058,29199.889999999796
2026-02-10 10:45:00,1,0.0,0.0,68921.68,68904.68,-17.0,29182.889999999796
2026-02-10 11:00:00,1,1.0,0.0,68904.68,68931.12,26.44000000000233,29209.329999999798
2026-02-10 11:15:00,1,0.0,1.0,68931.12,68666.41,-264.70999999999185,28944.619999999806
2026-02-10 11:30:00,1,0.0,1.0,68666.41,68535.01,-131.40000000000873,28813.219999999797
2026-02-10 11:45:00,1,1.0,1.0,68535.01,68636.48,101.47000000000116,28914.6899999998
2026-02-10 12:00:00,1,1.0,1.0,68636.48,68761.34,124.86000000000058,29039.5499999998
2026-02-10 12:15:00,0,0.0,1.0,68761.34,68569.8,191.5399999999936,29231.089999999793
2026-02-10 12:30:00,1,1.0,0.0,68569.8,68610.12,40.31999999999243,29271.409999999785
2026-02-10 12:45:00,1,0.0,0.0,68610.12,68587.96,-22.15999999998894,29249.249999999796
2026-02-10 13:00:00,1,1.0,1.0,68587.96,68734.86,146.89999999999418,29396.14999999979
2026-02-10 13:15:00,0,1.0,1.0,68734.86,69029.99,-295.13000000000466,29101.019999999786
2026-02-10 13:30:00,0,0.0,0.0,69029.99,69027.95,2.040000000008149,29103.059999999794
2026-02-10 13:45:00,0,1.0,1.0,69027.95,69133.82,-105.8700000000099,28997.189999999784
2026-02-10 14:00:00,0,1.0,1.0,69133.82,69225.14,-91.31999999999243,28905.86999999979
2026-02-10 14:15:00,0,0.0,1.0,69225.14,68229.65,995.4900000000052,29901.359999999797
2026-02-10 14:30:00,1,1.0,1.0,68229.65,68460.4,230.75,30132.109999999797
2026-02-10 14:45:00,1,1.0,1.0,68460.4,68656.0,195.60000000000582,30327.709999999803
2026-02-10 15:00:00,0,1.0,1.0,68656.0,69224.17,-568.1699999999983,29759.539999999804
2026-02-10 15:15:00,0,1.0,1.0,69224.17,69286.4,-62.229999999995925,29697.30999999981
2026-02-10 15:30:00,0,1.0,0.0,69286.4,69293.37,-6.970000000001164,29690.339999999807
2026-02-10 15:45:00,0,1.0,1.0,69293.37,69679.8,-386.43000000000757,29303.9099999998
2026-02-10 16:00:00,0,0.0,1.0,69679.8,69425.24,254.55999999999767,29558.469999999797
2026-02-10 16:15:00,0,1.0,1.0,69425.24,69487.98,-62.73999999999069,29495.729999999807
2026-02-10 16:30:00,0,1.0,0.0,69487.98,69517.71,-29.730000000010477,29465.999999999796
2026-02-10 16:45:00,0,0.0,1.0,69517.71,69393.67,124.04000000000815,29590.039999999804
2026-02-10 17:00:00,0,1.0,1.0,69393.67,69671.23,-277.5599999999977,29312.479999999807
2026-02-10 17:15:00,0,1.0,1.0,69671.23,69882.28,-211.0500000000029,29101.429999999804
2026-02-10 17:30:00,0,1.0,0.0,69882.28,69925.31,-43.029999999998836,29058.399999999805
2026-02-10 17:45:00,0,0.0,1.0,69925.31,69584.7,340.6100000000006,29399.009999999806
2026-02-10 18:00:00,1,0.0,1.0,69584.7,68903.74,-680.9599999999919,28718.049999999814
2026-02-10 18:15:00,1,1.0,1.0,68903.74,68993.86,90.11999999999534,28808.16999999981
2026-02-10 18:30:00,1,0.0,1.0,68993.86,68894.36,-99.5,28708.66999999981
2026-02-10 18:45:00,1,1.0,0.0,68894.36,68909.66,15.30000000000291,28723.969999999812
2026-02-10 19:00:00,1,1.0,0.0,68909.66,68932.0,22.339999999996508,28746.30999999981
2026-02-10 19:15:00,1,1.0,1.0,68932.0,69205.05,273.0500000000029,29019.35999999981
2026-02-10 19:30:00,0,0.0,1.0,69205.05,69062.01,143.04000000000815,29162.39999999982
2026-02-10 19:45:00,1,0.0,1.0,69062.01,68760.85,-301.15999999998894,28861.23999999983
2026-02-10 20:00:00,1,1.0,0.0,68760.85,68812.75,51.89999999999418,28913.139999999825
2026-02-10 20:15:00,1,1.0,1.0,68812.75,68901.61,88.86000000000058,29001.999999999825
2026-02-10 20:30:00,0,0.0,1.0,68901.61,68753.7,147.9100000000035,29149.90999999983
2026-02-10 20:45:00,1,1.0,1.0,68753.7,68830.97,77.27000000000407,29227.179999999833
2026-02-10 21:00:00,0,0.0,1.0,68830.97,68652.27,178.6999999999971,29405.87999999983
2026-02-10 21:15:00,1,0.0,1.0,68652.27,68462.55,-189.72000000000116,29216.15999999983
2026-02-10 21:30:00,1,1.0,1.0,68462.55,68656.21,193.6600000000035,29409.819999999832
2026-02-10 21:45:00,0,0.0,0.0,68656.21,68612.69,43.520000000004075,29453.339999999836
2026-02-10 22:00:00,1,1.0,1.0,68612.69,68686.95,74.25999999999476,29527.59999999983
2026-02-10 22:15:00,1,0.0,0.0,68686.95,68665.71,-21.239999999990687,29506.35999999984
2026-02-10 22:30:00,1,1.0,0.0,68665.71,68707.18,41.46999999998661,29547.829999999827
2026-02-10 22:45:00,1,1.0,0.0,68707.18,68717.98,10.80000000000291,29558.62999999983
2026-02-10 23:00:00,0,0.0,1.0,68717.98,68663.25,54.729999999995925,29613.359999999826
2026-02-10 23:15:00,1,1.0,1.0,68663.25,68785.35,122.10000000000582,29735.45999999983
2026-02-10 23:30:00,0,1.0,1.0,68785.35,68841.29,-55.939999999987776,29679.519999999844
2026-02-10 23:45:00,0,0.0,0.0,68841.29,68801.85,39.439999999987776,29718.95999999983
2026-02-11 00:00:00,1,1.0,1.0,68801.85,69186.76,384.90999999998894,30103.86999999982
2026-02-11 00:15:00,0,0.0,1.0,69186.76,69068.81,117.94999999999709,30221.819999999818
2026-02-11 00:30:00,0,1.0,1.0,69068.81,69201.14,-132.33000000000175,30089.489999999816
2026-02-11 00:45:00,0,1.0,0.0,69201.14,69229.38,-28.24000000000524,30061.24999999981
2026-02-11 01:00:00,0,0.0,1.0,69229.38,68959.72,269.6600000000035,30330.909999999814
2026-02-11 01:15:00,1,1.0,1.0,68959.72,69073.8,114.08000000000175,30444.989999999816
2026-02-11 01:30:00,0,0.0,1.0,69073.8,68982.0,91.80000000000291,30536.78999999982
2026-02-11 01:45:00,1,0.0,0.0,68982.0,68941.41,-40.58999999999651,30496.199999999822
2026-02-11 02:00:00,1,1.0,1.0,68941.41,69057.2,115.7899999999936,30611.989999999816
2026-02-11 02:15:00,0,0.0,1.0,69057.2,68869.82,187.3799999999901,30799.369999999806
2026-02-11 02:30:00,1,0.0,1.0,68869.82,68677.33,-192.49000000000524,30606.8799999998
2026-02-11 02:45:00,1,0.0,1.0,68677.33,68525.94,-151.38999999999942,30455.4899999998
2026-02-11 03:00:00,1,0.0,1.0,68525.94,68288.19,-237.75,30217.7399999998
2026-02-11 03:15:00,1,1.0,1.0,68288.19,68427.63,139.44000000000233,30357.179999999804
2026-02-11 03:30:00,1,0.0,1.0,68427.63,68187.99,-239.63999999999942,30117.539999999804
2026-02-11 03:45:00,1,0.0,1.0,68187.99,68034.0,-153.99000000000524,29963.5499999998
2026-02-11 04:00:00,1,0.0,1.0,68034.0,67576.63,-457.36999999999534,29506.179999999804
2026-02-11 04:15:00,1,0.0,1.0,67576.63,67516.13,-60.5,29445.679999999804
2026-02-11 04:30:00,1,1.0,1.0,67516.13,67584.46,68.33000000000175,29514.009999999806
2026-02-11 04:45:00,1,1.0,1.0,67584.46,67717.8,133.3399999999965,29647.349999999802
2026-02-11 05:00:00,1,0.0,1.0,67717.8,67587.43,-130.3700000000099,29516.979999999792
2026-02-11 05:15:00,1,0.0,1.0,67587.43,67440.35,-147.0799999999872,29369.899999999805
2026-02-11 05:30:00,1,0.0,0.0,67440.35,67404.28,-36.070000000006985,29333.829999999798
2026-02-11 05:45:00,1,0.0,1.0,67404.28,66916.36,-487.91999999999825,28845.9099999998
2026-02-11 06:00:00,1,1.0,1.0,66916.36,67120.96,204.60000000000582,29050.509999999806
2026-02-11 06:15:00,1,0.0,1.0,67120.96,66856.01,-264.95000000001164,28785.559999999794
2026-02-11 06:30:00,1,0.0,0.0,66856.01,66820.32,-35.689999999987776,28749.869999999806
2026-02-11 06:45:00,1,0.0,1.0,66820.32,66748.13,-72.19000000000233,28677.679999999804
2026-02-11 07:00:00,1,1.0,1.0,66748.13,67005.98,257.84999999999127,28935.529999999795
2026-02-11 07:15:00,1,1.0,1.0,67005.98,67168.14,162.1600000000035,29097.6899999998
2026-02-11 07:30:00,1,0.0,1.0,67168.14,67032.72,-135.41999999999825,28962.2699999998
2026-02-11 07:45:00,1,0.0,1.0,67032.72,66908.09,-124.63000000000466,28837.639999999796
2026-02-11 08:00:00,1,1.0,0.0,66908.09,66926.17,18.080000000001746,28855.719999999797
2026-02-11 08:15:00,1,1.0,1.0,66926.17,67032.6,106.43000000000757,28962.149999999805
2026-02-11 08:30:00,1,0.0,0.0,67032.6,66981.07,-51.529999999998836,28910.619999999806
2026-02-11 08:45:00,1,0.0,1.0,66981.07,66923.72,-57.35000000000582,28853.2699999998
2026-02-11 09:00:00,1,1.0,1.0,66923.72,66978.43,54.70999999999185,28907.979999999792
2026-02-11 09:15:00,1,0.0,1.0,66978.43,66849.58,-128.84999999999127,28779.1299999998
2026-02-11 09:30:00,1,1.0,0.0,66849.58,66872.03,22.44999999999709,28801.579999999798
2026-02-11 09:45:00,1,0.0,1.0,66872.03,66748.76,-123.27000000000407,28678.309999999794
2026-02-11 10:00:00,1,1.0,1.0,66748.76,66865.55,116.79000000000815,28795.099999999802
2026-02-11 10:15:00,1,0.0,1.0,66865.55,66732.73,-132.82000000000698,28662.279999999795
2026-02-11 10:30:00,1,0.0,1.0,66732.73,66531.99,-200.7399999999907,28461.539999999804
2026-02-11 10:45:00,1,1.0,1.0,66531.99,66666.67,134.67999999999302,28596.219999999797
2026-02-11 11:00:00,1,1.0,1.0,66666.67,66993.06,326.3899999999994,28922.609999999797
2026-02-11 11:15:00,1,0.0,1.0,66993.06,66926.9,-66.16000000000349,28856.449999999793
2026-02-11 11:30:00,1,1.0,1.0,66926.9,67053.03,126.13000000000466,28982.579999999798
2026-02-11 11:45:00,1,1.0,0.0,67053.03,67094.16,41.13000000000466,29023.709999999803
2026-02-11 12:00:00,0,1.0,1.0,67094.16,67220.85,-126.69000000000233,28897.0199999998
2026-02-11 12:15:00,0,0.0,1.0,67220.85,67082.74,138.11000000000058,29035.1299999998
2026-02-11 12:30:00,1,1.0,0.0,67082.74,67133.5,50.75999999999476,29085.889999999796
2026-02-11 12:45:00,1,0.0,1.0,67133.5,66925.14,-208.36000000000058,28877.529999999795
2026-02-11 13:00:00,1,1.0,1.0,66925.14,67018.77,93.63000000000466,28971.1599999998
2026-02-11 13:15:00,1,1.0,1.0,67018.77,67222.51,203.7399999999907,29174.89999999979
2026-02-11 13:30:00,0,1.0,1.0,67222.51,67454.49,-231.98000000001048,28942.91999999978
2026-02-11 13:45:00,1,1.0,1.0,67454.49,68458.52,1004.0299999999988,29946.94999999978
2026-02-11 14:00:00,0,0.0,1.0,68458.52,68000.0,458.5200000000041,30405.469999999783
2026-02-11 14:15:00,1,0.0,1.0,68000.0,67236.43,-763.570000000007,29641.899999999776
2026-02-11 14:30:00,1,0.0,1.0,67236.43,66584.6,-651.8299999999872,28990.06999999979
2026-02-11 14:45:00,1,0.0,1.0,66584.6,66113.25,-471.3500000000058,28518.719999999783
2026-02-11 15:00:00,1,1.0,1.0,66113.25,66191.99,78.74000000000524,28597.459999999788
2026-02-11 15:15:00,1,1.0,1.0,66191.99,66759.82,567.8300000000017,29165.28999999979
2026-02-11 15:30:00,1,0.0,1.0,66759.82,66519.73,-240.09000000001106,28925.19999999978
2026-02-11 15:45:00,1,1.0,1.0,66519.73,67150.26,630.5299999999988,29555.729999999778
2026-02-11 16:00:00,1,0.0,1.0,67150.26,66602.71,-547.5499999999884,29008.17999999979
2026-02-11 16:15:00,1,0.0,1.0,66602.71,66127.5,-475.2100000000064,28532.969999999783
2026-02-11 16:30:00,1,0.0,1.0,66127.5,66039.09,-88.41000000000349,28444.55999999978
2026-02-11 16:45:00,1,1.0,1.0,66039.09,66263.59,224.5,28669.05999999978
2026-02-11 17:00:00,1,1.0,1.0,66263.59,66655.4,391.8099999999977,29060.869999999777
2026-02-11 17:15:00,0,0.0,0.0,66655.4,66607.22,48.179999999993015,29109.04999999977
2026-02-11 17:30:00,1,0.0,1.0,66607.22,66518.26,-88.9600000000064,29020.089999999764
2026-02-11 17:45:00,1,0.0,0.0,66518.26,66466.0,-52.25999999999476,28967.82999999977
2026-02-11 18:00:00,1,1.0,1.0,66466.0,66917.96,451.9600000000064,29419.789999999775
2026-02-11 18:15:00,0,1.0,1.0,66917.96,67032.43,-114.46999999998661,29305.31999999979
2026-02-11 18:30:00,0,1.0,1.0,67032.43,67275.34,-242.9100000000035,29062.409999999785
2026-02-11 18:45:00,0,1.0,1.0,67275.34,67643.0,-367.6600000000035,28694.74999999978
2026-02-11 19:00:00,0,0.0,1.0,67643.0,67436.32,206.67999999999302,28901.429999999775
2026-02-11 19:15:00,1,1.0,1.0,67436.32,67795.22,358.8999999999942,29260.32999999977
2026-02-11 19:30:00,0,0.0,1.0,67795.22,67586.67,208.5500000000029,29468.879999999772
2026-02-11 19:45:00,1,1.0,1.0,67586.67,67654.34,67.66999999999825,29536.54999999977
2026-02-11 20:00:00,0,0.0,1.0,67654.34,67213.3,441.0399999999936,29977.589999999764
2026-02-11 20:15:00,1,1.0,1.0,67213.3,67312.3,99.0,30076.589999999764
2026-02-11 20:30:00,1,1.0,1.0,67312.3,67555.98,243.67999999999302,30320.269999999757
2026-02-11 20:45:00,1,1.0,1.0,67555.98,67689.5,133.52000000000407,30453.78999999976
2026-02-11 21:00:00,0,1.0,1.0,67689.5,68202.84,-513.3399999999965,29940.449999999764
2026-02-11 21:15:00,0,0.0,1.0,68202.84,67998.02,204.81999999999243,30145.269999999757
2026-02-11 21:30:00,1,0.0,1.0,67998.02,67811.17,-186.85000000000582,29958.41999999975
2026-02-11 21:45:00,1,0.0,1.0,67811.17,67667.93,-143.24000000000524,29815.179999999746
2026-02-11 22:00:00,1,0.0,1.0,67667.93,67569.57,-98.35999999998603,29716.81999999976
2026-02-11 22:15:00,1,1.0,1.0,67569.57,67647.55,77.97999999999593,29794.799999999756
2026-02-11 22:30:00,1,0.0,1.0,67647.55,67433.14,-214.4100000000035,29580.389999999752
2026-02-11 22:45:00,1,0.0,1.0,67433.14,67330.55,-102.58999999999651,29477.799999999756
2026-02-11 23:00:00,1,0.0,1.0,67330.55,67016.62,-313.93000000000757,29163.869999999748
2026-02-11 23:15:00,1,1.0,1.0,67016.62,67083.68,67.05999999999767,29230.929999999746
2026-02-11 23:30:00,1,0.0,0.0,67083.68,67082.52,-1.1599999999889405,29229.769999999757
2026-02-11 23:45:00,1,1.0,1.0,67082.52,67365.56,283.0399999999936,29512.80999999975
2026-02-12 00:00:00,0,1.0,0.0,67365.56,67392.13,-26.570000000006985,29486.239999999743
2026-02-12 00:15:00,0,1.0,1.0,67392.13,67584.0,-191.86999999999534,29294.369999999748
2026-02-12 00:30:00,0,0.0,1.0,67584.0,67460.75,123.25,29417.619999999748
2026-02-12 00:45:00,1,1.0,1.0,67460.75,67699.99,239.24000000000524,29656.859999999753
2026-02-12 01:00:00,0,1.0,1.0,67699.99,67809.42,-109.42999999999302,29547.42999999976
2026-02-12 01:15:00,0,1.0,0.0,67809.42,67859.75,-50.330000000001746,29497.09999999976
2026-02-12 01:30:00,0,0.0,1.0,67859.75,67699.01,160.74000000000524,29657.839999999764
2026-02-12 01:45:00,1,0.0,1.0,67699.01,67498.17,-200.8399999999965,29456.999999999767
2026-02-12 02:00:00,1,1.0,0.0,67498.17,67532.4,34.229999999995925,29491.229999999763
2026-02-12 02:15:00,1,1.0,1.0,67532.4,67740.49,208.09000000001106,29699.319999999774
2026-02-12 02:30:00,0,0.0,1.0,67740.49,67439.14,301.3500000000058,30000.66999999978
2026-02-12 02:45:00,1,1.0,0.0,67439.14,67491.57,52.43000000000757,30053.099999999788
2026-02-12 03:00:00,1,0.0,1.0,67491.57,67382.85,-108.72000000000116,29944.379999999786
2026-02-12 03:15:00,1,1.0,1.0,67382.85,67496.49,113.63999999999942,30058.019999999786
2026-02-12 03:30:00,1,1.0,1.0,67496.49,67580.99,84.5,30142.519999999786
2026-02-12 03:45:00,1,0.0,0.0,67580.99,67577.41,-3.5800000000017462,30138.939999999784
2026-02-12 04:00:00,1,0.0,1.0,67577.41,67212.01,-365.40000000000873,29773.539999999775
2026-02-12 04:15:00,1,1.0,0.0,67212.01,67235.48,23.470000000001164,29797.009999999776
2026-02-12 04:30:00,1,0.0,1.0,67235.48,67018.4,-217.08000000000175,29579.929999999775
2026-02-12 04:45:00,1,0.0,1.0,67018.4,66805.97,-212.42999999999302,29367.49999999978
2026-02-12 05:00:00,1,1.0,1.0,66805.97,66877.01,71.0399999999936,29438.539999999775
2026-02-12 05:15:00,1,1.0,1.0,66877.01,67086.86,209.85000000000582,29648.38999999978
2026-02-12 05:30:00,0,1.0,0.0,67086.86,67141.93,-55.06999999999243,29593.31999999979
2026-02-12 05:45:00,0,0.0,0.0,67141.93,67118.0,23.929999999993015,29617.24999999978
2026-02-12 06:00:00,1,1.0,1.0,67118.0,67290.9,172.89999999999418,29790.149999999776
2026-02-12 06:15:00,0,0.0,0.0,67290.9,67237.31,53.58999999999651,29843.739999999772
2026-02-12 06:30:00,1,0.0,1.0,67237.31,67125.57,-111.73999999999069,29731.99999999978
2026-02-12 06:45:00,1,0.0,1.0,67125.57,66992.17,-133.40000000000873,29598.599999999773
2026-02-12 07:00:00,1,1.0,1.0,66992.17,67228.2,236.02999999999884,29834.629999999772
2026-02-12 07:15:00,0,0.0,1.0,67228.2,67130.01,98.19000000000233,29932.819999999774
2026-02-12 07:30:00,1,1.0,1.0,67130.01,67217.72,87.7100000000064,30020.52999999978
2026-02-12 07:45:00,0,1.0,0.0,67217.72,67248.48,-30.75999999999476,29989.769999999786
2026-02-12 08:00:00,0,0.0,1.0,67248.48,66932.0,316.4799999999959,30306.24999999978
2026-02-12 08:15:00,1,1.0,0.0,66932.0,66973.75,41.75,30347.99999999978
2026-02-12 08:30:00,1,1.0,1.0,66973.75,67141.15,167.39999999999418,30515.399999999776
2026-02-12 08:45:00,0,1.0,0.0,67141.15,67187.84,-46.69000000000233,30468.709999999774
2026-02-12 09:00:00,0,1.0,1.0,67187.84,67296.77,-108.93000000000757,30359.779999999766
2026-02-12 09:15:00,0,1.0,1.0,67296.77,67422.01,-125.23999999999069,30234.539999999775
2026-02-12 09:30:00,0,1.0,1.0,67422.01,67550.47,-128.4600000000064,30106.07999999977
2026-02-12 09:45:00,0,1.0,0.0,67550.47,67570.54,-20.069999999992433,30086.009999999776
2026-02-12 10:00:00,0,1.0,0.0,67570.54,67609.81,-39.270000000004075,30046.739999999772
2026-02-12 10:15:00,0,1.0,0.0,67609.81,67665.99,-56.18000000000757,29990.559999999765
2026-02-12 10:30:00,0,1.0,1.0,67665.99,68014.01,-348.0199999999895,29642.539999999775
2026-02-12 10:45:00,0,0.0,1.0,68014.01,67906.74,107.26999999998952,29749.809999999765
2026-02-12 11:00:00,1,1.0,1.0,67906.74,68208.64,301.8999999999942,30051.70999999976
2026-02-12 11:15:00,0,0.0,1.0,68208.64,68084.79,123.85000000000582,30175.559999999765
2026-02-12 11:30:00,1,0.0,0.0,68084.79,68076.01,-8.779999999998836,30166.779999999766
2026-02-12 11:45:00,1,0.0,0.0,68076.01,68022.23,-53.779999999998836,30112.999999999767
2026-02-12 12:00:00,1,0.0,0.0,68022.23,67985.12,-37.11000000000058,30075.889999999767
2026-02-12 12:15:00,1,0.0,1.0,67985.12,67872.87,-112.25,29963.639999999767
2026-02-12 12:30:00,1,0.0,0.0,67872.87,67865.31,-7.559999999997672,29956.07999999977
2026-02-12 12:45:00,1,0.0,0.0,67865.31,67844.3,-21.00999999999476,29935.069999999774
2026-02-12 13:00:00,1,0.0,1.0,67844.3,67769.42,-74.88000000000466,29860.18999999977
2026-02-12 13:15:00,1,1.0,1.0,67769.42,68116.83,347.4100000000035,30207.599999999773
2026-02-12 13:30:00,0,1.0,1.0,68116.83,68376.58,-259.75,29947.849999999773
2026-02-12 13:45:00,0,0.0,1.0,68376.58,68016.28,360.3000000000029,30308.149999999776
2026-02-12 14:00:00,1,0.0,0.0,68016.28,67994.9,-21.380000000004657,30286.76999999977
2026-02-12 14:15:00,1,0.0,1.0,67994.9,67625.01,-369.8899999999994,29916.879999999772
2026-02-12 14:30:00,1,0.0,0.0,67625.01,67577.02,-47.98999999999069,29868.88999999978
2026-02-12 14:45:00,1,0.0,1.0,67577.02,67415.99,-161.02999999999884,29707.859999999782
2026-02-12 15:00:00,1,1.0,1.0,67415.99,67855.14,439.1499999999942,30147.009999999776
2026-02-12 15:15:00,0,0.0,1.0,67855.14,67400.41,454.7299999999959,30601.739999999772
2026-02-12 15:30:00,1,0.0,1.0,67400.41,67134.74,-265.66999999999825,30336.069999999774
2026-02-12 15:45:00,1,0.0,1.0,67134.74,66558.41,-576.3300000000017,29759.739999999772
2026-02-12 16:00:00,1,0.0,1.0,66558.41,66065.4,-493.0100000000093,29266.729999999763
2026-02-12 16:15:00,1,1.0,1.0,66065.4,66271.97,206.57000000000698,29473.29999999977
2026-02-12 16:30:00,1,0.0,1.0,66271.97,65863.37,-408.6000000000058,29064.699999999764
2026-02-12 16:45:00,1,0.0,1.0,65863.37,65740.35,-123.01999999998952,28941.679999999775
2026-02-12 17:00:00,1,1.0,1.0,65740.35,66129.25,388.8999999999942,29330.57999999977
2026-02-12 17:15:00,1,0.0,1.0,66129.25,65978.0,-151.25,29179.32999999977
2026-02-12 17:30:00,1,0.0,1.0,65978.0,65413.99,-564.010000000002,28615.319999999767
2026-02-12 17:45:00,1,1.0,1.0,65413.99,65694.08,280.0900000000038,28895.40999999977
2026-02-12 18:00:00,1,0.0,1.0,65694.08,65304.01,-390.0699999999997,28505.33999999977
2026-02-12 18:15:00,1,1.0,1.0,65304.01,65432.8,128.79000000000087,28634.129999999772
2026-02-12 18:30:00,1,1.0,1.0,65432.8,65590.95,158.14999999999418,28792.279999999766
2026-02-12 18:45:00,1,0.0,1.0,65590.95,65448.57,-142.37999999999738,28649.89999999977
2026-02-12 19:00:00,1,1.0,1.0,65448.57,65780.0,331.4300000000003,28981.32999999977
2026-02-12 19:15:00,1,1.0,1.0,65780.0,65979.2,199.1999999999971,29180.529999999766
2026-02-12 19:30:00,0,0.0,1.0,65979.2,65788.36,190.8399999999965,29371.369999999763
2026-02-12 19:45:00,1,0.0,1.0,65788.36,65704.14,-84.22000000000116,29287.14999999976
2026-02-12 20:00:00,1,0.0,1.0,65704.14,65505.7,-198.44000000000233,29088.70999999976
2026-02-12 20:15:00,1,1.0,0.0,65505.7,65546.68,40.979999999995925,29129.689999999755
2026-02-12 20:30:00,1,0.0,1.0,65546.68,65428.56,-118.11999999999534,29011.56999999976
2026-02-12 20:45:00,1,1.0,1.0,65428.56,65669.89,241.33000000000175,29252.89999999976
2026-02-12 21:00:00,1,0.0,1.0,65669.89,65603.49,-66.39999999999418,29186.499999999767
2026-02-12 21:15:00,1,1.0,1.0,65603.49,65817.22,213.72999999999593,29400.229999999763
2026-02-12 21:30:00,0,1.0,0.0,65817.22,65849.87,-32.64999999999418,29367.57999999977
2026-02-12 21:45:00,0,0.0,0.0,65849.87,65816.45,33.419999999998254,29400.999999999767
2026-02-12 22:00:00,1,1.0,1.0,65816.45,65959.81,143.36000000000058,29544.359999999768
2026-02-12 22:15:00,0,1.0,1.0,65959.81,66199.99,-240.18000000000757,29304.17999999976
2026-02-12 22:30:00,0,1.0,1.0,66199.99,66288.0,-88.00999999999476,29216.169999999765
2026-02-12 22:45:00,0,1.0,0.0,66288.0,66313.25,-25.25,29190.919999999765
2026-02-12 23:00:00,0,1.0,1.0,66313.25,66404.21,-90.9600000000064,29099.95999999976
2026-02-12 23:15:00,0,0.0,1.0,66404.21,66247.44,156.77000000000407,29256.729999999763
2026-02-12 23:30:00,1,1.0,0.0,66247.44,66272.17,24.729999999995925,29281.45999999976
2026-02-12 23:45:00,0,1.0,1.0,66272.17,66374.88,-102.7100000000064,29178.749999999753
2026-02-13 00:00:00,0,0.0,1.0,66374.88,66026.92,347.9600000000064,29526.70999999976
2026-02-13 00:15:00,1,0.0,1.0,66026.92,65952.16,-74.75999999999476,29451.949999999764
2026-02-13 00:30:00,1,0.0,0.0,65952.16,65918.6,-33.55999999999767,29418.389999999767
2026-02-13 00:45:00,1,1.0,1.0,65918.6,66251.12,332.5199999999895,29750.909999999756
2026-02-13 01:00:00,0,0.0,0.0,66251.12,66225.43,25.69000000000233,29776.59999999976
2026-02-13 01:15:00,1,1.0,1.0,66225.43,66420.0,194.57000000000698,29971.169999999765
2026-02-13 01:30:00,0,1.0,0.0,66420.0,66454.95,-34.94999999999709,29936.21999999977
2026-02-13 01:45:00,0,1.0,1.0,66454.95,66565.5,-110.55000000000291,29825.669999999765
2026-02-13 02:00:00,0,0.0,0.0,66565.5,66538.05,27.44999999999709,29853.119999999763
2026-02-13 02:15:00,1,1.0,0.0,66538.05,66592.23,54.179999999993015,29907.299999999756
2026-02-13 02:30:00,0,1.0,1.0,66592.23,66663.08,-70.85000000000582,29836.44999999975
2026-02-13 02:45:00,0,0.0,1.0,66663.08,66522.24,140.8399999999965,29977.289999999746
2026-02-13 03:00:00,1,1.0,1.0,66522.24,66679.0,156.75999999999476,30134.04999999974
2026-02-13 03:15:00,0,0.0,0.0,66679.0,66643.69,35.30999999999767,30169.35999999974
2026-02-13 03:30:00,1,0.0,1.0,66643.69,66553.08,-90.61000000000058,30078.749999999738
2026-02-13 03:45:00,1,0.0,0.0,66553.08,66537.6,-15.479999999995925,30063.269999999742
2026-02-13 04:00:00,1,0.0,1.0,66537.6,66450.01,-87.59000000001106,29975.67999999973
2026-02-13 04:15:00,1,0.0,1.0,66450.01,66365.87,-84.13999999999942,29891.53999999973
2026-02-13 04:30:00,1,0.0,0.0,66365.87,66329.22,-36.64999999999418,29854.889999999737
2026-02-13 04:45:00,1,0.0,1.0,66329.22,66246.87,-82.35000000000582,29772.53999999973
2026-02-13 05:00:00,1,1.0,1.0,66246.87,66324.94,78.07000000000698,29850.60999999974
2026-02-13 05:15:00,0,1.0,1.0,66324.94,66470.06,-145.11999999999534,29705.489999999743
2026-02-13 05:30:00,0,0.0,1.0,66470.06,66175.79,294.2700000000041,29999.759999999747
2026-02-13 05:45:00,1,1.0,1.0,66175.79,66233.33,57.54000000000815,30057.299999999756
2026-02-13 06:00:00,0,0.0,1.0,66233.33,66123.99,109.33999999999651,30166.639999999752
2026-02-13 06:15:00,1,0.0,0.0,66123.99,66086.0,-37.99000000000524,30128.649999999747
2026-02-13 06:30:00,1,1.0,1.0,66086.0,66359.28,273.27999999999884,30401.929999999746
2026-02-13 06:45:00,0,1.0,1.0,66359.28,66528.27,-168.99000000000524,30232.93999999974
2026-02-13 07:00:00,0,0.0,0.0,66528.27,66514.43,13.84000000001106,30246.77999999975
2026-02-13 07:15:00,1,0.0,1.0,66514.43,66127.51,-386.91999999999825,29859.859999999753
2026-02-13 07:30:00,1,1.0,1.0,66127.51,66208.96,81.45000000001164,29941.309999999765
2026-02-13 07:45:00,0,1.0,0.0,66208.96,66260.28,-51.31999999999243,29889.989999999772
2026-02-13 08:00:00,0,1.0,1.0,66260.28,66414.04,-153.75999999999476,29736.229999999778
2026-02-13 08:15:00,0,1.0,1.0,66414.04,66504.63,-90.59000000001106,29645.639999999767
2026-02-13 08:30:00,0,1.0,1.0,66504.63,66699.96,-195.33000000000175,29450.309999999765
2026-02-13 08:45:00,0,0.0,0.0,66699.96,66684.6,15.360000000000582,29465.669999999765
2026-02-13 09:00:00,1,1.0,1.0,66684.6,66820.37,135.76999999998952,29601.439999999755
2026-02-13 09:15:00,0,1.0,0.0,66820.37,66858.77,-38.40000000000873,29563.039999999746
2026-02-13 09:30:00,0,1.0,1.0,66858.77,66959.71,-100.94000000000233,29462.099999999744
2026-02-13 09:45:00,0,0.0,0.0,66959.71,66905.43,54.28000000001339,29516.379999999757
2026-02-13 10:00:00,1,1.0,0.0,66905.43,66911.7,6.2700000000040745,29522.64999999976
2026-02-13 10:15:00,0,1.0,1.0,66911.7,67029.95,-118.25,29404.39999999976
2026-02-13 10:30:00,0,0.0,0.0,67029.95,66977.66,52.2899999999936,29456.689999999755
2026-02-13 10:45:00,1,0.0,1.0,66977.66,66889.36,-88.30000000000291,29368.389999999752
2026-02-13 11:00:00,1,1.0,1.0,66889.36,66982.6,93.24000000000524,29461.629999999757
2026-02-13 11:15:00,0,1.0,0.0,66982.6,66997.1,-14.5,29447.129999999757
2026-02-13 11:30:00,0,1.0,1.0,66997.1,67171.42,-174.31999999999243,29272.809999999765
2026-02-13 11:45:00,0,0.0,1.0,67171.42,66985.84,185.58000000000175,29458.389999999767
2026-02-13 12:00:00,1,1.0,1.0,66985.84,67097.17,111.33000000000175,29569.71999999977
2026-02-13 12:15:00,0,0.0,0.0,67097.17,67094.03,3.139999999999418,29572.859999999768
2026-02-13 12:30:00,0,0.0,0.0,67094.03,67084.0,10.029999999998836,29582.889999999767
2026-02-13 12:45:00,1,0.0,1.0,67084.0,66969.46,-114.5399999999936,29468.349999999773
2026-02-13 13:00:00,1,1.0,1.0,66969.46,67337.21,367.75,29836.099999999773
2026-02-13 13:15:00,0,0.0,0.0,67337.21,67301.39,35.820000000006985,29871.91999999978
2026-02-13 13:30:00,1,0.0,0.0,67301.39,67274.15,-27.24000000000524,29844.679999999775
2026-02-13 13:45:00,1,0.0,1.0,67274.15,67164.48,-109.66999999999825,29735.009999999776
2026-02-13 14:00:00,1,1.0,1.0,67164.48,67311.84,147.36000000000058,29882.369999999777
2026-02-13 14:15:00,0,1.0,0.0,67311.84,67331.47,-19.630000000004657,29862.739999999772
2026-02-13 14:30:00,0,1.0,1.0,67331.47,67733.51,-402.0399999999936,29460.69999999978
2026-02-13 14:45:00,0,1.0,1.0,67733.51,68382.0,-648.4900000000052,28812.209999999774
2026-02-13 15:00:00,0,1.0,1.0,68382.0,68895.88,-513.8800000000047,28298.32999999977
2026-02-13 15:15:00,0,0.0,1.0,68895.88,68730.01,165.8700000000099,28464.19999999978
2026-02-13 15:30:00,0,0.0,0.0,68730.01,68692.12,37.88999999999942,28502.08999999978
2026-02-13 15:45:00,0,1.0,1.0,68692.12,69052.64,-360.5200000000041,28141.569999999774
2026-02-13 16:00:00,0,1.0,0.0,69052.64,69079.39,-26.75,28114.819999999774
2026-02-13 16:15:00,0,1.0,1.0,69079.39,69244.96,-165.57000000000698,27949.249999999767
2026-02-13 16:30:00,0,0.0,1.0,69244.96,68954.69,290.2700000000041,28239.51999999977
2026-02-13 16:45:00,0,1.0,0.0,68954.69,68977.68,-22.989999999990687,28216.52999999978
2026-02-13 17:00:00,0,0.0,0.0,68977.68,68975.97,1.709999999991851,28218.239999999772
2026-02-13 17:15:00,0,1.0,1.0,68975.97,69126.8,-150.83000000000175,28067.40999999977
2026-02-13 17:30:00,0,0.0,1.0,69126.8,69047.99,78.80999999999767,28146.21999999977
2026-02-13 17:45:00,0,0.0,0.0,69047.99,69026.03,21.960000000006403,28168.179999999775
2026-02-13 18:00:00,0,1.0,0.0,69026.03,69069.99,-43.9600000000064,28124.21999999977
2026-02-13 18:15:00,0,1.0,1.0,69069.99,69272.01,-202.01999999998952,27922.19999999978
2026-02-13 18:30:00,0,0.0,1.0,69272.01,69129.99,142.01999999998952,28064.21999999977
2026-02-13 18:45:00,0,1.0,0.0,69129.99,69165.83,-35.83999999999651,28028.379999999772
2026-02-13 19:00:00,0,0.0,1.0,69165.83,69008.0,157.83000000000175,28186.209999999774
2026-02-13 19:15:00,0,0.0,1.0,69008.0,68933.8,74.19999999999709,28260.40999999977
2026-02-13 19:30:00,1,1.0,0.0,68933.8,68938.91,5.110000000000582,28265.51999999977
2026-02-13 19:45:00,0,0.0,1.0,68938.91,68805.8,133.11000000000058,28398.629999999772
2026-02-13 20:00:00,1,1.0,0.0,68805.8,68828.52,22.720000000001164,28421.349999999773
2026-02-13 20:15:00,0,1.0,0.0,68828.52,68846.0,-17.479999999995925,28403.869999999777
2026-02-13 20:30:00,0,0.0,1.0,68846.0,68777.12,68.88000000000466,28472.74999999978
2026-02-13 20:45:00,1,1.0,1.0,68777.12,69001.15,224.02999999999884,28696.77999999978
2026-02-13 21:00:00,0,0.0,1.0,69001.15,68903.11,98.0399999999936,28794.819999999774
2026-02-13 21:15:00,0,1.0,0.0,68903.11,68936.48,-33.36999999999534,28761.44999999978
2026-02-13 21:30:00,0,0.0,0.0,68936.48,68902.48,34.0,28795.44999999978
2026-02-13 21:45:00,0,0.0,1.0,68902.48,68737.24,165.2399999999907,28960.68999999977
2026-02-13 22:00:00,1,1.0,1.0,68737.24,68879.6,142.36000000000058,29103.04999999977
2026-02-13 22:15:00,0,1.0,0.0,68879.6,68888.01,-8.40999999998894,29094.63999999978
2026-02-13 22:30:00,0,1.0,1.0,68888.01,68995.28,-107.27000000000407,28987.369999999777
2026-02-13 22:45:00,0,0.0,1.0,68995.28,68924.24,71.0399999999936,29058.40999999977
2026-02-13 23:00:00,0,0.0,0.0,68924.24,68906.01,18.230000000010477,29076.63999999978
2026-02-13 23:15:00,0,0.0,0.0,68906.01,68850.0,56.00999999999476,29132.649999999776
2026-02-13 23:30:00,0,1.0,0.0,68850.0,68853.96,-3.960000000006403,29128.68999999977
2026-02-13 23:45:00,0,1.0,0.0,68853.96,68885.45,-31.489999999990687,29097.19999999978
2026-02-14 00:00:00,0,1.0,0.0,68885.45,68903.19,-17.74000000000524,29079.459999999774
2026-02-14 00:15:00,0,1.0,1.0,68903.19,69026.69,-123.5,28955.959999999774
2026-02-14 00:30:00,0,1.0,1.0,69026.69,69090.24,-63.55000000000291,28892.40999999977
2026-02-14 00:45:00,0,1.0,0.0,69090.24,69092.54,-2.2999999999883585,28890.109999999782
2026-02-14 01:00:00,0,0.0,0.0,69092.54,69052.53,40.00999999999476,28930.119999999777
2026-02-14 01:15:00,0,0.0,1.0,69052.53,68980.73,71.80000000000291,29001.91999999978
2026-02-14 01:30:00,0,0.0,0.0,68980.73,68964.51,16.220000000001164,29018.13999999978
2026-02-14 01:45:00,0,1.0,0.0,68964.51,68983.3,-18.79000000000815,28999.349999999773
2026-02-14 02:00:00,0,0.0,1.0,68983.3,68907.84,75.4600000000064,29074.80999999978
2026-02-14 02:15:00,0,1.0,0.0,68907.84,68951.99,-44.15000000000873,29030.65999999977
2026-02-14 02:30:00,0,0.0,1.0,68951.99,68884.21,67.77999999999884,29098.43999999977
2026-02-14 02:45:00,0,1.0,0.0,68884.21,68911.0,-26.789999999993597,29071.649999999776
2026-02-14 03:00:00,0,1.0,0.0,68911.0,68937.99,-26.99000000000524,29044.65999999977
2026-02-14 03:15:00,0,1.0,0.0,68937.99,68950.46,-12.470000000001164,29032.18999999977
2026-02-14 03:30:00,0,1.0,0.0,68950.46,68981.99,-31.529999999998836,29000.65999999977
2026-02-14 03:45:00,0,0.0,1.0,68981.99,68891.98,90.01000000000931,29090.66999999978
2026-02-14 04:00:00,0,1.0,0.0,68891.98,68907.99,-16.010000000009313,29074.65999999977
2026-02-14 04:15:00,0,0.0,1.0,68907.99,68852.0,55.99000000000524,29130.649999999776
2026-02-14 04:30:00,0,0.0,1.0,68852.0,68790.0,62.0,29192.649999999776
2026-02-14 04:45:00,1,1.0,1.0,68790.0,68862.04,72.0399999999936,29264.68999999977
2026-02-14 05:00:00,0,1.0,0.0,68862.04,68876.16,-14.120000000009895,29250.56999999976
2026-02-14 05:15:00,0,0.0,0.0,68876.16,68829.2,46.9600000000064,29297.529999999766
2026-02-14 05:30:00,0,0.0,1.0,68829.2,68773.42,55.779999999998836,29353.309999999765
2026-02-14 05:45:00,1,1.0,0.0,68773.42,68783.13,9.710000000006403,29363.01999999977
2026-02-14 06:00:00,0,1.0,1.0,68783.13,68893.98,-110.84999999999127,29252.16999999978
2026-02-14 06:15:00,0,0.0,0.0,68893.98,68875.77,18.20999999999185,29270.379999999772
2026-02-14 06:30:00,0,1.0,1.0,68875.77,68936.98,-61.20999999999185,29209.16999999978
2026-02-14 06:45:00,0,0.0,0.0,68936.98,68900.12,36.86000000000058,29246.02999999978
2026-02-14 07:00:00,0,1.0,1.0,68900.12,68956.92,-56.80000000000291,29189.229999999778
2026-02-14 07:15:00,0,1.0,1.0,68956.92,69181.6,-224.68000000000757,28964.54999999977
2026-02-14 07:30:00,0,1.0,0.0,69181.6,69219.26,-37.65999999998894,28926.88999999978
2026-02-14 07:45:00,0,1.0,1.0,69219.26,69567.06,-347.8000000000029,28579.08999999978
2026-02-14 08:00:00,0,0.0,1.0,69567.06,69495.5,71.55999999999767,28650.649999999776
2026-02-14 08:15:00,0,1.0,1.0,69495.5,69663.12,-167.61999999999534,28483.02999999978
2026-02-14 08:30:00,0,1.0,1.0,69663.12,69746.2,-83.08000000000175,28399.94999999978
2026-02-14 08:45:00,0,0.0,0.0,69746.2,69716.33,29.869999999995343,28429.819999999774
2026-02-14 09:00:00,0,0.0,1.0,69716.33,69595.11,121.22000000000116,28551.039999999775
2026-02-14 09:15:00,0,1.0,1.0,69595.11,69726.97,-131.86000000000058,28419.179999999775
2026-02-14 09:30:00,0,0.0,0.0,69726.97,69714.93,12.040000000008149,28431.219999999783
2026-02-14 09:45:00,0,0.0,1.0,69714.93,69651.11,63.81999999999243,28495.039999999775
2026-02-14 10:00:00,1,0.0,0.0,69651.11,69619.98,-31.130000000004657,28463.90999999977
2026-02-14 10:15:00,1,0.0,0.0,69619.98,69607.81,-12.169999999998254,28451.739999999772
2026-02-14 10:30:00,1,1.0,1.0,69607.81,69671.86,64.05000000000291,28515.789999999775
2026-02-14 10:45:00,0,1.0,1.0,69671.86,70097.89,-426.02999999999884,28089.759999999776
2026-02-14 11:00:00,0,1.0,1.0,70097.89,70194.0,-96.11000000000058,27993.649999999776
2026-02-14 11:15:00,0,1.0,1.0,70194.0,70310.59,-116.58999999999651,27877.05999999978
2026-02-14 11:30:00,0,1.0,1.0,70310.59,70505.74,-195.15000000000873,27681.90999999977
2026-02-14 11:45:00,0,0.0,0.0,70505.74,70488.47,17.270000000004075,27699.179999999775
2026-02-14 12:00:00,0,0.0,1.0,70488.47,70356.38,132.0899999999965,27831.26999999977
2026-02-14 12:15:00,1,0.0,1.0,70356.38,70087.52,-268.8600000000006,27562.40999999977
2026-02-14 12:30:00,1,0.0,1.0,70087.52,69640.2,-447.320000000007,27115.089999999764
2026-02-14 12:45:00,1,1.0,1.0,69640.2,69713.23,73.02999999999884,27188.119999999763
2026-02-14 13:00:00,0,0.0,1.0,69713.23,69270.67,442.5599999999977,27630.67999999976
2026-02-14 13:15:00,1,1.0,1.0,69270.67,69447.99,177.32000000000698,27807.999999999767
2026-02-14 13:30:00,0,1.0,0.0,69447.99,69460.0,-12.009999999994761,27795.989999999772
2026-02-14 13:45:00,0,1.0,0.0,69460.0,69460.1,-0.10000000000582077,27795.889999999767
2026-02-14 14:00:00,0,0.0,0.0,69460.1,69455.6,4.5,27800.389999999767
2026-02-14 14:15:00,0,1.0,1.0,69455.6,69673.6,-218.0,27582.389999999767
2026-02-14 14:30:00,0,1.0,0.0,69673.6,69701.66,-28.05999999999767,27554.32999999977
2026-02-14 14:45:00,0,0.0,1.0,69701.66,69616.19,85.47000000000116,27639.79999999977
2026-02-14 15:00:00,0,1.0,1.0,69616.19,69874.24,-258.0500000000029,27381.749999999767
2026-02-14 15:15:00,0,0.0,0.0,69874.24,69867.84,6.400000000008731,27388.149999999776
2026-02-14 15:30:00,0,0.0,1.0,69867.84,69778.28,89.55999999999767,27477.709999999774
2026-02-14 15:45:00,1,0.0,1.0,69778.28,69687.47,-90.80999999999767,27386.899999999776
2026-02-14 16:00:00,1,0.0,1.0,69687.47,69424.93,-262.54000000000815,27124.359999999768
2026-02-14 16:15:00,1,1.0,1.0,69424.93,69651.11,226.18000000000757,27350.539999999775
2026-02-14 16:30:00,0,1.0,1.0,69651.11,69755.1,-103.99000000000524,27246.54999999977
2026-02-14 16:45:00,0,1.0,1.0,69755.1,69860.98,-105.8799999999901,27140.66999999978
2026-02-14 17:00:00,0,0.0,0.0,69860.98,69819.16,41.81999999999243,27182.489999999772
2026-02-14 17:15:00,0,0.0,0.0,69819.16,69784.0,35.16000000000349,27217.649999999776
2026-02-14 17:30:00,1,0.0,0.0,69784.0,69739.38,-44.61999999999534,27173.02999999978
2026-02-14 17:45:00,1,1.0,0.0,69739.38,69764.0,24.619999999995343,27197.649999999776
2026-02-14 18:00:00,0,0.0,0.0,69764.0,69742.19,21.80999999999767,27219.459999999774
2026-02-14 18:15:00,0,0.0,0.0,69742.19,69731.52,10.669999999998254,27230.129999999772
2026-02-14 18:30:00,1,1.0,0.0,69731.52,69772.31,40.7899999999936,27270.919999999765
2026-02-14 18:45:00,0,0.0,0.0,69772.31,69755.0,17.30999999999767,27288.229999999763
2026-02-14 19:00:00,0,1.0,1.0,69755.0,69840.14,-85.13999999999942,27203.089999999764
2026-02-14 19:15:00,0,1.0,1.0,69840.14,69888.92,-48.779999999998836,27154.309999999765
2026-02-14 19:30:00,0,0.0,0.0,69888.92,69873.99,14.929999999993015,27169.239999999758
2026-02-14 19:45:00,0,0.0,1.0,69873.99,69828.0,45.99000000000524,27215.229999999763
2026-02-14 20:00:00,1,1.0,0.0,69828.0,69830.88,2.8800000000046566,27218.109999999768
2026-02-14 20:15:00,0,1.0,1.0,69830.88,69954.46,-123.58000000000175,27094.529999999766
2026-02-14 20:30:00,0,1.0,1.0,69954.46,70023.09,-68.6299999999901,27025.899999999776
2026-02-14 20:45:00,0,1.0,1.0,70023.09,70211.82,-188.73000000001048,26837.169999999765
2026-02-14 21:00:00,0,0.0,1.0,70211.82,69997.74,214.08000000000175,27051.249999999767
2026-02-14 21:15:00,0,0.0,1.0,69997.74,69860.9,136.84000000001106,27188.08999999978
2026-02-14 21:30:00,1,1.0,1.0,69860.9,69935.86,74.9600000000064,27263.049999999785
2026-02-14 21:45:00,0,1.0,1.0,69935.86,70006.81,-70.94999999999709,27192.099999999788
2026-02-14 22:00:00,0,0.0,1.0,70006.81,69940.72,66.08999999999651,27258.189999999784
2026-02-14 22:15:00,0,1.0,1.0,69940.72,69988.09,-47.36999999999534,27210.81999999979
2026-02-14 22:30:00,0,0.0,0.0,69988.09,69959.75,28.339999999996508,27239.159999999785
2026-02-14 22:45:00,0,1.0,0.0,69959.75,69977.27,-17.520000000004075,27221.63999999978
2026-02-14 23:00:00,0,0.0,1.0,69977.27,69828.09,149.18000000000757,27370.81999999979
2026-02-14 23:15:00,0,0.0,0.0,69828.09,69816.03,12.059999999997672,27382.879999999786
2026-02-14 23:30:00,1,1.0,0.0,69816.03,69822.95,6.919999999998254,27389.799999999785
2026-02-14 23:45:00,0,0.0,1.0,69822.95,69681.93,141.02000000000407,27530.81999999979
2026-02-15 00:00:00,0,1.0,0.0,69681.93,69695.77,-13.84000000001106,27516.979999999778
2026-02-15 00:15:00,0,0.0,1.0,69695.77,69634.01,61.76000000000931,27578.739999999787
2026-02-15 00:30:00,0,1.0,1.0,69634.01,69777.07,-143.06000000001222,27435.679999999775
2026-02-15 00:45:00,0,1.0,1.0,69777.07,69902.69,-125.61999999999534,27310.05999999978
2026-02-15 01:00:00,0,0.0,1.0,69902.69,69529.34,373.3500000000058,27683.409999999785
2026-02-15 01:15:00,0,0.0,1.0,69529.34,69407.22,122.11999999999534,27805.52999999978
2026-02-15 01:30:00,1,1.0,1.0,69407.22,69717.65,310.429999999993,28115.959999999774
2026-02-15 01:45:00,0,0.0,1.0,69717.65,69548.41,169.2399999999907,28285.199999999764
2026-02-15 02:00:00,0,0.0,1.0,69548.41,69475.48,72.93000000000757,28358.129999999772
2026-02-15 02:15:00,1,1.0,0.0,69475.48,69510.71,35.23000000001048,28393.359999999782
2026-02-15 02:30:00,0,0.0,0.0,69510.71,69480.01,30.70000000001164,28424.059999999794
2026-02-15 02:45:00,1,0.0,0.0,69480.01,69466.92,-13.089999999996508,28410.969999999797
2026-02-15 03:00:00,1,0.0,0.0,69466.92,69445.6,-21.319999999992433,28389.649999999805
2026-02-15 03:15:00,1,0.0,1.0,69445.6,69360.11,-85.49000000000524,28304.1599999998
2026-02-15 03:30:00,1,1.0,1.0,69360.11,69954.5,594.3899999999994,28898.5499999998
2026-02-15 03:45:00,0,1.0,1.0,69954.5,70424.5,-470.0,28428.5499999998
2026-02-15 04:00:00,0,0.0,1.0,70424.5,70198.17,226.33000000000175,28654.8799999998
2026-02-15 04:15:00,1,1.0,0.0,70198.17,70225.61,27.44000000000233,28682.319999999803
2026-02-15 04:30:00,0,0.0,0.0,70225.61,70183.99,41.61999999999534,28723.9399999998
2026-02-15 04:45:00,1,1.0,0.0,70183.99,70205.38,21.389999999999418,28745.329999999798
2026-02-15 05:00:00,0,1.0,1.0,70205.38,70331.18,-125.79999999998836,28619.52999999981
2026-02-15 05:15:00,0,1.0,0.0,70331.18,70357.27,-26.09000000001106,28593.4399999998
2026-02-15 05:30:00,0,0.0,1.0,70357.27,70267.61,89.66000000000349,28683.099999999802
2026-02-15 05:45:00,0,0.0,0.0,70267.61,70231.5,36.11000000000058,28719.209999999803
2026-02-15 06:00:00,1,1.0,1.0,70231.5,70375.97,144.47000000000116,28863.679999999804
2026-02-15 06:15:00,0,0.0,0.0,70375.97,70370.3,5.669999999998254,28869.349999999802
2026-02-15 06:30:00,0,1.0,0.0,70370.3,70405.12,-34.81999999999243,28834.52999999981
2026-02-15 06:45:00,0,1.0,0.0,70405.12,70423.67,-18.55000000000291,28815.979999999807
2026-02-15 07:00:00,0,1.0,1.0,70423.67,70674.99,-251.32000000000698,28564.6599999998
2026-02-15 07:15:00,0,1.0,1.0,70674.99,70741.62,-66.6299999999901,28498.02999999981
2026-02-15 07:30:00,0,1.0,1.0,70741.62,70828.42,-86.80000000000291,28411.229999999807
2026-02-15 07:45:00,0,0.0,1.0,70828.42,70741.82,86.59999999999127,28497.829999999798
2026-02-15 08:00:00,0,0.0,1.0,70741.82,70568.02,173.8000000000029,28671.6299999998
2026-02-15 08:15:00,1,0.0,1.0,70568.02,70330.24,-237.77999999999884,28433.849999999802
2026-02-15 08:30:00,1,1.0,1.0,70330.24,70446.52,116.27999999999884,28550.1299999998
2026-02-15 08:45:00,0,1.0,1.0,70446.52,70582.01,-135.4899999999907,28414.63999999981
2026-02-15 09:00:00,0,1.0,1.0,70582.01,70628.82,-46.810000000012224,28367.829999999798
2026-02-15 09:15:00,0,0.0,1.0,70628.82,70504.23,124.59000000001106,28492.41999999981
2026-02-15 09:30:00,0,0.0,1.0,70504.23,70419.11,85.11999999999534,28577.539999999804
2026-02-15 09:45:00,1,0.0,1.0,70419.11,70304.38,-114.72999999999593,28462.80999999981
2026-02-15 10:00:00,1,1.0,1.0,70304.38,70433.43,129.04999999998836,28591.859999999797
2026-02-15 10:15:00,0,1.0,0.0,70433.43,70456.86,-23.430000000007567,28568.42999999979
2026-02-15 10:30:00,0,0.0,0.0,70456.86,70427.02,29.839999999996508,28598.269999999786
2026-02-15 10:45:00,0,0.0,0.0,70427.02,70419.84,7.180000000007567,28605.449999999793
2026-02-15 11:00:00,1,0.0,0.0,70419.84,70384.09,-35.75,28569.699999999793
2026-02-15 11:15:00,1,0.0,0.0,70384.09,70362.8,-21.289999999993597,28548.4099999998
2026-02-15 11:30:00,1,0.0,1.0,70362.8,70295.22,-67.58000000000175,28480.829999999798
2026-02-15 11:45:00,1,0.0,1.0,70295.22,70224.74,-70.47999999999593,28410.349999999802
2026-02-15 12:00:00,1,1.0,1.0,70224.74,70370.31,145.56999999999243,28555.919999999795
2026-02-15 12:15:00,0,0.0,1.0,70370.31,70260.91,109.39999999999418,28665.31999999979
2026-02-15 12:30:00,1,0.0,1.0,70260.91,69314.21,-946.6999999999971,27718.61999999979
2026-02-15 12:45:00,1,1.0,1.0,69314.21,69511.1,196.88999999999942,27915.50999999979
2026-02-15 13:00:00,0,0.0,1.0,69511.1,69056.85,454.25,28369.75999999979
2026-02-15 13:15:00,1,0.0,1.0,69056.85,68925.99,-130.86000000000058,28238.89999999979
2026-02-15 13:30:00,1,1.0,0.0,68925.99,68930.0,4.009999999994761,28242.909999999785
2026-02-15 13:45:00,1,1.0,0.0,68930.0,68957.98,27.979999999995925,28270.88999999978
2026-02-15 14:00:00,0,1.0,1.0,68957.98,69088.5,-130.52000000000407,28140.369999999777
2026-02-15 14:15:00,0,1.0,1.0,69088.5,69167.88,-79.38000000000466,28060.989999999772
2026-02-15 14:30:00,0,1.0,0.0,69167.88,69170.51,-2.6299999999901047,28058.359999999782
2026-02-15 14:45:00,0,1.0,0.0,69170.51,69212.57,-42.060000000012224,28016.29999999977
2026-02-15 15:00:00,0,0.0,1.0,69212.57,68894.5,318.070000000007,28334.369999999777
2026-02-15 15:15:00,1,1.0,1.0,68894.5,69085.97,191.47000000000116,28525.83999999978
2026-02-15 15:30:00,0,1.0,0.0,69085.97,69099.99,-14.020000000004075,28511.819999999774
2026-02-15 15:45:00,0,0.0,1.0,69099.99,68987.81,112.18000000000757,28623.99999999978
2026-02-15 16:00:00,0,1.0,1.0,68987.81,69065.49,-77.68000000000757,28546.319999999774
2026-02-15 16:15:00,0,0.0,0.0,69065.49,69030.69,34.80000000000291,28581.119999999777
2026-02-15 16:30:00,0,0.0,0.0,69030.69,69017.75,12.940000000002328,28594.05999999978
2026-02-15 16:45:00,1,1.0,1.0,69017.75,69069.02,51.270000000004075,28645.329999999783
2026-02-15 17:00:00,0,0.0,1.0,69069.02,68985.99,83.02999999999884,28728.359999999782
2026-02-15 17:15:00,0,0.0,1.0,68985.99,68823.06,162.93000000000757,28891.28999999979
2026-02-15 17:30:00,1,0.0,1.0,68823.06,68641.21,-181.84999999999127,28709.4399999998
2026-02-15 17:45:00,1,1.0,1.0,68641.21,68692.8,51.58999999999651,28761.029999999795
2026-02-15 18:00:00,1,0.0,1.0,68692.8,68559.92,-132.88000000000466,28628.14999999979
2026-02-15 18:15:00,1,1.0,1.0,68559.92,68700.05,140.13000000000466,28768.279999999795
2026-02-15 18:30:00,1,0.0,1.0,68700.05,68451.44,-248.61000000000058,28519.669999999795
2026-02-15 18:45:00,1,0.0,1.0,68451.44,68177.22,-274.22000000000116,28245.449999999793
2026-02-15 19:00:00,1,1.0,1.0,68177.22,68549.39,372.16999999999825,28617.61999999979
2026-02-15 19:15:00,0,0.0,1.0,68549.39,68246.4,302.99000000000524,28920.609999999797
2026-02-15 19:30:00,1,1.0,0.0,68246.4,68286.63,40.23000000001048,28960.839999999807
2026-02-15 19:45:00,0,1.0,1.0,68286.63,68418.58,-131.9499999999971,28828.88999999981
2026-02-15 20:00:00,0,1.0,1.0,68418.58,68484.94,-66.36000000000058,28762.52999999981
2026-02-15 20:15:00,0,1.0,0.0,68484.94,68509.62,-24.679999999993015,28737.849999999817
2026-02-15 20:30:00,0,0.0,1.0,68509.62,68450.0,59.61999999999534,28797.469999999812
2026-02-15 20:45:00,0,1.0,1.0,68450.0,68739.03,-289.02999999999884,28508.439999999813
2026-02-15 21:00:00,0,1.0,1.0,68739.03,68789.99,-50.9600000000064,28457.479999999807
2026-02-15 21:15:00,0,0.0,1.0,68789.99,68735.73,54.26000000000931,28511.739999999816
2026-02-15 21:30:00,0,1.0,1.0,68735.73,68852.01,-116.27999999999884,28395.459999999817
2026-02-15 21:45:00,0,0.0,1.0,68852.01,68801.96,50.04999999998836,28445.509999999806
2026-02-15 22:00:00,0,1.0,1.0,68801.96,69011.19,-209.22999999999593,28236.27999999981
2026-02-15 22:15:00,0,1.0,0.0,69011.19,69044.29,-33.09999999999127,28203.17999999982
2026-02-15 22:30:00,0,0.0,1.0,69044.29,68999.96,44.329999999987194,28247.509999999806
2026-02-15 22:45:00,0,0.0,1.0,68999.96,68490.8,509.1600000000035,28756.66999999981
2026-02-15 23:00:00,1,1.0,1.0,68490.8,68648.11,157.30999999999767,28913.979999999807
2026-02-15 23:15:00,0,1.0,0.0,68648.11,68682.4,-34.2899999999936,28879.689999999813
2026-02-15 23:30:00,0,1.0,1.0,68682.4,68832.58,-150.18000000000757,28729.509999999806
2026-02-15 23:45:00,0,1.0,1.0,68832.58,68943.37,-110.7899999999936,28618.719999999812
2026-02-16 00:00:00,0,0.0,1.0,68943.37,68850.96,92.40999999998894,28711.1299999998
2026-02-16 00:15:00,0,0.0,1.0,68850.96,68754.01,96.95000000001164,28808.079999999813
2026-02-16 00:30:00,0,1.0,1.0,68754.01,68845.81,-91.80000000000291,28716.27999999981
2026-02-16 00:45:00,0,1.0,0.0,68845.81,68865.2,-19.389999999999418,28696.88999999981
2026-02-16 01:00:00,0,0.0,1.0,68865.2,68722.9,142.3000000000029,28839.189999999813
2026-02-16 01:15:00,0,0.0,1.0,68722.9,68590.12,132.77999999999884,28971.969999999812
2026-02-16 01:30:00,1,1.0,1.0,68590.12,68630.81,40.69000000000233,29012.659999999814
2026-02-16 01:45:00,0,0.0,1.0,68630.81,68566.13,64.67999999999302,29077.339999999807
2026-02-16 02:00:00,1,0.0,1.0,68566.13,68350.51,-215.6200000000099,28861.719999999797
2026-02-16 02:15:00,1,1.0,1.0,68350.51,68458.17,107.66000000000349,28969.3799999998
2026-02-16 02:30:00,0,0.0,1.0,68458.17,68320.48,137.69000000000233,29107.069999999803
2026-02-16 02:45:00,1,1.0,1.0,68320.48,68382.12,61.63999999999942,29168.709999999803
2026-02-16 03:00:00,0,0.0,1.0,68382.12,68182.59,199.52999999999884,29368.2399999998
2026-02-16 03:15:00,1,1.0,1.0,68182.59,68353.87,171.27999999999884,29539.5199999998
2026-02-16 03:30:00,0,1.0,1.0,68353.87,68424.82,-70.95000000001164,29468.56999999979
2026-02-16 03:45:00,0,1.0,1.0,68424.82,68640.0,-215.17999999999302,29253.389999999796
2026-02-16 04:00:00,0,1.0,1.0,68640.0,68783.05,-143.0500000000029,29110.339999999793
2026-02-16 04:15:00,0,0.0,1.0,68783.05,68694.83,88.22000000000116,29198.559999999794
2026-02-16 04:30:00,0,1.0,1.0,68694.83,68870.07,-175.24000000000524,29023.31999999979
2026-02-16 04:45:00,0,0.0,1.0,68870.07,68473.16,396.9100000000035,29420.229999999792
2026-02-16 05:00:00,1,0.0,0.0,68473.16,68457.98,-15.180000000007567,29405.049999999785
2026-02-16 05:15:00,1,0.0,1.0,68457.98,68340.84,-117.13999999999942,29287.909999999785
2026-02-16 05:30:00,1,1.0,1.0,68340.84,68385.29,44.44999999999709,29332.359999999782
2026-02-16 05:45:00,0,0.0,0.0,68385.29,68360.38,24.90999999998894,29357.26999999977
2026-02-16 06:00:00,1,0.0,0.0,68360.38,68348.37,-12.010000000009313,29345.259999999762
2026-02-16 06:15:00,1,1.0,1.0,68348.37,68474.59,126.22000000000116,29471.479999999763
2026-02-16 06:30:00,0,0.0,0.0,68474.59,68450.8,23.789999999993597,29495.269999999757
2026-02-16 06:45:00,0,1.0,1.0,68450.8,68611.54,-160.7399999999907,29334.529999999766
2026-02-16 07:00:00,0,0.0,0.0,68611.54,68575.14,36.39999999999418,29370.92999999976
2026-02-16 07:15:00,0,0.0,1.0,68575.14,68499.12,76.02000000000407,29446.949999999764
2026-02-16 07:30:00,0,1.0,1.0,68499.12,68587.9,-88.77999999999884,29358.169999999765
2026-02-16 07:45:00,0,0.0,0.0,68587.9,68549.91,37.98999999999069,29396.159999999756
2026-02-16 08:00:00,0,1.0,1.0,68549.91,68735.38,-185.47000000000116,29210.689999999755
2026-02-16 08:15:00,0,1.0,0.0,68735.38,68766.18,-30.79999999998836,29179.889999999767
2026-02-16 08:30:00,0,0.0,0.0,68766.18,68762.85,3.3299999999871943,29183.219999999754
2026-02-16 08:45:00,0,1.0,1.0,68762.85,68886.01,-123.15999999998894,29060.059999999765
2026-02-16 09:00:00,0,1.0,1.0,68886.01,68964.62,-78.61000000000058,28981.449999999764
2026-02-16 09:15:00,0,1.0,1.0,68964.62,69029.54,-64.91999999999825,28916.529999999766
2026-02-16 09:30:00,0,0.0,0.0,69029.54,68992.71,36.829999999987194,28953.359999999753
2026-02-16 09:45:00,0,0.0,1.0,68992.71,68945.91,46.80000000000291,29000.159999999756
2026-02-16 10:00:00,0,0.0,1.0,68945.91,68797.39,148.52000000000407,29148.67999999976
2026-02-16 10:15:00,1,0.0,0.0,68797.39,68785.32,-12.069999999992433,29136.609999999768
2026-02-16 10:30:00,1,1.0,0.0,68785.32,68798.22,12.89999999999418,29149.509999999762
2026-02-16 10:45:00,0,0.0,1.0,68798.22,68515.88,282.3399999999965,29431.84999999976
2026-02-16 11:00:00,1,1.0,1.0,68515.88,68666.03,150.14999999999418,29581.999999999753
2026-02-16 11:15:00,0,0.0,1.0,68666.03,68585.81,80.22000000000116,29662.219999999754
2026-02-16 11:30:00,1,1.0,1.0,68585.81,68812.83,227.02000000000407,29889.239999999758
2026-02-16 11:45:00,0,1.0,1.0,68812.83,68897.93,-85.09999999999127,29804.139999999767
2026-02-16 12:00:00,0,1.0,1.0,68897.93,69505.01,-607.0800000000017,29197.059999999765
2026-02-16 12:15:00,0,0.0,1.0,69505.01,69436.93,68.08000000000175,29265.139999999767
2026-02-16 12:30:00,0,1.0,1.0,69436.93,69763.24,-326.3100000000122,28938.829999999754
2026-02-16 12:45:00,0,0.0,1.0,69763.24,69662.0,101.24000000000524,29040.06999999976
2026-02-16 13:00:00,0,0.0,1.0,69662.0,68611.0,1051.0,30091.06999999976
2026-02-16 13:15:00,1,0.0,1.0,68611.0,68430.65,-180.35000000000582,29910.719999999754
2026-02-16 13:30:00,1,0.0,0.0,68430.65,68395.1,-35.54999999998836,29875.169999999765
2026-02-16 13:45:00,1,1.0,0.0,68395.1,68413.82,18.720000000001164,29893.889999999767
2026-02-16 14:00:00,1,0.0,1.0,68413.82,68316.81,-97.01000000000931,29796.879999999757
2026-02-16 14:15:00,1,1.0,1.0,68316.81,68504.81,188.0,29984.879999999757
2026-02-16 14:30:00,0,0.0,1.0,68504.81,68427.64,77.16999999999825,30062.049999999756
2026-02-16 14:45:00,1,0.0,1.0,68427.64,68338.8,-88.83999999999651,29973.20999999976
2026-02-16 15:00:00,1,0.0,1.0,68338.8,68243.07,-95.72999999999593,29877.479999999763
2026-02-16 15:15:00,1,0.0,1.0,68243.07,67449.07,-794.0,29083.479999999763
2026-02-16 15:30:00,1,1.0,1.0,67449.07,67539.52,90.44999999999709,29173.92999999976
2026-02-16 15:45:00,1,1.0,1.0,67539.52,67739.99,200.47000000000116,29374.39999999976
2026-02-16 16:00:00,1,1.0,0.0,67739.99,67777.47,37.479999999995925,29411.879999999757
2026-02-16 16:15:00,1,1.0,1.0,67777.47,67927.66,150.19000000000233,29562.06999999976
2026-02-16 16:30:00,0,0.0,0.0,67927.66,67888.7,38.9600000000064,29601.029999999766
2026-02-16 16:45:00,1,0.0,1.0,67888.7,67749.28,-139.41999999999825,29461.609999999768
2026-02-16 17:00:00,1,1.0,1.0,67749.28,67929.61,180.33000000000175,29641.93999999977
2026-02-16 17:15:00,0,1.0,1.0,67929.61,68027.23,-97.61999999999534,29544.319999999774
2026-02-16 17:30:00,0,0.0,1.0,68027.23,67951.86,75.36999999999534,29619.68999999977
2026-02-16 17:45:00,1,1.0,1.0,67951.86,68131.45,179.5899999999965,29799.279999999766
2026-02-16 18:00:00,0,1.0,0.0,68131.45,68135.43,-3.9799999999959255,29795.29999999977
2026-02-16 18:15:00,0,0.0,1.0,68135.43,68002.04,133.38999999999942,29928.68999999977
2026-02-16 18:30:00,1,0.0,1.0,68002.04,67860.13,-141.90999999998894,29786.77999999978
2026-02-16 18:45:00,1,1.0,1.0,67860.13,67983.2,123.06999999999243,29909.849999999773
2026-02-16 19:00:00,0,0.0,0.0,67983.2,67970.25,12.94999999999709,29922.79999999977
2026-02-16 19:15:00,1,1.0,1.0,67970.25,68096.25,126.0,30048.79999999977
2026-02-16 19:30:00,0,0.0,1.0,68096.25,67913.43,182.82000000000698,30231.619999999777
2026-02-16 19:45:00,1,1.0,0.0,67913.43,67954.09,40.66000000000349,30272.27999999978
2026-02-16 20:00:00,0,1.0,1.0,67954.09,68227.73,-273.6399999999994,29998.63999999978
2026-02-16 20:15:00,0,1.0,0.0,68227.73,68237.99,-10.260000000009313,29988.379999999772
2026-02-16 20:30:00,0,1.0,1.0,68237.99,68530.0,-292.00999999999476,29696.369999999777
2026-02-16 20:45:00,0,1.0,1.0,68530.0,68576.21,-46.2100000000064,29650.15999999977
2026-02-16 21:00:00,0,0.0,1.0,68576.21,68525.99,50.220000000001164,29700.379999999772
2026-02-16 21:15:00,0,1.0,0.0,68525.99,68546.2,-20.20999999999185,29680.16999999978
2026-02-16 21:30:00,0,1.0,1.0,68546.2,68862.88,-316.68000000000757,29363.489999999772
2026-02-16 21:45:00,0,0.0,1.0,68862.88,68758.71,104.16999999999825,29467.65999999977
2026-02-16 22:00:00,0,0.0,1.0,68758.71,68601.0,157.7100000000064,29625.369999999777
2026-02-16 22:15:00,1,0.0,0.0,68601.0,68600.84,-0.16000000000349246,29625.209999999774
2026-02-16 22:30:00,0,0.0,0.0,68600.84,68591.02,9.819999999992433,29635.029999999766
2026-02-16 22:45:00,0,1.0,1.0,68591.02,68741.42,-150.39999999999418,29484.629999999772
2026-02-16 23:00:00,0,0.0,1.0,68741.42,68648.01,93.41000000000349,29578.039999999775
2026-02-16 23:15:00,0,1.0,0.0,68648.01,68684.87,-36.86000000000058,29541.179999999775
2026-02-16 23:30:00,0,1.0,1.0,68684.87,68892.43,-207.55999999999767,29333.619999999777
2026-02-16 23:45:00,0,1.0,0.0,68892.43,68899.99,-7.560000000012224,29326.059999999765
2026-02-17 00:00:00,0,0.0,0.0,68899.99,68880.59,19.40000000000873,29345.459999999774
2026-02-17 00:15:00,0,0.0,0.0,68880.59,68865.99,14.599999999991269,29360.059999999765
2026-02-17 00:30:00,0,1.0,0.0,68865.99,68878.27,-12.279999999998836,29347.779999999766
2026-02-17 00:45:00,0,1.0,1.0,68878.27,68929.57,-51.30000000000291,29296.479999999763
2026-02-17 01:00:00,0,0.0,1.0,68929.57,68865.21,64.36000000000058,29360.839999999764
2026-02-17 01:15:00,0,0.0,0.0,68865.21,68853.12,12.09000000001106,29372.929999999775
2026-02-17 01:30:00,0,0.0,1.0,68853.12,68618.11,235.00999999999476,29607.93999999977
2026-02-17 01:45:00,1,1.0,1.0,68618.11,69124.74,506.63000000000466,30114.569999999774
2026-02-17 02:00:00,0,0.0,1.0,69124.74,69041.6,83.13999999999942,30197.709999999774
2026-02-17 02:15:00,0,0.0,1.0,69041.6,68948.06,93.54000000000815,30291.24999999978
2026-02-17 02:30:00,0,0.0,1.0,68948.06,68838.48,109.58000000000175,30400.829999999783
2026-02-17 02:45:00,1,0.0,1.0,68838.48,68726.0,-112.47999999999593,30288.349999999788
2026-02-17 03:00:00,1,0.0,1.0,68726.0,68652.0,-74.0,30214.349999999788
2026-02-17 03:15:00,1,0.0,1.0,68652.0,68564.78,-87.22000000000116,30127.129999999786
2026-02-17 03:30:00,1,0.0,1.0,68564.78,68474.9,-89.88000000000466,30037.24999999978
2026-02-17 03:45:00,1,1.0,1.0,68474.9,68588.01,113.11000000000058,30150.359999999782
2026-02-17 04:00:00,0,1.0,0.0,68588.01,68603.95,-15.940000000002328,30134.41999999978
2026-02-17 04:15:00,0,0.0,1.0,68603.95,68428.32,175.6299999999901,30310.04999999977
2026-02-17 04:30:00,1,1.0,1.0,68428.32,68481.67,53.34999999999127,30363.39999999976
2026-02-17 04:45:00,0,0.0,1.0,68481.67,68346.01,135.6600000000035,30499.059999999765
2026-02-17 05:00:00,1,0.0,1.0,68346.01,68052.01,-294.0,30205.059999999765
2026-02-17 05:15:00,1,1.0,1.0,68052.01,68164.65,112.63999999999942,30317.699999999764
2026-02-17 05:30:00,1,1.0,1.0,68164.65,68245.71,81.06000000001222,30398.759999999776
2026-02-17 05:45:00,0,1.0,1.0,68245.71,68373.58,-127.86999999999534,30270.88999999978
2026-02-17 06:00:00,0,1.0,1.0,68373.58,68433.58,-60.0,30210.88999999978
2026-02-17 06:15:00,0,1.0,0.0,68433.58,68450.0,-16.419999999998254,30194.469999999783
2026-02-17 06:30:00,0,0.0,1.0,68450.0,68400.0,50.0,30244.469999999783
2026-02-17 06:45:00,1,0.0,1.0,68400.0,68321.41,-78.58999999999651,30165.879999999786
2026-02-17 07:00:00,1,0.0,1.0,68321.41,68211.49,-109.91999999999825,30055.959999999788
2026-02-17 07:15:00,1,1.0,1.0,68211.49,68409.6,198.11000000000058,30254.06999999979
2026-02-17 07:30:00,0,0.0,0.0,68409.6,68388.12,21.480000000010477,30275.5499999998
2026-02-17 07:45:00,1,0.0,0.0,68388.12,68387.99,-0.1299999999901047,30275.41999999981
2026-02-17 08:00:00,0,0.0,1.0,68387.99,68299.56,88.43000000000757,30363.849999999817
2026-02-17 08:15:00,1,0.0,1.0,68299.56,68225.4,-74.16000000000349,30289.689999999813
2026-02-17 08:30:00,1,0.0,1.0,68225.4,68177.53,-47.86999999999534,30241.819999999818
2026-02-17 08:45:00,1,0.0,1.0,68177.53,68109.03,-68.5,30173.319999999818
2026-02-17 09:00:00,1,0.0,1.0,68109.03,68031.33,-77.69999999999709,30095.61999999982
2026-02-17 09:15:00,1,1.0,0.0,68031.33,68074.92,43.58999999999651,30139.209999999817
2026-02-17 09:30:00,1,1.0,1.0,68074.92,68126.28,51.36000000000058,30190.569999999818
2026-02-17 09:45:00,1,1.0,0.0,68126.28,68132.98,6.69999999999709,30197.269999999815
2026-02-17 10:00:00,0,0.0,1.0,68132.98,67916.3,216.67999999999302,30413.949999999808
2026-02-17 10:15:00,1,0.0,1.0,67916.3,67786.85,-129.4499999999971,30284.49999999981
2026-02-17 10:30:00,1,1.0,1.0,67786.85,67845.3,58.44999999999709,30342.949999999808
2026-02-17 10:45:00,1,1.0,1.0,67845.3,67891.15,45.84999999999127,30388.7999999998
2026-02-17 11:00:00,0,1.0,0.0,67891.15,67900.0,-8.85000000000582,30379.949999999793
2026-02-17 11:15:00,0,0.0,1.0,67900.0,67742.05,157.9499999999971,30537.89999999979
2026-02-17 11:30:00,1,1.0,1.0,67742.05,67854.6,112.55000000000291,30650.449999999793
2026-02-17 11:45:00,0,1.0,1.0,67854.6,68068.07,-213.47000000000116,30436.979999999792
2026-02-17 12:00:00,0,1.0,0.0,68068.07,68107.81,-39.73999999999069,30397.2399999998
2026-02-17 12:15:00,0,1.0,1.0,68107.81,68180.14,-72.33000000000175,30324.9099999998
2026-02-17 12:30:00,0,0.0,1.0,68180.14,67919.49,260.6499999999942,30585.559999999794
2026-02-17 12:45:00,1,1.0,1.0,67919.49,68101.08,181.5899999999965,30767.14999999979
2026-02-17 13:00:00,0,1.0,0.0,68101.08,68122.14,-21.05999999999767,30746.089999999793
2026-02-17 13:15:00,0,0.0,1.0,68122.14,68019.92,102.22000000000116,30848.309999999794
2026-02-17 13:30:00,1,1.0,1.0,68019.92,68136.34,116.41999999999825,30964.729999999792
2026-02-17 13:45:00,0,0.0,0.0,68136.34,68097.67,38.669999999998254,31003.39999999979
2026-02-17 14:00:00,1,0.0,1.0,68097.67,68026.68,-70.99000000000524,30932.409999999785
2026-02-17 14:15:00,1,0.0,1.0,68026.68,67103.87,-922.8099999999977,30009.599999999788
2026-02-17 14:30:00,1,0.0,1.0,67103.87,66875.06,-228.80999999999767,29780.78999999979
2026-02-17 14:45:00,1,0.0,1.0,66875.06,66800.02,-75.0399999999936,29705.749999999796
2026-02-17 15:00:00,1,1.0,1.0,66800.02,66845.0,44.979999999995925,29750.729999999792
2026-02-17 15:15:00,1,1.0,1.0,66845.0,67005.0,160.0,29910.729999999792
2026-02-17 15:30:00,1,1.0,1.0,67005.0,67392.05,387.0500000000029,30297.779999999795
2026-02-17 15:45:00,1,1.0,1.0,67392.05,67743.88,351.83000000000175,30649.609999999797
2026-02-17 16:00:00,0,0.0,1.0,67743.88,67531.95,211.93000000000757,30861.539999999804
2026-02-17 16:15:00,1,1.0,1.0,67531.95,67701.26,169.30999999999767,31030.849999999802
2026-02-17 16:30:00,0,0.0,1.0,67701.26,67517.36,183.89999999999418,31214.749999999796
2026-02-17 16:45:00,1,0.0,1.0,67517.36,67266.89,-250.47000000000116,30964.279999999795
2026-02-17 17:00:00,1,1.0,1.0,67266.89,67467.46,200.57000000000698,31164.849999999802
2026-02-17 17:15:00,1,0.0,1.0,67467.46,67005.99,-461.47000000000116,30703.3799999998
2026-02-17 17:30:00,1,1.0,1.0,67005.99,67244.22,238.22999999999593,30941.609999999797
2026-02-17 17:45:00,1,1.0,1.0,67244.22,67357.03,112.80999999999767,31054.419999999795
2026-02-17 18:00:00,1,1.0,1.0,67357.03,67739.4,382.36999999999534,31436.78999999979
2026-02-17 18:15:00,0,1.0,1.0,67739.4,67974.36,-234.9600000000064,31201.829999999783
2026-02-17 18:30:00,0,1.0,1.0,67974.36,68098.62,-124.25999999999476,31077.56999999979
2026-02-17 18:45:00,0,1.0,1.0,68098.62,68173.47,-74.85000000000582,31002.719999999783
2026-02-17 19:00:00,0,0.0,1.0,68173.47,67880.2,293.2700000000041,31295.989999999787
2026-02-17 19:15:00,1,1.0,1.0,67880.2,67990.79,110.58999999999651,31406.579999999783
2026-02-17 19:30:00,0,0.0,1.0,67990.79,67793.32,197.4699999999866,31604.04999999977
2026-02-17 19:45:00,1,0.0,1.0,67793.32,67602.0,-191.32000000000698,31412.729999999763
2026-02-17 20:00:00,1,1.0,1.0,67602.0,67735.6,133.60000000000582,31546.32999999977
2026-02-17 20:15:00,1,1.0,1.0,67735.6,67857.97,122.36999999999534,31668.699999999764
2026-02-17 20:30:00,0,0.0,1.0,67857.97,67753.3,104.66999999999825,31773.369999999763
2026-02-17 20:45:00,1,1.0,1.0,67753.3,67885.23,131.92999999999302,31905.299999999756
2026-02-17 21:00:00,0,0.0,1.0,67885.23,67590.85,294.3799999999901,32199.679999999746
2026-02-17 21:15:00,1,0.0,0.0,67590.85,67590.8,-0.05000000000291038,32199.629999999743
2026-02-17 21:30:00,1,1.0,1.0,67590.8,67680.54,89.73999999999069,32289.369999999733
2026-02-17 21:45:00,1,0.0,1.0,67680.54,67587.83,-92.70999999999185,32196.65999999974
2026-02-17 22:00:00,1,1.0,1.0,67587.83,67699.99,112.16000000000349,32308.819999999745
2026-02-17 22:15:00,1,0.0,1.0,67699.99,67629.62,-70.3700000000099,32238.449999999735
2026-02-17 22:30:00,1,0.0,1.0,67629.62,67527.72,-101.89999999999418,32136.54999999974
2026-02-17 22:45:00,1,0.0,1.0,67527.72,67467.05,-60.669999999998254,32075.879999999743
2026-02-17 23:00:00,1,0.0,0.0,67467.05,67444.05,-23.0,32052.879999999743
2026-02-17 23:15:00,1,1.0,1.0,67444.05,67526.84,82.7899999999936,32135.669999999736
2026-02-17 23:30:00,1,0.0,0.0,67526.84,67503.52,-23.319999999992433,32112.349999999744
2026-02-17 23:45:00,1,1.0,1.0,67503.52,67625.38,121.86000000000058,32234.209999999744
2026-02-18 00:00:00,1,0.0,1.0,67625.38,67495.79,-129.59000000001106,32104.619999999733
2026-02-18 00:15:00,1,0.0,0.0,67495.79,67460.0,-35.7899999999936,32068.82999999974
2026-02-18 00:30:00,1,0.0,1.0,67460.0,67302.65,-157.35000000000582,31911.479999999734
2026-02-18 00:45:00,1,0.0,1.0,67302.65,67100.78,-201.86999999999534,31709.60999999974
2026-02-18 01:00:00,1,0.0,1.0,67100.78,67053.18,-47.60000000000582,31662.009999999733
2026-02-18 01:15:00,1,1.0,1.0,67053.18,67176.07,122.89000000001397,31784.899999999747
2026-02-18 01:30:00,1,0.0,0.0,67176.07,67165.2,-10.870000000009895,31774.029999999737
2026-02-18 01:45:00,1,1.0,1.0,67165.2,67277.03,111.83000000000175,31885.85999999974
2026-02-18 02:00:00,1,0.0,1.0,67277.03,67220.0,-57.029999999998836,31828.82999999974
2026-02-18 02:15:00,1,1.0,1.0,67220.0,67366.19,146.19000000000233,31975.019999999742
2026-02-18 02:30:00,1,0.0,0.0,67366.19,67335.04,-31.15000000000873,31943.869999999733
2026-02-18 02:45:00,1,1.0,1.0,67335.04,67416.3,81.26000000000931,32025.129999999743
2026-02-18 03:00:00,1,1.0,1.0,67416.3,67539.43,123.1299999999901,32148.259999999733
2026-02-18 03:15:00,1,1.0,1.0,67539.43,67632.74,93.31000000001222,32241.569999999745
2026-02-18 03:30:00,0,0.0,0.0,67632.74,67629.11,3.6300000000046566,32245.19999999975
2026-02-18 03:45:00,1,0.0,1.0,67629.11,67562.22,-66.88999999999942,32178.30999999975
2026-02-18 04:00:00,1,1.0,1.0,67562.22,67674.0,111.77999999999884,32290.08999999975
2026-02-18 04:15:00,1,1.0,0.0,67674.0,67694.5,20.5,32310.58999999975
2026-02-18 04:30:00,1,1.0,1.0,67694.5,67823.54,129.0399999999936,32439.629999999743
2026-02-18 04:45:00,0,1.0,1.0,67823.54,67880.01,-56.470000000001164,32383.15999999974
2026-02-18 05:00:00,0,0.0,1.0,67880.01,67723.62,156.38999999999942,32539.54999999974
2026-02-18 05:15:00,1,0.0,1.0,67723.62,67649.53,-74.08999999999651,32465.459999999744
2026-02-18 05:30:00,1,1.0,0.0,67649.53,67654.8,5.2700000000040745,32470.72999999975
2026-02-18 05:45:00,1,1.0,1.0,67654.8,67801.66,146.86000000000058,32617.58999999975
2026-02-18 06:00:00,1,1.0,1.0,67801.66,67869.16,67.5,32685.08999999975
2026-02-18 06:15:00,0,1.0,0.0,67869.16,67912.55,-43.38999999999942,32641.69999999975
2026-02-18 06:30:00,0,0.0,1.0,67912.55,67850.52,62.029999999998836,32703.72999999975
2026-02-18 06:45:00,1,0.0,1.0,67850.52,67758.66,-91.86000000000058,32611.869999999748
2026-02-18 07:00:00,1,0.0,0.0,67758.66,67751.14,-7.5200000000040745,32604.349999999744
2026-02-18 07:15:00,1,1.0,1.0,67751.14,68074.0,322.8600000000006,32927.209999999744
2026-02-18 07:30:00,0,1.0,0.0,68074.0,68106.44,-32.44000000000233,32894.76999999974
2026-02-18 07:45:00,0,1.0,1.0,68106.44,68221.2,-114.75999999999476,32780.00999999975
2026-02-18 08:00:00,0,1.0,1.0,68221.2,68287.35,-66.15000000000873,32713.85999999974
2026-02-18 08:15:00,0,0.0,1.0,68287.35,68169.9,117.45000000001164,32831.30999999975
2026-02-18 08:30:00,1,0.0,0.0,68169.9,68132.82,-37.079999999987194,32794.22999999976
2026-02-18 08:45:00,1,1.0,1.0,68132.82,68192.84,60.01999999998952,32854.24999999975
2026-02-18 09:00:00,0,0.0,0.0,68192.84,68149.87,42.970000000001164,32897.219999999754
2026-02-18 09:15:00,1,1.0,1.0,68149.87,68276.0,126.13000000000466,33023.34999999976
2026-02-18 09:30:00,0,0.0,1.0,68276.0,68157.79,118.2100000000064,33141.559999999765
2026-02-18 09:45:00,1,1.0,0.0,68157.79,68164.22,6.430000000007567,33147.98999999977
2026-02-18 10:00:00,0,0.0,1.0,68164.22,68041.9,122.32000000000698,33270.30999999978
2026-02-18 10:15:00,1,0.0,1.0,68041.9,67780.22,-261.679999999993,33008.62999999979
2026-02-18 10:30:00,1,1.0,0.0,67780.22,67801.26,21.039999999993597,33029.66999999978
2026-02-18 10:45:00,1,0.0,1.0,67801.26,67389.89,-411.36999999999534,32618.299999999785
2026-02-18 11:00:00,1,1.0,1.0,67389.89,67455.43,65.5399999999936,32683.83999999978
2026-02-18 11:15:00,1,1.0,1.0,67455.43,67553.52,98.09000000001106,32781.92999999979
2026-02-18 11:30:00,1,0.0,1.0,67553.52,67369.75,-183.77000000000407,32598.159999999785
2026-02-18 11:45:00,1,1.0,1.0,67369.75,67592.73,222.97999999999593,32821.13999999978
2026-02-18 12:00:00,1,0.0,0.0,67592.73,67569.31,-23.419999999998254,32797.71999999978
2026-02-18 12:15:00,1,0.0,0.0,67569.31,67547.19,-22.119999999995343,32775.59999999979
2026-02-18 12:30:00,1,0.0,1.0,67547.19,67458.06,-89.13000000000466,32686.469999999783
2026-02-18 12:45:00,1,1.0,1.0,67458.06,67536.97,78.91000000000349,32765.379999999786
2026-02-18 13:00:00,1,0.0,1.0,67536.97,67480.18,-56.79000000000815,32708.58999999978
2026-02-18 13:15:00,1,0.0,1.0,67480.18,67287.84,-192.3399999999965,32516.24999999978
2026-02-18 13:30:00,1,0.0,1.0,67287.84,67236.88,-50.95999999999185,32465.28999999979
2026-02-18 13:45:00,1,1.0,0.0,67236.88,67280.25,43.36999999999534,32508.659999999785
2026-02-18 14:00:00,1,0.0,1.0,67280.25,67086.01,-194.24000000000524,32314.41999999978
2026-02-18 14:15:00,1,1.0,1.0,67086.01,67144.67,58.66000000000349,32373.079999999783
2026-02-18 14:30:00,1,1.0,1.0,67144.67,67223.76,79.08999999999651,32452.16999999978
2026-02-18 14:45:00,1,1.0,1.0,67223.76,67369.78,146.02000000000407,32598.189999999784
2026-02-18 15:00:00,1,0.0,1.0,67369.78,67320.87,-48.91000000000349,32549.27999999978
2026-02-18 15:15:00,1,1.0,1.0,67320.87,68109.6,788.7300000000105,33338.00999999979
2026-02-18 15:30:00,0,0.0,1.0,68109.6,67694.01,415.59000000001106,33753.5999999998
2026-02-18 15:45:00,1,0.0,1.0,67694.01,67072.01,-622.0,33131.5999999998
2026-02-18 16:00:00,1,1.0,1.0,67072.01,67256.05,184.04000000000815,33315.63999999981
2026-02-18 16:15:00,1,0.0,0.0,67256.05,67230.83,-25.220000000001164,33290.41999999981
2026-02-18 16:30:00,1,0.0,1.0,67230.83,67145.34,-85.49000000000524,33204.929999999804
2026-02-18 16:45:00,1,0.0,1.0,67145.34,67084.0,-61.33999999999651,33143.58999999981
2026-02-18 17:00:00,1,1.0,1.0,67084.0,67141.62,57.61999999999534,33201.2099999998
2026-02-18 17:15:00,1,0.0,0.0,67141.62,67096.7,-44.919999999998254,33156.289999999804
2026-02-18 17:30:00,1,1.0,1.0,67096.7,67187.39,90.69000000000233,33246.97999999981
2026-02-18 17:45:00,1,0.0,1.0,67187.39,67121.03,-66.36000000000058,33180.619999999806
2026-02-18 18:00:00,1,0.0,1.0,67121.03,66882.41,-238.61999999999534,32941.99999999981
2026-02-18 18:15:00,1,0.0,1.0,66882.41,66342.3,-540.1100000000006,32401.88999999981
2026-02-18 18:30:00,1,1.0,0.0,66342.3,66359.99,17.69000000000233,32419.579999999813
2026-02-18 18:45:00,1,1.0,0.0,66359.99,66371.9,11.90999999998894,32431.4899999998
2026-02-18 19:00:00,1,0.0,1.0,66371.9,66274.49,-97.40999999998894,32334.079999999813
2026-02-18 19:15:00,1,0.0,1.0,66274.49,66163.2,-111.29000000000815,32222.789999999804
2026-02-18 19:30:00,1,1.0,0.0,66163.2,66177.14,13.940000000002328,32236.729999999807
2026-02-18 19:45:00,1,1.0,1.0,66177.14,66259.64,82.5,32319.229999999807
2026-02-18 20:00:00,0,1.0,0.0,66259.64,66301.6,-41.9600000000064,32277.2699999998
2026-02-18 20:15:00,0,1.0,1.0,66301.6,66429.22,-127.61999999999534,32149.649999999805
2026-02-18 20:30:00,0,0.0,1.0,66429.22,66268.39,160.83000000000175,32310.479999999807
2026-02-18 20:45:00,1,0.0,1.0,66268.39,66207.26,-61.13000000000466,32249.349999999802
2026-02-18 21:00:00,1,1.0,1.0,66207.26,66411.79,204.52999999999884,32453.8799999998
2026-02-18 21:15:00,1,1.0,0.0,66411.79,66438.43,26.639999999999418,32480.5199999998
2026-02-18 21:30:00,0,0.0,1.0,66438.43,66342.76,95.66999999999825,32576.1899999998
2026-02-18 21:45:00,1,0.0,1.0,66342.76,66258.0,-84.75999999999476,32491.429999999804
2026-02-18 22:00:00,1,1.0,1.0,66258.0,66324.0,66.0,32557.429999999804
2026-02-18 22:15:00,1,1.0,1.0,66324.0,66400.01,76.00999999999476,32633.4399999998
2026-02-18 22:30:00,0,1.0,0.0,66400.01,66408.82,-8.810000000012224,32624.629999999786
2026-02-18 22:45:00,0,0.0,0.0,66408.82,66379.09,29.730000000010477,32654.359999999797
2026-02-18 23:00:00,1,0.0,1.0,66379.09,66314.18,-64.91000000000349,32589.449999999793
2026-02-18 23:15:00,1,1.0,1.0,66314.18,66470.7,156.52000000000407,32745.969999999797
2026-02-18 23:30:00,0,0.0,0.0,66470.7,66461.0,9.69999999999709,32755.669999999795
2026-02-18 23:45:00,0,0.0,1.0,66461.0,66411.04,49.9600000000064,32805.6299999998
2026-02-19 00:00:00,1,0.0,0.0,66411.04,66405.07,-5.969999999986612,32799.659999999814
2026-02-19 00:15:00,0,1.0,1.0,66405.07,66532.0,-126.92999999999302,32672.72999999982
2026-02-19 00:30:00,0,0.0,1.0,66532.0,66446.49,85.50999999999476,32758.239999999816
2026-02-19 00:45:00,1,1.0,1.0,66446.49,66705.94,259.4499999999971,33017.68999999981
2026-02-19 01:00:00,0,0.0,0.0,66705.94,66704.35,1.5899999999965075,33019.27999999981
2026-02-19 01:15:00,0,1.0,1.0,66704.35,66798.41,-94.05999999999767,32925.21999999981
2026-02-19 01:30:00,0,1.0,1.0,66798.41,66866.62,-68.20999999999185,32857.00999999982
2026-02-19 01:45:00,0,0.0,0.0,66866.62,66827.71,38.90999999998894,32895.91999999981
2026-02-19 02:00:00,1,1.0,1.0,66827.71,66939.51,111.79999999998836,33007.7199999998
2026-02-19 02:15:00,0,0.0,1.0,66939.51,66662.72,276.7899999999936,33284.50999999979
2026-02-19 02:30:00,1,1.0,1.0,66662.72,66835.2,172.47999999999593,33456.98999999979
2026-02-19 02:45:00,1,0.0,0.0,66835.2,66799.07,-36.129999999990105,33420.8599999998
2026-02-19 03:00:00,1,1.0,1.0,66799.07,66956.44,157.36999999999534,33578.22999999979
2026-02-19 03:15:00,0,0.0,1.0,66956.44,66909.99,46.44999999999709,33624.67999999979
2026-02-19 03:30:00,1,1.0,1.0,66909.99,66980.91,70.91999999999825,33695.59999999979
2026-02-19 03:45:00,0,1.0,0.0,66980.91,66985.58,-4.669999999998254,33690.92999999979
2026-02-19 04:00:00,0,0.0,1.0,66985.58,66888.17,97.41000000000349,33788.33999999979
2026-02-19 04:15:00,1,0.0,1.0,66888.17,66816.04,-72.13000000000466,33716.20999999979
2026-02-19 04:30:00,1,0.0,0.0,66816.04,66802.75,-13.289999999993597,33702.919999999795
2026-02-19 04:45:00,1,0.0,0.0,66802.75,66773.58,-29.169999999998254,33673.749999999796
2026-02-19 05:00:00,1,0.0,0.0,66773.58,66741.53,-32.05000000000291,33641.69999999979
2026-02-19 05:15:00,1,1.0,0.0,66741.53,66774.7,33.169999999998254,33674.86999999979
2026-02-19 05:30:00,0,1.0,1.0,66774.7,66871.35,-96.65000000000873,33578.21999999978
2026-02-19 05:45:00,0,1.0,1.0,66871.35,66993.71,-122.36000000000058,33455.85999999978
2026-02-19 06:00:00,0,1.0,1.0,66993.71,67176.84,-183.1299999999901,33272.72999999979
2026-02-19 06:15:00,0,0.0,1.0,67176.84,67104.83,72.00999999999476,33344.73999999979
2026-02-19 06:30:00,1,1.0,1.0,67104.83,67150.12,45.2899999999936,33390.02999999978
2026-02-19 06:45:00,0,0.0,0.0,67150.12,67141.75,8.369999999995343,33398.399999999776
2026-02-19 07:00:00,1,1.0,1.0,67141.75,67213.02,71.27000000000407,33469.66999999978
2026-02-19 07:15:00,0,0.0,0.0,67213.02,67193.46,19.55999999999767,33489.22999999978
2026-02-19 07:30:00,1,1.0,0.0,67193.46,67206.45,12.989999999990687,33502.21999999977
2026-02-19 07:45:00,1,0.0,1.0,67206.45,67062.91,-143.5399999999936,33358.679999999775
2026-02-19 08:00:00,1,0.0,1.0,67062.91,66914.43,-148.48000000001048,33210.199999999764
2026-02-19 08:15:00,1,1.0,0.0,66914.43,66933.82,19.39000000001397,33229.58999999978
2026-02-19 08:30:00,0,1.0,0.0,66933.82,66966.12,-32.29999999998836,33197.28999999979
2026-02-19 08:45:00,0,1.0,1.0,66966.12,67019.53,-53.41000000000349,33143.87999999979
2026-02-19 09:00:00,0,1.0,1.0,67019.53,67133.86,-114.33000000000175,33029.549999999785
2026-02-19 09:15:00,0,0.0,1.0,67133.86,67075.63,58.229999999995925,33087.77999999978
2026-02-19 09:30:00,1,0.0,1.0,67075.63,66836.0,-239.63000000000466,32848.149999999776
2026-02-19 09:45:00,1,1.0,0.0,66836.0,66871.21,35.2100000000064,32883.35999999978
2026-02-19 10:00:00,1,0.0,0.0,66871.21,66871.21,0.0,32883.35999999978
2026-02-19 10:15:00,0,1.0,1.0,66871.21,66958.3,-87.08999999999651,32796.269999999786
2026-02-19 10:30:00,0,0.0,1.0,66958.3,66843.08,115.22000000000116,32911.48999999979
2026-02-19 10:45:00,1,1.0,1.0,66843.08,66919.87,76.7899999999936,32988.27999999978
2026-02-19 11:00:00,0,0.0,1.0,66919.87,66840.92,78.94999999999709,33067.22999999978
2026-02-19 11:15:00,1,0.0,1.0,66840.92,66673.3,-167.61999999999534,32899.60999999978
2026-02-19 11:30:00,1,0.0,1.0,66673.3,66496.02,-177.27999999999884,32722.329999999783
2026-02-19 11:45:00,1,1.0,1.0,66496.02,66564.14,68.11999999999534,32790.44999999978
2026-02-19 12:00:00,0,1.0,1.0,66564.14,66669.51,-105.36999999999534,32685.079999999783
2026-02-19 12:15:00,0,0.0,1.0,66669.51,66608.0,61.50999999999476,32746.58999999978
2026-02-19 12:30:00,1,0.0,1.0,66608.0,66516.67,-91.33000000000175,32655.259999999776
2026-02-19 12:45:00,1,0.0,1.0,66516.67,66387.99,-128.67999999999302,32526.579999999783
2026-02-19 13:00:00,1,0.0,1.0,66387.99,66179.23,-208.7600000000093,32317.819999999774
2026-02-19 13:15:00,1,0.0,1.0,66179.23,65965.59,-213.63999999999942,32104.179999999775
2026-02-19 13:30:00,1,0.0,1.0,65965.59,65913.37,-52.220000000001164,32051.959999999774
2026-02-19 13:45:00,1,1.0,1.0,65913.37,66039.99,126.6200000000099,32178.579999999783
2026-02-19 14:00:00,0,0.0,1.0,66039.99,65981.83,58.16000000000349,32236.739999999787
2026-02-19 14:15:00,1,1.0,1.0,65981.83,66260.56,278.7299999999959,32515.469999999783
2026-02-19 14:30:00,0,1.0,1.0,66260.56,66421.2,-160.63999999999942,32354.829999999783
2026-02-19 14:45:00,0,0.0,1.0,66421.2,66076.73,344.47000000000116,32699.299999999785
2026-02-19 15:00:00,1,0.0,0.0,66076.73,66048.01,-28.720000000001164,32670.579999999783
2026-02-19 15:15:00,1,1.0,1.0,66048.01,66474.03,426.0200000000041,33096.59999999979
2026-02-19 15:30:00,0,0.0,1.0,66474.03,66398.0,76.02999999999884,33172.62999999979
2026-02-19 15:45:00,1,0.0,1.0,66398.0,66153.73,-244.27000000000407,32928.35999999978
2026-02-19 16:00:00,1,1.0,0.0,66153.73,66188.26,34.529999999998836,32962.88999999978
2026-02-19 16:15:00,0,1.0,1.0,66188.26,66416.11,-227.85000000000582,32735.039999999775
2026-02-19 16:30:00,0,0.0,1.0,66416.11,66293.53,122.58000000000175,32857.61999999978
2026-02-19 16:45:00,1,1.0,1.0,66293.53,66660.76,367.2299999999959,33224.84999999977
2026-02-19 17:00:00,0,0.0,0.0,66660.76,66621.45,39.30999999999767,33264.15999999977
2026-02-19 17:15:00,1,0.0,0.0,66621.45,66609.81,-11.639999999999418,33252.51999999977
2026-02-19 17:30:00,1,0.0,1.0,66609.81,66369.42,-240.38999999999942,33012.12999999977
2026-02-19 17:45:00,1,1.0,1.0,66369.42,66639.09,269.66999999999825,33281.79999999977
2026-02-19 18:00:00,0,1.0,1.0,66639.09,66903.7,-264.6100000000006,33017.18999999977
2026-02-19 18:15:00,0,1.0,1.0,66903.7,67008.47,-104.77000000000407,32912.419999999765
2026-02-19 18:30:00,0,1.0,0.0,67008.47,67030.49,-22.020000000004075,32890.39999999976
2026-02-19 18:45:00,0,0.0,1.0,67030.49,66910.21,120.27999999999884,33010.67999999976
2026-02-19 19:00:00,1,1.0,0.0,66910.21,66935.4,25.189999999987776,33035.86999999975
2026-02-19 19:15:00,1,0.0,1.0,66935.4,66876.78,-58.61999999999534,32977.24999999975
2026-02-19 19:30:00,1,1.0,1.0,66876.78,67050.0,173.22000000000116,33150.469999999754
2026-02-19 19:45:00,0,0.0,1.0,67050.0,66974.09,75.91000000000349,33226.37999999976
2026-02-19 20:00:00,1,0.0,0.0,66974.09,66940.0,-34.08999999999651,33192.28999999976
2026-02-19 20:15:00,1,1.0,0.0,66940.0,66942.04,2.039999999993597,33194.329999999754
2026-02-19 20:30:00,0,1.0,1.0,66942.04,67149.11,-207.07000000000698,32987.25999999975
2026-02-19 20:45:00,0,0.0,1.0,67149.11,67027.9,121.2100000000064,33108.469999999754
2026-02-19 21:00:00,1,1.0,0.0,67027.9,67040.99,13.09000000001106,33121.559999999765
2026-02-19 21:15:00,1,0.0,1.0,67040.99,66958.0,-82.99000000000524,33038.56999999976
2026-02-19 21:30:00,1,0.0,1.0,66958.0,66916.51,-41.49000000000524,32997.079999999754
2026-02-19 21:45:00,1,0.0,0.0,66916.51,66891.98,-24.529999999998836,32972.549999999756
2026-02-19 22:00:00,1,0.0,1.0,66891.98,66772.0,-119.97999999999593,32852.56999999976
2026-02-19 22:15:00,1,1.0,1.0,66772.0,66852.65,80.64999999999418,32933.219999999754
2026-02-19 22:30:00,1,1.0,1.0,66852.65,66915.14,62.49000000000524,32995.70999999976
2026-02-19 22:45:00,1,0.0,1.0,66915.14,66850.77,-64.36999999999534,32931.339999999764
2026-02-19 23:00:00,1,1.0,1.0,66850.77,67006.28,155.50999999999476,33086.84999999976
2026-02-19 23:15:00,0,0.0,0.0,67006.28,66965.49,40.7899999999936,33127.63999999975
2026-02-19 23:30:00,1,1.0,0.0,66965.49,67003.73,38.23999999999069,33165.87999999974
2026-02-19 23:45:00,1,1.0,1.0,67003.73,67191.72,187.99000000000524,33353.86999999975
2026-02-20 00:00:00,0,1.0,1.0,67191.72,67388.99,-197.27000000000407,33156.599999999744
2026-02-20 00:15:00,0,0.0,1.0,67388.99,67284.01,104.98000000001048,33261.579999999754
2026-02-20 00:30:00,1,0.0,1.0,67284.01,67228.91,-55.09999999999127,33206.47999999976
2026-02-20 00:45:00,1,1.0,1.0,67228.91,67336.0,107.08999999999651,33313.56999999976
2026-02-20 01:00:00,0,0.0,1.0,67336.0,67209.61,126.38999999999942,33439.95999999976
2026-02-20 01:15:00,1,1.0,1.0,67209.61,67330.48,120.86999999999534,33560.829999999754
2026-02-20 01:30:00,0,0.0,1.0,67330.48,67279.9,50.580000000001746,33611.409999999756
2026-02-20 01:45:00,1,1.0,0.0,67279.9,67281.34,1.4400000000023283,33612.84999999976
2026-02-20 02:00:00,1,0.0,1.0,67281.34,67201.9,-79.44000000000233,33533.409999999756
2026-02-20 02:15:00,1,1.0,1.0,67201.9,67304.23,102.33000000000175,33635.73999999976
2026-02-20 02:30:00,0,0.0,1.0,67304.23,67242.03,62.19999999999709,33697.939999999755
2026-02-20 02:45:00,1,1.0,0.0,67242.03,67280.39,38.36000000000058,33736.299999999756
2026-02-20 03:00:00,0,1.0,1.0,67280.39,67414.25,-133.86000000000058,33602.439999999755
2026-02-20 03:15:00,0,0.0,1.0,67414.25,67324.97,89.27999999999884,33691.719999999754
2026-02-20 03:30:00,1,1.0,1.0,67324.97,67366.25,41.279999999998836,33732.99999999975
2026-02-20 03:45:00,0,0.0,0.0,67366.25,67326.24,40.00999999999476,33773.00999999975
2026-02-20 04:00:00,1,0.0,1.0,67326.24,67229.55,-96.69000000000233,33676.319999999745
2026-02-20 04:15:00,1,1.0,1.0,67229.55,67302.0,72.44999999999709,33748.76999999974
2026-02-20 04:30:00,0,0.0,0.0,67302.0,67264.83,37.169999999998254,33785.93999999974
2026-02-20 04:45:00,1,0.0,0.0,67264.83,67257.54,-7.290000000008149,33778.64999999973
2026-02-20 05:00:00,1,1.0,1.0,67257.54,67407.34,149.8000000000029,33928.449999999735
2026-02-20 05:15:00,0,1.0,1.0,67407.34,67910.17,-502.83000000000175,33425.61999999973
2026-02-20 05:30:00,0,0.0,1.0,67910.17,67790.1,120.06999999999243,33545.689999999726
2026-02-20 05:45:00,1,1.0,1.0,67790.1,67857.31,67.20999999999185,33612.89999999972
2026-02-20 06:00:00,0,0.0,1.0,67857.31,67721.02,136.2899999999936,33749.18999999971
2026-02-20 06:15:00,1,1.0,0.0,67721.02,67753.28,32.25999999999476,33781.449999999706
2026-02-20 06:30:00,0,1.0,1.0,67753.28,67847.47,-94.19000000000233,33687.259999999704
2026-02-20 06:45:00,0,0.0,0.0,67847.47,67822.5,24.970000000001164,33712.229999999705
2026-02-20 07:00:00,1,1.0,1.0,67822.5,67948.63,126.13000000000466,33838.35999999971
2026-02-20 07:15:00,0,0.0,1.0,67948.63,67879.79,68.84000000001106,33907.19999999972
2026-02-20 07:30:00,1,0.0,1.0,67879.79,67825.91,-53.879999999990105,33853.31999999973
2026-02-20 07:45:00,1,1.0,1.0,67825.91,67869.99,44.080000000001746,33897.39999999973
2026-02-20 08:00:00,0,1.0,0.0,67869.99,67870.0,-0.00999999999476131,33897.38999999974
2026-02-20 08:15:00,0,0.0,1.0,67870.0,67792.86,77.13999999999942,33974.52999999974
2026-02-20 08:30:00,1,1.0,1.0,67792.86,67879.99,87.13000000000466,34061.65999999974
2026-02-20 08:45:00,0,1.0,1.0,67879.99,68132.01,-252.01999999998952,33809.63999999975
2026-02-20 09:00:00,0,1.0,1.0,68132.01,68200.6,-68.59000000001106,33741.04999999974
2026-02-20 09:15:00,0,0.0,1.0,68200.6,68135.42,65.18000000000757,33806.22999999975
2026-02-20 09:30:00,0,1.0,1.0,68135.42,68218.85,-83.43000000000757,33722.79999999974
2026-02-20 09:45:00,0,0.0,0.0,68218.85,68182.18,36.670000000012806,33759.469999999754
2026-02-20 10:00:00,0,1.0,1.0,68182.18,68263.0,-80.82000000000698,33678.64999999975
2026-02-20 10:15:00,0,0.0,1.0,68263.0,68162.35,100.64999999999418,33779.29999999974
2026-02-20 10:30:00,0,0.0,1.0,68162.35,67948.99,213.36000000000058,33992.65999999974
2026-02-20 10:45:00,1,0.0,1.0,67948.99,67869.99,-79.0,33913.65999999974
2026-02-20 11:00:00,1,1.0,0.0,67869.99,67874.58,4.5899999999965075,33918.24999999974
2026-02-20 11:15:00,1,0.0,1.0,67874.58,67443.55,-431.02999999999884,33487.21999999974
2026-02-20 11:30:00,1,0.0,1.0,67443.55,67318.41,-125.13999999999942,33362.07999999974
2026-02-20 11:45:00,1,1.0,1.0,67318.41,67477.54,159.1299999999901,33521.20999999973
2026-02-20 12:00:00,1,0.0,1.0,67477.54,67323.72,-153.81999999999243,33367.38999999974
2026-02-20 12:15:00,1,1.0,1.0,67323.72,67475.31,151.5899999999965,33518.979999999734
2026-02-20 12:30:00,1,1.0,1.0,67475.31,67541.77,66.4600000000064,33585.43999999974
2026-02-20 12:45:00,0,0.0,1.0,67541.77,67143.24,398.52999999999884,33983.96999999974
2026-02-20 13:00:00,1,1.0,1.0,67143.24,67202.01,58.76999999998952,34042.73999999973
2026-02-20 13:15:00,1,0.0,1.0,67202.01,66624.09,-577.9199999999983,33464.81999999973
2026-02-20 13:30:00,1,1.0,1.0,66624.09,66801.62,177.52999999999884,33642.34999999973
2026-02-20 13:45:00,1,1.0,1.0,66801.62,66926.73,125.11000000000058,33767.45999999973
2026-02-20 14:00:00,1,1.0,1.0,66926.73,66976.34,49.61000000000058,33817.06999999973
2026-02-20 14:15:00,0,1.0,1.0,66976.34,67065.3,-88.9600000000064,33728.109999999724
2026-02-20 14:30:00,0,1.0,0.0,67065.3,67069.65,-4.349999999991269,33723.75999999973
2026-02-20 14:45:00,1,0.0,1.0,67069.65,66889.91,-179.7399999999907,33544.01999999974
2026-02-20 15:00:00,1,1.0,1.0,66889.91,67453.71,563.8000000000029,34107.819999999745
2026-02-20 15:15:00,0,0.0,1.0,67453.71,67229.99,223.72000000000116,34331.539999999746
2026-02-20 15:30:00,1,1.0,1.0,67229.99,67582.95,352.95999999999185,34684.49999999974
2026-02-20 15:45:00,0,1.0,1.0,67582.95,67725.13,-142.18000000000757,34542.31999999973
2026-02-20 16:00:00,0,0.0,1.0,67725.13,67316.87,408.2600000000093,34950.57999999974
2026-02-20 16:15:00,1,1.0,1.0,67316.87,67495.45,178.58000000000175,35129.15999999974
2026-02-20 16:30:00,0,1.0,1.0,67495.45,67795.47,-300.0200000000041,34829.13999999974
2026-02-20 16:45:00,0,0.0,1.0,67795.47,67067.03,728.4400000000023,35557.57999999974
2026-02-20 17:00:00,1,0.0,0.0,67067.03,67031.71,-35.31999999999243,35522.25999999975
2026-02-20 17:15:00,1,1.0,1.0,67031.71,67238.0,206.2899999999936,35728.54999999974
2026-02-20 17:30:00,1,1.0,1.0,67238.0,67613.37,375.36999999999534,36103.919999999736
2026-02-20 17:45:00,0,0.0,0.0,67613.37,67574.97,38.39999999999418,36142.31999999973
2026-02-20 18:00:00,1,1.0,1.0,67574.97,67664.75,89.77999999999884,36232.09999999973
2026-02-20 18:15:00,0,1.0,1.0,67664.75,67791.66,-126.91000000000349,36105.189999999726
2026-02-20 18:30:00,0,1.0,1.0,67791.66,67924.21,-132.5500000000029,35972.63999999972
2026-02-20 18:45:00,0,0.0,1.0,67924.21,67709.07,215.13999999999942,36187.77999999972
2026-02-20 19:00:00,1,0.0,1.0,67709.07,67625.23,-83.84000000001106,36103.93999999971
2026-02-20 19:15:00,1,0.0,0.0,67625.23,67610.6,-14.629999999990105,36089.30999999972
2026-02-20 19:30:00,1,1.0,0.0,67610.6,67646.03,35.429999999993015,36124.739999999714
2026-02-20 19:45:00,0,1.0,1.0,67646.03,67816.34,-170.30999999999767,35954.42999999972
2026-02-20 20:00:00,0,0.0,1.0,67816.34,67580.1,236.2399999999907,36190.66999999971
2026-02-20 20:15:00,1,1.0,1.0,67580.1,67734.0,153.89999999999418,36344.5699999997
2026-02-20 20:30:00,0,1.0,0.0,67734.0,67750.4,-16.39999999999418,36328.16999999971
2026-02-20 20:45:00,0,0.0,0.0,67750.4,67720.54,29.860000000000582,36358.02999999971
2026-02-20 21:00:00,1,1.0,0.0,67720.54,67746.05,25.510000000009313,36383.53999999972
2026-02-20 21:15:00,0,1.0,0.0,67746.05,67764.0,-17.94999999999709,36365.58999999972
2026-02-20 21:30:00,0,1.0,1.0,67764.0,67825.87,-61.86999999999534,36303.719999999725
2026-02-20 21:45:00,0,0.0,1.0,67825.87,67659.4,166.47000000000116,36470.189999999726
2026-02-20 22:00:00,1,1.0,1.0,67659.4,67936.48,277.08000000000175,36747.26999999973
2026-02-20 22:15:00,0,1.0,0.0,67936.48,67963.75,-27.270000000004075,36719.99999999972
2026-02-20 22:30:00,0,1.0,1.0,67963.75,68078.13,-114.38000000000466,36605.61999999972
2026-02-20 22:45:00,0,0.0,1.0,68078.13,68026.4,51.73000000001048,36657.34999999973
2026-02-20 23:00:00,0,0.0,0.0,68026.4,67996.48,29.919999999998254,36687.26999999973
2026-02-20 23:15:00,0,0.0,0.0,67996.48,67975.91,20.569999999992433,36707.83999999972
2026-02-20 23:30:00,0,1.0,1.0,67975.91,68020.01,-44.09999999999127,36663.73999999973
2026-02-20 23:45:00,0,0.0,0.0,68020.01,68017.36,2.6499999999941792,36666.38999999972
2026-02-21 00:00:00,0,0.0,1.0,68017.36,67927.99,89.36999999999534,36755.75999999972
2026-02-21 00:15:00,0,0.0,1.0,67927.99,67840.67,87.32000000000698,36843.079999999725
2026-02-21 00:30:00,1,1.0,0.0,67840.67,67841.0,0.33000000000174623,36843.40999999973
2026-02-21 00:45:00,1,1.0,1.0,67841.0,67928.82,87.82000000000698,36931.229999999734
2026-02-21 01:00:00,0,0.0,1.0,67928.82,67856.59,72.23000000001048,37003.459999999744
2026-02-21 01:15:00,0,1.0,1.0,67856.59,67976.28,-119.69000000000233,36883.76999999974
2026-02-21 01:30:00,0,0.0,0.0,67976.28,67951.24,25.039999999993597,36908.809999999736
2026-02-21 01:45:00,0,1.0,0.0,67951.24,67989.01,-37.76999999998952,36871.039999999746
2026-02-21 02:00:00,0,1.0,1.0,67989.01,68055.21,-66.20000000001164,36804.839999999735
2026-02-21 02:15:00,0,1.0,0.0,68055.21,68077.87,-22.65999999998894,36782.179999999746
2026-02-21 02:30:00,0,0.0,1.0,68077.87,68001.05,76.81999999999243,36858.99999999974
2026-02-21 02:45:00,0,0.0,1.0,68001.05,67761.42,239.63000000000466,37098.62999999974
2026-02-21 03:00:00,1,1.0,0.0,67761.42,67800.29,38.86999999999534,37137.49999999974
2026-02-21 03:15:00,0,0.0,1.0,67800.29,67616.93,183.36000000000058,37320.85999999974
2026-02-21 03:30:00,1,1.0,1.0,67616.93,67667.77,50.84000000001106,37371.69999999975
2026-02-21 03:45:00,1,0.0,0.0,67667.77,67662.19,-5.580000000001746,37366.11999999975
2026-02-21 04:00:00,1,1.0,1.0,67662.19,67717.0,54.80999999999767,37420.929999999746
2026-02-21 04:15:00,0,0.0,0.0,67717.0,67691.82,25.179999999993015,37446.10999999974
2026-02-21 04:30:00,0,1.0,1.0,67691.82,67816.97,-125.14999999999418,37320.959999999744
2026-02-21 04:45:00,0,1.0,0.0,67816.97,67848.19,-31.220000000001164,37289.73999999974
2026-02-21 05:00:00,0,1.0,0.0,67848.19,67860.94,-12.75,37276.98999999974
2026-02-21 05:15:00,0,0.0,0.0,67860.94,67858.55,2.389999999999418,37279.37999999974
2026-02-21 05:30:00,0,0.0,0.0,67858.55,67851.93,6.620000000009895,37285.99999999975
2026-02-21 05:45:00,0,1.0,1.0,67851.93,67917.32,-65.39000000001397,37220.60999999974
2026-02-21 06:00:00,0,0.0,1.0,67917.32,67873.26,44.060000000012224,37264.66999999975
2026-02-21 06:15:00,0,0.0,1.0,67873.26,67783.71,89.54999999998836,37354.21999999974
2026-02-21 06:30:00,1,1.0,0.0,67783.71,67793.38,9.669999999998254,37363.88999999974
2026-02-21 06:45:00,0,1.0,0.0,67793.38,67825.45,-32.06999999999243,37331.819999999745
2026-02-21 07:00:00,0,1.0,0.0,67825.45,67856.01,-30.55999999999767,37301.25999999975
2026-02-21 07:15:00,0,0.0,0.0,67856.01,67834.07,21.939999999987776,37323.199999999735
2026-02-21 07:30:00,0,1.0,0.0,67834.07,67856.01,-21.939999999987776,37301.25999999975
2026-02-21 07:45:00,0,1.0,1.0,67856.01,67910.49,-54.48000000001048,37246.77999999974
2026-02-21 08:00:00,0,1.0,1.0,67910.49,67980.85,-70.36000000000058,37176.419999999736
2026-02-21 08:15:00,0,1.0,0.0,67980.85,68000.02,-19.169999999998254,37157.24999999974
2026-02-21 08:30:00,0,1.0,1.0,68000.02,68055.03,-55.00999999999476,37102.23999999974
2026-02-21 08:45:00,0,0.0,1.0,68055.03,68000.27,54.75999999999476,37156.99999999974
2026-02-21 09:00:00,0,1.0,1.0,68000.27,68235.09,-234.81999999999243,36922.179999999746
2026-02-21 09:15:00,0,0.0,0.0,68235.09,68194.9,40.19000000000233,36962.36999999975
2026-02-21 09:30:00,0,0.0,1.0,68194.9,68147.53,47.36999999999534,37009.73999999974
2026-02-21 09:45:00,0,1.0,0.0,68147.53,68182.25,-34.720000000001164,36975.01999999974
2026-02-21 10:00:00,0,1.0,0.0,68182.25,68184.94,-2.6900000000023283,36972.32999999974
2026-02-21 10:15:00,0,1.0,1.0,68184.94,68230.84,-45.89999999999418,36926.429999999746
2026-02-21 10:30:00,0,0.0,0.0,68230.84,68215.54,15.30000000000291,36941.72999999975
2026-02-21 10:45:00,0,1.0,1.0,68215.54,68269.92,-54.38000000000466,36887.349999999744
2026-02-21 11:00:00,0,0.0,1.0,68269.92,68185.61,84.30999999999767,36971.65999999974
2026-02-21 11:15:00,0,0.0,1.0,68185.61,68094.0,91.61000000000058,37063.26999999974
2026-02-21 11:30:00,0,0.0,0.0,68094.0,68092.45,1.5500000000029104,37064.819999999745
2026-02-21 11:45:00,0,0.0,1.0,68092.45,67989.96,102.48999999999069,37167.309999999736
2026-02-21 12:00:00,0,0.0,0.0,67989.96,67968.0,21.960000000006403,37189.26999999974
2026-02-21 12:15:00,0,1.0,1.0,67968.0,68031.31,-63.30999999999767,37125.959999999744
2026-02-21 12:30:00,0,1.0,1.0,68031.31,68203.42,-172.11000000000058,36953.849999999744
2026-02-21 12:45:00,0,0.0,1.0,68203.42,68147.29,56.13000000000466,37009.97999999975
2026-02-21 13:00:00,0,1.0,1.0,68147.29,68237.93,-90.63999999999942,36919.33999999975
2026-02-21 13:15:00,0,0.0,1.0,68237.93,68167.61,70.31999999999243,36989.65999999974
2026-02-21 13:30:00,0,1.0,1.0,68167.61,68259.99,-92.38000000000466,36897.27999999974
2026-02-21 13:45:00,0,1.0,0.0,68259.99,68267.99,-8.0,36889.27999999974
2026-02-21 14:00:00,0,1.0,1.0,68267.99,68432.8,-164.80999999999767,36724.46999999974
2026-02-21 14:15:00,0,1.0,1.0,68432.8,68541.67,-108.86999999999534,36615.599999999744
2026-02-21 14:30:00,0,0.0,1.0,68541.67,68450.01,91.66000000000349,36707.25999999975
2026-02-21 14:45:00,0,1.0,0.0,68450.01,68489.47,-39.4600000000064,36667.79999999974
2026-02-21 15:00:00,0,0.0,0.0,68489.47,68453.61,35.86000000000058,36703.65999999974
2026-02-21 15:15:00,0,1.0,1.0,68453.61,68631.72,-178.11000000000058,36525.54999999974
2026-02-21 15:30:00,0,0.0,0.0,68631.72,68615.0,16.720000000001164,36542.26999999974
2026-02-21 15:45:00,0,0.0,1.0,68615.0,68356.78,258.22000000000116,36800.48999999974
2026-02-21 16:00:00,0,0.0,1.0,68356.78,68274.36,82.41999999999825,36882.90999999974
2026-02-21 16:15:00,1,1.0,1.0,68274.36,68356.0,81.63999999999942,36964.54999999974
2026-02-21 16:30:00,0,0.0,0.0,68356.0,68322.6,33.39999999999418,36997.949999999735
2026-02-21 16:45:00,0,0.0,1.0,68322.6,68264.45,58.15000000000873,37056.099999999744
2026-02-21 17:00:00,0,1.0,0.0,68264.45,68283.38,-18.930000000007567,37037.169999999736
2026-02-21 17:15:00,0,1.0,1.0,68283.38,68425.6,-142.22000000000116,36894.949999999735
2026-02-21 17:30:00,0,1.0,0.0,68425.6,68437.45,-11.849999999991269,36883.099999999744
2026-02-21 17:45:00,0,0.0,0.0,68437.45,68407.61,29.839999999996508,36912.93999999974
2026-02-21 18:00:00,0,1.0,1.0,68407.61,68490.45,-82.83999999999651,36830.099999999744
2026-02-21 18:15:00,0,1.0,1.0,68490.45,68546.03,-55.580000000001746,36774.51999999974
2026-02-21 18:30:00,0,1.0,0.0,68546.03,68574.0,-27.970000000001164,36746.54999999974
2026-02-21 18:45:00,0,1.0,0.0,68574.0,68591.34,-17.339999999996508,36729.209999999744
2026-02-21 19:00:00,0,0.0,0.0,68591.34,68573.68,17.660000000003492,36746.86999999975
2026-02-21 19:15:00,0,1.0,1.0,68573.68,68627.16,-53.48000000001048,36693.38999999974
2026-02-21 19:30:00,0,0.0,1.0,68627.16,68543.51,83.65000000000873,36777.039999999746
2026-02-21 19:45:00,0,0.0,1.0,68543.51,68489.18,54.330000000001746,36831.36999999975
2026-02-21 20:00:00,0,1.0,1.0,68489.18,68565.05,-75.8700000000099,36755.49999999974
2026-02-21 20:15:00,0,0.0,1.0,68565.05,68385.3,179.75,36935.24999999974
2026-02-21 20:30:00,0,0.0,1.0,68385.3,68211.19,174.11000000000058,37109.35999999974
2026-02-21 20:45:00,1,1.0,1.0,68211.19,68291.03,79.83999999999651,37189.199999999735
2026-02-21 21:00:00,0,1.0,1.0,68291.03,68345.55,-54.520000000004075,37134.67999999973
2026-02-21 21:15:00,0,0.0,1.0,68345.55,68289.88,55.669999999998254,37190.34999999973
2026-02-21 21:30:00,0,1.0,1.0,68289.88,68379.95,-90.06999999999243,37100.27999999974
2026-02-21 21:45:00,0,0.0,1.0,68379.95,68251.3,128.64999999999418,37228.92999999973
2026-02-21 22:00:00,0,1.0,0.0,68251.3,68263.55,-12.25,37216.67999999973
2026-02-21 22:15:00,0,0.0,1.0,68263.55,68099.02,164.52999999999884,37381.20999999973
2026-02-21 22:30:00,0,0.0,1.0,68099.02,67972.0,127.02000000000407,37508.229999999734
2026-02-21 22:45:00,1,0.0,0.0,67972.0,67950.48,-21.520000000004075,37486.70999999973
2026-02-21 23:00:00,1,1.0,1.0,67950.48,68075.77,125.29000000000815,37611.99999999974
2026-02-21 23:15:00,0,0.0,0.0,68075.77,68058.0,17.770000000004075,37629.76999999974
2026-02-21 23:30:00,0,0.0,1.0,68058.0,67975.93,82.07000000000698,37711.83999999975
2026-02-21 23:45:00,1,1.0,1.0,67975.93,68015.09,39.16000000000349,37750.99999999975
2026-02-22 00:00:00,0,0.0,1.0,68015.09,67856.03,159.05999999999767,37910.05999999975
2026-02-22 00:15:00,1,0.0,0.0,67856.03,67846.01,-10.020000000004075,37900.039999999746
2026-02-22 00:30:00,1,1.0,1.0,67846.01,67946.0,99.99000000000524,38000.02999999975
2026-02-22 00:45:00,0,1.0,1.0,67946.0,68033.38,-87.38000000000466,37912.64999999975
2026-02-22 01:00:00,0,1.0,1.0,68033.38,68116.6,-83.22000000000116,37829.429999999746
2026-02-22 01:15:00,0,1.0,0.0,68116.6,68126.46,-9.860000000000582,37819.569999999745
2026-02-22 01:30:00,0,1.0,0.0,68126.46,68159.31,-32.84999999999127,37786.719999999754
2026-02-22 01:45:00,0,1.0,1.0,68159.31,68215.41,-56.10000000000582,37730.61999999975
2026-02-22 02:00:00,0,0.0,1.0,68215.41,68056.09,159.32000000000698,37889.939999999755
2026-02-22 02:15:00,0,0.0,1.0,68056.09,67983.82,72.26999999998952,37962.209999999744
2026-02-22 02:30:00,0,0.0,1.0,67983.82,67909.68,74.14000000001397,38036.34999999976
2026-02-22 02:45:00,1,1.0,1.0,67909.68,68018.0,108.32000000000698,38144.669999999765
2026-02-22 03:00:00,0,0.0,1.0,68018.0,67968.68,49.320000000006985,38193.98999999977
2026-02-22 03:15:00,0,1.0,0.0,67968.68,67992.9,-24.220000000001164,38169.76999999977
2026-02-22 03:30:00,0,1.0,1.0,67992.9,68041.43,-48.529999999998836,38121.23999999977
2026-02-22 03:45:00,0,1.0,0.0,68041.43,68069.63,-28.20000000001164,38093.03999999976
2026-02-22 04:00:00,0,0.0,1.0,68069.63,68013.4,56.23000000001048,38149.26999999977
2026-02-22 04:15:00,0,0.0,0.0,68013.4,67987.14,26.25999999999476,38175.529999999766
2026-02-22 04:30:00,0,0.0,0.0,67987.14,67983.5,3.639999999999418,38179.169999999765
2026-02-22 04:45:00,0,0.0,1.0,67983.5,67913.79,69.7100000000064,38248.87999999977
2026-02-22 05:00:00,1,1.0,0.0,67913.79,67947.88,34.09000000001106,38282.96999999978
2026-02-22 05:15:00,0,0.0,0.0,67947.88,67940.1,7.779999999998836,38290.74999999978
2026-02-22 05:30:00,0,1.0,1.0,67940.1,67977.52,-37.419999999998254,38253.32999999978
2026-02-22 05:45:00,0,1.0,1.0,67977.52,68046.27,-68.75,38184.57999999978
2026-02-22 06:00:00,0,1.0,1.0,68046.27,68116.5,-70.22999999999593,38114.34999999979
2026-02-22 06:15:00,0,0.0,1.0,68116.5,68058.61,57.88999999999942,38172.23999999979
2026-02-22 06:30:00,0,0.0,0.0,68058.61,68038.13,20.479999999995925,38192.71999999978
2026-02-22 06:45:00,0,0.0,0.0,68038.13,68036.27,1.860000000000582,38194.57999999978
2026-02-22 07:00:00,0,0.0,0.0,68036.27,68023.58,12.690000000002328,38207.269999999786
2026-02-22 07:15:00,1,1.0,1.0,68023.58,68085.95,62.36999999999534,38269.63999999978
2026-02-22 07:30:00,0,0.0,1.0,68085.95,68005.3,80.64999999999418,38350.289999999775
2026-02-22 07:45:00,0,0.0,0.0,68005.3,67986.78,18.520000000004075,38368.80999999978
2026-02-22 08:00:00,0,0.0,0.0,67986.78,67963.26,23.520000000004075,38392.32999999978
2026-02-22 08:15:00,1,0.0,0.0,67963.26,67959.13,-4.129999999990105,38388.19999999979
2026-02-22 08:30:00,1,0.0,0.0,67959.13,67950.1,-9.029999999998836,38379.169999999795
2026-02-22 08:45:00,1,1.0,1.0,67950.1,68043.03,92.92999999999302,38472.09999999979
2026-02-22 09:00:00,0,0.0,0.0,68043.03,68024.11,18.919999999998254,38491.019999999786
2026-02-22 09:15:00,0,1.0,0.0,68024.11,68050.56,-26.44999999999709,38464.56999999979
2026-02-22 09:30:00,0,1.0,0.0,68050.56,68053.32,-2.7600000000093132,38461.80999999978
2026-02-22 09:45:00,0,0.0,0.0,68053.32,68045.41,7.9100000000034925,38469.71999999978
2026-02-22 10:00:00,0,1.0,1.0,68045.41,68090.44,-45.029999999998836,38424.689999999784
2026-02-22 10:15:00,0,1.0,0.0,68090.44,68099.36,-8.919999999998254,38415.769999999786
2026-02-22 10:30:00,0,1.0,0.0,68099.36,68129.56,-30.19999999999709,38385.56999999979
2026-02-22 10:45:00,0,1.0,1.0,68129.56,68207.6,-78.04000000000815,38307.52999999978
2026-02-22 11:00:00,0,1.0,0.0,68207.6,68231.0,-23.39999999999418,38284.12999999979
2026-02-22 11:15:00,0,0.0,1.0,68231.0,68186.45,44.55000000000291,38328.67999999979
2026-02-22 11:30:00,0,1.0,0.0,68186.45,68219.97,-33.520000000004075,38295.159999999785
2026-02-22 11:45:00,0,0.0,1.0,68219.97,68012.16,207.80999999999767,38502.96999999978
2026-02-22 12:00:00,1,1.0,1.0,68012.16,68077.15,64.98999999999069,38567.95999999977
2026-02-22 12:15:00,0,0.0,1.0,68077.15,67892.4,184.75,38752.70999999977
2026-02-22 12:30:00,1,1.0,1.0,67892.4,67928.22,35.820000000006985,38788.52999999978
2026-02-22 12:45:00,0,1.0,1.0,67928.22,67988.56,-60.33999999999651,38728.189999999784
2026-02-22 13:00:00,0,0.0,1.0,67988.56,67930.51,58.05000000000291,38786.23999999979
2026-02-22 13:15:00,0,0.0,1.0,67930.51,67633.61,296.8999999999942,39083.13999999978
2026-02-22 13:30:00,1,1.0,0.0,67633.61,67652.38,18.770000000004075,39101.909999999785
2026-02-22 13:45:00,1,0.0,0.0,67652.38,67650.31,-2.070000000006985,39099.83999999978
2026-02-22 14:00:00,1,0.0,0.0,67650.31,67626.45,-23.860000000000582,39075.97999999978
2026-02-22 14:15:00,1,0.0,1.0,67626.45,67440.0,-186.4499999999971,38889.52999999978
2026-02-22 14:30:00,1,1.0,0.0,67440.0,67443.89,3.889999999999418,38893.41999999978
2026-02-22 14:45:00,1,0.0,0.0,67443.89,67413.99,-29.89999999999418,38863.519999999786
2026-02-22 15:00:00,1,1.0,1.0,67413.99,67599.03,185.0399999999936,39048.55999999978
2026-02-22 15:15:00,0,1.0,1.0,67599.03,67777.51,-178.47999999999593,38870.07999999978
2026-02-22 15:30:00,0,0.0,1.0,67777.51,67684.14,93.36999999999534,38963.44999999978
2026-02-22 15:45:00,1,0.0,1.0,67684.14,67581.6,-102.5399999999936,38860.909999999785
2026-02-22 16:00:00,1,0.0,1.0,67581.6,67535.74,-45.86000000000058,38815.049999999785
2026-02-22 16:15:00,1,1.0,1.0,67535.74,67569.39,33.64999999999418,38848.69999999978
2026-02-22 16:30:00,1,1.0,1.0,67569.39,67632.76,63.36999999999534,38912.069999999774
2026-02-22 16:45:00,0,0.0,1.0,67632.76,67571.29,61.470000000001164,38973.539999999775
2026-02-22 17:00:00,1,0.0,1.0,67571.29,67496.27,-75.01999999998952,38898.519999999786
2026-02-22 17:15:00,1,0.0,1.0,67496.27,67260.75,-235.52000000000407,38662.99999999978
2026-02-22 17:30:00,1,1.0,1.0,67260.75,67384.49,123.74000000000524,38786.73999999979
2026-02-22 17:45:00,1,1.0,0.0,67384.49,67403.06,18.569999999992433,38805.30999999978
2026-02-22 18:00:00,1,0.0,1.0,67403.06,67340.58,-62.479999999995925,38742.82999999978
2026-02-22 18:15:00,1,1.0,1.0,67340.58,67376.13,35.55000000000291,38778.37999999979
2026-02-22 18:30:00,1,1.0,1.0,67376.13,67422.62,46.48999999999069,38824.86999999978
2026-02-22 18:45:00,0,0.0,0.0,67422.62,67411.89,10.729999999995925,38835.59999999977
2026-02-22 19:00:00,1,1.0,0.0,67411.89,67433.58,21.69000000000233,38857.289999999775
2026-02-22 19:15:00,1,1.0,1.0,67433.58,67484.41,50.830000000001746,38908.11999999978
2026-02-22 19:30:00,0,0.0,1.0,67484.41,67428.32,56.08999999999651,38964.20999999977
2026-02-22 19:45:00,1,0.0,1.0,67428.32,67385.78,-42.54000000000815,38921.669999999765
2026-02-22 20:00:00,1,1.0,1.0,67385.78,67450.55,64.77000000000407,38986.43999999977
2026-02-22 20:15:00,0,0.0,1.0,67450.55,67414.14,36.41000000000349,39022.84999999977
2026-02-22 20:30:00,1,0.0,0.0,67414.14,67401.74,-12.39999999999418,39010.44999999978
2026-02-22 20:45:00,1,1.0,1.0,67401.74,67447.92,46.179999999993015,39056.62999999977
2026-02-22 21:00:00,0,1.0,0.0,67447.92,67458.45,-10.529999999998836,39046.09999999977
2026-02-22 21:15:00,0,1.0,1.0,67458.45,67591.14,-132.69000000000233,38913.40999999977
2026-02-22 21:30:00,0,1.0,0.0,67591.14,67612.66,-21.520000000004075,38891.88999999977
2026-02-22 21:45:00,0,0.0,1.0,67612.66,67510.4,102.26000000000931,38994.149999999776
2026-02-22 22:00:00,1,1.0,1.0,67510.4,67594.09,83.69000000000233,39077.83999999978
2026-02-22 22:15:00,0,1.0,1.0,67594.09,67679.27,-85.18000000000757,38992.65999999977
2026-02-22 22:30:00,0,0.0,0.0,67679.27,67666.16,13.110000000000582,39005.76999999977
2026-02-22 22:45:00,0,0.0,1.0,67666.16,67497.03,169.13000000000466,39174.899999999776
2026-02-22 23:00:00,1,1.0,1.0,67497.03,67606.64,109.61000000000058,39284.50999999978
2026-02-22 23:15:00,0,0.0,1.0,67606.64,67508.55,98.08999999999651,39382.59999999977
2026-02-22 23:30:00,1,1.0,1.0,67508.55,67643.4,134.84999999999127,39517.449999999764
2026-02-22 23:45:00,0,0.0,0.0,67643.4,67627.55,15.849999999991269,39533.299999999756
2026-02-23 00:00:00,0,0.0,1.0,67627.55,67474.01,153.54000000000815,39686.839999999764
2026-02-23 00:15:00,1,0.0,1.0,67474.01,67180.25,-293.75999999999476,39393.07999999977
2026-02-23 00:30:00,1,0.0,1.0,67180.25,66740.47,-439.77999999999884,38953.29999999977
2026-02-23 00:45:00,1,0.0,1.0,66740.47,65481.74,-1258.7300000000032,37694.56999999977
2026-02-23 01:00:00,1,0.0,1.0,65481.74,65050.0,-431.73999999999796,37262.82999999977
2026-02-23 01:15:00,1,1.0,1.0,65050.0,65123.14,73.13999999999942,37335.96999999977
2026-02-23 01:30:00,1,0.0,1.0,65123.14,64427.65,-695.489999999998,36640.47999999977
2026-02-23 01:45:00,1,1.0,1.0,64427.65,64762.87,335.22000000000116,36975.69999999977
2026-02-23 02:00:00,1,0.0,0.0,64762.87,64759.75,-3.1200000000026193,36972.57999999977
2026-02-23 02:15:00,1,1.0,1.0,64759.75,64844.68,84.93000000000029,37057.50999999977
2026-02-23 02:30:00,1,0.0,1.0,64844.68,64783.56,-61.12000000000262,36996.38999999977
2026-02-23 02:45:00,1,1.0,1.0,64783.56,64939.65,156.09000000000378,37152.47999999977
2026-02-23 03:00:00,1,0.0,1.0,64939.65,64769.26,-170.38999999999942,36982.08999999977
2026-02-23 03:15:00,1,1.0,1.0,64769.26,65016.75,247.48999999999796,37229.57999999977
2026-02-23 03:30:00,1,0.0,1.0,65016.75,64934.17,-82.58000000000175,37146.99999999977
2026-02-23 03:45:00,1,1.0,1.0,64934.17,65023.03,88.86000000000058,37235.85999999977
2026-02-23 04:00:00,1,0.0,1.0,65023.03,64778.13,-244.90000000000146,36990.959999999766
2026-02-23 04:15:00,1,0.0,1.0,64778.13,64728.73,-49.39999999999418,36941.55999999977
2026-02-23 04:30:00,1,1.0,1.0,64728.73,64808.31,79.57999999999447,37021.13999999977
2026-02-23 04:45:00,1,1.0,1.0,64808.31,65096.27,287.9599999999991,37309.099999999766
2026-02-23 05:00:00,1,0.0,1.0,65096.27,65044.73,-51.5399999999936,37257.55999999977
2026-02-23 05:15:00,1,0.0,0.0,65044.73,65024.69,-20.040000000000873,37237.51999999977
2026-02-23 05:30:00,1,1.0,1.0,65024.69,65070.9,46.20999999999913,37283.72999999977
2026-02-23 05:45:00,1,1.0,1.0,65070.9,65363.79,292.8899999999994,37576.61999999977
2026-02-23 06:00:00,0,0.0,1.0,65363.79,65310.0,53.79000000000087,37630.40999999977
2026-02-23 06:15:00,1,1.0,1.0,65310.0,65533.4,223.40000000000146,37853.80999999977
2026-02-23 06:30:00,1,1.0,1.0,65533.4,65757.32,223.92000000000553,38077.72999999978
2026-02-23 06:45:00,0,1.0,0.0,65757.32,65785.56,-28.239999999990687,38049.48999999979
2026-02-23 07:00:00,0,0.0,1.0,65785.56,65689.65,95.91000000000349,38145.39999999979
2026-02-23 07:15:00,1,1.0,1.0,65689.65,65949.06,259.4100000000035,38404.809999999794
2026-02-23 07:30:00,1,1.0,0.0,65949.06,65958.94,9.880000000004657,38414.6899999998
2026-02-23 07:45:00,0,0.0,1.0,65958.94,65845.72,113.22000000000116,38527.9099999998
2026-02-23 08:00:00,1,0.0,1.0,65845.72,65682.68,-163.04000000000815,38364.86999999979
2026-02-23 08:15:00,1,0.0,1.0,65682.68,65618.09,-64.58999999999651,38300.279999999795
2026-02-23 08:30:00,1,1.0,1.0,65618.09,65676.44,58.35000000000582,38358.6299999998
2026-02-23 08:45:00,1,1.0,1.0,65676.44,65816.87,140.42999999999302,38499.059999999794
2026-02-23 09:00:00,0,1.0,0.0,65816.87,65844.09,-27.220000000001164,38471.83999999979
2026-02-23 09:15:00,0,1.0,1.0,65844.09,66275.84,-431.75,38040.08999999979
2026-02-23 09:30:00,0,1.0,1.0,66275.84,66404.91,-129.07000000000698,37911.019999999786
2026-02-23 09:45:00,0,0.0,1.0,66404.91,66317.4,87.51000000000931,37998.529999999795
2026-02-23 10:00:00,1,1.0,1.0,66317.4,66363.25,45.85000000000582,38044.3799999998
2026-02-23 10:15:00,1,0.0,0.0,66363.25,66342.62,-20.630000000004657,38023.749999999796
2026-02-23 10:30:00,1,0.0,0.0,66342.62,66319.69,-22.929999999993015,38000.8199999998
2026-02-23 10:45:00,1,1.0,1.0,66319.69,66367.07,47.38000000000466,38048.19999999981
2026-02-23 11:00:00,1,0.0,1.0,66367.07,66325.3,-41.770000000004075,38006.429999999804
2026-02-23 11:15:00,1,0.0,1.0,66325.3,66128.0,-197.3000000000029,37809.1299999998
2026-02-23 11:30:00,1,1.0,1.0,66128.0,66207.23,79.22999999999593,37888.3599999998
2026-02-23 11:45:00,1,1.0,0.0,66207.23,66220.81,13.580000000001746,37901.9399999998
2026-02-23 12:00:00,1,0.0,1.0,66220.81,66138.83,-81.97999999999593,37819.9599999998
2026-02-23 12:15:00,1,1.0,1.0,66138.83,66419.33,280.5,38100.4599999998
2026-02-23 12:30:00,0,0.0,1.0,66419.33,66280.4,138.93000000000757,38239.38999999981
2026-02-23 12:45:00,1,0.0,1.0,66280.4,66220.51,-59.88999999999942,38179.49999999981
2026-02-23 13:00:00,1,1.0,0.0,66220.51,66226.66,6.150000000008731,38185.64999999982
2026-02-23 13:15:00,1,1.0,1.0,66226.66,66353.16,126.5,38312.14999999982
2026-02-23 13:30:00,0,0.0,1.0,66353.16,66132.66,220.5,38532.64999999982
2026-02-23 13:45:00,1,1.0,1.0,66132.66,66243.4,110.73999999999069,38643.38999999981
2026-02-23 14:00:00,1,0.0,1.0,66243.4,66086.27,-157.1299999999901,38486.25999999982
2026-02-23 14:15:00,1,0.0,1.0,66086.27,65832.41,-253.86000000000058,38232.39999999982
2026-02-23 14:30:00,1,1.0,1.0,65832.41,65923.53,91.11999999999534,38323.519999999815
2026-02-23 14:45:00,1,1.0,0.0,65923.53,65958.25,34.720000000001164,38358.239999999816
2026-02-23 15:00:00,1,0.0,1.0,65958.25,65806.54,-151.7100000000064,38206.52999999981
2026-02-23 15:15:00,1,0.0,0.0,65806.54,65794.14,-12.39999999999418,38194.129999999815
2026-02-23 15:30:00,1,0.0,1.0,65794.14,65660.1,-134.0399999999936,38060.08999999982
2026-02-23 15:45:00,1,0.0,1.0,65660.1,65225.99,-434.11000000000786,37625.979999999814
2026-02-23 16:00:00,1,1.0,1.0,65225.99,65633.14,407.15000000000146,38033.129999999815
2026-02-23 16:15:00,1,0.0,1.0,65633.14,65572.57,-60.56999999999243,37972.55999999982
2026-02-23 16:30:00,1,0.0,1.0,65572.57,65364.65,-207.92000000000553,37764.63999999982
2026-02-23 16:45:00,1,0.0,1.0,65364.65,65081.03,-283.6200000000026,37481.019999999815
2026-02-23 17:00:00,1,0.0,1.0,65081.03,64579.25,-501.77999999999884,36979.239999999816
2026-02-23 17:15:00,1,0.0,1.0,64579.25,64467.13,-112.12000000000262,36867.11999999981
2026-02-23 17:30:00,1,1.0,1.0,64467.13,64813.26,346.13000000000466,37213.24999999982
2026-02-23 17:45:00,1,0.0,0.0,64813.26,64781.97,-31.290000000000873,37181.95999999982
2026-02-23 18:00:00,1,1.0,1.0,64781.97,64818.83,36.86000000000058,37218.81999999982
2026-02-23 18:15:00,0,1.0,1.0,64818.83,64891.99,-73.15999999999622,37145.65999999982
2026-02-23 18:30:00,0,0.0,1.0,64891.99,64635.49,256.5,37402.15999999982
2026-02-23 18:45:00,1,1.0,1.0,64635.49,64698.0,62.51000000000204,37464.66999999982
2026-02-23 19:00:00,0,0.0,1.0,64698.0,64463.84,234.1600000000035,37698.82999999983
2026-02-23 19:15:00,1,0.0,1.0,64463.84,64213.24,-250.59999999999854,37448.22999999983
2026-02-23 19:30:00,1,1.0,1.0,64213.24,64295.1,81.86000000000058,37530.08999999983
2026-02-23 19:45:00,0,0.0,1.0,64295.1,63961.55,333.54999999999563,37863.639999999825
2026-02-23 20:00:00,1,1.0,1.0,63961.55,64004.36,42.80999999999767,37906.44999999982
2026-02-23 20:15:00,0,1.0,1.0,64004.36,64269.42,-265.0599999999977,37641.389999999825
2026-02-23 20:30:00,0,1.0,1.0,64269.42,64473.14,-203.72000000000116,37437.66999999982
2026-02-23 20:45:00,0,1.0,1.0,64473.14,64599.99,-126.84999999999854,37310.819999999825
2026-02-23 21:00:00,0,0.0,1.0,64599.99,64558.27,41.720000000001164,37352.539999999826
2026-02-23 21:15:00,1,1.0,1.0,64558.27,64649.68,91.41000000000349,37443.94999999983
2026-02-23 21:30:00,0,0.0,1.0,64649.68,64580.66,69.0199999999968,37512.96999999983
2026-02-23 21:45:00,1,1.0,1.0,64580.66,64968.59,387.929999999993,37900.89999999982
2026-02-23 22:00:00,0,0.0,0.0,64968.59,64941.99,26.599999999998545,37927.49999999982
2026-02-23 22:15:00,1,0.0,1.0,64941.99,64794.5,-147.48999999999796,37780.00999999982
2026-02-23 22:30:00,1,0.0,1.0,64794.5,64725.56,-68.94000000000233,37711.06999999982
2026-02-23 22:45:00,1,1.0,1.0,64725.56,64860.22,134.6600000000035,37845.72999999982
2026-02-23 23:00:00,0,0.0,0.0,64860.22,64839.94,20.279999999998836,37866.00999999982
2026-02-23 23:15:00,1,0.0,1.0,64839.94,64621.91,-218.02999999999884,37647.97999999982
2026-02-23 23:30:00,1,1.0,0.0,64621.91,64656.02,34.109999999993306,37682.089999999815
2026-02-23 23:45:00,0,1.0,1.0,64656.02,64895.02,-239.0,37443.089999999815
2026-02-24 00:00:00,0,0.0,0.0,64895.02,64858.78,36.23999999999796,37479.32999999981
2026-02-24 00:15:00,1,1.0,1.0,64858.78,64918.95,60.169999999998254,37539.49999999981
2026-02-24 00:30:00,0,1.0,0.0,64918.95,64941.43,-22.4800000000032,37517.01999999981
2026-02-24 00:45:00,0,0.0,1.0,64941.43,64324.95,616.4800000000032,38133.49999999981
2026-02-24 01:00:00,1,1.0,1.0,64324.95,64432.9,107.95000000000437,38241.449999999815
2026-02-24 01:15:00,0,0.0,1.0,64432.9,64334.0,98.90000000000146,38340.34999999982
2026-02-24 01:30:00,1,0.0,1.0,64334.0,64160.27,-173.7300000000032,38166.61999999981
2026-02-24 01:45:00,1,1.0,1.0,64160.27,64245.23,84.9600000000064,38251.57999999982
2026-02-24 02:00:00,0,1.0,1.0,64245.23,64313.72,-68.48999999999796,38183.08999999982
2026-02-24 02:15:00,0,0.0,1.0,64313.72,64132.43,181.29000000000087,38364.37999999982
2026-02-24 02:30:00,1,0.0,0.0,64132.43,64109.81,-22.62000000000262,38341.75999999982
2026-02-24 02:45:00,1,0.0,1.0,64109.81,63685.23,-424.57999999999447,37917.179999999826
2026-02-24 03:00:00,1,1.0,0.0,63685.23,63705.78,20.549999999995634,37937.72999999982
2026-02-24 03:15:00,0,0.0,0.0,63705.78,63672.47,33.30999999999767,37971.03999999982
2026-02-24 03:30:00,1,0.0,1.0,63672.47,63595.51,-76.95999999999913,37894.07999999982
2026-02-24 03:45:00,1,0.0,1.0,63595.51,63012.06,-583.4500000000044,37310.629999999815
2026-02-24 04:00:00,1,1.0,1.0,63012.06,63220.71,208.65000000000146,37519.27999999982
2026-02-24 04:15:00,0,1.0,1.0,63220.71,63338.78,-118.06999999999971,37401.20999999982
2026-02-24 04:30:00,0,1.0,1.0,63338.78,63378.84,-40.05999999999767,37361.14999999982
2026-02-24 04:45:00,0,1.0,1.0,63378.84,63497.07,-118.2300000000032,37242.919999999816
2026-02-24 05:00:00,0,0.0,1.0,63497.07,62820.77,676.3000000000029,37919.21999999982
2026-02-24 05:15:00,1,1.0,1.0,62820.77,62989.98,169.2100000000064,38088.429999999826
2026-02-24 05:30:00,0,1.0,1.0,62989.98,63104.79,-114.80999999999767,37973.61999999983
2026-02-24 05:45:00,0,1.0,0.0,63104.79,63145.35,-40.55999999999767,37933.05999999983
2026-02-24 06:00:00,0,1.0,1.0,63145.35,63211.11,-65.76000000000204,37867.29999999983
2026-02-24 06:15:00,0,1.0,1.0,63211.11,63260.01,-48.900000000001455,37818.39999999983
2026-02-24 06:30:00,0,0.0,1.0,63260.01,63082.79,177.22000000000116,37995.61999999983
2026-02-24 06:45:00,1,1.0,1.0,63082.79,63327.48,244.69000000000233,38240.30999999983
2026-02-24 07:00:00,0,0.0,1.0,63327.48,63274.86,52.62000000000262,38292.92999999983
2026-02-24 07:15:00,1,0.0,1.0,63274.86,63096.48,-178.37999999999738,38114.549999999836
2026-02-24 07:30:00,1,1.0,1.0,63096.48,63192.96,96.47999999999593,38211.02999999983
2026-02-24 07:45:00,0,1.0,0.0,63192.96,63218.67,-25.709999999999127,38185.31999999983
2026-02-24 08:00:00,0,1.0,1.0,63218.67,63298.21,-79.54000000000087,38105.77999999983
2026-02-24 08:15:00,0,1.0,1.0,63298.21,63381.79,-83.58000000000175,38022.19999999983
2026-02-24 08:30:00,0,1.0,0.0,63381.79,63392.15,-10.360000000000582,38011.83999999983
2026-02-24 08:45:00,0,0.0,1.0,63392.15,63285.29,106.86000000000058,38118.69999999983
2026-02-24 09:00:00,1,0.0,1.0,63285.29,63144.83,-140.45999999999913,37978.23999999983
2026-02-24 09:15:00,1,1.0,0.0,63144.83,63150.18,5.349999999998545,37983.58999999983
2026-02-24 09:30:00,0,1.0,1.0,63150.18,63249.99,-99.80999999999767,37883.77999999983
2026-02-24 09:45:00,0,0.0,0.0,63249.99,63219.31,30.68000000000029,37914.45999999983
2026-02-24 10:00:00,1,1.0,1.0,63219.31,63269.99,50.68000000000029,37965.13999999983
2026-02-24 10:15:00,0,0.0,1.0,63269.99,63205.91,64.07999999999447,38029.21999999983
2026-02-24 10:30:00,1,1.0,1.0,63205.91,63284.5,78.58999999999651,38107.80999999982
2026-02-24 10:45:00,0,0.0,1.0,63284.5,63197.35,87.15000000000146,38194.959999999825
2026-02-24 11:00:00,1,0.0,0.0,63197.35,63170.01,-27.339999999996508,38167.61999999983
2026-02-24 11:15:00,1,1.0,0.0,63170.01,63201.35,31.339999999996508,38198.959999999825
2026-02-24 11:30:00,0,1.0,0.0,63201.35,63227.1,-25.75,38173.209999999825
2026-02-24 11:45:00,0,1.0,0.0,63227.1,63264.4,-37.30000000000291,38135.90999999982
2026-02-24 12:00:00,0,1.0,1.0,63264.4,63324.02,-59.61999999999534,38076.289999999826
2026-02-24 12:15:00,0,0.0,1.0,63324.02,63113.58,210.43999999999505,38286.72999999982
2026-02-24 12:30:00,1,0.0,1.0,63113.58,62969.05,-144.52999999999884,38142.19999999982
2026-02-24 12:45:00,1,1.0,1.0,62969.05,63079.86,110.80999999999767,38253.00999999982
2026-02-24 13:00:00,0,0.0,1.0,63079.86,62920.29,159.5699999999997,38412.57999999982
2026-02-24 13:15:00,1,1.0,0.0,62920.29,62931.54,11.25,38423.82999999982
2026-02-24 13:30:00,1,0.0,0.0,62931.54,62900.0,-31.540000000000873,38392.28999999982
2026-02-24 13:45:00,1,1.0,1.0,62900.0,62944.02,44.0199999999968,38436.309999999816
2026-02-24 14:00:00,0,1.0,1.0,62944.02,63000.89,-56.87000000000262,38379.43999999981
2026-02-24 14:15:00,0,1.0,1.0,63000.89,63336.41,-335.5200000000041,38043.91999999981
2026-02-24 14:30:00,0,1.0,1.0,63336.41,63453.99,-117.57999999999447,37926.339999999815
2026-02-24 14:45:00,0,1.0,1.0,63453.99,63585.0,-131.01000000000204,37795.32999999981
2026-02-24 15:00:00,0,1.0,1.0,63585.0,63928.22,-343.22000000000116,37452.10999999981
2026-02-24 15:15:00,0,0.0,1.0,63928.22,63748.29,179.9300000000003,37632.03999999981
2026-02-24 15:30:00,1,1.0,1.0,63748.29,63973.97,225.6800000000003,37857.71999999981
2026-02-24 15:45:00,1,1.0,1.0,63973.97,64163.3,189.33000000000175,38047.049999999814
2026-02-24 16:00:00,0,0.0,1.0,64163.3,63956.21,207.09000000000378,38254.13999999982
2026-02-24 16:15:00,1,1.0,1.0,63956.21,64043.02,86.80999999999767,38340.949999999815
2026-02-24 16:30:00,1,1.0,1.0,64043.02,64265.52,222.5,38563.449999999815
2026-02-24 16:45:00,0,1.0,1.0,64265.52,64412.0,-146.4800000000032,38416.96999999981
2026-02-24 17:00:00,0,0.0,1.0,64412.0,64147.96,264.0400000000009,38681.00999999981
2026-02-24 17:15:00,1,0.0,1.0,64147.96,64099.75,-48.20999999999913,38632.799999999814
2026-02-24 17:30:00,1,1.0,1.0,64099.75,64219.71,119.95999999999913,38752.75999999981
2026-02-24 17:45:00,0,0.0,1.0,64219.71,63970.62,249.0899999999965,39001.84999999981
2026-02-24 18:00:00,1,1.0,1.0,63970.62,64292.0,321.3799999999974,39323.22999999981
2026-02-24 18:15:00,0,1.0,1.0,64292.0,64370.98,-78.9800000000032,39244.2499999998
2026-02-24 18:30:00,0,1.0,1.0,64370.98,64435.06,-64.07999999999447,39180.16999999981
2026-02-24 18:45:00,0,0.0,1.0,64435.06,64310.66,124.39999999999418,39304.5699999998
2026-02-24 19:00:00,1,1.0,0.0,64310.66,64312.96,2.2999999999956344,39306.8699999998
2026-02-24 19:15:00,0,1.0,1.0,64312.96,64472.18,-159.22000000000116,39147.6499999998
2026-02-24 19:30:00,0,0.0,0.0,64472.18,64435.03,37.150000000001455,39184.7999999998
2026-02-24 19:45:00,1,0.0,0.0,64435.03,64397.43,-37.599999999998545,39147.1999999998
2026-02-24 20:00:00,1,1.0,1.0,64397.43,64473.95,76.5199999999968,39223.7199999998
2026-02-24 20:15:00,0,1.0,0.0,64473.95,64499.99,-26.040000000000873,39197.6799999998
2026-02-24 20:30:00,0,0.0,0.0,64499.99,64472.9,27.089999999996508,39224.76999999979
2026-02-24 20:45:00,1,0.0,1.0,64472.9,64241.1,-231.8000000000029,38992.96999999979
2026-02-24 21:00:00,1,0.0,1.0,64241.1,63916.22,-324.8799999999974,38668.08999999979
2026-02-24 21:15:00,1,1.0,1.0,63916.22,64015.28,99.05999999999767,38767.14999999979
2026-02-24 21:30:00,0,1.0,0.0,64015.28,64042.66,-27.380000000004657,38739.769999999786
2026-02-24 21:45:00,0,1.0,1.0,64042.66,64219.6,-176.93999999999505,38562.82999999979
2026-02-24 22:00:00,0,0.0,1.0,64219.6,64145.11,74.48999999999796,38637.31999999979
2026-02-24 22:15:00,1,0.0,1.0,64145.11,64090.44,-54.669999999998254,38582.64999999979
2026-02-24 22:30:00,1,1.0,0.0,64090.44,64120.95,30.50999999999476,38613.159999999785
2026-02-24 22:45:00,0,0.0,1.0,64120.95,64071.98,48.96999999999389,38662.12999999978
2026-02-24 23:00:00,1,1.0,1.0,64071.98,64185.01,113.02999999999884,38775.15999999978
2026-02-24 23:15:00,0,0.0,0.0,64185.01,64142.19,42.81999999999971,38817.97999999978
2026-02-24 23:30:00,0,0.0,1.0,64142.19,64058.15,84.04000000000087,38902.01999999978
2026-02-24 23:45:00,1,0.0,1.0,64058.15,63919.23,-138.91999999999825,38763.09999999978
2026-02-25 00:00:00,1,1.0,0.0,63919.23,63959.99,40.75999999999476,38803.859999999775
2026-02-25 00:15:00,0,1.0,1.0,63959.99,64257.6,-297.6100000000006,38506.249999999774
2026-02-25 00:30:00,0,0.0,0.0,64257.6,64224.3,33.299999999995634,38539.54999999977
2026-02-25 00:45:00,1,1.0,1.0,64224.3,65606.34,1382.0399999999936,39921.589999999764
2026-02-25 01:00:00,0,1.0,1.0,65606.34,65944.66,-338.320000000007,39583.26999999976
2026-02-25 01:15:00,0,0.0,1.0,65944.66,65813.69,130.97000000000116,39714.23999999976
2026-02-25 01:30:00,1,1.0,1.0,65813.69,65896.75,83.05999999999767,39797.299999999756
2026-02-25 01:45:00,0,1.0,1.0,65896.75,66229.81,-333.0599999999977,39464.23999999976
2026-02-25 02:00:00,0,0.0,1.0,66229.81,66113.25,116.55999999999767,39580.799999999756
2026-02-25 02:15:00,1,0.0,1.0,66113.25,65933.96,-179.2899999999936,39401.50999999976
2026-02-25 02:30:00,1,0.0,0.0,65933.96,65884.83,-49.13000000000466,39352.37999999976
2026-02-25 02:45:00,1,0.0,0.0,65884.83,65834.99,-49.83999999999651,39302.53999999976
2026-02-25 03:00:00,1,0.0,1.0,65834.99,65586.17,-248.82000000000698,39053.719999999754
2026-02-25 03:15:00,1,0.0,1.0,65586.17,65459.61,-126.55999999999767,38927.159999999756
2026-02-25 03:30:00,1,0.0,1.0,65459.61,65391.73,-67.87999999999738,38859.27999999976
2026-02-25 03:45:00,1,1.0,0.0,65391.73,65439.57,47.83999999999651,38907.119999999755
2026-02-25 04:00:00,1,1.0,1.0,65439.57,65589.68,150.1099999999933,39057.22999999975
2026-02-25 04:15:00,0,1.0,0.0,65589.68,65638.65,-48.970000000001164,39008.25999999975
2026-02-25 04:30:00,0,0.0,1.0,65638.65,65457.99,180.65999999999622,39188.91999999974
2026-02-25 04:45:00,1,0.0,1.0,65457.99,65339.8,-118.18999999999505,39070.72999999975
2026-02-25 05:00:00,1,0.0,1.0,65339.8,65197.5,-142.3000000000029,38928.429999999746
2026-02-25 05:15:00,1,0.0,1.0,65197.5,64839.45,-358.0500000000029,38570.37999999974
2026-02-25 05:30:00,1,1.0,0.0,64839.45,64882.76,43.31000000000495,38613.68999999975
2026-02-25 05:45:00,1,1.0,1.0,64882.76,64989.1,106.33999999999651,38720.029999999744
2026-02-25 06:00:00,1,1.0,0.0,64989.1,65027.52,38.419999999998254,38758.44999999974
2026-02-25 06:15:00,1,1.0,1.0,65027.52,65093.5,65.9800000000032,38824.429999999746
2026-02-25 06:30:00,0,0.0,1.0,65093.5,64898.22,195.27999999999884,39019.709999999744
2026-02-25 06:45:00,1,1.0,1.0,64898.22,65027.36,129.13999999999942,39148.849999999744
2026-02-25 07:00:00,1,1.0,1.0,65027.36,65116.59,89.22999999999593,39238.07999999974
2026-02-25 07:15:00,0,0.0,1.0,65116.59,64944.66,171.92999999999302,39410.00999999973
2026-02-25 07:30:00,1,1.0,1.0,64944.66,65028.3,83.63999999999942,39493.64999999973
2026-02-25 07:45:00,0,1.0,0.0,65028.3,65032.95,-4.649999999994179,39488.99999999974
2026-02-25 08:00:00,1,1.0,1.0,65032.95,65192.31,159.36000000000058,39648.35999999974
2026-02-25 08:15:00,0,1.0,1.0,65192.31,65420.85,-228.54000000000087,39419.81999999974
2026-02-25 08:30:00,0,1.0,1.0,65420.85,65530.49,-109.63999999999942,39310.17999999974
2026-02-25 08:45:00,0,1.0,0.0,65530.49,65552.0,-21.510000000002037,39288.669999999736
2026-02-25 09:00:00,0,1.0,0.0,65552.0,65570.1,-18.10000000000582,39270.56999999973
2026-02-25 09:15:00,0,0.0,1.0,65570.1,65467.38,102.72000000000844,39373.28999999974
2026-02-25 09:30:00,1,1.0,1.0,65467.38,65558.71,91.33000000000902,39464.61999999975
2026-02-25 09:45:00,0,1.0,0.0,65558.71,65568.58,-9.869999999995343,39454.74999999975
2026-02-25 10:00:00,0,0.0,1.0,65568.58,65368.19,200.38999999999942,39655.13999999975
2026-02-25 10:15:00,1,1.0,1.0,65368.19,65423.96,55.7699999999968,39710.90999999975
2026-02-25 10:30:00,1,0.0,0.0,65423.96,65400.87,-23.089999999996508,39687.81999999975
2026-02-25 10:45:00,1,0.0,1.0,65400.87,65244.63,-156.24000000000524,39531.57999999975
2026-02-25 11:00:00,1,1.0,1.0,65244.63,65362.21,117.58000000000175,39649.15999999975
2026-02-25 11:15:00,1,1.0,1.0,65362.21,65433.81,71.59999999999854,39720.75999999975
2026-02-25 11:30:00,0,0.0,0.0,65433.81,65430.04,3.7699999999967986,39724.529999999744
2026-02-25 11:45:00,1,1.0,1.0,65430.04,65498.32,68.27999999999884,39792.80999999974
2026-02-25 12:00:00,1,1.0,1.0,65498.32,65780.6,282.2800000000061,40075.08999999975
2026-02-25 12:15:00,0,1.0,1.0,65780.6,65842.02,-61.419999999998254,40013.66999999975
2026-02-25 12:30:00,0,1.0,1.0,65842.02,66068.94,-226.91999999999825,39786.74999999975
2026-02-25 12:45:00,0,0.0,0.0,66068.94,66050.01,18.930000000007567,39805.67999999976
2026-02-25 13:00:00,1,1.0,1.0,66050.01,66179.44,129.43000000000757,39935.10999999977
2026-02-25 13:15:00,0,1.0,1.0,66179.44,66315.81,-136.36999999999534,39798.73999999977
2026-02-25 13:30:00,0,0.0,1.0,66315.81,66248.62,67.19000000000233,39865.929999999775
2026-02-25 13:45:00,0,1.0,1.0,66248.62,66482.86,-234.24000000000524,39631.68999999977
2026-02-25 14:00:00,0,1.0,1.0,66482.86,66579.46,-96.60000000000582,39535.089999999764
2026-02-25 14:15:00,0,0.0,1.0,66579.46,66259.02,320.4400000000023,39855.529999999766
2026-02-25 14:30:00,0,1.0,1.0,66259.02,66973.2,-714.179999999993,39141.34999999977
2026-02-25 14:45:00,0,0.0,1.0,66973.2,66844.44,128.75999999999476,39270.10999999977
2026-02-25 15:00:00,0,1.0,1.0,66844.44,67071.05,-226.61000000000058,39043.49999999977
2026-02-25 15:15:00,0,1.0,1.0,67071.05,67515.29,-444.2399999999907,38599.25999999978
2026-02-25 15:30:00,0,0.0,1.0,67515.29,67412.33,102.95999999999185,38702.21999999977
2026-02-25 15:45:00,0,1.0,1.0,67412.33,67601.23,-188.89999999999418,38513.319999999774
2026-02-25 16:00:00,0,1.0,1.0,67601.23,67872.16,-270.93000000000757,38242.38999999977
2026-02-25 16:15:00,0,1.0,1.0,67872.16,67954.52,-82.36000000000058,38160.029999999766
2026-02-25 16:30:00,0,1.0,1.0,67954.52,68297.35,-342.83000000000175,37817.199999999764
2026-02-25 16:45:00,0,1.0,1.0,68297.35,68512.4,-215.04999999998836,37602.149999999776
2026-02-25 17:00:00,0,1.0,0.0,68512.4,68565.44,-53.04000000000815,37549.10999999977
2026-02-25 17:15:00,0,1.0,1.0,68565.44,68770.0,-204.55999999999767,37344.54999999977
2026-02-25 17:30:00,0,0.0,1.0,68770.0,68674.2,95.80000000000291,37440.34999999977
2026-02-25 17:45:00,0,1.0,1.0,68674.2,68871.08,-196.88000000000466,37243.46999999977
2026-02-25 18:00:00,0,1.0,1.0,68871.08,69348.39,-477.3099999999977,36766.15999999977
2026-02-25 18:15:00,0,1.0,1.0,69348.39,69478.55,-130.1600000000035,36635.99999999977
2026-02-25 18:30:00,0,0.0,1.0,69478.55,69328.07,150.47999999999593,36786.47999999976
2026-02-25 18:45:00,0,0.0,1.0,69328.07,68915.55,412.5200000000041,37198.99999999977
2026-02-25 19:00:00,0,1.0,1.0,68915.55,68972.9,-57.34999999999127,37141.649999999776
2026-02-25 19:15:00,0,0.0,1.0,68972.9,68896.61,76.2899999999936,37217.93999999977
2026-02-25 19:30:00,0,1.0,1.0,68896.61,69038.26,-141.64999999999418,37076.289999999775
2026-02-25 19:45:00,0,0.0,1.0,69038.26,68644.69,393.56999999999243,37469.85999999977
2026-02-25 20:00:00,0,1.0,1.0,68644.69,68802.37,-157.67999999999302,37312.179999999775
2026-02-25 20:15:00,0,1.0,1.0,68802.37,69124.96,-322.59000000001106,36989.589999999764
2026-02-25 20:30:00,0,1.0,0.0,69124.96,69148.69,-23.729999999995925,36965.85999999977
2026-02-25 20:45:00,0,0.0,1.0,69148.69,68990.91,157.77999999999884,37123.63999999977
2026-02-25 21:00:00,0,0.0,1.0,68990.91,68803.7,187.2100000000064,37310.84999999977
2026-02-25 21:15:00,0,1.0,1.0,68803.7,69221.59,-417.8899999999994,36892.95999999977
2026-02-25 21:30:00,0,0.0,1.0,69221.59,68919.72,301.86999999999534,37194.82999999977
2026-02-25 21:45:00,0,1.0,1.0,68919.72,69074.88,-155.1600000000035,37039.669999999765
2026-02-25 22:00:00,0,0.0,1.0,69074.88,68878.86,196.02000000000407,37235.68999999977
2026-02-25 22:15:00,0,0.0,1.0,68878.86,68420.42,458.4400000000023,37694.12999999977
2026-02-25 22:30:00,1,1.0,0.0,68420.42,68432.13,11.710000000006403,37705.83999999978
2026-02-25 22:45:00,0,1.0,1.0,68432.13,68517.64,-85.50999999999476,37620.32999999978
2026-02-25 23:00:00,0,0.0,1.0,68517.64,68277.25,240.38999999999942,37860.71999999978
2026-02-25 23:15:00,0,0.0,1.0,68277.25,67695.86,581.3899999999994,38442.10999999978
2026-02-25 23:30:00,1,1.0,1.0,67695.86,67988.04,292.179999999993,38734.289999999775
2026-02-25 23:45:00,0,1.0,1.0,67988.04,68153.57,-165.5300000000134,38568.75999999976
2026-02-26 00:00:00,0,1.0,1.0,68153.57,68280.8,-127.22999999999593,38441.529999999766
2026-02-26 00:15:00,0,0.0,1.0,68280.8,68195.93,84.8700000000099,38526.399999999776
2026-02-26 00:30:00,0,1.0,1.0,68195.93,68335.99,-140.06000000001222,38386.339999999764
2026-02-26 00:45:00,0,1.0,1.0,68335.99,68568.51,-232.51999999998952,38153.819999999774
2026-02-26 01:00:00,0,0.0,1.0,68568.51,68390.41,178.09999999999127,38331.919999999765
2026-02-26 01:15:00,0,0.0,0.0,68390.41,68347.47,42.94000000000233,38374.85999999977
2026-02-26 01:30:00,1,0.0,1.0,68347.47,68248.3,-99.16999999999825,38275.68999999977
2026-02-26 01:45:00,1,0.0,1.0,68248.3,67863.22,-385.08000000000175,37890.60999999977
2026-02-26 02:00:00,1,1.0,1.0,67863.22,67936.4,73.17999999999302,37963.78999999976
2026-02-26 02:15:00,0,1.0,1.0,67936.4,68184.94,-248.54000000000815,37715.24999999975
2026-02-26 02:30:00,0,1.0,1.0,68184.94,68257.45,-72.50999999999476,37642.73999999976
2026-02-26 02:45:00,0,0.0,1.0,68257.45,68145.89,111.55999999999767,37754.299999999756
2026-02-26 03:00:00,0,0.0,0.0,68145.89,68102.57,43.31999999999243,37797.61999999975
2026-02-26 03:15:00,1,1.0,1.0,68102.57,68239.36,136.7899999999936,37934.40999999974
2026-02-26 03:30:00,0,0.0,0.0,68239.36,68216.86,22.5,37956.90999999974
2026-02-26 03:45:00,0,1.0,1.0,68216.86,68526.27,-309.4100000000035,37647.49999999974
2026-02-26 04:00:00,0,1.0,0.0,68526.27,68562.56,-36.2899999999936,37611.209999999744
2026-02-26 04:15:00,0,1.0,1.0,68562.56,68728.89,-166.33000000000175,37444.87999999974
2026-02-26 04:30:00,0,0.0,1.0,68728.89,68571.36,157.52999999999884,37602.40999999974
2026-02-26 04:45:00,0,0.0,1.0,68571.36,68301.57,269.7899999999936,37872.199999999735
2026-02-26 05:00:00,0,1.0,1.0,68301.57,68357.86,-56.2899999999936,37815.90999999974
2026-02-26 05:15:00,0,1.0,1.0,68357.86,68414.34,-56.479999999995925,37759.429999999746
2026-02-26 05:30:00,0,1.0,0.0,68414.34,68443.81,-29.470000000001164,37729.959999999744
2026-02-26 05:45:00,0,1.0,0.0,68443.81,68459.95,-16.139999999999418,37713.819999999745
2026-02-26 06:00:00,0,0.0,1.0,68459.95,68255.65,204.3000000000029,37918.11999999975
2026-02-26 06:15:00,0,0.0,1.0,68255.65,68127.56,128.0899999999965,38046.209999999744
2026-02-26 06:30:00,1,1.0,0.0,68127.56,68176.75,49.19000000000233,38095.39999999975
2026-02-26 06:45:00,0,1.0,0.0,68176.75,68229.23,-52.479999999995925,38042.91999999975
2026-02-26 07:00:00,0,0.0,0.0,68229.23,68177.7,51.529999999998836,38094.44999999975
2026-02-26 07:15:00,0,0.0,1.0,68177.7,67999.85,177.84999999999127,38272.29999999974
2026-02-26 07:30:00,1,0.0,1.0,67999.85,67825.04,-174.81000000001222,38097.48999999973
2026-02-26 07:45:00,1,1.0,1.0,67825.04,68048.93,223.88999999999942,38321.37999999973
2026-02-26 08:00:00,0,0.0,0.0,68048.93,68029.71,19.219999999986612,38340.599999999715
2026-02-26 08:15:00,1,0.0,0.0,68029.71,67990.0,-39.7100000000064,38300.88999999971
2026-02-26 08:30:00,1,0.0,0.0,67990.0,67954.01,-35.99000000000524,38264.8999999997
2026-02-26 08:45:00,1,1.0,1.0,67954.01,68325.83,371.820000000007,38636.71999999971
2026-02-26 09:00:00,0,0.0,1.0,68325.83,68188.52,137.30999999999767,38774.02999999971
2026-02-26 09:15:00,1,1.0,1.0,68188.52,68400.03,211.50999999999476,38985.5399999997
2026-02-26 09:30:00,0,1.0,1.0,68400.03,68589.41,-189.38000000000466,38796.1599999997
2026-02-26 09:45:00,0,0.0,1.0,68589.41,68514.86,74.55000000000291,38870.7099999997
2026-02-26 10:00:00,0,0.0,1.0,68514.86,68332.28,182.58000000000175,39053.2899999997
2026-02-26 10:15:00,1,1.0,1.0,68332.28,68440.0,107.72000000000116,39161.009999999704
2026-02-26 10:30:00,0,0.0,1.0,68440.0,68301.62,138.38000000000466,39299.38999999971
2026-02-26 10:45:00,1,1.0,0.0,68301.62,68347.55,45.93000000000757,39345.319999999716
2026-02-26 11:00:00,0,0.0,1.0,68347.55,68158.58,188.97000000000116,39534.28999999972
2026-02-26 11:15:00,1,0.0,1.0,68158.58,68084.73,-73.85000000000582,39460.43999999971
2026-02-26 11:30:00,1,0.0,0.0,68084.73,68051.31,-33.419999999998254,39427.01999999971
2026-02-26 11:45:00,1,1.0,1.0,68051.31,68202.45,151.13999999999942,39578.15999999971
2026-02-26 12:00:00,0,0.0,0.0,68202.45,68150.46,51.98999999999069,39630.1499999997
2026-02-26 12:15:00,1,0.0,1.0,68150.46,68082.32,-68.13999999999942,39562.009999999704
2026-02-26 12:30:00,1,1.0,1.0,68082.32,68171.56,89.23999999999069,39651.249999999694
2026-02-26 12:45:00,0,0.0,1.0,68171.56,68032.95,138.61000000000058,39789.859999999695
2026-02-26 13:00:00,1,1.0,1.0,68032.95,68158.51,125.55999999999767,39915.41999999969
2026-02-26 13:15:00,0,0.0,1.0,68158.51,68081.66,76.84999999999127,39992.269999999684
2026-02-26 13:30:00,1,0.0,1.0,68081.66,67905.35,-176.30999999999767,39815.959999999686
2026-02-26 13:45:00,1,1.0,1.0,67905.35,67987.84,82.48999999999069,39898.44999999968
2026-02-26 14:00:00,0,1.0,1.0,67987.84,68116.0,-128.1600000000035,39770.28999999967
2026-02-26 14:15:00,0,0.0,1.0,68116.0,67799.74,316.25999999999476,40086.54999999967
2026-02-26 14:30:00,1,0.0,1.0,67799.74,67697.74,-102.0,39984.54999999967
2026-02-26 14:45:00,1,0.0,1.0,67697.74,67374.3,-323.4400000000023,39661.109999999666
2026-02-26 15:00:00,1,0.0,1.0,67374.3,66979.88,-394.41999999999825,39266.68999999967
2026-02-26 15:15:00,1,1.0,1.0,66979.88,67347.34,367.45999999999185,39634.14999999966
2026-02-26 15:30:00,0,1.0,0.0,67347.34,67382.0,-34.66000000000349,39599.489999999656
2026-02-26 15:45:00,0,0.0,1.0,67382.0,67150.03,231.97000000000116,39831.45999999966
2026-02-26 16:00:00,1,1.0,1.0,67150.03,67452.01,301.9799999999959,40133.43999999965
2026-02-26 16:15:00,0,0.0,1.0,67452.01,67041.58,410.429999999993,40543.869999999646
2026-02-26 16:30:00,1,0.0,1.0,67041.58,66643.55,-398.02999999999884,40145.83999999965
2026-02-26 16:45:00,1,1.0,1.0,66643.55,66890.89,247.3399999999965,40393.179999999644
2026-02-26 17:00:00,1,1.0,0.0,66890.89,66936.31,45.419999999998254,40438.59999999964
2026-02-26 17:15:00,0,0.0,1.0,66936.31,66747.47,188.8399999999965,40627.43999999964
2026-02-26 17:30:00,1,1.0,1.0,66747.47,66826.8,79.33000000000175,40706.76999999964
2026-02-26 17:45:00,0,0.0,1.0,66826.8,66771.52,55.279999999998836,40762.04999999964
2026-02-26 18:00:00,1,1.0,1.0,66771.52,66863.0,91.47999999999593,40853.529999999635
2026-02-26 18:15:00,0,1.0,1.0,66863.0,67262.95,-399.9499999999971,40453.57999999964
2026-02-26 18:30:00,0,1.0,0.0,67262.95,67310.53,-47.580000000001746,40405.999999999636
2026-02-26 18:45:00,0,1.0,1.0,67310.53,67503.83,-193.3000000000029,40212.69999999963
2026-02-26 19:00:00,0,1.0,1.0,67503.83,67572.96,-69.13000000000466,40143.56999999963
2026-02-26 19:15:00,0,0.0,1.0,67572.96,67478.24,94.72000000000116,40238.28999999963
2026-02-26 19:30:00,0,1.0,1.0,67478.24,67589.22,-110.97999999999593,40127.309999999634
2026-02-26 19:45:00,0,1.0,1.0,67589.22,67679.9,-90.67999999999302,40036.62999999964
2026-02-26 20:00:00,0,0.0,1.0,67679.9,67559.79,120.11000000000058,40156.73999999964
2026-02-26 20:15:00,0,0.0,1.0,67559.79,67470.59,89.19999999999709,40245.93999999964
2026-02-26 20:30:00,0,0.0,1.0,67470.59,67414.07,56.51999999998952,40302.45999999963
2026-02-26 20:45:00,0,0.0,1.0,67414.07,67358.6,55.470000000001164,40357.92999999963
2026-02-26 21:00:00,1,1.0,1.0,67358.6,67477.12,118.51999999998952,40476.44999999962
2026-02-26 21:15:00,0,0.0,0.0,67477.12,67440.03,37.08999999999651,40513.539999999615
2026-02-26 21:30:00,0,1.0,0.0,67440.03,67463.65,-23.619999999995343,40489.91999999962
2026-02-26 21:45:00,0,1.0,1.0,67463.65,67546.77,-83.1200000000099,40406.79999999961
2026-02-26 22:00:00,0,0.0,1.0,67546.77,67414.52,132.25,40539.04999999961
2026-02-26 22:15:00,0,1.0,1.0,67414.52,67600.21,-185.69000000000233,40353.35999999961
2026-02-26 22:30:00,0,0.0,0.0,67600.21,67572.3,27.910000000003492,40381.26999999961
2026-02-26 22:45:00,0,0.0,1.0,67572.3,67519.48,52.820000000006985,40434.08999999962
2026-02-26 23:00:00,0,1.0,0.0,67519.48,67569.44,-49.9600000000064,40384.12999999961
2026-02-26 23:15:00,0,0.0,1.0,67569.44,67506.23,63.2100000000064,40447.33999999962
2026-02-26 23:30:00,0,0.0,0.0,67506.23,67485.18,21.05000000000291,40468.38999999962
2026-02-26 23:45:00,1,0.0,1.0,67485.18,67356.64,-128.5399999999936,40339.84999999963
2026-02-27 00:00:00,1,0.0,0.0,67356.64,67307.23,-49.41000000000349,40290.439999999624
2026-02-27 00:15:00,1,0.0,1.0,67307.23,67132.81,-174.41999999999825,40116.019999999626
2026-02-27 00:30:00,1,1.0,1.0,67132.81,67226.5,93.69000000000233,40209.70999999963
2026-02-27 00:45:00,0,0.0,1.0,67226.5,66998.09,228.4100000000035,40438.11999999963
2026-02-27 01:00:00,1,1.0,1.0,66998.09,67073.13,75.04000000000815,40513.15999999964
2026-02-27 01:15:00,0,1.0,1.0,67073.13,67152.24,-79.11000000000058,40434.04999999964
2026-02-27 01:30:00,0,1.0,1.0,67152.24,67352.26,-200.01999999998952,40234.02999999965
2026-02-27 01:45:00,0,0.0,0.0,67352.26,67325.34,26.919999999998254,40260.94999999965
2026-02-27 02:00:00,0,1.0,1.0,67325.34,67412.48,-87.13999999999942,40173.80999999965
2026-02-27 02:15:00,0,1.0,0.0,67412.48,67430.64,-18.160000000003492,40155.649999999645
2026-02-27 02:30:00,0,0.0,1.0,67430.64,67266.58,164.05999999999767,40319.70999999964
2026-02-27 02:45:00,0,0.0,1.0,67266.58,67177.7,88.88000000000466,40408.58999999965
2026-02-27 03:00:00,0,0.0,1.0,67177.7,67112.05,65.64999999999418,40474.23999999964
2026-02-27 03:15:00,1,1.0,1.0,67112.05,67395.27,283.22000000000116,40757.45999999964
2026-02-27 03:30:00,0,1.0,1.0,67395.27,67600.84,-205.56999999999243,40551.88999999965
2026-02-27 03:45:00,0,1.0,1.0,67600.84,67927.79,-326.9499999999971,40224.93999999965
2026-02-27 04:00:00,0,1.0,0.0,67927.79,67947.9,-20.110000000000582,40204.82999999965
2026-02-27 04:15:00,0,0.0,1.0,67947.9,67759.6,188.29999999998836,40393.12999999964
2026-02-27 04:30:00,0,0.0,0.0,67759.6,67747.49,12.110000000000582,40405.23999999964
2026-02-27 04:45:00,1,1.0,1.0,67747.49,67859.09,111.59999999999127,40516.83999999963
2026-02-27 05:00:00,0,0.0,1.0,67859.09,67806.87,52.220000000001164,40569.059999999634
2026-02-27 05:15:00,0,1.0,0.0,67806.87,67841.51,-34.63999999999942,40534.419999999634
2026-02-27 05:30:00,0,0.0,1.0,67841.51,67724.99,116.51999999998952,40650.939999999624
2026-02-27 05:45:00,0,0.0,1.0,67724.99,67667.13,57.86000000000058,40708.799999999625
2026-02-27 06:00:00,1,0.0,1.0,67667.13,67605.15,-61.98000000001048,40646.819999999614
2026-02-27 06:15:00,1,1.0,1.0,67605.15,67740.21,135.06000000001222,40781.879999999626
2026-02-27 06:30:00,0,0.0,1.0,67740.21,67658.14,82.07000000000698,40863.94999999963
2026-02-27 06:45:00,1,0.0,0.0,67658.14,67653.86,-4.279999999998836,40859.669999999634
2026-02-27 07:00:00,1,0.0,1.0,67653.86,67506.39,-147.47000000000116,40712.19999999963
2026-02-27 07:15:00,1,1.0,0.0,67506.39,67549.02,42.63000000000466,40754.82999999964
2026-02-27 07:30:00,0,1.0,1.0,67549.02,67690.6,-141.58000000000175,40613.249999999636
2026-02-27 07:45:00,0,1.0,1.0,67690.6,67890.94,-200.3399999999965,40412.90999999964
2026-02-27 08:00:00,0,1.0,1.0,67890.94,67967.9,-76.95999999999185,40335.94999999965
2026-02-27 08:15:00,0,0.0,0.0,67967.9,67924.38,43.51999999998952,40379.46999999964
2026-02-27 08:30:00,0,1.0,0.0,67924.38,67926.24,-1.860000000000582,40377.60999999964
2026-02-27 08:45:00,0,1.0,0.0,67926.24,67972.86,-46.61999999999534,40330.98999999964
2026-02-27 09:00:00,0,1.0,1.0,67972.86,68026.05,-53.19000000000233,40277.79999999964
2026-02-27 09:15:00,0,0.0,1.0,68026.05,67609.71,416.3399999999965,40694.139999999636
2026-02-27 09:30:00,0,0.0,1.0,67609.71,67355.73,253.98000000001048,40948.119999999646
2026-02-27 09:45:00,1,0.0,1.0,67355.73,66874.31,-481.41999999999825,40466.69999999965
2026-02-27 10:00:00,1,0.0,1.0,66874.31,66788.31,-86.0,40380.69999999965
2026-02-27 10:15:00,1,1.0,0.0,66788.31,66816.06,27.75,40408.44999999965
2026-02-27 10:30:00,1,0.0,1.0,66816.06,66604.91,-211.14999999999418,40197.299999999654
2026-02-27 10:45:00,1,1.0,1.0,66604.91,66700.53,95.61999999999534,40292.91999999965
2026-02-27 11:00:00,1,0.0,1.0,66700.53,66525.66,-174.86999999999534,40118.049999999654
2026-02-27 11:15:00,1,0.0,1.0,66525.66,66002.58,-523.0800000000017,39594.96999999965
2026-02-27 11:30:00,1,1.0,1.0,66002.58,66126.99,124.41000000000349,39719.379999999655
2026-02-27 11:45:00,1,0.0,1.0,66126.99,65988.97,-138.02000000000407,39581.35999999965
2026-02-27 12:00:00,1,0.0,1.0,65988.97,65899.99,-88.97999999999593,39492.379999999655
2026-02-27 12:15:00,1,0.0,0.0,65899.99,65897.31,-2.680000000007567,39489.69999999965
2026-02-27 12:30:00,1,1.0,0.0,65897.31,65928.01,30.69999999999709,39520.399999999645
2026-02-27 12:45:00,1,1.0,1.0,65928.01,66043.03,115.02000000000407,39635.41999999965
2026-02-27 13:00:00,0,0.0,0.0,66043.03,66018.0,25.029999999998836,39660.44999999965
2026-02-27 13:15:00,1,1.0,0.0,66018.0,66030.92,12.919999999998254,39673.369999999646
2026-02-27 13:30:00,1,1.0,1.0,66030.92,66270.55,239.63000000000466,39912.99999999965
2026-02-27 13:45:00,0,1.0,1.0,66270.55,66323.22,-52.669999999998254,39860.32999999965
2026-02-27 14:00:00,0,0.0,1.0,66323.22,66117.81,205.4100000000035,40065.739999999656
2026-02-27 14:15:00,1,0.0,1.0,66117.81,65880.01,-237.8000000000029,39827.93999999965
2026-02-27 14:30:00,1,1.0,0.0,65880.01,65887.59,7.580000000001746,39835.519999999655
2026-02-27 14:45:00,1,1.0,1.0,65887.59,66034.27,146.68000000000757,39982.19999999966
2026-02-27 15:00:00,0,1.0,1.0,66034.27,66113.99,-79.72000000000116,39902.47999999966
2026-02-27 15:15:00,0,0.0,0.0,66113.99,66076.41,37.580000000001746,39940.05999999966
2026-02-27 15:30:00,1,1.0,0.0,66076.41,66095.4,18.989999999990687,39959.049999999654
2026-02-27 15:45:00,1,0.0,1.0,66095.4,65897.56,-197.8399999999965,39761.20999999966
2026-02-27 16:00:00,1,1.0,1.0,65897.56,65996.26,98.69999999999709,39859.909999999654
2026-02-27 16:15:00,1,0.0,1.0,65996.26,65729.57,-266.6899999999878,39593.21999999967
2026-02-27 16:30:00,1,0.0,1.0,65729.57,65475.21,-254.36000000000786,39338.85999999966
2026-02-27 16:45:00,1,0.0,0.0,65475.21,65460.09,-15.12000000000262,39323.739999999656
2026-02-27 17:00:00,1,0.0,1.0,65460.09,65205.21,-254.87999999999738,39068.85999999966
2026-02-27 17:15:00,1,1.0,1.0,65205.21,65411.38,206.16999999999825,39275.02999999966
2026-02-27 17:30:00,1,1.0,1.0,65411.38,65703.19,291.81000000000495,39566.83999999966
2026-02-27 17:45:00,0,0.0,1.0,65703.19,65545.82,157.36999999999534,39724.20999999966
2026-02-27 18:00:00,1,1.0,0.0,65545.82,65576.39,30.569999999992433,39754.77999999965
2026-02-27 18:15:00,1,0.0,0.0,65576.39,65574.31,-2.0800000000017462,39752.69999999965
2026-02-27 18:30:00,1,0.0,1.0,65574.31,65314.76,-259.54999999999563,39493.14999999965
2026-02-27 18:45:00,1,0.0,0.0,65314.76,65287.27,-27.49000000000524,39465.65999999965
2026-02-27 19:00:00,1,1.0,1.0,65287.27,65339.58,52.31000000000495,39517.96999999965
2026-02-27 19:15:00,1,0.0,0.0,65339.58,65293.63,-45.950000000004366,39472.01999999965
2026-02-27 19:30:00,1,1.0,1.0,65293.63,65392.18,98.55000000000291,39570.56999999965
2026-02-27 19:45:00,1,1.0,1.0,65392.18,65566.41,174.2300000000032,39744.799999999654
2026-02-27 20:00:00,0,1.0,0.0,65566.41,65577.54,-11.129999999990105,39733.66999999966
2026-02-27 20:15:00,0,1.0,1.0,65577.54,65631.29,-53.75,39679.91999999966
2026-02-27 20:30:00,0,0.0,0.0,65631.29,65594.67,36.61999999999534,39716.53999999966
2026-02-27 20:45:00,1,0.0,0.0,65594.67,65577.21,-17.45999999999185,39699.07999999967
2026-02-27 21:00:00,1,1.0,1.0,65577.21,65704.54,127.3299999999872,39826.409999999654
2026-02-27 21:15:00,0,0.0,1.0,65704.54,65621.37,83.16999999999825,39909.57999999965
2026-02-27 21:30:00,1,0.0,1.0,65621.37,65527.59,-93.77999999999884,39815.799999999654
2026-02-27 21:45:00,1,1.0,0.0,65527.59,65546.28,18.69000000000233,39834.489999999656
2026-02-27 22:00:00,0,0.0,1.0,65546.28,65466.66,79.61999999999534,39914.10999999965
2026-02-27 22:15:00,1,1.0,1.0,65466.66,65597.05,130.38999999999942,40044.49999999965
2026-02-27 22:30:00,0,1.0,0.0,65597.05,65637.99,-40.94000000000233,40003.55999999965
2026-02-27 22:45:00,0,1.0,1.0,65637.99,65736.63,-98.63999999999942,39904.91999999965
2026-02-27 23:00:00,0,1.0,1.0,65736.63,65886.41,-149.77999999999884,39755.13999999965
2026-02-27 23:15:00,0,0.0,1.0,65886.41,65833.15,53.26000000000931,39808.39999999966
2026-02-27 23:30:00,1,1.0,0.0,65833.15,65872.1,38.95000000001164,39847.34999999967
2026-02-27 23:45:00,0,1.0,1.0,65872.1,65998.04,-125.93999999998778,39721.40999999968
2026-02-28 00:00:00,0,0.0,1.0,65998.04,65775.8,222.2399999999907,39943.649999999674
2026-02-28 00:15:00,1,1.0,1.0,65775.8,65950.21,174.4100000000035,40118.05999999968
2026-02-28 00:30:00,0,0.0,0.0,65950.21,65942.0,8.210000000006403,40126.269999999684
2026-02-28 00:45:00,1,0.0,1.0,65942.0,65859.38,-82.61999999999534,40043.64999999969
2026-02-28 01:00:00,1,0.0,0.0,65859.38,65838.0,-21.380000000004657,40022.269999999684
2026-02-28 01:15:00,1,0.0,1.0,65838.0,65791.58,-46.419999999998254,39975.849999999686
2026-02-28 01:30:00,1,0.0,0.0,65791.58,65770.36,-21.220000000001164,39954.629999999685
2026-02-28 01:45:00,1,1.0,1.0,65770.36,65870.61,100.25,40054.879999999685
2026-02-28 02:00:00,0,1.0,1.0,65870.61,65918.71,-48.10000000000582,40006.77999999968
2026-02-28 02:15:00,0,1.0,1.0,65918.71,65964.51,-45.79999999998836,39960.97999999969
2026-02-28 02:30:00,0,0.0,0.0,65964.51,65961.13,3.3799999999901047,39964.35999999968
2026-02-28 02:45:00,1,0.0,1.0,65961.13,65859.14,-101.99000000000524,39862.369999999675
2026-02-28 03:00:00,1,1.0,0.0,65859.14,65889.86,30.720000000001164,39893.08999999968
2026-02-28 03:15:00,0,0.0,1.0,65889.86,65768.82,121.0399999999936,40014.12999999967
2026-02-28 03:30:00,1,1.0,0.0,65768.82,65797.42,28.59999999999127,40042.72999999966
2026-02-28 03:45:00,0,0.0,1.0,65797.42,65750.93,46.49000000000524,40089.21999999967
2026-02-28 04:00:00,1,0.0,1.0,65750.93,65673.05,-77.8799999999901,40011.33999999968
2026-02-28 04:15:00,1,0.0,0.0,65673.05,65650.44,-22.610000000000582,39988.729999999676
2026-02-28 04:30:00,1,1.0,0.0,65650.44,65663.2,12.759999999994761,40001.48999999967
2026-02-28 04:45:00,1,1.0,1.0,65663.2,65722.52,59.320000000006985,40060.80999999968
2026-02-28 05:00:00,0,0.0,1.0,65722.52,65646.08,76.44000000000233,40137.24999999968
2026-02-28 05:15:00,1,0.0,1.0,65646.08,65557.51,-88.57000000000698,40048.67999999967
2026-02-28 05:30:00,1,1.0,0.0,65557.51,65591.03,33.520000000004075,40082.19999999968
2026-02-28 05:45:00,0,0.0,1.0,65591.03,65492.96,98.06999999999971,40180.26999999968
2026-02-28 06:00:00,1,0.0,1.0,65492.96,64570.21,-922.75,39257.51999999968
2026-02-28 06:15:00,1,0.0,1.0,64570.21,64052.07,-518.1399999999994,38739.37999999968
2026-02-28 06:30:00,1,0.0,1.0,64052.07,63216.01,-836.0599999999977,37903.31999999968
2026-02-28 06:45:00,1,1.0,1.0,63216.01,63769.71,553.6999999999971,38457.01999999968
2026-02-28 07:00:00,1,0.0,1.0,63769.71,63512.86,-256.84999999999854,38200.16999999968
2026-02-28 07:15:00,1,1.0,1.0,63512.86,64056.29,543.4300000000003,38743.59999999968
2026-02-28 07:30:00,1,0.0,1.0,64056.29,63826.0,-230.29000000000087,38513.30999999968
2026-02-28 07:45:00,1,0.0,1.0,63826.0,63623.2,-202.8000000000029,38310.509999999675
2026-02-28 08:00:00,1,1.0,0.0,63623.2,63628.1,4.900000000001455,38315.409999999676
2026-02-28 08:15:00,1,0.0,0.0,63628.1,63611.87,-16.229999999995925,38299.17999999968
2026-02-28 08:30:00,1,0.0,1.0,63611.87,63473.28,-138.59000000000378,38160.58999999968
2026-02-28 08:45:00,1,1.0,1.0,63473.28,63708.79,235.51000000000204,38396.09999999968
2026-02-28 09:00:00,1,1.0,1.0,63708.79,63842.21,133.41999999999825,38529.51999999968
2026-02-28 09:15:00,1,0.0,1.0,63842.21,63623.58,-218.62999999999738,38310.88999999968
2026-02-28 09:30:00,1,1.0,0.0,63623.58,63658.54,34.95999999999913,38345.84999999968
2026-02-28 09:45:00,1,0.0,1.0,63658.54,63565.53,-93.01000000000204,38252.83999999968
2026-02-28 10:00:00,1,1.0,1.0,63565.53,63844.2,278.66999999999825,38531.509999999675
2026-02-28 10:15:00,0,1.0,1.0,63844.2,63952.01,-107.81000000000495,38423.69999999967
2026-02-28 10:30:00,1,1.0,1.0,63952.01,64010.39,58.37999999999738,38482.07999999967
2026-02-28 10:45:00,1,1.0,1.0,64010.39,64089.45,79.05999999999767,38561.139999999665
2026-02-28 11:00:00,1,1.0,1.0,64089.45,64250.89,161.44000000000233,38722.57999999967
2026-02-28 11:15:00,0,0.0,1.0,64250.89,64015.97,234.91999999999825,38957.499999999665
2026-02-28 11:30:00,1,0.0,1.0,64015.97,63844.2,-171.77000000000407,38785.72999999966
2026-02-28 11:45:00,1,1.0,1.0,63844.2,63944.59,100.38999999999942,38886.11999999966
2026-02-28 12:00:00,1,1.0,1.0,63944.59,64000.0,55.41000000000349,38941.529999999664
2026-02-28 12:15:00,1,1.0,0.0,64000.0,64014.95,14.94999999999709,38956.47999999966
2026-02-28 12:30:00,1,1.0,0.0,64014.95,64017.19,2.2400000000052387,38958.71999999967
2026-02-28 12:45:00,1,1.0,1.0,64017.19,64068.61,51.419999999998254,39010.139999999665
2026-02-28 13:00:00,1,0.0,0.0,64068.61,64029.5,-39.11000000000058,38971.029999999664
2026-02-28 13:15:00,1,1.0,0.0,64029.5,64055.82,26.31999999999971,38997.349999999664
2026-02-28 13:30:00,1,1.0,1.0,64055.82,65106.44,1050.6200000000026,40047.96999999967
2026-02-28 13:45:00,0,0.0,1.0,65106.44,64823.0,283.4400000000023,40331.40999999967
2026-02-28 14:00:00,1,0.0,0.0,64823.0,64793.52,-29.4800000000032,40301.929999999666
2026-02-28 14:15:00,1,1.0,1.0,64793.52,64934.2,140.6800000000003,40442.609999999666
2026-02-28 14:30:00,0,0.0,1.0,64934.2,64435.61,498.5899999999965,40941.19999999966
2026-02-28 14:45:00,1,0.0,1.0,64435.61,64224.27,-211.34000000000378,40729.85999999966
2026-02-28 15:00:00,1,1.0,1.0,64224.27,64752.83,528.560000000005,41258.41999999966
2026-02-28 15:15:00,0,1.0,1.0,64752.83,64832.4,-79.56999999999971,41178.849999999664
2026-02-28 15:30:00,0,1.0,0.0,64832.4,64841.18,-8.779999999998836,41170.069999999665
2026-02-28 15:45:00,1,1.0,0.0,64841.18,64889.7,48.5199999999968,41218.58999999966
2026-02-28 16:00:00,0,1.0,1.0,64889.7,64942.77,-53.06999999999971,41165.51999999966
2026-02-28 16:15:00,0,1.0,1.0,64942.77,65162.62,-219.85000000000582,40945.669999999656
2026-02-28 16:30:00,0,0.0,1.0,65162.62,65094.3,68.31999999999971,41013.989999999656
2026-02-28 16:45:00,1,0.0,1.0,65094.3,64945.79,-148.51000000000204,40865.479999999654
2026-02-28 17:00:00,1,1.0,1.0,64945.79,65102.11,156.3199999999997,41021.799999999654
2026-02-28 17:15:00,0,0.0,1.0,65102.11,64957.95,144.1600000000035,41165.95999999966
2026-02-28 17:30:00,1,1.0,1.0,64957.95,65442.62,484.67000000000553,41650.62999999966
2026-02-28 17:45:00,0,0.0,1.0,65442.62,65273.58,169.04000000000087,41819.66999999966
2026-02-28 18:00:00,1,0.0,1.0,65273.58,65187.71,-85.87000000000262,41733.79999999966
2026-02-28 18:15:00,1,1.0,1.0,65187.71,65665.04,477.32999999999447,42211.129999999655
2026-02-28 18:30:00,0,1.0,1.0,65665.04,65911.84,-246.8000000000029,41964.32999999965
2026-02-28 18:45:00,0,0.0,1.0,65911.84,65758.56,153.27999999999884,42117.60999999965
2026-02-28 19:00:00,0,0.0,0.0,65758.56,65736.01,22.55000000000291,42140.159999999654
2026-02-28 19:15:00,1,1.0,1.0,65736.01,66376.97,640.9600000000064,42781.11999999966
2026-02-28 19:30:00,0,0.0,0.0,66376.97,66362.01,14.960000000006403,42796.07999999967
2026-02-28 19:45:00,0,1.0,1.0,66362.01,66569.54,-207.52999999999884,42588.54999999967
2026-02-28 20:00:00,0,1.0,1.0,66569.54,66750.14,-180.60000000000582,42407.94999999966
2026-02-28 20:15:00,0,1.0,0.0,66750.14,66781.55,-31.410000000003492,42376.53999999966
2026-02-28 20:30:00,0,1.0,1.0,66781.55,66959.62,-178.06999999999243,42198.46999999967
2026-02-28 20:45:00,0,0.0,1.0,66959.62,66571.22,388.3999999999942,42586.86999999966
2026-02-28 21:00:00,0,0.0,1.0,66571.22,66472.01,99.2100000000064,42686.07999999967
2026-02-28 21:15:00,0,1.0,1.0,66472.01,66845.33,-373.320000000007,42312.75999999966
2026-02-28 21:30:00,0,0.0,1.0,66845.33,66723.22,122.11000000000058,42434.86999999966
2026-02-28 21:45:00,0,1.0,1.0,66723.22,66938.93,-215.70999999999185,42219.15999999967
2026-02-28 22:00:00,0,1.0,1.0,66938.93,67005.3,-66.3700000000099,42152.78999999966
2026-02-28 22:15:00,0,1.0,1.0,67005.3,67338.93,-333.6299999999901,41819.15999999967
2026-02-28 22:30:00,0,0.0,1.0,67338.93,67103.64,235.2899999999936,42054.44999999966
2026-02-28 22:45:00,0,0.0,1.0,67103.64,66961.58,142.05999999999767,42196.50999999966
2026-02-28 23:00:00,0,0.0,1.0,66961.58,66896.07,65.50999999999476,42262.019999999655
2026-02-28 23:15:00,0,0.0,0.0,66896.07,66886.16,9.910000000003492,42271.92999999966
2026-02-28 23:30:00,0,1.0,1.0,66886.16,66973.26,-87.09999999999127,42184.82999999967
2026-02-28 23:45:00,0,0.0,1.0,66973.26,66913.18,60.080000000001746,42244.90999999967
2026-03-01 00:00:00,0,0.0,1.0,66913.18,66778.32,134.85999999998603,42379.769999999655
2026-03-01 00:15:00,0,0.0,1.0,66778.32,66640.71,137.61000000000058,42517.379999999655
2026-03-01 00:30:00,0,1.0,1.0,66640.71,66791.29,-150.5799999999872,42366.79999999967
2026-03-01 00:45:00,0,0.0,1.0,66791.29,66303.12,488.16999999999825,42854.96999999967
2026-03-01 01:00:00,1,1.0,0.0,66303.12,66351.03,47.91000000000349,42902.87999999967
2026-03-01 01:15:00,0,1.0,1.0,66351.03,66626.57,-275.54000000000815,42627.33999999966
2026-03-01 01:30:00,0,1.0,1.0,66626.57,67339.36,-712.7899999999936,41914.54999999967
2026-03-01 01:45:00,0,1.0,1.0,67339.36,67895.95,-556.5899999999965,41357.95999999967
2026-03-01 02:00:00,0,0.0,1.0,67895.95,67764.51,131.44000000000233,41489.399999999674
2026-03-01 02:15:00,0,1.0,1.0,67764.51,68072.53,-308.0200000000041,41181.37999999967
2026-03-01 02:30:00,0,0.0,1.0,68072.53,67620.65,451.88000000000466,41633.259999999675
2026-03-01 02:45:00,0,1.0,1.0,67620.65,67728.68,-108.02999999999884,41525.229999999676
2026-03-01 03:00:00,0,0.0,1.0,67728.68,67563.49,165.18999999998778,41690.41999999966
2026-03-01 03:15:00,0,1.0,1.0,67563.49,67641.85,-78.36000000000058,41612.05999999966
2026-03-01 03:30:00,0,0.0,1.0,67641.85,67502.16,139.69000000000233,41751.749999999665
2026-03-01 03:45:00,0,0.0,1.0,67502.16,67285.68,216.48000000001048,41968.229999999676
2026-03-01 04:00:00,0,1.0,0.0,67285.68,67322.85,-37.170000000012806,41931.05999999966
2026-03-01 04:15:00,0,1.0,1.0,67322.85,67397.42,-74.56999999999243,41856.48999999967
2026-03-01 04:30:00,0,0.0,0.0,67397.42,67346.5,50.919999999998254,41907.40999999967
2026-03-01 04:45:00,0,0.0,0.0,67346.5,67321.97,24.529999999998836,41931.93999999967
2026-03-01 05:00:00,0,1.0,1.0,67321.97,67451.26,-129.2899999999936,41802.649999999674
2026-03-01 05:15:00,0,0.0,1.0,67451.26,67385.15,66.11000000000058,41868.759999999675
2026-03-01 05:30:00,0,0.0,1.0,67385.15,67292.09,93.05999999999767,41961.81999999967
2026-03-01 05:45:00,0,0.0,1.0,67292.09,67080.69,211.39999999999418,42173.21999999967
2026-03-01 06:00:00,1,0.0,0.0,67080.69,67047.13,-33.55999999999767,42139.65999999967
2026-03-01 06:15:00,1,0.0,1.0,67047.13,66932.39,-114.74000000000524,42024.91999999966
2026-03-01 06:30:00,1,0.0,0.0,66932.39,66926.68,-5.710000000006403,42019.20999999966
2026-03-01 06:45:00,1,1.0,1.0,66926.68,67016.21,89.53000000001339,42108.73999999967
2026-03-01 07:00:00,0,0.0,0.0,67016.21,66987.65,28.560000000012224,42137.29999999968
2026-03-01 07:15:00,0,1.0,1.0,66987.65,67102.17,-114.52000000000407,42022.77999999968
2026-03-01 07:30:00,0,1.0,0.0,67102.17,67141.39,-39.220000000001164,41983.55999999968
2026-03-01 07:45:00,0,1.0,1.0,67141.39,67269.74,-128.35000000000582,41855.20999999967
2026-03-01 08:00:00,0,0.0,0.0,67269.74,67228.0,41.74000000000524,41896.94999999968
2026-03-01 08:15:00,0,0.0,1.0,67228.0,67140.01,87.99000000000524,41984.93999999968
2026-03-01 08:30:00,0,0.0,1.0,67140.01,66560.14,579.8699999999953,42564.80999999968
2026-03-01 08:45:00,1,1.0,0.0,66560.14,66587.91,27.770000000004075,42592.57999999968
2026-03-01 09:00:00,1,1.0,0.0,66587.91,66612.96,25.05000000000291,42617.629999999685
2026-03-01 09:15:00,0,0.0,1.0,66612.96,66300.81,312.15000000000873,42929.77999999969
2026-03-01 09:30:00,1,1.0,1.0,66300.81,66410.08,109.27000000000407,43039.0499999997
2026-03-01 09:45:00,0,1.0,1.0,66410.08,66524.84,-114.75999999999476,42924.2899999997
2026-03-01 10:00:00,0,1.0,0.0,66524.84,66578.2,-53.36000000000058,42870.9299999997
2026-03-01 10:15:00,0,0.0,1.0,66578.2,66398.26,179.94000000000233,43050.869999999704
2026-03-01 10:30:00,1,1.0,1.0,66398.26,66467.06,68.80000000000291,43119.66999999971
2026-03-01 10:45:00,0,1.0,0.0,66467.06,66514.84,-47.779999999998836,43071.88999999971
2026-03-01 11:00:00,0,1.0,0.0,66514.84,66557.85,-43.01000000000931,43028.8799999997
2026-03-01 11:15:00,0,0.0,1.0,66557.85,66387.6,170.25,43199.1299999997
2026-03-01 11:30:00,1,1.0,1.0,66387.6,66468.03,80.42999999999302,43279.55999999969
2026-03-01 11:45:00,0,1.0,0.0,66468.03,66506.77,-38.74000000000524,43240.81999999969
2026-03-01 12:00:00,0,0.0,1.0,66506.77,66415.51,91.26000000000931,43332.079999999696
2026-03-01 12:15:00,0,1.0,1.0,66415.51,66491.27,-75.76000000000931,43256.31999999969
2026-03-01 12:30:00,0,0.0,1.0,66491.27,66296.48,194.79000000000815,43451.109999999695
2026-03-01 12:45:00,1,1.0,0.0,66296.48,66316.64,20.160000000003492,43471.2699999997
2026-03-01 13:00:00,0,1.0,0.0,66316.64,66319.99,-3.3500000000058208,43467.91999999969
2026-03-01 13:15:00,0,1.0,0.0,66319.99,66352.75,-32.75999999999476,43435.1599999997
2026-03-01 13:30:00,0,1.0,1.0,66352.75,66934.79,-582.0399999999936,42853.119999999704
2026-03-01 13:45:00,0,1.0,1.0,66934.79,67073.12,-138.33000000000175,42714.7899999997
2026-03-01 14:00:00,0,0.0,1.0,67073.12,66917.8,155.31999999999243,42870.109999999695
2026-03-01 14:15:00,0,0.0,1.0,66917.8,66826.3,91.5,42961.609999999695
2026-03-01 14:30:00,0,1.0,0.0,66826.3,66847.8,-21.5,42940.109999999695
2026-03-01 14:45:00,0,1.0,1.0,66847.8,67115.18,-267.3799999999901,42672.729999999705
2026-03-01 15:00:00,0,0.0,0.0,67115.18,67077.22,37.95999999999185,42710.6899999997
2026-03-01 15:15:00,0,1.0,1.0,67077.22,67215.0,-137.77999999999884,42572.9099999997
2026-03-01 15:30:00,0,0.0,1.0,67215.0,66842.42,372.58000000000175,42945.4899999997
2026-03-01 15:45:00,1,1.0,1.0,66842.42,66946.19,103.77000000000407,43049.259999999704
2026-03-01 16:00:00,0,1.0,1.0,66946.19,67029.87,-83.67999999999302,42965.57999999971
2026-03-01 16:15:00,0,0.0,1.0,67029.87,66828.52,201.34999999999127,43166.9299999997
2026-03-01 16:30:00,1,0.0,1.0,66828.52,66135.45,-693.070000000007,42473.859999999695
2026-03-01 16:45:00,1,0.0,0.0,66135.45,66110.94,-24.50999999999476,42449.3499999997
2026-03-01 17:00:00,1,0.0,1.0,66110.94,66022.34,-88.60000000000582,42360.749999999694
2026-03-01 17:15:00,1,0.0,0.0,66022.34,66015.56,-6.779999999998836,42353.969999999696
2026-03-01 17:30:00,1,0.0,0.0,66015.56,65979.61,-35.94999999999709,42318.0199999997
2026-03-01 17:45:00,1,1.0,1.0,65979.61,66395.96,416.3500000000058,42734.369999999704
2026-03-01 18:00:00,0,1.0,0.0,66395.96,66415.94,-19.979999999995925,42714.38999999971
2026-03-01 18:15:00,0,0.0,0.0,66415.94,66367.14,48.80000000000291,42763.18999999971
2026-03-01 18:30:00,0,0.0,0.0,66367.14,66316.83,50.30999999999767,42813.49999999971
2026-03-01 18:45:00,1,0.0,1.0,66316.83,66079.47,-237.36000000000058,42576.13999999971
2026-03-01 19:00:00,1,0.0,1.0,66079.47,66008.42,-71.05000000000291,42505.089999999705
2026-03-01 19:15:00,1,0.0,1.0,66008.42,65823.64,-184.77999999999884,42320.30999999971
2026-03-01 19:30:00,1,1.0,1.0,65823.64,65962.17,138.52999999999884,42458.839999999705
2026-03-01 19:45:00,1,0.0,1.0,65962.17,65454.66,-507.50999999999476,41951.32999999971
2026-03-01 20:00:00,1,0.0,1.0,65454.66,65313.84,-140.82000000000698,41810.509999999704
2026-03-01 20:15:00,1,0.0,1.0,65313.84,65257.78,-56.05999999999767,41754.449999999706
2026-03-01 20:30:00,1,1.0,0.0,65257.78,65300.0,42.220000000001164,41796.66999999971
2026-03-01 20:45:00,1,1.0,1.0,65300.0,65515.83,215.83000000000175,42012.49999999971
2026-03-01 21:00:00,1,1.0,1.0,65515.83,65598.15,82.31999999999243,42094.8199999997
2026-03-01 21:15:00,0,1.0,1.0,65598.15,65673.05,-74.90000000000873,42019.91999999969
2026-03-01 21:30:00,0,0.0,0.0,65673.05,65666.2,6.850000000005821,42026.7699999997
2026-03-01 21:45:00,1,1.0,1.0,65666.2,66008.9,342.6999999999971,42369.469999999696
2026-03-01 22:00:00,0,0.0,1.0,66008.9,65878.45,130.4499999999971,42499.91999999969
2026-03-01 22:15:00,1,0.0,1.0,65878.45,65398.05,-480.3999999999942,42019.5199999997
2026-03-01 22:30:00,1,0.0,1.0,65398.05,65268.71,-129.34000000000378,41890.179999999695
2026-03-01 22:45:00,1,1.0,1.0,65268.71,65808.55,539.8400000000038,42430.0199999997
2026-03-01 23:00:00,0,0.0,1.0,65808.55,65635.74,172.80999999999767,42602.829999999696
2026-03-01 23:15:00,1,1.0,1.0,65635.74,65751.14,115.39999999999418,42718.22999999969
2026-03-01 23:30:00,0,1.0,0.0,65751.14,65776.47,-25.330000000001746,42692.89999999969
2026-03-01 23:45:00,0,1.0,1.0,65776.47,65986.01,-209.5399999999936,42483.359999999695
2026-03-02 00:00:00,0,0.0,0.0,65986.01,65936.44,49.56999999999243,42532.92999999969
2026-03-02 00:15:00,1,1.0,1.0,65936.44,66640.32,703.8800000000047,43236.80999999969
2026-03-02 00:30:00,0,0.0,1.0,66640.32,66501.52,138.8000000000029,43375.609999999695
2026-03-02 00:45:00,0,1.0,1.0,66501.52,66923.05,-421.52999999999884,42954.079999999696
2026-03-02 01:00:00,0,0.0,1.0,66923.05,66561.45,361.6000000000058,43315.6799999997
2026-03-02 01:15:00,1,1.0,0.0,66561.45,66578.24,16.79000000000815,43332.46999999971
2026-03-02 01:30:00,0,0.0,0.0,66578.24,66532.02,46.220000000001164,43378.68999999971
2026-03-02 01:45:00,0,0.0,1.0,66532.02,66094.29,437.7300000000105,43816.41999999972
2026-03-02 02:00:00,1,1.0,1.0,66094.29,66193.28,98.99000000000524,43915.40999999973
2026-03-02 02:15:00,1,1.0,1.0,66193.28,66322.47,129.19000000000233,44044.59999999973
2026-03-02 02:30:00,0,0.0,0.0,66322.47,66276.77,45.69999999999709,44090.29999999973
2026-03-02 02:45:00,1,1.0,1.0,66276.77,66493.01,216.2399999999907,44306.53999999972
2026-03-02 03:00:00,0,1.0,1.0,66493.01,66779.82,-286.8100000000122,44019.729999999705
2026-03-02 03:15:00,0,1.0,1.0,66779.82,66893.47,-113.64999999999418,43906.07999999971
2026-03-02 03:30:00,0,0.0,1.0,66893.47,66820.03,73.44000000000233,43979.51999999971
2026-03-02 03:45:00,0,0.0,1.0,66820.03,66744.06,75.97000000000116,44055.489999999714
2026-03-02 04:00:00,0,1.0,1.0,66744.06,66937.99,-193.93000000000757,43861.55999999971
2026-03-02 04:15:00,0,0.0,1.0,66937.99,66818.55,119.44000000000233,43980.99999999971
2026-03-02 04:30:00,0,1.0,0.0,66818.55,66862.12,-43.56999999999243,43937.42999999972
2026-03-02 04:45:00,0,0.0,1.0,66862.12,66710.4,151.72000000000116,44089.14999999972
2026-03-02 05:00:00,1,0.0,0.0,66710.4,66679.8,-30.59999999999127,44058.54999999973
2026-03-02 05:15:00,1,1.0,1.0,66679.8,66976.9,297.09999999999127,44355.64999999972
2026-03-02 05:30:00,0,0.0,1.0,66976.9,66730.78,246.11999999999534,44601.76999999971
2026-03-02 05:45:00,1,0.0,1.0,66730.78,66609.38,-121.39999999999418,44480.36999999972
2026-03-02 06:00:00,1,0.0,1.0,66609.38,66275.9,-333.4800000000105,44146.88999999971
2026-03-02 06:15:00,1,0.0,0.0,66275.9,66269.9,-6.0,44140.88999999971
2026-03-02 06:30:00,1,0.0,1.0,66269.9,66204.9,-65.0,44075.88999999971
2026-03-02 06:45:00,1,0.0,1.0,66204.9,65698.37,-506.52999999999884,43569.35999999971
2026-03-02 07:00:00,1,1.0,1.0,65698.37,65800.01,101.63999999999942,43670.99999999971
2026-03-02 07:15:00,1,1.0,1.0,65800.01,65964.88,164.8700000000099,43835.86999999972
2026-03-02 07:30:00,1,1.0,0.0,65964.88,66007.52,42.63999999999942,43878.50999999972
2026-03-02 07:45:00,0,1.0,0.0,66007.52,66058.05,-50.529999999998836,43827.97999999972
2026-03-02 08:00:00,0,0.0,1.0,66058.05,65736.37,321.68000000000757,44149.65999999973
2026-03-02 08:15:00,1,1.0,1.0,65736.37,65980.23,243.86000000000058,44393.51999999973
2026-03-02 08:30:00,1,1.0,1.0,65980.23,66282.0,301.7700000000041,44695.28999999973
2026-03-02 08:45:00,0,1.0,1.0,66282.0,66393.4,-111.39999999999418,44583.88999999974
2026-03-02 09:00:00,0,1.0,0.0,66393.4,66395.85,-2.4500000000116415,44581.439999999726
2026-03-02 09:15:00,0,0.0,0.0,66395.85,66380.44,15.410000000003492,44596.84999999973
2026-03-02 09:30:00,1,0.0,1.0,66380.44,66168.62,-211.82000000000698,44385.02999999972
2026-03-02 09:45:00,1,0.0,0.0,66168.62,66144.63,-23.989999999990687,44361.03999999973
2026-03-02 10:00:00,1,1.0,1.0,66144.63,66259.7,115.06999999999243,44476.109999999724
2026-03-02 10:15:00,0,1.0,0.0,66259.7,66282.61,-22.910000000003492,44453.19999999972
2026-03-02 10:30:00,0,1.0,0.0,66282.61,66316.4,-33.7899999999936,44419.40999999973
2026-03-02 10:45:00,0,0.0,1.0,66316.4,66088.1,228.29999999998836,44647.709999999715
2026-03-02 11:00:00,1,0.0,0.0,66088.1,66064.89,-23.210000000006403,44624.49999999971
2026-03-02 11:15:00,1,1.0,1.0,66064.89,66289.63,224.74000000000524,44849.239999999714
2026-03-02 11:30:00,0,1.0,1.0,66289.63,66359.68,-70.04999999998836,44779.189999999726
2026-03-02 11:45:00,0,0.0,0.0,66359.68,66338.92,20.75999999999476,44799.94999999972
2026-03-02 12:00:00,1,0.0,1.0,66338.92,66134.9,-204.02000000000407,44595.92999999972
2026-03-02 12:15:00,1,0.0,1.0,66134.9,65985.39,-149.50999999999476,44446.41999999972
2026-03-02 12:30:00,1,0.0,0.0,65985.39,65963.43,-21.960000000006403,44424.459999999715
2026-03-02 12:45:00,1,0.0,1.0,65963.43,65858.82,-104.60999999998603,44319.84999999973
2026-03-02 13:00:00,1,0.0,0.0,65858.82,65815.35,-43.470000000001164,44276.37999999973
2026-03-02 13:15:00,1,0.0,1.0,65815.35,65587.56,-227.79000000000815,44048.58999999972
2026-03-02 13:30:00,1,0.0,1.0,65587.56,65440.01,-147.54999999999563,43901.039999999724
2026-03-02 13:45:00,1,1.0,1.0,65440.01,65548.99,108.9800000000032,44010.01999999973
2026-03-02 14:00:00,1,1.0,0.0,65548.99,65589.08,40.08999999999651,44050.109999999724
2026-03-02 14:15:00,1,1.0,1.0,65589.08,66626.06,1036.979999999996,45087.08999999972
2026-03-02 14:30:00,0,1.0,1.0,66626.06,67177.06,-551.0,44536.08999999972
2026-03-02 14:45:00,0,1.0,1.0,67177.06,68425.1,-1248.0400000000081,43288.04999999971
2026-03-02 15:00:00,0,1.0,1.0,68425.1,68556.0,-130.89999999999418,43157.14999999972
2026-03-02 15:15:00,0,1.0,1.0,68556.0,69516.47,-960.4700000000012,42196.67999999972
2026-03-02 15:30:00,0,0.0,1.0,69516.47,69130.2,386.2700000000041,42582.94999999972
2026-03-02 15:45:00,0,1.0,1.0,69130.2,69665.12,-534.9199999999983,42048.02999999972
2026-03-02 16:00:00,0,0.0,1.0,69665.12,69383.65,281.47000000000116,42329.49999999972
2026-03-02 16:15:00,0,1.0,1.0,69383.65,69861.03,-477.38000000000466,41852.11999999972
2026-03-02 16:30:00,0,0.0,1.0,69861.03,69428.62,432.4100000000035,42284.52999999972
2026-03-02 16:45:00,0,0.0,0.0,69428.62,69418.51,10.110000000000582,42294.63999999972
2026-03-02 17:00:00,0,0.0,0.0,69418.51,69406.33,12.179999999993015,42306.819999999716
2026-03-02 17:15:00,0,0.0,1.0,69406.33,68844.77,561.5599999999977,42868.37999999971
2026-03-02 17:30:00,1,1.0,1.0,68844.77,69198.0,353.2299999999959,43221.60999999971
2026-03-02 17:45:00,0,0.0,0.0,69198.0,69190.32,7.679999999993015,43229.2899999997
2026-03-02 18:00:00,0,0.0,1.0,69190.32,69089.06,101.26000000000931,43330.54999999971
2026-03-02 18:15:00,1,1.0,0.0,69089.06,69125.47,36.41000000000349,43366.959999999715
2026-03-02 18:30:00,0,0.0,1.0,69125.47,68877.67,247.8000000000029,43614.75999999972
2026-03-02 18:45:00,0,0.0,1.0,68877.67,68745.59,132.08000000000175,43746.83999999972
2026-03-02 19:00:00,1,1.0,1.0,68745.59,68824.0,78.41000000000349,43825.24999999972
2026-03-02 19:15:00,0,0.0,0.0,68824.0,68782.88,41.11999999999534,43866.36999999972
2026-03-02 19:30:00,0,1.0,1.0,68782.88,68966.53,-183.64999999999418,43682.719999999725
2026-03-02 19:45:00,0,0.0,1.0,68966.53,68738.01,228.52000000000407,43911.23999999973
2026-03-02 20:00:00,0,1.0,1.0,68738.01,68951.73,-213.72000000000116,43697.51999999973
2026-03-02 20:15:00,0,1.0,1.0,68951.73,69229.75,-278.0200000000041,43419.49999999972
2026-03-02 20:30:00,0,0.0,1.0,69229.75,69106.58,123.16999999999825,43542.66999999972
2026-03-02 20:45:00,0,1.0,1.0,69106.58,69281.63,-175.0500000000029,43367.61999999972
2026-03-02 21:00:00,0,1.0,1.0,69281.63,69414.6,-132.97000000000116,43234.64999999972
2026-03-02 21:15:00,0,1.0,0.0,69414.6,69456.82,-42.220000000001164,43192.42999999972
2026-03-02 21:30:00,0,0.0,0.0,69456.82,69413.82,43.0,43235.42999999972
2026-03-02 21:45:00,0,0.0,1.0,69413.82,69241.53,172.29000000000815,43407.719999999725
2026-03-02 22:00:00,0,1.0,1.0,69241.53,69364.45,-122.91999999999825,43284.79999999973
2026-03-02 22:15:00,0,1.0,0.0,69364.45,69410.88,-46.43000000000757,43238.36999999972
2026-03-02 22:30:00,0,1.0,0.0,69410.88,69440.49,-29.610000000000582,43208.75999999972
2026-03-02 22:45:00,0,0.0,1.0,69440.49,69223.24,217.25,43426.00999999972
2026-03-02 23:00:00,0,0.0,1.0,69223.24,69002.93,220.31000000001222,43646.31999999973
2026-03-02 23:15:00,0,0.0,1.0,69002.93,68796.86,206.06999999999243,43852.38999999972
2026-03-02 23:30:00,1,1.0,0.0,68796.86,68830.06,33.19999999999709,43885.58999999972
2026-03-02 23:45:00,0,0.0,0.0,68830.06,68809.99,20.069999999992433,43905.65999999971
2026-03-03 00:00:00,0,0.0,0.0,68809.99,68801.99,8.0,43913.65999999971
2026-03-03 00:15:00,1,1.0,1.0,68801.99,69108.17,306.179999999993,44219.839999999705
2026-03-03 00:30:00,0,0.0,0.0,69108.17,69092.88,15.289999999993597,44235.1299999997
2026-03-03 00:45:00,0,1.0,0.0,69092.88,69132.08,-39.19999999999709,44195.9299999997
2026-03-03 01:00:00,0,0.0,1.0,69132.08,68909.32,222.75999999999476,44418.6899999997
2026-03-03 01:15:00,0,1.0,1.0,68909.32,69032.82,-123.5,44295.1899999997
2026-03-03 01:30:00,0,0.0,1.0,69032.82,68760.01,272.8100000000122,44567.99999999971
2026-03-03 01:45:00,0,0.0,1.0,68760.01,68603.6,156.40999999998894,44724.4099999997
2026-03-03 02:00:00,1,0.0,1.0,68603.6,68461.73,-141.8700000000099,44582.53999999969
2026-03-03 02:15:00,1,0.0,0.0,68461.73,68458.49,-3.2399999999906868,44579.2999999997
2026-03-03 02:30:00,1,1.0,0.0,68458.49,68512.17,53.679999999993015,44632.97999999969
2026-03-03 02:45:00,0,0.0,0.0,68512.17,68465.48,46.69000000000233,44679.66999999969
2026-03-03 03:00:00,0,0.0,0.0,68465.48,68419.34,46.13999999999942,44725.80999999969
2026-03-03 03:15:00,1,0.0,0.0,68419.34,68419.12,-0.22000000000116415,44725.58999999969
2026-03-03 03:30:00,0,0.0,0.0,68419.12,68377.94,41.179999999993015,44766.769999999684
2026-03-03 03:45:00,1,0.0,0.0,68377.94,68370.0,-7.940000000002328,44758.82999999968
2026-03-03 04:00:00,1,0.0,0.0,68370.0,68323.53,-46.470000000001164,44712.35999999968
2026-03-03 04:15:00,1,0.0,1.0,68323.53,68194.9,-128.63000000000466,44583.729999999676
2026-03-03 04:30:00,1,0.0,1.0,68194.9,68123.2,-71.69999999999709,44512.02999999968
2026-03-03 04:45:00,1,1.0,1.0,68123.2,68391.35,268.15000000000873,44780.17999999969
2026-03-03 05:00:00,0,1.0,0.0,68391.35,68408.81,-17.45999999999185,44762.719999999696
2026-03-03 05:15:00,0,0.0,1.0,68408.81,68079.39,329.41999999999825,45092.139999999694
2026-03-03 05:30:00,0,0.0,1.0,68079.39,67947.75,131.63999999999942,45223.77999999969
2026-03-03 05:45:00,1,1.0,0.0,67947.75,67970.6,22.85000000000582,45246.6299999997
2026-03-03 06:00:00,0,0.0,1.0,67970.6,67887.0,83.60000000000582,45330.229999999705
2026-03-03 06:15:00,0,1.0,1.0,67887.0,67995.05,-108.05000000000291,45222.1799999997
2026-03-03 06:30:00,0,1.0,1.0,67995.05,68106.73,-111.67999999999302,45110.49999999971
2026-03-03 06:45:00,0,1.0,1.0,68106.73,68172.39,-65.66000000000349,45044.839999999705
2026-03-03 07:00:00,0,1.0,1.0,68172.39,68245.3,-72.91000000000349,44971.9299999997
2026-03-03 07:15:00,0,0.0,0.0,68245.3,68218.18,27.120000000009895,44999.04999999971
2026-03-03 07:30:00,0,0.0,0.0,68218.18,68172.8,45.379999999990105,45044.4299999997
2026-03-03 07:45:00,1,0.0,1.0,68172.8,68010.75,-162.0500000000029,44882.3799999997
2026-03-03 08:00:00,1,0.0,1.0,68010.75,67747.78,-262.97000000000116,44619.4099999997
2026-03-03 08:15:00,1,0.0,1.0,67747.78,67347.0,-400.77999999999884,44218.6299999997
2026-03-03 08:30:00,1,0.0,1.0,67347.0,67003.3,-343.6999999999971,43874.9299999997
2026-03-03 08:45:00,1,1.0,1.0,67003.3,67090.79,87.48999999999069,43962.41999999969
2026-03-03 09:00:00,1,0.0,1.0,67090.79,66629.37,-461.41999999999825,43500.999999999694
2026-03-03 09:15:00,1,0.0,1.0,66629.37,66540.84,-88.52999999999884,43412.469999999696
2026-03-03 09:30:00,1,1.0,1.0,66540.84,66647.98,107.13999999999942,43519.609999999695
2026-03-03 09:45:00,1,0.0,1.0,66647.98,66486.76,-161.22000000000116,43358.389999999694
2026-03-03 10:00:00,1,1.0,0.0,66486.76,66512.33,25.570000000006985,43383.9599999997
2026-03-03 10:15:00,1,1.0,1.0,66512.33,66707.75,195.41999999999825,43579.3799999997
2026-03-03 10:30:00,0,1.0,1.0,66707.75,66860.3,-152.5500000000029,43426.829999999696
2026-03-03 10:45:00,0,1.0,1.0,66860.3,66963.61,-103.30999999999767,43323.5199999997
2026-03-03 11:00:00,0,0.0,1.0,66963.61,66837.45,126.16000000000349,43449.6799999997
2026-03-03 11:15:00,1,1.0,1.0,66837.45,67075.29,237.8399999999965,43687.5199999997
2026-03-03 11:30:00,0,0.0,0.0,67075.29,67026.61,48.679999999993015,43736.19999999969
2026-03-03 11:45:00,0,1.0,1.0,67026.61,67741.08,-714.4700000000012,43021.72999999969
2026-03-03 12:00:00,0,0.0,1.0,67741.08,67585.2,155.88000000000466,43177.609999999695
2026-03-03 12:15:00,0,0.0,1.0,67585.2,67360.15,225.0500000000029,43402.6599999997
2026-03-03 12:30:00,0,1.0,0.0,67360.15,67399.85,-39.70000000001164,43362.959999999686
2026-03-03 12:45:00,0,0.0,1.0,67399.85,66979.93,419.9200000000128,43782.8799999997
2026-03-03 13:00:00,1,1.0,1.0,66979.93,67107.29,127.36000000000058,43910.2399999997
2026-03-03 13:15:00,0,0.0,1.0,67107.29,66861.13,246.15999999998894,44156.39999999969
2026-03-03 13:30:00,1,1.0,1.0,66861.13,66931.31,70.17999999999302,44226.57999999968
2026-03-03 13:45:00,0,1.0,1.0,66931.31,67170.0,-238.69000000000233,43987.88999999968
2026-03-03 14:00:00,0,0.0,0.0,67170.0,67118.32,51.679999999993015,44039.56999999967
2026-03-03 14:15:00,0,0.0,1.0,67118.32,66464.0,654.320000000007,44693.88999999968
2026-03-03 14:30:00,1,1.0,1.0,66464.0,66568.95,104.94999999999709,44798.83999999968
2026-03-03 14:45:00,1,1.0,1.0,66568.95,66871.99,303.04000000000815,45101.879999999685
2026-03-03 15:00:00,0,0.0,0.0,66871.99,66820.95,51.04000000000815,45152.91999999969
2026-03-03 15:15:00,0,1.0,1.0,66820.95,67529.21,-708.2600000000093,44444.65999999968
2026-03-03 15:30:00,0,1.0,1.0,67529.21,67725.81,-196.59999999999127,44248.05999999969
2026-03-03 15:45:00,0,1.0,1.0,67725.81,68474.02,-748.2100000000064,43499.849999999686
2026-03-03 16:00:00,0,1.0,1.0,68474.02,68828.97,-354.9499999999971,43144.89999999969
2026-03-03 16:15:00,0,0.0,1.0,68828.97,67726.29,1102.6800000000076,44247.579999999696
2026-03-03 16:30:00,0,1.0,1.0,67726.29,68175.9,-449.6100000000006,43797.969999999696
2026-03-03 16:45:00,0,0.0,1.0,68175.9,67941.36,234.5399999999936,44032.50999999969
2026-03-03 17:00:00,0,1.0,1.0,67941.36,68234.65,-293.2899999999936,43739.219999999696
2026-03-03 17:15:00,0,0.0,1.0,68234.65,68148.91,85.73999999999069,43824.959999999686
2026-03-03 17:30:00,0,1.0,1.0,68148.91,68318.66,-169.75,43655.209999999686
2026-03-03 17:45:00,0,0.0,1.0,68318.66,68083.68,234.98000000001048,43890.1899999997
2026-03-03 18:00:00,0,1.0,1.0,68083.68,68465.88,-382.20000000001164,43507.989999999685
2026-03-03 18:15:00,0,1.0,1.0,68465.88,68689.6,-223.72000000000116,43284.269999999684
2026-03-03 18:30:00,0,0.0,0.0,68689.6,68628.49,61.11000000000058,43345.379999999685
2026-03-03 18:45:00,0,0.0,0.0,68628.49,68620.96,7.529999999998836,43352.90999999968
2026-03-03 19:00:00,0,1.0,0.0,68620.96,68654.25,-33.2899999999936,43319.61999999969
2026-03-03 19:15:00,0,1.0,0.0,68654.25,68702.21,-47.9600000000064,43271.65999999968
2026-03-03 19:30:00,0,0.0,1.0,68702.21,68435.0,267.2100000000064,43538.86999999969
2026-03-03 19:45:00,0,0.0,1.0,68435.0,68156.11,278.8899999999994,43817.75999999969
2026-03-03 20:00:00,0,1.0,1.0,68156.11,68390.95,-234.8399999999965,43582.91999999969
2026-03-03 20:15:00,0,1.0,1.0,68390.95,68483.57,-92.6200000000099,43490.29999999968
2026-03-03 20:30:00,0,0.0,1.0,68483.57,68266.0,217.57000000000698,43707.86999999969
2026-03-03 20:45:00,0,0.0,1.0,68266.0,68047.99,218.00999999999476,43925.879999999685
2026-03-03 21:00:00,0,0.0,1.0,68047.99,67936.44,111.55000000000291,44037.42999999969
2026-03-03 21:15:00,0,1.0,1.0,67936.44,68030.55,-94.11000000000058,43943.31999999969
2026-03-03 21:30:00,0,0.0,0.0,68030.55,68024.62,5.930000000007567,43949.249999999694
2026-03-03 21:45:00,0,1.0,1.0,68024.62,68310.74,-286.1200000000099,43663.129999999685
2026-03-03 22:00:00,0,0.0,0.0,68310.74,68259.87,50.870000000009895,43713.999999999694
2026-03-03 22:15:00,0,1.0,1.0,68259.87,68398.0,-138.13000000000466,43575.86999999969
2026-03-03 22:30:00,0,0.0,1.0,68398.0,68327.2,70.80000000000291,43646.66999999969
2026-03-03 22:45:00,0,1.0,1.0,68327.2,68695.92,-368.72000000000116,43277.94999999969
2026-03-03 23:00:00,0,0.0,1.0,68695.92,68490.46,205.45999999999185,43483.40999999968
2026-03-03 23:15:00,0,0.0,0.0,68490.46,68456.39,34.070000000006985,43517.47999999969
2026-03-03 23:30:00,0,0.0,1.0,68456.39,68338.0,118.38999999999942,43635.86999999969
2026-03-03 23:45:00,1,0.0,1.0,68338.0,68111.53,-226.47000000000116,43409.39999999969
2026-03-04 00:00:00,1,1.0,1.0,68111.53,68293.87,182.3399999999965,43591.739999999685
2026-03-04 00:15:00,0,0.0,1.0,68293.87,67965.94,327.929999999993,43919.66999999968
2026-03-04 00:30:00,0,1.0,1.0,67965.94,68093.19,-127.25,43792.41999999968
2026-03-04 00:45:00,0,1.0,0.0,68093.19,68124.0,-30.80999999999767,43761.60999999968
2026-03-04 01:00:00,0,1.0,1.0,68124.0,68251.99,-127.99000000000524,43633.619999999675
2026-03-04 01:15:00,0,1.0,1.0,68251.99,68711.48,-459.4899999999907,43174.129999999685
2026-03-04 01:30:00,0,0.0,1.0,68711.48,68405.0,306.4799999999959,43480.60999999968
2026-03-04 01:45:00,0,0.0,1.0,68405.0,68229.14,175.86000000000058,43656.46999999968
2026-03-04 02:00:00,0,0.0,1.0,68229.14,68067.01,162.13000000000466,43818.599999999686
2026-03-04 02:15:00,1,1.0,1.0,68067.01,68135.86,68.85000000000582,43887.44999999969
2026-03-04 02:30:00,0,1.0,1.0,68135.86,68323.33,-187.47000000000116,43699.97999999969
2026-03-04 02:45:00,0,0.0,0.0,68323.33,68265.27,58.05999999999767,43758.03999999969
2026-03-04 03:00:00,0,0.0,1.0,68265.27,67976.25,289.0200000000041,44047.05999999969
2026-03-04 03:15:00,1,0.0,1.0,67976.25,67571.46,-404.7899999999936,43642.2699999997
2026-03-04 03:30:00,1,1.0,1.0,67571.46,67732.2,160.7399999999907,43803.00999999969
2026-03-04 03:45:00,0,1.0,1.0,67732.2,67816.15,-83.94999999999709,43719.05999999969
2026-03-04 04:00:00,0,0.0,1.0,67816.15,67600.01,216.13999999999942,43935.19999999969
2026-03-04 04:15:00,0,1.0,0.0,67600.01,67641.75,-41.74000000000524,43893.459999999686
2026-03-04 04:30:00,0,1.0,1.0,67641.75,67786.0,-144.25,43749.209999999686
2026-03-04 04:45:00,0,1.0,1.0,67786.0,67914.25,-128.25,43620.959999999686
2026-03-04 05:00:00,0,0.0,1.0,67914.25,67831.48,82.77000000000407,43703.72999999969
2026-03-04 05:15:00,0,1.0,1.0,67831.48,68206.36,-374.88000000000466,43328.849999999686
2026-03-04 05:30:00,0,1.0,0.0,68206.36,68206.59,-0.22999999999592546,43328.61999999969
2026-03-04 05:45:00,0,0.0,0.0,68206.59,68196.79,9.80000000000291,43338.41999999969
2026-03-04 06:00:00,0,0.0,1.0,68196.79,68128.53,68.25999999999476,43406.67999999969
2026-03-04 06:15:00,1,1.0,1.0,68128.53,68665.31,536.7799999999988,43943.459999999686
2026-03-04 06:30:00,0,0.0,1.0,68665.31,68508.02,157.2899999999936,44100.74999999968
2026-03-04 06:45:00,0,0.0,1.0,68508.02,68401.54,106.48000000001048,44207.22999999969
2026-03-04 07:00:00,0,1.0,1.0,68401.54,68766.45,-364.9100000000035,43842.31999999969
2026-03-04 07:15:00,0,1.0,1.0,68766.45,68969.41,-202.9600000000064,43639.35999999968
2026-03-04 07:30:00,0,1.0,1.0,68969.41,69493.13,-523.7200000000012,43115.63999999968
2026-03-04 07:45:00,0,0.0,1.0,69493.13,69418.74,74.38999999999942,43190.02999999968
2026-03-04 08:00:00,0,0.0,1.0,69418.74,69316.41,102.33000000000175,43292.35999999968
2026-03-04 08:15:00,1,1.0,1.0,69316.41,69880.0,563.5899999999965,43855.94999999968
2026-03-04 08:30:00,0,1.0,1.0,69880.0,71011.4,-1131.3999999999942,42724.54999999968
2026-03-04 08:45:00,0,1.0,0.0,71011.4,71072.59,-61.19000000000233,42663.35999999968
2026-03-04 09:00:00,0,1.0,1.0,71072.59,71310.0,-237.4100000000035,42425.94999999968
2026-03-04 09:15:00,0,1.0,1.0,71310.0,71767.23,-457.2299999999959,41968.71999999968
2026-03-04 09:30:00,0,0.0,1.0,71767.23,71520.76,246.47000000000116,42215.18999999968
2026-03-04 09:45:00,0,1.0,1.0,71520.76,71655.44,-134.68000000000757,42080.509999999675
2026-03-04 10:00:00,0,0.0,1.0,71655.44,71526.61,128.83000000000175,42209.33999999968
2026-03-04 10:15:00,0,0.0,1.0,71526.61,71322.4,204.2100000000064,42413.54999999968
2026-03-04 10:30:00,1,1.0,0.0,71322.4,71348.92,26.520000000004075,42440.06999999969
2026-03-04 10:45:00,0,1.0,1.0,71348.92,71427.72,-78.80000000000291,42361.269999999684
2026-03-04 11:00:00,0,0.0,1.0,71427.72,71225.69,202.02999999999884,42563.29999999968
2026-03-04 11:15:00,0,0.0,1.0,71225.69,71109.22,116.47000000000116,42679.769999999684
2026-03-04 11:30:00,1,1.0,0.0,71109.22,71111.4,2.179999999993015,42681.94999999968
2026-03-04 11:45:00,1,0.0,1.0,71111.4,70880.4,-231.0,42450.94999999968
2026-03-04 12:00:00,1,0.0,1.0,70880.4,70628.57,-251.8299999999872,42199.11999999969
2026-03-04 12:15:00,1,1.0,1.0,70628.57,70973.65,345.0799999999872,42544.19999999968
2026-03-04 12:30:00,0,1.0,1.0,70973.65,71339.71,-366.0600000000122,42178.139999999665
2026-03-04 12:45:00,0,0.0,0.0,71339.71,71300.0,39.7100000000064,42217.84999999967
2026-03-04 13:00:00,0,1.0,0.0,71300.0,71364.49,-64.49000000000524,42153.359999999666
2026-03-04 13:15:00,0,1.0,0.0,71364.49,71432.98,-68.48999999999069,42084.869999999675
2026-03-04 13:30:00,0,1.0,0.0,71432.98,71477.17,-44.19000000000233,42040.67999999967
2026-03-04 13:45:00,0,1.0,1.0,71477.17,71807.12,-329.9499999999971,41710.729999999676
2026-03-04 14:00:00,0,0.0,0.0,71807.12,71751.67,55.44999999999709,41766.17999999967
2026-03-04 14:15:00,0,0.0,1.0,71751.67,71416.59,335.08000000000175,42101.259999999675
2026-03-04 14:30:00,1,1.0,1.0,71416.59,71621.04,204.4499999999971,42305.70999999967
2026-03-04 14:45:00,0,1.0,1.0,71621.04,72003.76,-382.72000000000116,41922.98999999967
2026-03-04 15:00:00,0,1.0,1.0,72003.76,72972.15,-968.3899999999994,40954.59999999967
2026-03-04 15:15:00,0,0.0,1.0,72972.15,72705.65,266.5,41221.09999999967
2026-03-04 15:30:00,0,1.0,1.0,72705.65,73396.88,-691.2300000000105,40529.86999999966
2026-03-04 15:45:00,0,0.0,1.0,73396.88,72843.2,553.6800000000076,41083.54999999967
2026-03-04 16:00:00,0,1.0,1.0,72843.2,72964.39,-121.19000000000233,40962.359999999666
2026-03-04 16:15:00,0,1.0,1.0,72964.39,73140.32,-175.93000000000757,40786.42999999966
2026-03-04 16:30:00,0,1.0,1.0,73140.32,73294.84,-154.51999999998952,40631.90999999967
2026-03-04 16:45:00,0,1.0,1.0,73294.84,73545.44,-250.60000000000582,40381.30999999966
2026-03-04 17:00:00,0,0.0,1.0,73545.44,73053.05,492.3899999999994,40873.69999999966
2026-03-04 17:15:00,0,1.0,1.0,73053.05,73141.8,-88.75,40784.94999999966
2026-03-04 17:30:00,0,1.0,1.0,73141.8,73218.92,-77.11999999999534,40707.82999999967
2026-03-04 17:45:00,0,0.0,1.0,73218.92,73042.63,176.2899999999936,40884.11999999966
2026-03-04 18:00:00,0,1.0,1.0,73042.63,73405.9,-363.2699999999895,40520.84999999967
2026-03-04 18:15:00,0,1.0,1.0,73405.9,73518.89,-112.99000000000524,40407.859999999666
2026-03-04 18:30:00,0,1.0,1.0,73518.89,73693.5,-174.61000000000058,40233.249999999665
2026-03-04 18:45:00,0,1.0,1.0,73693.5,73870.54,-177.0399999999936,40056.20999999967
2026-03-04 19:00:00,0,0.0,1.0,73870.54,73557.99,312.54999999998836,40368.75999999966
2026-03-04 19:15:00,0,1.0,1.0,73557.99,73707.15,-149.15999999998894,40219.59999999967
2026-03-04 19:30:00,0,0.0,1.0,73707.15,73611.1,96.04999999998836,40315.64999999966
2026-03-04 19:45:00,0,0.0,1.0,73611.1,73430.17,180.93000000000757,40496.57999999967
2026-03-04 20:00:00,1,1.0,0.0,73430.17,73469.95,39.779999999998836,40536.359999999666
2026-03-04 20:15:00,0,1.0,0.0,73469.95,73496.36,-26.410000000003492,40509.94999999966
2026-03-04 20:30:00,0,0.0,1.0,73496.36,73019.68,476.68000000000757,40986.62999999967
2026-03-04 20:45:00,1,1.0,0.0,73019.68,73060.84,41.16000000000349,41027.78999999967
2026-03-04 21:00:00,0,1.0,1.0,73060.84,73161.57,-100.73000000001048,40927.05999999966
2026-03-04 21:15:00,0,1.0,1.0,73161.57,73237.6,-76.02999999999884,40851.029999999664
2026-03-04 21:30:00,0,1.0,0.0,73237.6,73309.72,-72.11999999999534,40778.90999999967
2026-03-04 21:45:00,0,0.0,0.0,73309.72,73244.25,65.47000000000116,40844.37999999967
2026-03-04 22:00:00,0,1.0,0.0,73244.25,73260.0,-15.75,40828.62999999967
2026-03-04 22:15:00,0,0.0,1.0,73260.0,72917.01,342.99000000000524,41171.619999999675
2026-03-04 22:30:00,0,0.0,1.0,72917.01,72705.86,211.14999999999418,41382.76999999967
2026-03-04 22:45:00,1,1.0,0.0,72705.86,72718.57,12.710000000006403,41395.479999999676
2026-03-04 23:00:00,0,0.0,1.0,72718.57,72538.0,180.57000000000698,41576.04999999968
2026-03-04 23:15:00,1,1.0,1.0,72538.0,72756.8,218.8000000000029,41794.849999999686
2026-03-04 23:30:00,0,0.0,1.0,72756.8,72666.77,90.02999999999884,41884.879999999685
2026-03-04 23:45:00,1,1.0,0.0,72666.77,72705.48,38.70999999999185,41923.58999999968
2026-03-05 00:00:00,0,1.0,1.0,72705.48,72827.7,-122.22000000000116,41801.369999999675
2026-03-05 00:15:00,0,1.0,1.0,72827.7,72905.0,-77.30000000000291,41724.06999999967
2026-03-05 00:30:00,0,0.0,1.0,72905.0,72760.0,145.0,41869.06999999967
2026-03-05 00:45:00,0,1.0,1.0,72760.0,73126.28,-366.27999999999884,41502.78999999967
2026-03-05 01:00:00,0,0.0,1.0,73126.28,72945.09,181.19000000000233,41683.979999999676
2026-03-05 01:15:00,0,0.0,1.0,72945.09,72651.07,294.0199999999895,41977.999999999665
2026-03-05 01:30:00,1,0.0,1.0,72651.07,72538.72,-112.35000000000582,41865.64999999966
2026-03-05 01:45:00,1,1.0,1.0,72538.72,72804.72,266.0,42131.64999999966
2026-03-05 02:00:00,0,0.0,1.0,72804.72,72716.18,88.54000000000815,42220.18999999967
2026-03-05 02:15:00,1,0.0,1.0,72716.18,72357.94,-358.2399999999907,41861.94999999968
2026-03-05 02:30:00,1,1.0,1.0,72357.94,72506.19,148.25,42010.19999999968
2026-03-05 02:45:00,0,1.0,1.0,72506.19,72624.85,-118.66000000000349,41891.53999999967
2026-03-05 03:00:00,0,0.0,1.0,72624.85,72531.91,92.94000000000233,41984.479999999676
2026-03-05 03:15:00,0,0.0,1.0,72531.91,72349.06,182.85000000000582,42167.32999999968
2026-03-05 03:30:00,1,1.0,1.0,72349.06,72497.89,148.83000000000175,42316.15999999968
2026-03-05 03:45:00,0,1.0,1.0,72497.89,72668.43,-170.5399999999936,42145.61999999969
2026-03-05 04:00:00,0,1.0,1.0,72668.43,72793.66,-125.23000000001048,42020.38999999968
2026-03-05 04:15:00,0,1.0,1.0,72793.66,72922.81,-129.14999999999418,41891.239999999685
2026-03-05 04:30:00,0,0.0,1.0,72922.81,72815.7,107.11000000000058,41998.349999999686
2026-03-05 04:45:00,0,1.0,0.0,72815.7,72820.0,-4.30000000000291,41994.04999999968
2026-03-05 05:00:00,0,0.0,1.0,72820.0,72480.45,339.5500000000029,42333.599999999686
2026-03-05 05:15:00,0,0.0,0.0,72480.45,72414.65,65.80000000000291,42399.39999999969
2026-03-05 05:30:00,1,0.0,0.0,72414.65,72412.15,-2.5,42396.89999999969
2026-03-05 05:45:00,1,0.0,1.0,72412.15,72150.71,-261.4399999999878,42135.4599999997
2026-03-05 06:00:00,1,1.0,1.0,72150.71,72399.07,248.36000000000058,42383.8199999997
2026-03-05 06:15:00,0,1.0,0.0,72399.07,72422.64,-23.569999999992433,42360.24999999971
2026-03-05 06:30:00,0,1.0,1.0,72422.64,72553.62,-130.97999999999593,42229.26999999971
2026-03-05 06:45:00,0,1.0,1.0,72553.62,72647.81,-94.19000000000233,42135.07999999971
2026-03-05 07:00:00,0,0.0,1.0,72647.81,72527.28,120.52999999999884,42255.60999999971
2026-03-05 07:15:00,0,0.0,1.0,72527.28,72181.81,345.47000000000116,42601.07999999971
2026-03-05 07:30:00,1,0.0,1.0,72181.81,72055.5,-126.30999999999767,42474.76999999971
2026-03-05 07:45:00,1,0.0,1.0,72055.5,71825.43,-230.07000000000698,42244.699999999706
2026-03-05 08:00:00,1,1.0,0.0,71825.43,71829.9,4.470000000001164,42249.16999999971
2026-03-05 08:15:00,0,1.0,1.0,71829.9,72178.73,-348.83000000000175,41900.339999999705
2026-03-05 08:30:00,0,1.0,1.0,72178.73,72333.7,-154.97000000000116,41745.369999999704
2026-03-05 08:45:00,0,1.0,1.0,72333.7,72613.16,-279.4600000000064,41465.9099999997
2026-03-05 09:00:00,0,1.0,1.0,72613.16,72690.81,-77.64999999999418,41388.259999999704
2026-03-05 09:15:00,0,0.0,1.0,72690.81,72553.65,137.1600000000035,41525.41999999971
2026-03-05 09:30:00,0,1.0,0.0,72553.65,72591.59,-37.94000000000233,41487.479999999705
2026-03-05 09:45:00,0,1.0,1.0,72591.59,72722.1,-130.5100000000093,41356.969999999696
2026-03-05 10:00:00,0,1.0,1.0,72722.1,73151.8,-429.6999999999971,40927.2699999997
2026-03-05 10:15:00,0,1.0,1.0,73151.8,73308.18,-156.3799999999901,40770.88999999971
2026-03-05 10:30:00,0,1.0,1.0,73308.18,73388.92,-80.74000000000524,40690.1499999997
2026-03-05 10:45:00,0,0.0,1.0,73388.92,73190.73,198.19000000000233,40888.339999999705
2026-03-05 11:00:00,0,0.0,0.0,73190.73,73122.37,68.36000000000058,40956.699999999706
2026-03-05 11:15:00,0,0.0,1.0,73122.37,72837.66,284.70999999999185,41241.4099999997
2026-03-05 11:30:00,1,1.0,1.0,72837.66,72915.79,78.1299999999901,41319.53999999969
2026-03-05 11:45:00,0,1.0,0.0,72915.79,72947.28,-31.49000000000524,41288.04999999968
2026-03-05 12:00:00,0,0.0,1.0,72947.28,72809.1,138.17999999999302,41426.229999999676
2026-03-05 12:15:00,0,1.0,1.0,72809.1,72903.29,-94.18999999998778,41332.03999999969
2026-03-05 12:30:00,0,0.0,0.0,72903.29,72890.73,12.559999999997672,41344.599999999686
2026-03-05 12:45:00,0,0.0,1.0,72890.73,72670.1,220.6299999999901,41565.229999999676
2026-03-05 13:00:00,1,0.0,1.0,72670.1,72523.38,-146.72000000000116,41418.509999999675
2026-03-05 13:15:00,1,0.0,0.0,72523.38,72518.31,-5.070000000006985,41413.43999999967
2026-03-05 13:30:00,1,0.0,0.0,72518.31,72467.79,-50.520000000004075,41362.91999999966
2026-03-05 13:45:00,1,1.0,1.0,72467.79,72613.91,146.1200000000099,41509.03999999967
2026-03-05 14:00:00,0,0.0,0.0,72613.91,72552.36,61.55000000000291,41570.58999999968
2026-03-05 14:15:00,1,0.0,1.0,72552.36,72004.99,-547.3699999999953,41023.21999999968
2026-03-05 14:30:00,1,1.0,1.0,72004.99,72609.29,604.2999999999884,41627.51999999967
2026-03-05 14:45:00,0,0.0,1.0,72609.29,71798.63,810.6599999999889,42438.17999999966
2026-03-05 15:00:00,1,0.0,1.0,71798.63,71278.46,-520.1699999999983,41918.00999999966
2026-03-05 15:15:00,1,1.0,1.0,71278.46,71457.5,179.0399999999936,42097.049999999654
2026-03-05 15:30:00,0,1.0,1.0,71457.5,71652.77,-195.27000000000407,41901.77999999965
2026-03-05 15:45:00,0,0.0,1.0,71652.77,71005.23,647.5400000000081,42549.31999999966
2026-03-05 16:00:00,0,0.0,0.0,71005.23,70995.76,9.470000000001164,42558.78999999966
2026-03-05 16:15:00,1,1.0,1.0,70995.76,71340.62,344.8600000000006,42903.64999999966
2026-03-05 16:30:00,0,0.0,0.0,71340.62,71305.92,34.69999999999709,42938.34999999966
2026-03-05 16:45:00,1,0.0,1.0,71305.92,71171.52,-134.39999999999418,42803.94999999966
2026-03-05 17:00:00,1,0.0,1.0,71171.52,70928.41,-243.11000000000058,42560.83999999966
2026-03-05 17:15:00,1,0.0,1.0,70928.41,70857.95,-70.4600000000064,42490.379999999655
2026-03-05 17:30:00,1,0.0,1.0,70857.95,70704.41,-153.5399999999936,42336.83999999966
2026-03-05 17:45:00,1,1.0,1.0,70704.41,71027.55,323.1399999999994,42659.97999999966
2026-03-05 18:00:00,0,0.0,1.0,71027.55,70818.87,208.68000000000757,42868.65999999967
2026-03-05 18:15:00,1,1.0,1.0,70818.87,70950.57,131.70000000001164,43000.35999999968
2026-03-05 18:30:00,0,1.0,0.0,70950.57,70990.65,-40.079999999987194,42960.27999999969
2026-03-05 18:45:00,0,1.0,1.0,70990.65,71368.4,-377.75,42582.52999999969
2026-03-05 19:00:00,0,0.0,1.0,71368.4,71107.41,260.9899999999907,42843.519999999684
2026-03-05 19:15:00,0,0.0,1.0,71107.41,71006.8,100.61000000000058,42944.129999999685
2026-03-05 19:30:00,1,0.0,1.0,71006.8,70918.07,-88.72999999999593,42855.39999999969
2026-03-05 19:45:00,1,1.0,1.0,70918.07,71100.0,181.92999999999302,43037.32999999968
2026-03-05 20:00:00,0,1.0,1.0,71100.0,71178.64,-78.63999999999942,42958.68999999968
2026-03-05 20:15:00,0,0.0,0.0,71178.64,71155.91,22.729999999995925,42981.41999999968
2026-03-05 20:30:00,0,1.0,1.0,71155.91,71236.51,-80.59999999999127,42900.81999999969
2026-03-05 20:45:00,0,1.0,0.0,71236.51,71301.71,-65.20000000001164,42835.619999999675
2026-03-05 21:00:00,0,1.0,1.0,71301.71,71517.81,-216.09999999999127,42619.519999999684
2026-03-05 21:15:00,0,0.0,1.0,71517.81,71189.0,328.8099999999977,42948.32999999968
2026-03-05 21:30:00,0,0.0,0.0,71189.0,71141.93,47.070000000006985,42995.39999999969
2026-03-05 21:45:00,1,1.0,0.0,71141.93,71165.24,23.310000000012224,43018.7099999997
2026-03-05 22:00:00,0,0.0,0.0,71165.24,71160.45,4.790000000008149,43023.49999999971
2026-03-05 22:15:00,0,1.0,1.0,71160.45,71276.46,-116.01000000000931,42907.4899999997
2026-03-05 22:30:00,0,0.0,1.0,71276.46,71208.54,67.9200000000128,42975.40999999971
2026-03-05 22:45:00,0,0.0,0.0,71208.54,71197.02,11.519999999989523,42986.9299999997
2026-03-05 23:00:00,1,1.0,0.0,71197.02,71213.98,16.95999999999185,43003.889999999694
2026-03-05 23:15:00,0,0.0,1.0,71213.98,70919.43,294.5500000000029,43298.4399999997
2026-03-05 23:30:00,0,0.0,0.0,70919.43,70890.72,28.70999999999185,43327.14999999969
2026-03-05 23:45:00,1,1.0,1.0,70890.72,71018.3,127.58000000000175,43454.72999999969
2026-03-06 00:00:00,0,0.0,1.0,71018.3,70915.99,102.30999999999767,43557.03999999969
2026-03-06 00:15:00,1,0.0,0.0,70915.99,70899.15,-16.84000000001106,43540.19999999968
2026-03-06 00:30:00,1,1.0,1.0,70899.15,70988.19,89.04000000000815,43629.239999999685
2026-03-06 00:45:00,0,0.0,1.0,70988.19,70800.0,188.19000000000233,43817.42999999969
2026-03-06 01:00:00,1,0.0,1.0,70800.0,70465.03,-334.97000000000116,43482.459999999686
2026-03-06 01:15:00,1,1.0,1.0,70465.03,71161.19,696.1600000000035,44178.61999999969
2026-03-06 01:30:00,0,1.0,1.0,71161.19,71257.2,-96.00999999999476,44082.609999999695
2026-03-06 01:45:00,0,1.0,1.0,71257.2,71330.3,-73.10000000000582,44009.50999999969
2026-03-06 02:00:00,0,1.0,0.0,71330.3,71335.89,-5.5899999999965075,44003.91999999969
2026-03-06 02:15:00,0,1.0,0.0,71335.89,71347.25,-11.360000000000582,43992.55999999969
2026-03-06 02:30:00,0,0.0,1.0,71347.25,71252.43,94.82000000000698,44087.3799999997
2026-03-06 02:45:00,0,0.0,1.0,71252.43,71067.9,184.52999999999884,44271.9099999997
2026-03-06 03:00:00,1,1.0,1.0,71067.9,71181.0,113.10000000000582,44385.009999999704
2026-03-06 03:15:00,0,0.0,1.0,71181.0,71092.01,88.99000000000524,44473.99999999971
2026-03-06 03:30:00,0,0.0,0.0,71092.01,71080.38,11.629999999990105,44485.6299999997
2026-03-06 03:45:00,1,0.0,1.0,71080.38,70910.91,-169.47000000000116,44316.1599999997
2026-03-06 04:00:00,1,0.0,0.0,70910.91,70871.89,-39.020000000004075,44277.139999999694
2026-03-06 04:15:00,1,0.0,1.0,70871.89,70524.0,-347.8899999999994,43929.249999999694
2026-03-06 04:30:00,1,1.0,1.0,70524.0,70613.61,89.61000000000058,44018.859999999695
2026-03-06 04:45:00,0,0.0,1.0,70613.61,70538.79,74.82000000000698,44093.6799999997
2026-03-06 05:00:00,1,0.0,1.0,70538.79,70393.09,-145.6999999999971,43947.979999999705
2026-03-06 05:15:00,1,0.0,1.0,70393.09,70201.81,-191.27999999999884,43756.699999999706
2026-03-06 05:30:00,1,1.0,1.0,70201.81,70436.19,234.38000000000466,43991.07999999971
2026-03-06 05:45:00,0,0.0,1.0,70436.19,70308.12,128.07000000000698,44119.14999999972
2026-03-06 06:00:00,1,1.0,1.0,70308.12,70425.92,117.80000000000291,44236.94999999972
2026-03-06 06:15:00,0,1.0,1.0,70425.92,70669.01,-243.0899999999965,43993.859999999724
2026-03-06 06:30:00,0,0.0,1.0,70669.01,70597.23,71.77999999999884,44065.63999999972
2026-03-06 06:45:00,0,0.0,0.0,70597.23,70553.66,43.56999999999243,44109.209999999715
2026-03-06 07:00:00,1,1.0,1.0,70553.66,70858.5,304.8399999999965,44414.04999999971
2026-03-06 07:15:00,0,1.0,1.0,70858.5,71075.56,-217.05999999999767,44196.989999999714
2026-03-06 07:30:00,0,0.0,0.0,71075.56,71056.44,19.119999999995343,44216.10999999971
2026-03-06 07:45:00,0,0.0,1.0,71056.44,70941.69,114.75,44330.85999999971
2026-03-06 08:00:00,1,0.0,0.0,70941.69,70934.14,-7.55000000000291,44323.30999999971
2026-03-06 08:15:00,1,0.0,0.0,70934.14,70914.05,-20.089999999996508,44303.21999999971
2026-03-06 08:30:00,1,0.0,1.0,70914.05,70789.49,-124.55999999999767,44178.65999999971
2026-03-06 08:45:00,1,0.0,1.0,70789.49,70572.0,-217.49000000000524,43961.16999999971
2026-03-06 09:00:00,1,0.0,1.0,70572.0,70411.58,-160.41999999999825,43800.74999999971
2026-03-06 09:15:00,1,1.0,1.0,70411.58,70551.88,140.3000000000029,43941.04999999971
2026-03-06 09:30:00,0,1.0,0.0,70551.88,70565.56,-13.679999999993015,43927.36999999972
2026-03-06 09:45:00,0,1.0,1.0,70565.56,70689.57,-124.01000000000931,43803.35999999971
2026-03-06 10:00:00,0,1.0,1.0,70689.57,70778.98,-89.40999999998894,43713.94999999972
2026-03-06 10:15:00,0,0.0,1.0,70778.98,70565.63,213.34999999999127,43927.29999999971
2026-03-06 10:30:00,0,0.0,0.0,70565.63,70527.93,37.70000000001164,43964.99999999972
2026-03-06 10:45:00,1,1.0,0.0,70527.93,70552.31,24.380000000004657,43989.37999999973
2026-03-06 11:00:00,0,0.0,0.0,70552.31,70547.97,4.3399999999965075,43993.719999999725
2026-03-06 11:15:00,0,0.0,1.0,70547.97,70383.34,164.63000000000466,44158.34999999973
2026-03-06 11:30:00,1,0.0,1.0,70383.34,70212.95,-170.38999999999942,43987.95999999973
2026-03-06 11:45:00,1,0.0,1.0,70212.95,69927.54,-285.4100000000035,43702.54999999973
2026-03-06 12:00:00,1,1.0,1.0,69927.54,70004.19,76.65000000000873,43779.199999999735
2026-03-06 12:15:00,1,0.0,1.0,70004.19,69754.35,-249.8399999999965,43529.35999999974
2026-03-06 12:30:00,1,1.0,1.0,69754.35,69907.0,152.64999999999418,43682.00999999973
2026-03-06 12:45:00,0,1.0,1.0,69907.0,70003.03,-96.02999999999884,43585.979999999734
2026-03-06 13:00:00,0,1.0,0.0,70003.03,70060.84,-57.80999999999767,43528.169999999736
2026-03-06 13:15:00,0,1.0,0.0,70060.84,70094.14,-33.30000000000291,43494.86999999973
2026-03-06 13:30:00,0,0.0,1.0,70094.14,69208.0,886.1399999999994,44381.00999999973
2026-03-06 13:45:00,1,0.0,1.0,69208.0,68826.06,-381.9400000000023,43999.06999999973
2026-03-06 14:00:00,1,1.0,1.0,68826.06,68986.01,159.9499999999971,44159.01999999973
2026-03-06 14:15:00,1,0.0,1.0,68986.01,68743.0,-243.00999999999476,43916.00999999973
2026-03-06 14:30:00,1,0.0,1.0,68743.0,68409.89,-333.1100000000006,43582.89999999973
2026-03-06 14:45:00,1,1.0,1.0,68409.89,68624.02,214.13000000000466,43797.02999999974
2026-03-06 15:00:00,1,1.0,1.0,68624.02,68886.86,262.8399999999965,44059.86999999973
2026-03-06 15:15:00,0,0.0,1.0,68886.86,68753.55,133.30999999999767,44193.17999999973
2026-03-06 15:30:00,1,0.0,1.0,68753.55,68504.71,-248.8399999999965,43944.339999999735
2026-03-06 15:45:00,1,0.0,1.0,68504.71,68333.77,-170.94000000000233,43773.39999999973
2026-03-06 16:00:00,1,1.0,1.0,68333.77,68537.47,203.6999999999971,43977.09999999973
2026-03-06 16:15:00,1,1.0,0.0,68537.47,68589.74,52.270000000004075,44029.36999999973
2026-03-06 16:30:00,1,0.0,1.0,68589.74,68446.52,-143.22000000000116,43886.14999999973
2026-03-06 16:45:00,1,0.0,0.0,68446.52,68403.61,-42.91000000000349,43843.23999999973
2026-03-06 17:00:00,1,0.0,1.0,68403.61,68245.83,-157.77999999999884,43685.45999999973
2026-03-06 17:15:00,1,0.0,1.0,68245.83,67832.33,-413.5,43271.95999999973
2026-03-06 17:30:00,1,1.0,1.0,67832.33,67955.1,122.77000000000407,43394.729999999734
2026-03-06 17:45:00,1,1.0,1.0,67955.1,68329.24,374.1399999999994,43768.86999999973
2026-03-06 18:00:00,0,0.0,0.0,68329.24,68292.0,37.24000000000524,43806.10999999974
2026-03-06 18:15:00,1,1.0,1.0,68292.0,68433.17,141.16999999999825,43947.27999999974
2026-03-06 18:30:00,1,0.0,1.0,68433.17,68181.2,-251.97000000000116,43695.309999999736
2026-03-06 18:45:00,1,1.0,1.0,68181.2,68438.52,257.320000000007,43952.62999999974
2026-03-06 19:00:00,1,0.0,1.0,68438.52,68216.47,-222.0500000000029,43730.57999999974
2026-03-06 19:15:00,1,0.0,1.0,68216.47,68143.98,-72.49000000000524,43658.089999999735
2026-03-06 19:30:00,1,0.0,0.0,68143.98,68131.79,-12.190000000002328,43645.89999999973
2026-03-06 19:45:00,1,0.0,1.0,68131.79,68014.44,-117.34999999999127,43528.54999999974
2026-03-06 20:00:00,1,0.0,1.0,68014.44,67832.74,-181.6999999999971,43346.849999999744
2026-03-06 20:15:00,1,1.0,1.0,67832.74,67989.0,156.25999999999476,43503.10999999974
2026-03-06 20:30:00,1,1.0,1.0,67989.0,68111.03,122.02999999999884,43625.13999999974
2026-03-06 20:45:00,1,1.0,0.0,68111.03,68148.66,37.63000000000466,43662.76999999974
2026-03-06 21:00:00,0,0.0,1.0,68148.66,68005.64,143.02000000000407,43805.789999999746
2026-03-06 21:15:00,1,1.0,1.0,68005.64,68238.56,232.91999999999825,44038.709999999744
2026-03-06 21:30:00,0,1.0,0.0,68238.56,68289.1,-50.54000000000815,43988.169999999736
2026-03-06 21:45:00,0,1.0,0.0,68289.1,68290.97,-1.8699999999953434,43986.29999999974
2026-03-06 22:00:00,0,0.0,0.0,68290.97,68288.91,2.0599999999976717,43988.35999999974
2026-03-06 22:15:00,1,1.0,1.0,68288.91,68372.19,83.27999999999884,44071.63999999974
2026-03-06 22:30:00,0,0.0,0.0,68372.19,68319.89,52.30000000000291,44123.93999999974
2026-03-06 22:45:00,1,1.0,0.0,68319.89,68334.55,14.660000000003492,44138.599999999744
2026-03-06 23:00:00,0,1.0,0.0,68334.55,68347.76,-13.209999999991851,44125.38999999975
2026-03-06 23:15:00,0,0.0,1.0,68347.76,68251.22,96.5399999999936,44221.929999999746
2026-03-06 23:30:00,1,0.0,1.0,68251.22,68114.02,-137.1999999999971,44084.72999999975
2026-03-06 23:45:00,1,1.0,1.0,68114.02,68214.04,100.01999999998952,44184.74999999974
2026-03-07 00:00:00,1,0.0,0.0,68214.04,68210.27,-3.7699999999895226,44180.97999999975
2026-03-07 00:15:00,1,1.0,1.0,68210.27,68297.84,87.56999999999243,44268.54999999974
2026-03-07 00:30:00,0,0.0,0.0,68297.84,68290.45,7.389999999999418,44275.93999999974
2026-03-07 00:45:00,1,0.0,0.0,68290.45,68240.16,-50.2899999999936,44225.64999999975
2026-03-07 01:00:00,1,0.0,0.0,68240.16,68225.06,-15.10000000000582,44210.54999999974
2026-03-07 01:15:00,1,1.0,0.0,68225.06,68273.3,48.24000000000524,44258.789999999746
2026-03-07 01:30:00,1,0.0,0.0,68273.3,68262.01,-11.290000000008149,44247.49999999974
2026-03-07 01:45:00,1,0.0,0.0,68262.01,68240.01,-22.0,44225.49999999974
2026-03-07 02:00:00,1,0.0,1.0,68240.01,68107.02,-132.9899999999907,44092.50999999975
2026-03-07 02:15:00,1,1.0,1.0,68107.02,68166.88,59.86000000000058,44152.36999999975
2026-03-07 02:30:00,1,1.0,1.0,68166.88,68350.04,183.15999999998894,44335.52999999974
2026-03-07 02:45:00,0,1.0,1.0,68350.04,68515.19,-165.15000000000873,44170.37999999973
2026-03-07 03:00:00,0,0.0,1.0,68515.19,68233.79,281.40000000000873,44451.77999999974
2026-03-07 03:15:00,1,0.0,1.0,68233.79,68175.27,-58.51999999998952,44393.25999999975
2026-03-07 03:30:00,1,0.0,1.0,68175.27,68095.5,-79.77000000000407,44313.48999999974
2026-03-07 03:45:00,1,0.0,1.0,68095.5,67952.25,-143.25,44170.23999999974
2026-03-07 04:00:00,1,1.0,1.0,67952.25,68028.25,76.0,44246.23999999974
2026-03-07 04:15:00,1,1.0,1.0,68028.25,68132.73,104.47999999999593,44350.71999999974
2026-03-07 04:30:00,1,0.0,1.0,68132.73,68063.43,-69.30000000000291,44281.419999999736
2026-03-07 04:45:00,1,0.0,1.0,68063.43,68005.05,-58.379999999990105,44223.039999999746
2026-03-07 05:00:00,1,1.0,0.0,68005.05,68020.4,15.349999999991269,44238.38999999974
2026-03-07 05:15:00,1,1.0,1.0,68020.4,68081.8,61.40000000000873,44299.789999999746
2026-03-07 05:30:00,1,0.0,1.0,68081.8,68018.26,-63.54000000000815,44236.24999999974
2026-03-07 05:45:00,1,0.0,1.0,68018.26,67951.11,-67.14999999999418,44169.099999999744
2026-03-07 06:00:00,1,0.0,1.0,67951.11,67865.1,-86.00999999999476,44083.08999999975
2026-03-07 06:15:00,1,1.0,1.0,67865.1,67930.91,65.80999999999767,44148.89999999975
2026-03-07 06:30:00,1,0.0,1.0,67930.91,67690.86,-240.0500000000029,43908.849999999744
2026-03-07 06:45:00,1,0.0,0.0,67690.86,67636.18,-54.68000000000757,43854.169999999736
2026-03-07 07:00:00,1,1.0,1.0,67636.18,67727.6,91.4200000000128,43945.58999999975
2026-03-07 07:15:00,1,1.0,1.0,67727.6,67794.85,67.25,44012.83999999975
2026-03-07 07:30:00,1,1.0,0.0,67794.85,67842.67,47.81999999999243,44060.65999999974
2026-03-07 07:45:00,1,1.0,0.0,67842.67,67872.63,29.960000000006403,44090.61999999975
2026-03-07 08:00:00,1,1.0,1.0,67872.63,67946.49,73.86000000000058,44164.47999999975
2026-03-07 08:15:00,0,0.0,0.0,67946.49,67900.01,46.48000000001048,44210.95999999976
2026-03-07 08:30:00,1,0.0,1.0,67900.01,67795.4,-104.61000000000058,44106.34999999976
2026-03-07 08:45:00,1,1.0,1.0,67795.4,67970.87,175.47000000000116,44281.81999999976
2026-03-07 09:00:00,1,0.0,0.0,67970.87,67958.52,-12.349999999991269,44269.46999999977
2026-03-07 09:15:00,1,1.0,0.0,67958.52,67965.98,7.459999999991851,44276.92999999976
2026-03-07 09:30:00,1,1.0,0.0,67965.98,68000.0,34.020000000004075,44310.949999999764
2026-03-07 09:45:00,1,1.0,1.0,68000.0,68093.04,93.0399999999936,44403.98999999976
2026-03-07 10:00:00,0,0.0,1.0,68093.04,67972.08,120.95999999999185,44524.94999999975
2026-03-07 10:15:00,1,0.0,0.0,67972.08,67950.81,-21.270000000004075,44503.679999999746
2026-03-07 10:30:00,1,0.0,1.0,67950.81,67880.31,-70.5,44433.179999999746
2026-03-07 10:45:00,1,1.0,1.0,67880.31,68186.93,306.61999999999534,44739.79999999974
2026-03-07 11:00:00,1,0.0,0.0,68186.93,68145.55,-41.379999999990105,44698.41999999975
2026-03-07 11:15:00,1,0.0,0.0,68145.55,68132.09,-13.460000000006403,44684.959999999744
2026-03-07 11:30:00,1,0.0,1.0,68132.09,68010.01,-122.08000000000175,44562.87999999974
2026-03-07 11:45:00,1,0.0,0.0,68010.01,68000.01,-10.0,44552.87999999974
2026-03-07 12:00:00,1,1.0,0.0,68000.01,68025.0,24.99000000000524,44577.86999999975
2026-03-07 12:15:00,1,0.0,1.0,68025.0,67937.64,-87.36000000000058,44490.50999999975
2026-03-07 12:30:00,1,1.0,1.0,67937.64,67992.54,54.89999999999418,44545.40999999974
2026-03-07 12:45:00,1,1.0,0.0,67992.54,68038.7,46.16000000000349,44591.569999999745
2026-03-07 13:00:00,1,0.0,0.0,68038.7,67992.43,-46.270000000004075,44545.29999999974
2026-03-07 13:15:00,1,0.0,1.0,67992.43,67879.66,-112.76999999998952,44432.52999999975
2026-03-07 13:30:00,1,1.0,1.0,67879.66,67931.06,51.39999999999418,44483.929999999746
2026-03-07 13:45:00,1,0.0,1.0,67931.06,67748.01,-183.0500000000029,44300.87999999974
2026-03-07 14:00:00,1,1.0,1.0,67748.01,67807.42,59.41000000000349,44360.289999999746
2026-03-07 14:15:00,1,1.0,1.0,67807.42,68016.77,209.35000000000582,44569.63999999975
2026-03-07 14:30:00,0,0.0,0.0,68016.77,68016.7,0.07000000000698492,44569.70999999976
2026-03-07 14:45:00,1,0.0,1.0,68016.7,67920.17,-96.52999999999884,44473.17999999976
2026-03-07 15:00:00,1,1.0,0.0,67920.17,67962.07,41.90000000000873,44515.07999999977
2026-03-07 15:15:00,1,0.0,1.0,67962.07,67824.68,-137.39000000001397,44377.689999999755
2026-03-07 15:30:00,1,1.0,1.0,67824.68,67877.45,52.770000000004075,44430.45999999976
2026-03-07 15:45:00,1,1.0,0.0,67877.45,67879.57,2.1200000000098953,44432.57999999977
2026-03-07 16:00:00,0,0.0,1.0,67879.57,67772.22,107.35000000000582,44539.929999999775
2026-03-07 16:15:00,1,1.0,0.0,67772.22,67788.22,16.0,44555.929999999775
2026-03-07 16:30:00,1,0.0,0.0,67788.22,67783.63,-4.5899999999965075,44551.33999999978
2026-03-07 16:45:00,1,1.0,1.0,67783.63,67838.59,54.95999999999185,44606.29999999977
2026-03-07 17:00:00,1,1.0,0.0,67838.59,67882.83,44.24000000000524,44650.539999999775
2026-03-07 17:15:00,1,0.0,0.0,67882.83,67882.83,0.0,44650.539999999775
2026-03-07 17:30:00,1,0.0,1.0,67882.83,67788.41,-94.41999999999825,44556.11999999978
2026-03-07 17:45:00,1,0.0,1.0,67788.41,67624.7,-163.7100000000064,44392.40999999977
2026-03-07 18:00:00,1,1.0,0.0,67624.7,67662.0,37.30000000000291,44429.70999999977
2026-03-07 18:15:00,1,1.0,0.0,67662.0,67663.0,1.0,44430.70999999977
2026-03-07 18:30:00,1,0.0,1.0,67663.0,67568.13,-94.86999999999534,44335.83999999978
2026-03-07 18:45:00,1,0.0,1.0,67568.13,67500.01,-68.1200000000099,44267.71999999977
2026-03-07 19:00:00,1,0.0,1.0,67500.01,67227.72,-272.2899999999936,43995.429999999775
2026-03-07 19:15:00,1,0.0,0.0,67227.72,67211.99,-15.729999999995925,43979.69999999978
2026-03-07 19:30:00,1,0.0,1.0,67211.99,67080.34,-131.65000000000873,43848.04999999977
2026-03-07 19:45:00,1,1.0,1.0,67080.34,67242.67,162.33000000000175,44010.37999999977
2026-03-07 20:00:00,1,1.0,0.0,67242.67,67250.47,7.80000000000291,44018.179999999775
2026-03-07 20:15:00,1,1.0,1.0,67250.47,67395.55,145.08000000000175,44163.25999999978
2026-03-07 20:30:00,1,1.0,0.0,67395.55,67402.98,7.429999999993015,44170.68999999977
2026-03-07 20:45:00,0,0.0,0.0,67402.98,67402.02,0.9599999999918509,44171.64999999976
2026-03-07 21:00:00,0,1.0,1.0,67402.02,67448.56,-46.5399999999936,44125.10999999977
2026-03-07 21:15:00,0,0.0,1.0,67448.56,67369.99,78.56999999999243,44203.67999999976
2026-03-07 21:30:00,1,1.0,1.0,67369.99,67452.98,82.98999999999069,44286.66999999975
2026-03-07 21:45:00,1,0.0,1.0,67452.98,67332.35,-120.6299999999901,44166.03999999976
2026-03-07 22:00:00,1,0.0,1.0,67332.35,67276.43,-55.920000000012806,44110.11999999975
2026-03-07 22:15:00,1,0.0,0.0,67276.43,67241.0,-35.429999999993015,44074.689999999755
2026-03-07 22:30:00,1,1.0,0.0,67241.0,67258.65,17.64999999999418,44092.33999999975
2026-03-07 22:45:00,1,1.0,1.0,67258.65,67329.39,70.74000000000524,44163.079999999754
2026-03-07 23:00:00,0,1.0,1.0,67329.39,67378.22,-48.830000000001746,44114.24999999975
2026-03-07 23:15:00,0,0.0,0.0,67378.22,67339.36,38.86000000000058,44153.10999999975
2026-03-07 23:30:00,1,0.0,1.0,67339.36,67262.91,-76.44999999999709,44076.659999999756
2026-03-07 23:45:00,1,1.0,1.0,67262.91,67395.99,133.08000000000175,44209.73999999976
2026-03-08 00:00:00,0,0.0,1.0,67395.99,67347.61,48.38000000000466,44258.11999999976
2026-03-08 00:15:00,1,0.0,0.0,67347.61,67326.01,-21.60000000000582,44236.51999999976
2026-03-08 00:30:00,1,0.0,1.0,67326.01,67194.77,-131.2399999999907,44105.279999999766
2026-03-08 00:45:00,1,1.0,1.0,67194.77,67277.16,82.38999999999942,44187.669999999765
2026-03-08 01:00:00,0,0.0,1.0,67277.16,67219.99,57.169999999998254,44244.839999999764
2026-03-08 01:15:00,1,1.0,1.0,67219.99,67310.81,90.81999999999243,44335.659999999756
2026-03-08 01:30:00,0,0.0,0.0,67310.81,67297.27,13.539999999993597,44349.19999999975
2026-03-08 01:45:00,1,1.0,0.0,67297.27,67317.99,20.720000000001164,44369.91999999975
2026-03-08 02:00:00,0,0.0,1.0,67317.99,67223.65,94.34000000001106,44464.25999999976
2026-03-08 02:15:00,1,1.0,1.0,67223.65,67404.29,180.63999999999942,44644.89999999976
2026-03-08 02:30:00,0,0.0,1.0,67404.29,66925.44,478.84999999999127,45123.74999999975
2026-03-08 02:45:00,1,1.0,1.0,66925.44,66976.7,51.25999999999476,45175.00999999975
2026-03-08 03:00:00,1,1.0,0.0,66976.7,67005.1,28.40000000000873,45203.409999999756
2026-03-08 03:15:00,0,0.0,0.0,67005.1,66994.82,10.279999999998836,45213.689999999755
2026-03-08 03:30:00,1,1.0,0.0,66994.82,67000.26,5.439999999987776,45219.12999999974
2026-03-08 03:45:00,0,1.0,0.0,67000.26,67029.3,-29.04000000000815,45190.089999999735
2026-03-08 04:00:00,0,0.0,0.0,67029.3,67008.78,20.520000000004075,45210.60999999974
2026-03-08 04:15:00,1,0.0,1.0,67008.78,66960.41,-48.36999999999534,45162.23999999974
2026-03-08 04:30:00,1,0.0,1.0,66960.41,66637.36,-323.0500000000029,44839.18999999974
2026-03-08 04:45:00,1,1.0,1.0,66637.36,66978.72,341.3600000000006,45180.54999999974
2026-03-08 05:00:00,0,1.0,1.0,66978.72,67126.61,-147.88999999999942,45032.65999999974
2026-03-08 05:15:00,0,1.0,1.0,67126.61,67192.25,-65.63999999999942,44967.01999999974
2026-03-08 05:30:00,0,0.0,0.0,67192.25,67149.93,42.320000000006985,45009.33999999975
2026-03-08 05:45:00,1,0.0,1.0,67149.93,67099.27,-50.65999999998894,44958.67999999976
2026-03-08 06:00:00,1,0.0,1.0,67099.27,67055.04,-44.23000000001048,44914.44999999975
2026-03-08 06:15:00,1,1.0,1.0,67055.04,67120.0,64.9600000000064,44979.409999999756
2026-03-08 06:30:00,0,1.0,0.0,67120.0,67161.52,-41.520000000004075,44937.88999999975
2026-03-08 06:45:00,0,1.0,1.0,67161.52,67384.2,-222.67999999999302,44715.20999999976
2026-03-08 07:00:00,0,0.0,0.0,67384.2,67368.15,16.05000000000291,44731.25999999976
2026-03-08 07:15:00,1,0.0,1.0,67368.15,67313.44,-54.70999999999185,44676.54999999977
2026-03-08 07:30:00,1,1.0,0.0,67313.44,67319.91,6.470000000001164,44683.01999999977
2026-03-08 07:45:00,0,0.0,1.0,67319.91,67239.55,80.36000000000058,44763.37999999977
2026-03-08 08:00:00,1,1.0,0.0,67239.55,67276.85,37.30000000000291,44800.679999999775
2026-03-08 08:15:00,0,1.0,1.0,67276.85,67500.11,-223.25999999999476,44577.41999999978
2026-03-08 08:30:00,0,1.0,0.0,67500.11,67539.33,-39.220000000001164,44538.19999999978
2026-03-08 08:45:00,0,1.0,1.0,67539.33,67762.83,-223.5,44314.69999999978
2026-03-08 09:00:00,0,1.0,1.0,67762.83,67847.63,-84.80000000000291,44229.899999999776
2026-03-08 09:15:00,0,0.0,1.0,67847.63,67752.19,95.44000000000233,44325.33999999978
2026-03-08 09:30:00,1,0.0,1.0,67752.19,67681.0,-71.19000000000233,44254.149999999776
2026-03-08 09:45:00,1,1.0,1.0,67681.0,67879.29,198.2899999999936,44452.43999999977
2026-03-08 10:00:00,0,1.0,1.0,67879.29,68057.83,-178.54000000000815,44273.89999999976
2026-03-08 10:15:00,0,0.0,1.0,68057.83,67985.01,72.82000000000698,44346.71999999977
2026-03-08 10:30:00,1,0.0,1.0,67985.01,67904.14,-80.86999999999534,44265.84999999977
2026-03-08 10:45:00,1,0.0,1.0,67904.14,67556.63,-347.50999999999476,43918.33999999978
2026-03-08 11:00:00,1,1.0,1.0,67556.63,67679.48,122.84999999999127,44041.18999999977
2026-03-08 11:15:00,1,0.0,1.0,67679.48,67499.46,-180.01999999998952,43861.16999999978
2026-03-08 11:30:00,1,1.0,0.0,67499.46,67515.0,15.539999999993597,43876.70999999977
2026-03-08 11:45:00,1,0.0,1.0,67515.0,67053.16,-461.8399999999965,43414.86999999978
2026-03-08 12:00:00,1,1.0,1.0,67053.16,67431.46,378.3000000000029,43793.16999999978
2026-03-08 12:15:00,0,0.0,0.0,67431.46,67412.21,19.25,43812.41999999978
2026-03-08 12:30:00,1,0.0,1.0,67412.21,67324.72,-87.49000000000524,43724.929999999775
2026-03-08 12:45:00,1,0.0,1.0,67324.72,66974.1,-350.61999999999534,43374.30999999978
2026-03-08 13:00:00,1,1.0,1.0,66974.1,67163.88,189.77999999999884,43564.08999999978
2026-03-08 13:15:00,0,0.0,1.0,67163.88,67054.56,109.32000000000698,43673.409999999785
2026-03-08 13:30:00,1,1.0,1.0,67054.56,67234.86,180.3000000000029,43853.70999999979
2026-03-08 13:45:00,0,1.0,1.0,67234.86,67291.68,-56.81999999999243,43796.889999999796
2026-03-08 14:00:00,0,0.0,0.0,67291.68,67265.54,26.139999999999418,43823.029999999795
2026-03-08 14:15:00,1,0.0,1.0,67265.54,67130.9,-134.63999999999942,43688.389999999796
2026-03-08 14:30:00,1,1.0,1.0,67130.9,67339.76,208.86000000000058,43897.249999999796
2026-03-08 14:45:00,0,1.0,0.0,67339.76,67368.88,-29.120000000009895,43868.12999999979
2026-03-08 15:00:00,1,0.0,1.0,67368.88,67175.49,-193.38999999999942,43674.73999999979
2026-03-08 15:15:00,1,0.0,0.0,67175.49,67146.0,-29.49000000000524,43645.24999999978
2026-03-08 15:30:00,1,1.0,1.0,67146.0,67218.23,72.22999999999593,43717.47999999978
2026-03-08 15:45:00,1,0.0,1.0,67218.23,67098.7,-119.52999999999884,43597.94999999978
2026-03-08 16:00:00,1,1.0,0.0,67098.7,67113.9,15.19999999999709,43613.149999999776
2026-03-08 16:15:00,1,0.0,1.0,67113.9,67004.36,-109.5399999999936,43503.60999999978
2026-03-08 16:30:00,1,0.0,1.0,67004.36,66872.15,-132.2100000000064,43371.399999999776
2026-03-08 16:45:00,1,1.0,1.0,66872.15,67150.0,277.8500000000058,43649.24999999978
2026-03-08 17:00:00,0,0.0,1.0,67150.0,67070.24,79.75999999999476,43729.00999999978
2026-03-08 17:15:00,1,0.0,0.0,67070.24,67056.08,-14.160000000003492,43714.84999999977
2026-03-08 17:30:00,1,1.0,0.0,67056.08,67065.0,8.919999999998254,43723.76999999977
2026-03-08 17:45:00,1,0.0,1.0,67065.0,66913.41,-151.5899999999965,43572.179999999775
2026-03-08 18:00:00,1,1.0,0.0,66913.41,66930.67,17.25999999999476,43589.43999999977
2026-03-08 18:15:00,1,0.0,1.0,66930.67,66816.22,-114.44999999999709,43474.98999999977
2026-03-08 18:30:00,1,0.0,0.0,66816.22,66804.0,-12.220000000001164,43462.76999999977
2026-03-08 18:45:00,1,1.0,1.0,66804.0,67015.18,211.17999999999302,43673.949999999764
2026-03-08 19:00:00,0,1.0,1.0,67015.18,67199.54,-184.36000000000058,43489.589999999764
2026-03-08 19:15:00,0,1.0,1.0,67199.54,67355.72,-156.18000000000757,43333.409999999756
2026-03-08 19:30:00,0,0.0,0.0,67355.72,67337.42,18.30000000000291,43351.70999999976
2026-03-08 19:45:00,1,0.0,1.0,67337.42,67101.68,-235.74000000000524,43115.969999999754
2026-03-08 20:00:00,1,0.0,1.0,67101.68,67031.79,-69.88999999999942,43046.079999999754
2026-03-08 20:15:00,1,1.0,1.0,67031.79,67352.01,320.22000000000116,43366.299999999756
2026-03-08 20:30:00,0,0.0,1.0,67352.01,67238.8,113.20999999999185,43479.50999999975
2026-03-08 20:45:00,1,0.0,1.0,67238.8,66779.83,-458.97000000000116,43020.539999999746
2026-03-08 21:00:00,1,1.0,1.0,66779.83,66936.05,156.22000000000116,43176.75999999975
2026-03-08 21:15:00,1,1.0,1.0,66936.05,67022.99,86.94000000000233,43263.69999999975
2026-03-08 21:30:00,1,0.0,0.0,67022.99,67020.01,-2.9800000000104774,43260.71999999974
2026-03-08 21:45:00,1,0.0,1.0,67020.01,66078.0,-942.0099999999948,42318.709999999744
2026-03-08 22:00:00,1,0.0,1.0,66078.0,65915.08,-162.91999999999825,42155.789999999746
2026-03-08 22:15:00,1,1.0,1.0,65915.08,66045.09,130.00999999999476,42285.79999999974
2026-03-08 22:30:00,1,1.0,1.0,66045.09,66236.8,191.7100000000064,42477.50999999975
2026-03-08 22:45:00,1,1.0,1.0,66236.8,66328.45,91.64999999999418,42569.15999999974
2026-03-08 23:00:00,0,1.0,1.0,66328.45,66470.01,-141.55999999999767,42427.599999999744
2026-03-08 23:15:00,0,0.0,1.0,66470.01,66121.73,348.27999999999884,42775.87999999974
2026-03-08 23:30:00,1,0.0,1.0,66121.73,65971.2,-150.52999999999884,42625.349999999744
2026-03-08 23:45:00,1,1.0,1.0,65971.2,66324.43,353.2299999999959,42978.57999999974
2026-03-09 00:00:00,1,0.0,1.0,66324.43,66170.4,-154.02999999999884,42824.54999999974
2026-03-09 00:15:00,1,1.0,1.0,66170.4,66448.0,277.6000000000058,43102.14999999975
2026-03-09 00:30:00,0,0.0,1.0,66448.0,66370.01,77.99000000000524,43180.13999999975
2026-03-09 00:45:00,1,0.0,0.0,66370.01,66363.19,-6.819999999992433,43173.31999999976
2026-03-09 01:00:00,1,1.0,1.0,66363.19,66480.85,117.66000000000349,43290.97999999976
2026-03-09 01:15:00,0,1.0,1.0,66480.85,66623.21,-142.36000000000058,43148.61999999976
2026-03-09 01:30:00,0,0.0,1.0,66623.21,66196.01,427.20000000001164,43575.819999999774
2026-03-09 01:45:00,1,0.0,0.0,66196.01,66173.84,-22.169999999998254,43553.649999999776
2026-03-09 02:00:00,1,0.0,1.0,66173.84,66120.3,-53.5399999999936,43500.10999999978
2026-03-09 02:15:00,1,1.0,1.0,66120.3,66573.75,453.4499999999971,43953.55999999978
2026-03-09 02:30:00,0,0.0,0.0,66573.75,66537.32,36.429999999993015,43989.98999999977
2026-03-09 02:45:00,1,1.0,1.0,66537.32,67452.0,914.679999999993,44904.669999999765
2026-03-09 03:00:00,0,0.0,1.0,67452.0,67223.52,228.47999999999593,45133.14999999976
2026-03-09 03:15:00,1,0.0,1.0,67223.52,67099.4,-124.1200000000099,45009.02999999975
2026-03-09 03:30:00,1,1.0,1.0,67099.4,67205.05,105.65000000000873,45114.67999999976
2026-03-09 03:45:00,1,0.0,0.0,67205.05,67177.45,-27.60000000000582,45087.079999999754
2026-03-09 04:00:00,1,1.0,1.0,67177.45,67575.86,398.4100000000035,45485.48999999976
2026-03-09 04:15:00,0,0.0,1.0,67575.86,67506.04,69.82000000000698,45555.309999999765
2026-03-09 04:30:00,1,0.0,1.0,67506.04,67130.14,-375.8999999999942,45179.40999999977
2026-03-09 04:45:00,1,1.0,0.0,67130.14,67157.0,26.860000000000582,45206.26999999977
2026-03-09 05:00:00,1,1.0,1.0,67157.0,67389.83,232.83000000000175,45439.09999999977
2026-03-09 05:15:00,0,1.0,1.0,67389.83,67932.25,-542.4199999999983,44896.679999999775
2026-03-09 05:30:00,0,0.0,0.0,67932.25,67911.16,21.089999999996508,44917.76999999977
2026-03-09 05:45:00,1,0.0,1.0,67911.16,67626.61,-284.5500000000029,44633.21999999977
2026-03-09 06:00:00,1,0.0,1.0,67626.61,67508.24,-118.36999999999534,44514.84999999977
2026-03-09 06:15:00,1,0.0,1.0,67508.24,67363.62,-144.6200000000099,44370.22999999976
2026-03-09 06:30:00,1,0.0,1.0,67363.62,67267.18,-96.44000000000233,44273.78999999976
2026-03-09 06:45:00,1,0.0,1.0,67267.18,67186.0,-81.17999999999302,44192.60999999977
2026-03-09 07:00:00,1,1.0,0.0,67186.0,67205.06,19.05999999999767,44211.669999999765
2026-03-09 07:15:00,1,1.0,1.0,67205.06,67427.67,222.61000000000058,44434.279999999766
2026-03-09 07:30:00,0,1.0,1.0,67427.67,67555.13,-127.4600000000064,44306.81999999976
2026-03-09 07:45:00,0,1.0,0.0,67555.13,67573.07,-17.94000000000233,44288.87999999976
2026-03-09 08:00:00,0,1.0,1.0,67573.07,67813.51,-240.43999999998778,44048.43999999977
2026-03-09 08:15:00,0,0.0,0.0,67813.51,67792.84,20.669999999998254,44069.10999999977
2026-03-09 08:30:00,1,1.0,0.0,67792.84,67814.69,21.85000000000582,44090.95999999977
2026-03-09 08:45:00,0,1.0,0.0,67814.69,67833.03,-18.339999999996508,44072.61999999978
2026-03-09 09:00:00,0,1.0,1.0,67833.03,68011.2,-178.16999999999825,43894.44999999978
2026-03-09 09:15:00,0,1.0,1.0,68011.2,68357.71,-346.5100000000093,43547.93999999977
2026-03-09 09:30:00,0,0.0,1.0,68357.71,67981.02,376.6900000000023,43924.62999999977
2026-03-09 09:45:00,1,0.0,0.0,67981.02,67940.1,-40.919999999998254,43883.70999999977
2026-03-09 10:00:00,1,0.0,1.0,67940.1,67800.0,-140.10000000000582,43743.60999999977
2026-03-09 10:15:00,1,0.0,1.0,67800.0,67678.26,-121.74000000000524,43621.86999999976
2026-03-09 10:30:00,1,0.0,1.0,67678.26,67608.13,-70.1299999999901,43551.73999999977
2026-03-09 10:45:00,1,1.0,1.0,67608.13,67706.59,98.45999999999185,43650.199999999764
2026-03-09 11:00:00,1,0.0,1.0,67706.59,67478.88,-227.70999999999185,43422.48999999977
2026-03-09 11:15:00,1,1.0,1.0,67478.88,67638.12,159.2399999999907,43581.72999999976
2026-03-09 11:30:00,0,1.0,1.0,67638.12,67764.98,-126.86000000000058,43454.86999999976
2026-03-09 11:45:00,0,1.0,1.0,67764.98,67910.24,-145.2600000000093,43309.60999999975
2026-03-09 12:00:00,0,1.0,1.0,67910.24,68153.37,-243.1299999999901,43066.47999999976
2026-03-09 12:15:00,0,0.0,0.0,68153.37,68130.35,23.019999999989523,43089.49999999975
2026-03-09 12:30:00,1,1.0,0.0,68130.35,68151.93,21.579999999987194,43111.07999999974
2026-03-09 12:45:00,0,1.0,1.0,68151.93,68462.16,-310.2300000000105,42800.84999999973
2026-03-09 13:00:00,0,1.0,1.0,68462.16,68773.03,-310.86999999999534,42489.979999999734
2026-03-09 13:15:00,0,1.0,1.0,68773.03,69238.3,-465.2700000000041,42024.70999999973
2026-03-09 13:30:00,0,0.0,1.0,69238.3,68976.0,262.3000000000029,42287.00999999973
2026-03-09 13:45:00,0,0.0,1.0,68976.0,68839.99,136.00999999999476,42423.01999999973
2026-03-09 14:00:00,1,1.0,1.0,68839.99,69160.19,320.1999999999971,42743.219999999725
2026-03-09 14:15:00,0,1.0,1.0,69160.19,69416.37,-256.179999999993,42487.03999999973
2026-03-09 14:30:00,0,0.0,1.0,69416.37,69151.5,264.86999999999534,42751.90999999973
2026-03-09 14:45:00,0,1.0,0.0,69151.5,69166.03,-14.529999999998836,42737.37999999973
2026-03-09 15:00:00,0,0.0,1.0,69166.03,69078.23,87.80000000000291,42825.17999999973
2026-03-09 15:15:00,1,0.0,1.0,69078.23,68758.38,-319.84999999999127,42505.32999999974
2026-03-09 15:30:00,1,1.0,1.0,68758.38,68863.66,105.27999999999884,42610.60999999974
2026-03-09 15:45:00,0,0.0,1.0,68863.66,68775.59,88.07000000000698,42698.679999999746
2026-03-09 16:00:00,1,1.0,1.0,68775.59,68961.16,185.57000000000698,42884.24999999975
2026-03-09 16:15:00,0,1.0,1.0,68961.16,69074.05,-112.88999999999942,42771.35999999975
2026-03-09 16:30:00,0,0.0,1.0,69074.05,68960.12,113.93000000000757,42885.28999999976
2026-03-09 16:45:00,1,1.0,0.0,68960.12,68991.57,31.45000000001164,42916.73999999977
2026-03-09 17:00:00,0,0.0,1.0,68991.57,68624.06,367.5100000000093,43284.24999999978
2026-03-09 17:15:00,1,0.0,1.0,68624.06,68406.25,-217.80999999999767,43066.439999999784
2026-03-09 17:30:00,1,1.0,1.0,68406.25,68600.71,194.4600000000064,43260.89999999979
2026-03-09 17:45:00,0,0.0,1.0,68600.71,68429.41,171.3000000000029,43432.19999999979
2026-03-09 18:00:00,1,1.0,1.0,68429.41,68541.72,112.30999999999767,43544.50999999979
2026-03-09 18:15:00,0,0.0,1.0,68541.72,68489.13,52.58999999999651,43597.09999999979
2026-03-09 18:30:00,1,0.0,1.0,68489.13,68356.37,-132.7600000000093,43464.33999999978
2026-03-09 18:45:00,1,1.0,0.0,68356.37,68400.0,43.63000000000466,43507.96999999978
2026-03-09 19:00:00,0,1.0,1.0,68400.0,69363.46,-963.4600000000064,42544.50999999978
2026-03-09 19:15:00,0,0.0,1.0,69363.46,68963.53,399.93000000000757,42944.439999999784
2026-03-09 19:30:00,1,1.0,0.0,68963.53,68991.93,28.39999999999418,42972.83999999978
2026-03-09 19:45:00,0,1.0,0.0,68991.93,69003.38,-11.450000000011642,42961.38999999977
2026-03-09 20:00:00,0,0.0,0.0,69003.38,68963.74,39.63999999999942,43001.029999999766
2026-03-09 20:15:00,1,0.0,1.0,68963.74,68882.52,-81.22000000000116,42919.809999999765
2026-03-09 20:30:00,1,1.0,1.0,68882.52,68961.71,79.19000000000233,42998.99999999977
2026-03-09 20:45:00,0,1.0,1.0,68961.71,69054.0,-92.2899999999936,42906.70999999977
2026-03-09 21:00:00,0,0.0,1.0,69054.0,68840.14,213.86000000000058,43120.569999999774
2026-03-09 21:15:00,1,1.0,1.0,68840.14,68945.75,105.61000000000058,43226.179999999775
2026-03-09 21:30:00,0,0.0,0.0,68945.75,68919.72,26.029999999998836,43252.20999999977
2026-03-09 21:45:00,1,0.0,1.0,68919.72,68813.69,-106.02999999999884,43146.179999999775
2026-03-09 22:00:00,1,0.0,0.0,68813.69,68812.0,-1.6900000000023283,43144.48999999977
2026-03-09 22:15:00,1,0.0,1.0,68812.0,68739.83,-72.16999999999825,43072.319999999774
2026-03-09 22:30:00,1,0.0,1.0,68739.83,68635.88,-103.94999999999709,42968.36999999978
2026-03-09 22:45:00,1,1.0,0.0,68635.88,68645.32,9.440000000002328,42977.80999999978
2026-03-09 23:00:00,0,0.0,1.0,68645.32,68594.92,50.40000000000873,43028.20999999979
2026-03-09 23:15:00,1,0.0,0.0,68594.92,68549.11,-45.80999999999767,42982.39999999979
2026-03-09 23:30:00,1,0.0,1.0,68549.11,68432.16,-116.94999999999709,42865.44999999979
2026-03-09 23:45:00,1,0.0,0.0,68432.16,68415.0,-17.160000000003492,42848.28999999979
2026-03-10 00:00:00,1,1.0,1.0,68415.0,68980.01,565.0099999999948,43413.299999999785
2026-03-10 00:15:00,0,1.0,1.0,68980.01,69195.56,-215.5500000000029,43197.74999999978
2026-03-10 00:30:00,0,0.0,0.0,69195.56,69157.37,38.19000000000233,43235.939999999784
2026-03-10 00:45:00,0,0.0,1.0,69157.37,69108.0,49.36999999999534,43285.30999999978
2026-03-10 01:00:00,1,0.0,1.0,69108.0,68975.69,-132.30999999999767,43152.99999999978
2026-03-10 01:15:00,1,1.0,0.0,68975.69,68982.86,7.169999999998254,43160.16999999978
2026-03-10 01:30:00,0,1.0,1.0,68982.86,69260.01,-277.1499999999942,42883.019999999786
2026-03-10 01:45:00,0,0.0,0.0,69260.01,69227.25,32.75999999999476,42915.77999999978
2026-03-10 02:00:00,0,1.0,1.0,69227.25,69371.03,-143.77999999999884,42771.99999999978
2026-03-10 02:15:00,0,1.0,1.0,69371.03,70320.17,-949.1399999999994,41822.85999999978
2026-03-10 02:30:00,0,0.0,0.0,70320.17,70272.01,48.16000000000349,41871.019999999786
2026-03-10 02:45:00,0,0.0,1.0,70272.01,70172.15,99.86000000000058,41970.87999999979
2026-03-10 03:00:00,0,0.0,1.0,70172.15,70119.05,53.09999999999127,42023.97999999978
2026-03-10 03:15:00,0,0.0,1.0,70119.05,69850.86,268.1900000000023,42292.16999999978
2026-03-10 03:30:00,1,0.0,1.0,69850.86,69429.85,-421.00999999999476,41871.159999999785
2026-03-10 03:45:00,1,1.0,1.0,69429.85,69733.7,303.84999999999127,42175.00999999978
2026-03-10 04:00:00,0,0.0,0.0,69733.7,69731.35,2.349999999991269,42177.35999999977
2026-03-10 04:15:00,0,1.0,1.0,69731.35,69940.04,-208.68999999998778,41968.66999999978
2026-03-10 04:30:00,0,1.0,1.0,69940.04,70072.94,-132.90000000000873,41835.76999999977
2026-03-10 04:45:00,0,1.0,1.0,70072.94,70170.0,-97.05999999999767,41738.70999999977
2026-03-10 05:00:00,0,0.0,1.0,70170.0,70038.09,131.9100000000035,41870.61999999978
2026-03-10 05:15:00,0,0.0,1.0,70038.09,69915.41,122.67999999999302,41993.29999999977
2026-03-10 05:30:00,0,1.0,1.0,69915.41,69971.34,-55.929999999993015,41937.36999999978
2026-03-10 05:45:00,0,0.0,1.0,69971.34,69876.8,94.5399999999936,42031.90999999977
2026-03-10 06:00:00,0,1.0,1.0,69876.8,70142.59,-265.7899999999936,41766.11999999978
2026-03-10 06:15:00,0,0.0,1.0,70142.59,69968.9,173.69000000000233,41939.80999999978
2026-03-10 06:30:00,0,0.0,1.0,69968.9,69910.91,57.98999999999069,41997.79999999977
2026-03-10 06:45:00,0,1.0,1.0,69910.91,70240.36,-329.4499999999971,41668.34999999977
2026-03-10 07:00:00,0,1.0,1.0,70240.36,70322.97,-82.61000000000058,41585.73999999977
2026-03-10 07:15:00,0,0.0,0.0,70322.97,70320.3,2.6699999999982538,41588.40999999977
2026-03-10 07:30:00,0,1.0,1.0,70320.3,70406.01,-85.70999999999185,41502.69999999978
2026-03-10 07:45:00,0,1.0,1.0,70406.01,70898.06,-492.0500000000029,41010.649999999776
2026-03-10 08:00:00,0,0.0,1.0,70898.06,70842.22,55.83999999999651,41066.48999999977
2026-03-10 08:15:00,0,1.0,1.0,70842.22,70918.69,-76.47000000000116,40990.01999999977
2026-03-10 08:30:00,0,0.0,1.0,70918.69,70709.37,209.32000000000698,41199.33999999978
2026-03-10 08:45:00,0,1.0,1.0,70709.37,70809.4,-100.02999999999884,41099.30999999978
2026-03-10 09:00:00,0,1.0,1.0,70809.4,71228.0,-418.6000000000058,40680.70999999977
2026-03-10 09:15:00,0,0.0,1.0,71228.0,71075.63,152.36999999999534,40833.07999999977
2026-03-10 09:30:00,0,1.0,0.0,71075.63,71078.92,-3.289999999993597,40829.789999999775
2026-03-10 09:45:00,0,0.0,1.0,71078.92,70899.99,178.92999999999302,41008.71999999977
2026-03-10 10:00:00,0,0.0,1.0,70899.99,70759.73,140.2600000000093,41148.97999999978
2026-03-10 10:15:00,1,0.0,0.0,70759.73,70715.89,-43.83999999999651,41105.13999999978
2026-03-10 10:30:00,1,1.0,1.0,70715.89,70774.04,58.14999999999418,41163.289999999775
2026-03-10 10:45:00,0,0.0,1.0,70774.04,70618.08,155.95999999999185,41319.24999999977
2026-03-10 11:00:00,0,1.0,0.0,70618.08,70654.51,-36.429999999993015,41282.819999999774
2026-03-10 11:15:00,0,0.0,1.0,70654.51,70589.01,65.5,41348.319999999774
2026-03-10 11:30:00,0,0.0,0.0,70589.01,70580.94,8.069999999992433,41356.38999999977
2026-03-10 11:45:00,1,0.0,1.0,70580.94,70422.24,-158.6999999999971,41197.68999999977
2026-03-10 12:00:00,1,0.0,0.0,70422.24,70384.41,-37.830000000001746,41159.85999999977
2026-03-10 12:15:00,1,1.0,1.0,70384.41,70447.59,63.179999999993015,41223.03999999976
2026-03-10 12:30:00,0,1.0,1.0,70447.59,70519.86,-72.27000000000407,41150.76999999976
2026-03-10 12:45:00,0,1.0,1.0,70519.86,70753.72,-233.86000000000058,40916.909999999756
2026-03-10 13:00:00,0,1.0,1.0,70753.72,70874.96,-121.24000000000524,40795.66999999975
2026-03-10 13:15:00,0,0.0,1.0,70874.96,69916.54,958.4200000000128,41754.089999999764
2026-03-10 13:30:00,1,1.0,0.0,69916.54,69921.12,4.580000000001746,41758.669999999765
2026-03-10 13:45:00,1,0.0,1.0,69921.12,69482.0,-439.11999999999534,41319.54999999977
2026-03-10 14:00:00,1,1.0,1.0,69482.0,69799.3,317.3000000000029,41636.84999999977
2026-03-10 14:15:00,0,1.0,1.0,69799.3,70457.31,-658.0099999999948,40978.83999999978
2026-03-10 14:30:00,0,1.0,1.0,70457.31,71467.81,-1010.5,39968.33999999978
2026-03-10 14:45:00,0,0.0,1.0,71467.81,71198.89,268.91999999999825,40237.25999999978
2026-03-10 15:00:00,0,1.0,1.0,71198.89,71348.01,-149.11999999999534,40088.13999999978
2026-03-10 15:15:00,0,0.0,1.0,71348.01,71119.17,228.8399999999965,40316.97999999978
2026-03-10 15:30:00,0,1.0,1.0,71119.17,71346.16,-226.99000000000524,40089.98999999977
2026-03-10 15:45:00,0,0.0,1.0,71346.16,71145.98,200.18000000000757,40290.16999999978
2026-03-10 16:00:00,0,1.0,1.0,71145.98,71364.42,-218.44000000000233,40071.72999999978
2026-03-10 16:15:00,0,1.0,0.0,71364.42,71382.63,-18.210000000006403,40053.51999999977
2026-03-10 16:30:00,0,0.0,1.0,71382.63,71268.59,114.04000000000815,40167.55999999978
2026-03-10 16:45:00,0,0.0,0.0,71268.59,71258.1,10.489999999990687,40178.04999999977
2026-03-10 17:00:00,0,0.0,1.0,71258.1,71046.31,211.79000000000815,40389.83999999978
2026-03-10 17:15:00,1,0.0,1.0,71046.31,70688.65,-357.6600000000035,40032.179999999775
2026-03-10 17:30:00,1,1.0,1.0,70688.65,70868.61,179.9600000000064,40212.13999999978
2026-03-10 17:45:00,0,0.0,1.0,70868.61,70373.64,494.97000000000116,40707.10999999978
2026-03-10 18:00:00,0,0.0,0.0,70373.64,70318.02,55.61999999999534,40762.72999999978
2026-03-10 18:15:00,1,0.0,1.0,70318.02,70063.27,-254.75,40507.97999999978
2026-03-10 18:30:00,1,0.0,0.0,70063.27,70013.87,-49.40000000000873,40458.57999999977
2026-03-10 18:45:00,1,1.0,0.0,70013.87,70068.14,54.270000000004075,40512.84999999977
2026-03-10 19:00:00,0,0.0,1.0,70068.14,69973.93,94.2100000000064,40607.05999999978
2026-03-10 19:15:00,1,1.0,0.0,69973.93,69990.2,16.270000000004075,40623.32999999978
2026-03-10 19:30:00,0,1.0,0.0,69990.2,70043.63,-53.43000000000757,40569.899999999776
2026-03-10 19:45:00,0,1.0,1.0,70043.63,70112.68,-69.04999999998836,40500.84999999979
2026-03-10 20:00:00,0,1.0,1.0,70112.68,70251.2,-138.52000000000407,40362.32999999978
2026-03-10 20:15:00,0,1.0,0.0,70251.2,70307.83,-56.63000000000466,40305.69999999978
2026-03-10 20:30:00,0,0.0,1.0,70307.83,70235.6,72.22999999999593,40377.929999999775
2026-03-10 20:45:00,0,0.0,1.0,70235.6,70097.6,138.0,40515.929999999775
2026-03-10 21:00:00,0,0.0,1.0,70097.6,69941.48,156.1200000000099,40672.049999999785
2026-03-10 21:15:00,1,0.0,1.0,69941.48,69746.41,-195.06999999999243,40476.97999999979
2026-03-10 21:30:00,1,1.0,0.0,69746.41,69763.01,16.59999999999127,40493.57999999978
2026-03-10 21:45:00,0,0.0,1.0,69763.01,69609.97,153.0399999999936,40646.61999999978
2026-03-10 22:00:00,0,0.0,0.0,69609.97,69601.21,8.759999999994761,40655.37999999977
2026-03-10 22:15:00,1,1.0,0.0,69601.21,69606.0,4.789999999993597,40660.169999999765
2026-03-10 22:30:00,0,1.0,1.0,69606.0,69721.58,-115.58000000000175,40544.589999999764
2026-03-10 22:45:00,0,1.0,1.0,69721.58,69797.19,-75.61000000000058,40468.97999999976
2026-03-10 23:00:00,0,1.0,0.0,69797.19,69821.37,-24.179999999993015,40444.79999999977
2026-03-10 23:15:00,0,1.0,1.0,69821.37,69931.68,-110.30999999999767,40334.48999999977
2026-03-10 23:30:00,0,1.0,0.0,69931.68,69948.63,-16.95000000001164,40317.53999999976
2026-03-10 23:45:00,0,1.0,1.0,69948.63,70050.08,-101.44999999999709,40216.089999999764
2026-03-11 00:00:00,0,1.0,0.0,70050.08,70055.16,-5.080000000001746,40211.00999999976
2026-03-11 00:15:00,0,0.0,1.0,70055.16,69838.71,216.4499999999971,40427.45999999976
2026-03-11 00:30:00,0,1.0,1.0,69838.71,70044.87,-206.15999999998894,40221.29999999977
2026-03-11 00:45:00,0,0.0,0.0,70044.87,70033.02,11.849999999991269,40233.14999999976
2026-03-11 01:00:00,0,1.0,1.0,70033.02,70095.71,-62.69000000000233,40170.45999999976
2026-03-11 01:15:00,0,0.0,1.0,70095.71,69955.98,139.73000000001048,40310.18999999977
2026-03-11 01:30:00,0,1.0,1.0,69955.98,70071.26,-115.27999999999884,40194.90999999977
2026-03-11 01:45:00,0,0.0,1.0,70071.26,69991.3,79.95999999999185,40274.86999999976
2026-03-11 02:00:00,0,0.0,0.0,69991.3,69968.58,22.720000000001164,40297.589999999764
2026-03-11 02:15:00,1,0.0,1.0,69968.58,69689.99,-278.5899999999965,40018.99999999977
2026-03-11 02:30:00,1,1.0,1.0,69689.99,69810.72,120.72999999999593,40139.72999999976
2026-03-11 02:45:00,0,0.0,1.0,69810.72,69698.81,111.91000000000349,40251.63999999977
2026-03-11 03:00:00,0,0.0,1.0,69698.81,69527.22,171.5899999999965,40423.22999999976
2026-03-11 03:15:00,1,0.0,0.0,69527.22,69525.0,-2.220000000001164,40421.00999999976
2026-03-11 03:30:00,1,1.0,0.0,69525.0,69551.91,26.910000000003492,40447.919999999765
2026-03-11 03:45:00,0,1.0,1.0,69551.91,69645.82,-93.91000000000349,40354.00999999976
2026-03-11 04:00:00,0,1.0,1.0,69645.82,69980.15,-334.3299999999872,40019.679999999775
2026-03-11 04:15:00,0,1.0,0.0,69980.15,69995.01,-14.860000000000582,40004.819999999774
2026-03-11 04:30:00,0,1.0,1.0,69995.01,70130.99,-135.98000000001048,39868.839999999764
2026-03-11 04:45:00,0,0.0,1.0,70130.99,70007.62,123.3700000000099,39992.20999999977
2026-03-11 05:00:00,0,0.0,1.0,70007.62,69943.67,63.94999999999709,40056.15999999977
2026-03-11 05:15:00,1,0.0,1.0,69943.67,69538.41,-405.25999999999476,39650.899999999776
2026-03-11 05:30:00,1,0.0,0.0,69538.41,69510.36,-28.05000000000291,39622.84999999977
2026-03-11 05:45:00,1,1.0,1.0,69510.36,69717.44,207.08000000000175,39829.929999999775
2026-03-11 06:00:00,0,1.0,1.0,69717.44,69804.18,-86.73999999999069,39743.189999999784
2026-03-11 06:15:00,0,1.0,0.0,69804.18,69830.9,-26.720000000001164,39716.46999999978
2026-03-11 06:30:00,0,1.0,1.0,69830.9,69950.01,-119.11000000000058,39597.35999999978
2026-03-11 06:45:00,0,0.0,0.0,69950.01,69891.19,58.81999999999243,39656.179999999775
2026-03-11 07:00:00,0,0.0,1.0,69891.19,69791.28,99.91000000000349,39756.08999999978
2026-03-11 07:15:00,1,0.0,1.0,69791.28,69519.99,-271.2899999999936,39484.799999999785
2026-03-11 07:30:00,1,1.0,1.0,69519.99,69648.29,128.29999999998836,39613.09999999977
2026-03-11 07:45:00,0,0.0,0.0,69648.29,69629.56,18.729999999995925,39631.82999999977
2026-03-11 08:00:00,0,0.0,1.0,69629.56,69503.53,126.02999999999884,39757.85999999977
2026-03-11 08:15:00,1,1.0,1.0,69503.53,69672.71,169.18000000000757,39927.039999999775
2026-03-11 08:30:00,0,0.0,0.0,69672.71,69662.24,10.470000000001164,39937.50999999978
2026-03-11 08:45:00,0,0.0,1.0,69662.24,69538.42,123.82000000000698,40061.32999999978
2026-03-11 09:00:00,1,0.0,0.0,69538.42,69531.57,-6.849999999991269,40054.47999999979
2026-03-11 09:15:00,1,1.0,0.0,69531.57,69553.75,22.179999999993015,40076.659999999785
2026-03-11 09:30:00,0,0.0,1.0,69553.75,69466.75,87.0,40163.659999999785
2026-03-11 09:45:00,1,1.0,0.0,69466.75,69502.63,35.88000000000466,40199.53999999979
2026-03-11 10:00:00,0,0.0,0.0,69502.63,69500.0,2.6300000000046566,40202.169999999795
2026-03-11 10:15:00,0,1.0,1.0,69500.0,69683.21,-183.2100000000064,40018.95999999979
2026-03-11 10:30:00,0,0.0,1.0,69683.21,69604.9,78.31000000001222,40097.2699999998
2026-03-11 10:45:00,0,0.0,0.0,69604.9,69595.68,9.220000000001164,40106.4899999998
2026-03-11 11:00:00,1,0.0,1.0,69595.68,69447.45,-148.22999999999593,39958.259999999806
2026-03-11 11:15:00,1,0.0,0.0,69447.45,69446.96,-0.4899999999906868,39957.769999999815
2026-03-11 11:30:00,1,0.0,1.0,69446.96,69173.0,-273.9600000000064,39683.80999999981
2026-03-11 11:45:00,1,0.0,0.0,69173.0,69152.82,-20.179999999993015,39663.629999999815
2026-03-11 12:00:00,1,1.0,1.0,69152.82,69427.3,274.4799999999959,39938.10999999981
2026-03-11 12:15:00,0,0.0,1.0,69427.3,69251.26,176.04000000000815,40114.14999999982
2026-03-11 12:30:00,1,1.0,1.0,69251.26,69361.13,109.8700000000099,40224.01999999983
2026-03-11 12:45:00,0,1.0,1.0,69361.13,69860.64,-499.50999999999476,39724.509999999835
2026-03-11 13:00:00,0,1.0,1.0,69860.64,70219.78,-359.1399999999994,39365.369999999835
2026-03-11 13:15:00,0,1.0,1.0,70219.78,70442.0,-222.22000000000116,39143.149999999834
2026-03-11 13:30:00,0,0.0,1.0,70442.0,70186.09,255.9100000000035,39399.05999999984
2026-03-11 13:45:00,0,1.0,0.0,70186.09,70228.02,-41.93000000000757,39357.12999999983
2026-03-11 14:00:00,0,1.0,1.0,70228.02,70664.16,-436.1399999999994,38920.98999999983
2026-03-11 14:15:00,0,1.0,1.0,70664.16,70842.71,-178.5500000000029,38742.43999999983
2026-03-11 14:30:00,0,0.0,1.0,70842.71,70578.7,264.0100000000093,39006.44999999984
2026-03-11 14:45:00,0,0.0,1.0,70578.7,70147.69,431.00999999999476,39437.45999999983
2026-03-11 15:00:00,1,1.0,0.0,70147.69,70206.0,58.30999999999767,39495.76999999983
2026-03-11 15:15:00,0,0.0,1.0,70206.0,70065.33,140.66999999999825,39636.43999999983
2026-03-11 15:30:00,0,1.0,1.0,70065.33,70227.91,-162.58000000000175,39473.859999999826
2026-03-11 15:45:00,0,1.0,1.0,70227.91,70455.06,-227.14999999999418,39246.70999999983
2026-03-11 16:00:00,0,1.0,0.0,70455.06,70463.49,-8.430000000007567,39238.279999999824
2026-03-11 16:15:00,0,1.0,1.0,70463.49,70749.87,-286.3799999999901,38951.899999999834
2026-03-11 16:30:00,0,0.0,1.0,70749.87,70570.71,179.15999999998894,39131.05999999982
2026-03-11 16:45:00,0,1.0,1.0,70570.71,70872.48,-301.7699999999895,38829.28999999983
2026-03-11 17:00:00,0,1.0,1.0,70872.48,71252.42,-379.9400000000023,38449.34999999983
2026-03-11 17:15:00,0,0.0,1.0,71252.42,70822.08,430.3399999999965,38879.68999999983
2026-03-11 17:30:00,0,0.0,0.0,70822.08,70785.99,36.08999999999651,38915.779999999824
2026-03-11 17:45:00,0,0.0,0.0,70785.99,70751.99,34.0,38949.779999999824
2026-03-11 18:00:00,1,0.0,0.0,70751.99,70703.99,-48.0,38901.779999999824
2026-03-11 18:15:00,1,0.0,1.0,70703.99,70512.48,-191.5100000000093,38710.269999999815
2026-03-11 18:30:00,1,1.0,1.0,70512.48,70617.64,105.16000000000349,38815.42999999982
2026-03-11 18:45:00,0,0.0,1.0,70617.64,70473.38,144.25999999999476,38959.68999999981
2026-03-11 19:00:00,1,1.0,0.0,70473.38,70526.47,53.08999999999651,39012.77999999981
2026-03-11 19:15:00,0,1.0,1.0,70526.47,70674.86,-148.38999999999942,38864.38999999981
2026-03-11 19:30:00,0,0.0,0.0,70674.86,70641.82,33.0399999999936,38897.429999999804
2026-03-11 19:45:00,1,0.0,1.0,70641.82,70434.15,-207.6700000000128,38689.75999999979
2026-03-11 20:00:00,1,1.0,0.0,70434.15,70439.89,5.740000000005239,38695.499999999796
2026-03-11 20:15:00,0,1.0,1.0,70439.89,70547.7,-107.80999999999767,38587.6899999998
2026-03-11 20:30:00,0,1.0,1.0,70547.7,70634.96,-87.26000000000931,38500.42999999979
2026-03-11 20:45:00,0,0.0,1.0,70634.96,70544.93,90.03000000001339,38590.4599999998
2026-03-11 21:00:00,0,0.0,0.0,70544.93,70543.63,1.2999999999883585,38591.75999999979
2026-03-11 21:15:00,0,0.0,0.0,70543.63,70542.0,1.6300000000046566,38593.389999999796
2026-03-11 21:30:00,0,1.0,1.0,70542.0,70741.26,-199.25999999999476,38394.1299999998
2026-03-11 21:45:00,0,1.0,1.0,70741.26,70809.03,-67.77000000000407,38326.3599999998
2026-03-11 22:00:00,0,0.0,1.0,70809.03,70489.55,319.4799999999959,38645.83999999979
2026-03-11 22:15:00,0,0.0,1.0,70489.55,70355.99,133.55999999999767,38779.39999999979
2026-03-11 22:30:00,1,1.0,0.0,70355.99,70373.01,17.019999999989523,38796.41999999978
2026-03-11 22:45:00,0,1.0,1.0,70373.01,70458.88,-85.8700000000099,38710.54999999977
2026-03-11 23:00:00,0,0.0,1.0,70458.88,70367.12,91.76000000000931,38802.30999999978
2026-03-11 23:15:00,0,0.0,1.0,70367.12,70251.89,115.22999999999593,38917.539999999775
2026-03-11 23:30:00,1,0.0,1.0,70251.89,70191.86,-60.029999999998836,38857.50999999978
2026-03-11 23:45:00,1,1.0,1.0,70191.86,70267.67,75.80999999999767,38933.319999999774
2026-03-12 00:00:00,0,0.0,0.0,70267.67,70252.5,15.169999999998254,38948.48999999977
2026-03-12 00:15:00,1,1.0,0.0,70252.5,70285.69,33.19000000000233,38981.679999999775
2026-03-12 00:30:00,0,0.0,1.0,70285.69,70225.34,60.35000000000582,39042.02999999978
2026-03-12 00:45:00,1,0.0,1.0,70225.34,69915.66,-309.679999999993,38732.34999999979
2026-03-12 01:00:00,1,0.0,0.0,69915.66,69897.58,-18.080000000001746,38714.269999999786
2026-03-12 01:15:00,1,1.0,1.0,69897.58,69964.96,67.38000000000466,38781.64999999979
2026-03-12 01:30:00,0,0.0,1.0,69964.96,69841.31,123.65000000000873,38905.2999999998
2026-03-12 01:45:00,1,0.0,0.0,69841.31,69785.46,-55.84999999999127,38849.44999999981
2026-03-12 02:00:00,1,0.0,1.0,69785.46,69605.45,-180.0100000000093,38669.4399999998
2026-03-12 02:15:00,1,0.0,1.0,69605.45,69459.7,-145.75,38523.6899999998
2026-03-12 02:30:00,1,0.0,1.0,69459.7,69286.56,-173.13999999999942,38350.5499999998
2026-03-12 02:45:00,1,1.0,1.0,69286.56,69367.3,80.74000000000524,38431.289999999804
2026-03-12 03:00:00,0,1.0,0.0,69367.3,69420.01,-52.70999999999185,38378.57999999981
2026-03-12 03:15:00,0,1.0,1.0,69420.01,69561.36,-141.35000000000582,38237.22999999981
2026-03-12 03:30:00,0,0.0,1.0,69561.36,69446.61,114.75,38351.97999999981
2026-03-12 03:45:00,0,1.0,1.0,69446.61,69586.84,-140.22999999999593,38211.74999999981
2026-03-12 04:00:00,0,0.0,1.0,69586.84,69485.49,101.34999999999127,38313.0999999998
2026-03-12 04:15:00,0,0.0,1.0,69485.49,69384.55,100.94000000000233,38414.039999999804
2026-03-12 04:30:00,1,0.0,0.0,69384.55,69372.0,-12.55000000000291,38401.4899999998
2026-03-12 04:45:00,1,0.0,0.0,69372.0,69341.1,-30.89999999999418,38370.58999999981
2026-03-12 05:00:00,1,0.0,1.0,69341.1,69256.95,-84.15000000000873,38286.4399999998
2026-03-12 05:15:00,1,1.0,1.0,69256.95,69511.01,254.05999999999767,38540.499999999796
2026-03-12 05:30:00,0,0.0,0.0,69511.01,69480.54,30.470000000001164,38570.9699999998
2026-03-12 05:45:00,1,0.0,0.0,69480.54,69453.84,-26.69999999999709,38544.2699999998
2026-03-12 06:00:00,1,1.0,1.0,69453.84,69536.39,82.55000000000291,38626.8199999998
2026-03-12 06:15:00,0,0.0,0.0,69536.39,69484.52,51.86999999999534,38678.6899999998
2026-03-12 06:30:00,1,1.0,0.0,69484.52,69501.44,16.919999999998254,38695.6099999998
2026-03-12 06:45:00,0,0.0,0.0,69501.44,69495.6,5.8399999999965075,38701.44999999979
2026-03-12 07:00:00,0,1.0,1.0,69495.6,69606.4,-110.79999999998836,38590.649999999805
2026-03-12 07:15:00,0,1.0,1.0,69606.4,69675.68,-69.27999999999884,38521.369999999806
2026-03-12 07:30:00,0,1.0,1.0,69675.68,69826.19,-150.5100000000093,38370.8599999998
2026-03-12 07:45:00,0,0.0,1.0,69826.19,69772.39,53.80000000000291,38424.6599999998
2026-03-12 08:00:00,0,1.0,0.0,69772.39,69807.85,-35.4600000000064,38389.19999999979
2026-03-12 08:15:00,0,1.0,0.0,69807.85,69831.0,-23.14999999999418,38366.0499999998
2026-03-12 08:30:00,0,1.0,1.0,69831.0,69917.37,-86.36999999999534,38279.679999999804
2026-03-12 08:45:00,0,0.0,1.0,69917.37,69790.15,127.22000000000116,38406.899999999805
2026-03-12 09:00:00,0,0.0,1.0,69790.15,69678.29,111.86000000000058,38518.759999999806
2026-03-12 09:15:00,1,1.0,1.0,69678.29,70278.4,600.1100000000006,39118.869999999806
2026-03-12 09:30:00,0,0.0,1.0,70278.4,69952.51,325.8899999999994,39444.759999999806
2026-03-12 09:45:00,0,1.0,0.0,69952.51,69965.88,-13.370000000009895,39431.389999999796
2026-03-12 10:00:00,0,1.0,1.0,69965.88,70149.15,-183.26999999998952,39248.119999999806
2026-03-12 10:15:00,0,1.0,1.0,70149.15,70378.63,-229.48000000001048,39018.639999999796
2026-03-12 10:30:00,0,1.0,0.0,70378.63,70412.11,-33.479999999995925,38985.1599999998
2026-03-12 10:45:00,0,1.0,0.0,70412.11,70416.38,-4.2700000000040745,38980.889999999796
2026-03-12 11:00:00,0,1.0,1.0,70416.38,70557.24,-140.86000000000058,38840.029999999795
2026-03-12 11:15:00,0,1.0,1.0,70557.24,70685.14,-127.89999999999418,38712.1299999998
2026-03-12 11:30:00,0,0.0,1.0,70685.14,70427.91,257.2299999999959,38969.3599999998
2026-03-12 11:45:00,0,0.0,1.0,70427.91,70366.61,61.30000000000291,39030.6599999998
2026-03-12 12:00:00,0,1.0,1.0,70366.61,70420.58,-53.970000000001164,38976.6899999998
2026-03-12 12:15:00,0,1.0,0.0,70420.58,70459.01,-38.429999999993015,38938.259999999806
2026-03-12 12:30:00,0,0.0,1.0,70459.01,70381.8,77.20999999999185,39015.4699999998
2026-03-12 12:45:00,0,1.0,0.0,70381.8,70413.04,-31.239999999990687,38984.22999999981
2026-03-12 13:00:00,0,0.0,1.0,70413.04,70111.28,301.75999999999476,39285.9899999998
2026-03-12 13:15:00,0,0.0,0.0,70111.28,70079.52,31.75999999999476,39317.749999999796
2026-03-12 13:30:00,1,0.0,1.0,70079.52,69972.15,-107.3700000000099,39210.37999999979
2026-03-12 13:45:00,1,1.0,1.0,69972.15,70381.33,409.18000000000757,39619.559999999794
2026-03-12 14:00:00,0,0.0,1.0,70381.33,69953.32,428.00999999999476,40047.56999999979
2026-03-12 14:15:00,0,0.0,1.0,69953.32,69589.99,363.33000000000175,40410.89999999979
2026-03-12 14:30:00,1,1.0,0.0,69589.99,69590.09,0.09999999999126885,40410.99999999978
2026-03-12 14:45:00,1,1.0,1.0,69590.09,69750.0,159.9100000000035,40570.909999999785
2026-03-12 15:00:00,0,1.0,1.0,69750.0,70299.22,-549.2200000000012,40021.689999999784
2026-03-12 15:15:00,0,1.0,1.0,70299.22,70379.45,-80.22999999999593,39941.45999999979
2026-03-12 15:30:00,0,0.0,0.0,70379.45,70334.88,44.56999999999243,39986.02999999978
2026-03-12 15:45:00,0,0.0,1.0,70334.88,70122.87,212.0100000000093,40198.03999999979
2026-03-12 16:00:00,0,0.0,1.0,70122.87,70063.65,59.220000000001164,40257.25999999979
2026-03-12 16:15:00,1,1.0,1.0,70063.65,70381.51,317.8600000000006,40575.11999999979
2026-03-12 16:30:00,0,0.0,0.0,70381.51,70381.16,0.34999999999126885,40575.46999999978
2026-03-12 16:45:00,0,1.0,0.0,70381.16,70429.76,-48.59999999999127,40526.86999999979
2026-03-12 17:00:00,0,0.0,1.0,70429.76,70300.01,129.75,40656.61999999979
2026-03-12 17:15:00,0,1.0,1.0,70300.01,70360.87,-60.86000000000058,40595.75999999979
2026-03-12 17:30:00,0,0.0,1.0,70360.87,70212.06,148.80999999999767,40744.56999999979
2026-03-12 17:45:00,0,0.0,0.0,70212.06,70202.85,9.209999999991851,40753.77999999978
2026-03-12 18:00:00,1,0.0,1.0,70202.85,70019.71,-183.13999999999942,40570.63999999978
2026-03-12 18:15:00,1,0.0,1.0,70019.71,69924.69,-95.02000000000407,40475.61999999978
2026-03-12 18:30:00,1,0.0,1.0,69924.69,69819.64,-105.05000000000291,40370.569999999774
2026-03-12 18:45:00,1,1.0,1.0,69819.64,69934.87,115.22999999999593,40485.79999999977
2026-03-12 19:00:00,0,1.0,1.0,69934.87,70209.97,-275.1000000000058,40210.699999999764
2026-03-12 19:15:00,0,1.0,1.0,70209.97,70311.3,-101.33000000000175,40109.36999999976
2026-03-12 19:30:00,0,1.0,1.0,70311.3,70432.32,-121.02000000000407,39988.34999999976
2026-03-12 19:45:00,0,0.0,0.0,70432.32,70400.0,32.320000000006985,40020.669999999765
2026-03-12 20:00:00,0,0.0,1.0,70400.0,70307.03,92.97000000000116,40113.63999999977
2026-03-12 20:15:00,0,0.0,1.0,70307.03,70130.34,176.69000000000233,40290.32999999977
2026-03-12 20:30:00,1,1.0,0.0,70130.34,70164.49,34.15000000000873,40324.47999999978
2026-03-12 20:45:00,0,1.0,1.0,70164.49,70386.91,-222.41999999999825,40102.05999999978
2026-03-12 21:00:00,0,0.0,1.0,70386.91,70289.11,97.80000000000291,40199.85999999978
2026-03-12 21:15:00,0,0.0,0.0,70289.11,70277.22,11.889999999999418,40211.74999999978
2026-03-12 21:30:00,1,0.0,0.0,70277.22,70268.55,-8.669999999998254,40203.07999999978
2026-03-12 21:45:00,1,0.0,1.0,70268.55,70204.92,-63.63000000000466,40139.44999999978
2026-03-12 22:00:00,1,0.0,0.0,70204.92,70180.62,-24.30000000000291,40115.149999999776
2026-03-12 22:15:00,1,0.0,1.0,70180.62,70059.16,-121.45999999999185,39993.689999999784
2026-03-12 22:30:00,1,1.0,1.0,70059.16,70175.64,116.47999999999593,40110.16999999978
2026-03-12 22:45:00,0,1.0,1.0,70175.64,70470.01,-294.36999999999534,39815.799999999785
2026-03-12 23:00:00,0,1.0,1.0,70470.01,70537.45,-67.44000000000233,39748.35999999978
2026-03-12 23:15:00,0,1.0,1.0,70537.45,70630.91,-93.4600000000064,39654.899999999776
2026-03-12 23:30:00,0,0.0,1.0,70630.91,70541.34,89.57000000000698,39744.46999999978
2026-03-12 23:45:00,0,1.0,1.0,70541.34,71118.58,-577.2400000000052,39167.22999999978
2026-03-13 00:00:00,0,1.0,1.0,71118.58,71482.53,-363.9499999999971,38803.27999999978
2026-03-13 00:15:00,0,1.0,0.0,71482.53,71512.01,-29.479999999995925,38773.799999999785
2026-03-13 00:30:00,0,0.0,0.0,71512.01,71475.61,36.39999999999418,38810.19999999978
2026-03-13 00:45:00,0,1.0,1.0,71475.61,71592.36,-116.75,38693.44999999978
2026-03-13 01:00:00,0,0.0,1.0,71592.36,71527.19,65.16999999999825,38758.61999999978
2026-03-13 01:15:00,0,1.0,1.0,71527.19,71610.42,-83.22999999999593,38675.38999999978
2026-03-13 01:30:00,0,1.0,1.0,71610.42,71672.39,-61.970000000001164,38613.41999999978
2026-03-13 01:45:00,0,0.0,1.0,71672.39,71546.23,126.16000000000349,38739.57999999978
2026-03-13 02:00:00,0,0.0,1.0,71546.23,71454.56,91.66999999999825,38831.24999999978
2026-03-13 02:15:00,1,0.0,1.0,71454.56,71175.0,-279.5599999999977,38551.689999999784
2026-03-13 02:30:00,1,0.0,0.0,71175.0,71143.8,-31.19999999999709,38520.48999999979
2026-03-13 02:45:00,1,1.0,0.0,71143.8,71174.49,30.69000000000233,38551.17999999979
2026-03-13 03:00:00,0,0.0,1.0,71174.49,71093.82,80.66999999999825,38631.84999999979
2026-03-13 03:15:00,1,1.0,1.0,71093.82,71152.37,58.54999999998836,38690.399999999776
2026-03-13 03:30:00,0,1.0,1.0,71152.37,71405.75,-253.38000000000466,38437.01999999977
2026-03-13 03:45:00,0,0.0,0.0,71405.75,71371.1,34.64999999999418,38471.669999999765
2026-03-13 04:00:00,0,0.0,1.0,71371.1,71319.52,51.580000000001746,38523.24999999977
2026-03-13 04:15:00,1,1.0,1.0,71319.52,71403.09,83.56999999999243,38606.81999999976
2026-03-13 04:30:00,0,0.0,0.0,71403.09,71393.94,9.14999999999418,38615.969999999754
2026-03-13 04:45:00,1,0.0,1.0,71393.94,71271.83,-122.11000000000058,38493.85999999975
2026-03-13 05:00:00,1,1.0,1.0,71271.83,71413.8,141.97000000000116,38635.829999999754
2026-03-13 05:15:00,0,1.0,1.0,71413.8,71600.01,-186.20999999999185,38449.61999999976
2026-03-13 05:30:00,0,0.0,1.0,71600.01,71546.29,53.720000000001164,38503.339999999764
2026-03-13 05:45:00,0,0.0,1.0,71546.29,71466.21,80.0799999999872,38583.41999999975
2026-03-13 06:00:00,1,0.0,1.0,71466.21,71241.61,-224.60000000000582,38358.819999999745
2026-03-13 06:15:00,1,1.0,0.0,71241.61,71259.75,18.139999999999418,38376.959999999744
2026-03-13 06:30:00,0,1.0,1.0,71259.75,71342.0,-82.25,38294.709999999744
2026-03-13 06:45:00,0,1.0,1.0,71342.0,71423.43,-81.42999999999302,38213.27999999975
2026-03-13 07:00:00,0,1.0,1.0,71423.43,71513.96,-90.53000000001339,38122.74999999974
2026-03-13 07:15:00,0,1.0,1.0,71513.96,71575.4,-61.439999999987776,38061.30999999975
2026-03-13 07:30:00,0,1.0,0.0,71575.4,71612.22,-36.820000000006985,38024.48999999974
2026-03-13 07:45:00,0,0.0,1.0,71612.22,71471.72,140.5,38164.98999999974
2026-03-13 08:00:00,0,1.0,1.0,71471.72,71588.04,-116.31999999999243,38048.66999999975
2026-03-13 08:15:00,0,1.0,1.0,71588.04,71934.0,-345.9600000000064,37702.709999999744
2026-03-13 08:30:00,0,0.0,1.0,71934.0,71821.02,112.97999999999593,37815.68999999974
2026-03-13 08:45:00,0,0.0,1.0,71821.02,71755.42,65.60000000000582,37881.289999999746
2026-03-13 09:00:00,1,1.0,1.0,71755.42,71818.07,62.65000000000873,37943.939999999755
2026-03-13 09:15:00,0,1.0,1.0,71818.07,71875.4,-57.329999999987194,37886.60999999977
2026-03-13 09:30:00,0,1.0,1.0,71875.4,72006.57,-131.1700000000128,37755.439999999755
2026-03-13 09:45:00,0,1.0,1.0,72006.57,72253.73,-247.15999999998894,37508.279999999766
2026-03-13 10:00:00,0,1.0,1.0,72253.73,72347.52,-93.79000000000815,37414.48999999976
2026-03-13 10:15:00,0,1.0,1.0,72347.52,72494.38,-146.86000000000058,37267.62999999976
2026-03-13 10:30:00,0,0.0,0.0,72494.38,72458.12,36.26000000000931,37303.88999999977
2026-03-13 10:45:00,0,0.0,1.0,72458.12,72298.43,159.69000000000233,37463.57999999977
2026-03-13 11:00:00,1,1.0,0.0,72298.43,72326.5,28.070000000006985,37491.649999999776
2026-03-13 11:15:00,0,0.0,0.0,72326.5,72310.48,16.020000000004075,37507.66999999978
2026-03-13 11:30:00,0,0.0,1.0,72310.48,72228.82,81.65999999998894,37589.32999999977
2026-03-13 11:45:00,1,1.0,1.0,72228.82,72420.0,191.17999999999302,37780.50999999976
2026-03-13 12:00:00,0,0.0,0.0,72420.0,72412.15,7.850000000005821,37788.35999999977
2026-03-13 12:15:00,0,0.0,1.0,72412.15,72342.09,70.05999999999767,37858.419999999765
2026-03-13 12:30:00,1,1.0,1.0,72342.09,72784.73,442.6399999999994,38301.059999999765
2026-03-13 12:45:00,0,1.0,0.0,72784.73,72793.44,-8.710000000006403,38292.34999999976
2026-03-13 13:00:00,0,1.0,1.0,72793.44,73023.17,-229.72999999999593,38062.61999999976
2026-03-13 13:15:00,0,1.0,1.0,73023.17,73270.78,-247.61000000000058,37815.00999999976
2026-03-13 13:30:00,0,1.0,1.0,73270.78,73379.18,-108.39999999999418,37706.60999999977
2026-03-13 13:45:00,0,1.0,1.0,73379.18,73501.36,-122.18000000000757,37584.42999999976
2026-03-13 14:00:00,0,1.0,1.0,73501.36,73738.52,-237.1600000000035,37347.26999999976
2026-03-13 14:15:00,0,0.0,1.0,73738.52,72946.7,791.820000000007,38139.089999999764
2026-03-13 14:30:00,0,0.0,1.0,72946.7,72382.72,563.9799999999959,38703.06999999976
2026-03-13 14:45:00,1,1.0,1.0,72382.72,72646.55,263.83000000000175,38966.89999999976
2026-03-13 15:00:00,0,0.0,1.0,72646.55,72463.71,182.8399999999965,39149.73999999976
2026-03-13 15:15:00,1,0.0,1.0,72463.71,71981.67,-482.04000000000815,38667.69999999975
2026-03-13 15:30:00,1,0.0,1.0,71981.67,71831.46,-150.20999999999185,38517.48999999976
2026-03-13 15:45:00,1,0.0,1.0,71831.46,71728.2,-103.26000000000931,38414.22999999975
2026-03-13 16:00:00,1,0.0,1.0,71728.2,71393.26,-334.9400000000023,38079.289999999746
2026-03-13 16:15:00,1,1.0,1.0,71393.26,71830.49,437.2300000000105,38516.51999999976
2026-03-13 16:30:00,0,1.0,1.0,71830.49,71885.57,-55.080000000001746,38461.439999999755
2026-03-13 16:45:00,0,1.0,1.0,71885.57,72116.0,-230.42999999999302,38231.00999999976
2026-03-13 17:00:00,0,0.0,1.0,72116.0,71659.82,456.179999999993,38687.189999999755
2026-03-13 17:15:00,0,0.0,1.0,71659.82,71198.81,461.0100000000093,39148.199999999764
2026-03-13 17:30:00,1,0.0,1.0,71198.81,71037.93,-160.88000000000466,38987.31999999976
2026-03-13 17:45:00,1,1.0,1.0,71037.93,71218.06,180.13000000000466,39167.449999999764
2026-03-13 18:00:00,0,0.0,0.0,71218.06,71195.34,22.720000000001164,39190.169999999765
2026-03-13 18:15:00,1,1.0,0.0,71195.34,71238.6,43.26000000000931,39233.429999999775
2026-03-13 18:30:00,0,0.0,1.0,71238.6,71055.45,183.15000000000873,39416.57999999978
2026-03-13 18:45:00,1,1.0,1.0,71055.45,71224.27,168.82000000000698,39585.39999999979
2026-03-13 19:00:00,0,0.0,1.0,71224.27,71082.04,142.23000000001048,39727.6299999998
2026-03-13 19:15:00,1,1.0,1.0,71082.04,71136.47,54.43000000000757,39782.05999999981
2026-03-13 19:30:00,0,1.0,1.0,71136.47,71189.95,-53.479999999995925,39728.57999999981
2026-03-13 19:45:00,0,1.0,1.0,71189.95,71353.0,-163.0500000000029,39565.52999999981
2026-03-13 20:00:00,0,0.0,0.0,71353.0,71307.96,45.0399999999936,39610.5699999998
2026-03-13 20:15:00,0,1.0,0.0,71307.96,71329.8,-21.839999999996508,39588.72999999981
2026-03-13 20:30:00,0,1.0,0.0,71329.8,71346.84,-17.039999999993597,39571.68999999981
2026-03-13 20:45:00,0,1.0,1.0,71346.84,71408.38,-61.54000000000815,39510.149999999805
2026-03-13 21:00:00,0,0.0,1.0,71408.38,71165.41,242.97000000000116,39753.119999999806
2026-03-13 21:15:00,0,0.0,1.0,71165.41,71117.31,48.10000000000582,39801.21999999981
2026-03-13 21:30:00,1,0.0,0.0,71117.31,71104.65,-12.660000000003492,39788.55999999981
2026-03-13 21:45:00,1,0.0,1.0,71104.65,70847.33,-257.31999999999243,39531.239999999816
2026-03-13 22:00:00,1,0.0,1.0,70847.33,70671.43,-175.90000000000873,39355.33999999981
2026-03-13 22:15:00,1,1.0,1.0,70671.43,70720.46,49.03000000001339,39404.36999999982
2026-03-13 22:30:00,0,1.0,1.0,70720.46,70814.0,-93.5399999999936,39310.82999999983
2026-03-13 22:45:00,0,0.0,0.0,70814.0,70809.05,4.94999999999709,39315.779999999824
2026-03-13 23:00:00,0,1.0,1.0,70809.05,70900.01,-90.95999999999185,39224.81999999983
2026-03-13 23:15:00,0,1.0,0.0,70900.01,70941.1,-41.09000000001106,39183.72999999982
2026-03-13 23:30:00,0,0.0,0.0,70941.1,70930.0,11.10000000000582,39194.82999999983
2026-03-13 23:45:00,0,0.0,0.0,70930.0,70889.38,40.61999999999534,39235.44999999982
2026-03-14 00:00:00,1,1.0,0.0,70889.38,70916.78,27.39999999999418,39262.84999999982
2026-03-14 00:15:00,0,0.0,1.0,70916.78,70568.75,348.02999999999884,39610.879999999815
2026-03-14 00:30:00,1,1.0,1.0,70568.75,70631.97,63.220000000001164,39674.09999999982
2026-03-14 00:45:00,0,1.0,1.0,70631.97,70695.22,-63.25,39610.84999999982
2026-03-14 01:00:00,0,1.0,1.0,70695.22,70780.47,-85.25,39525.59999999982
2026-03-14 01:15:00,0,1.0,0.0,70780.47,70807.47,-27.0,39498.59999999982
2026-03-14 01:30:00,0,1.0,0.0,70807.47,70831.7,-24.229999999995925,39474.36999999982
2026-03-14 01:45:00,0,1.0,0.0,70831.7,70862.61,-30.910000000003492,39443.45999999982
2026-03-14 02:00:00,0,0.0,1.0,70862.61,70810.48,52.13000000000466,39495.58999999982
2026-03-14 02:15:00,0,0.0,0.0,70810.48,70770.33,40.14999999999418,39535.739999999816
2026-03-14 02:30:00,0,1.0,0.0,70770.33,70783.27,-12.940000000002328,39522.799999999814
2026-03-14 02:45:00,0,1.0,1.0,70783.27,71006.82,-223.5500000000029,39299.24999999981
2026-03-14 03:00:00,0,1.0,0.0,71006.82,71041.67,-34.84999999999127,39264.39999999982
2026-03-14 03:15:00,0,1.0,1.0,71041.67,71148.55,-106.88000000000466,39157.519999999815
2026-03-14 03:30:00,0,0.0,1.0,71148.55,71081.3,67.25,39224.769999999815
2026-03-14 03:45:00,0,1.0,1.0,71081.3,71193.58,-112.27999999999884,39112.489999999816
2026-03-14 04:00:00,0,1.0,0.0,71193.58,71204.64,-11.059999999997672,39101.42999999982
2026-03-14 04:15:00,0,1.0,1.0,71204.64,71285.42,-80.77999999999884,39020.64999999982
2026-03-14 04:30:00,0,0.0,1.0,71285.42,71039.58,245.8399999999965,39266.489999999816
2026-03-14 04:45:00,0,1.0,1.0,71039.58,71110.37,-70.7899999999936,39195.69999999982
2026-03-14 05:00:00,0,0.0,0.0,71110.37,71109.76,0.6100000000005821,39196.30999999982
2026-03-14 05:15:00,0,0.0,1.0,71109.76,71005.01,104.75,39301.05999999982
2026-03-14 05:30:00,0,1.0,0.0,71005.01,71013.75,-8.740000000005239,39292.31999999982
2026-03-14 05:45:00,0,0.0,1.0,71013.75,70925.68,88.07000000000698,39380.389999999825
2026-03-14 06:00:00,0,0.0,1.0,70925.68,70711.9,213.77999999999884,39594.16999999982
2026-03-14 06:15:00,1,0.0,1.0,70711.9,70459.33,-252.56999999999243,39341.59999999983
2026-03-14 06:30:00,1,1.0,1.0,70459.33,70622.08,162.75,39504.34999999983
2026-03-14 06:45:00,0,1.0,1.0,70622.08,70706.74,-84.66000000000349,39419.68999999983
2026-03-14 07:00:00,0,0.0,0.0,70706.74,70684.01,22.730000000010477,39442.41999999984
2026-03-14 07:15:00,0,0.0,1.0,70684.01,70540.02,143.9899999999907,39586.40999999983
2026-03-14 07:30:00,1,1.0,1.0,70540.02,70596.68,56.65999999998894,39643.06999999982
2026-03-14 07:45:00,0,1.0,1.0,70596.68,70697.04,-100.36000000000058,39542.70999999982
2026-03-14 08:00:00,0,0.0,0.0,70697.04,70671.78,25.25999999999476,39567.96999999981
2026-03-14 08:15:00,0,0.0,1.0,70671.78,70562.0,109.77999999999884,39677.74999999981
2026-03-14 08:30:00,1,1.0,0.0,70562.0,70585.63,23.630000000004657,39701.379999999815
2026-03-14 08:45:00,0,1.0,1.0,70585.63,70693.57,-107.94000000000233,39593.43999999981
2026-03-14 09:00:00,0,1.0,0.0,70693.57,70702.82,-9.25,39584.18999999981
2026-03-14 09:15:00,0,0.0,1.0,70702.82,70613.0,89.82000000000698,39674.00999999982
2026-03-14 09:30:00,0,0.0,1.0,70613.0,70501.16,111.83999999999651,39785.84999999982
2026-03-14 09:45:00,1,1.0,0.0,70501.16,70544.93,43.76999999998952,39829.619999999806
2026-03-14 10:00:00,0,0.0,1.0,70544.93,70472.3,72.6299999999901,39902.249999999796
2026-03-14 10:15:00,1,1.0,0.0,70472.3,70506.93,34.629999999990105,39936.87999999979
2026-03-14 10:30:00,0,1.0,1.0,70506.93,70570.44,-63.51000000000931,39873.36999999978
2026-03-14 10:45:00,0,1.0,1.0,70570.44,70665.53,-95.08999999999651,39778.27999999978
2026-03-14 11:00:00,0,0.0,0.0,70665.53,70663.76,1.7700000000040745,39780.049999999785
2026-03-14 11:15:00,0,1.0,0.0,70663.76,70693.78,-30.020000000004075,39750.02999999978
2026-03-14 11:30:00,0,1.0,1.0,70693.78,70751.42,-57.63999999999942,39692.38999999978
2026-03-14 11:45:00,0,1.0,0.0,70751.42,70761.46,-10.040000000008149,39682.34999999977
2026-03-14 12:00:00,0,0.0,1.0,70761.46,70713.78,47.68000000000757,39730.02999999978
2026-03-14 12:15:00,0,0.0,1.0,70713.78,70632.69,81.08999999999651,39811.11999999978
2026-03-14 12:30:00,0,1.0,1.0,70632.69,70780.59,-147.89999999999418,39663.21999999978
2026-03-14 12:45:00,0,0.0,0.0,70780.59,70754.2,26.389999999999418,39689.60999999978
2026-03-14 13:00:00,0,1.0,1.0,70754.2,70930.0,-175.8000000000029,39513.80999999978
2026-03-14 13:15:00,0,0.0,1.0,70930.0,70867.94,62.05999999999767,39575.86999999978
2026-03-14 13:30:00,0,0.0,0.0,70867.94,70847.35,20.589999999996508,39596.45999999977
2026-03-14 13:45:00,0,0.0,1.0,70847.35,70746.05,101.30000000000291,39697.75999999978
2026-03-14 14:00:00,0,1.0,1.0,70746.05,70824.24,-78.19000000000233,39619.569999999774
2026-03-14 14:15:00,0,0.0,1.0,70824.24,70603.08,221.1600000000035,39840.72999999978
2026-03-14 14:30:00,1,0.0,0.0,70603.08,70599.22,-3.860000000000582,39836.86999999978
2026-03-14 14:45:00,1,1.0,1.0,70599.22,70657.8,58.580000000001746,39895.44999999978
2026-03-14 15:00:00,0,1.0,0.0,70657.8,70686.69,-28.889999999999418,39866.55999999978
2026-03-14 15:15:00,0,0.0,1.0,70686.69,70539.47,147.22000000000116,40013.77999999978
2026-03-14 15:30:00,1,1.0,0.0,70539.47,70580.09,40.61999999999534,40054.399999999776
2026-03-14 15:45:00,0,1.0,0.0,70580.09,70584.02,-3.930000000007567,40050.46999999977
2026-03-14 16:00:00,0,1.0,1.0,70584.02,70662.74,-78.72000000000116,39971.74999999977
2026-03-14 16:15:00,0,0.0,0.0,70662.74,70647.49,15.25,39986.99999999977
2026-03-14 16:30:00,0,1.0,0.0,70647.49,70672.53,-25.039999999993597,39961.95999999977
2026-03-14 16:45:00,0,1.0,0.0,70672.53,70690.76,-18.229999999995925,39943.72999999978
2026-03-14 17:00:00,0,1.0,1.0,70690.76,70732.18,-41.419999999998254,39902.30999999978
2026-03-14 17:15:00,0,0.0,1.0,70732.18,70663.54,68.63999999999942,39970.94999999978
2026-03-14 17:30:00,0,0.0,1.0,70663.54,70617.01,46.529999999998836,40017.47999999978
2026-03-14 17:45:00,1,0.0,0.0,70617.01,70582.0,-35.00999999999476,39982.46999999978
2026-03-14 18:00:00,1,1.0,0.0,70582.0,70618.05,36.05000000000291,40018.519999999786
2026-03-14 18:15:00,0,1.0,0.0,70618.05,70650.0,-31.94999999999709,39986.56999999979
2026-03-14 18:30:00,0,1.0,0.0,70650.0,70668.23,-18.229999999995925,39968.33999999979
2026-03-14 18:45:00,0,1.0,0.0,70668.23,70687.71,-19.480000000010477,39948.85999999978
2026-03-14 19:00:00,0,0.0,0.0,70687.71,70671.98,15.730000000010477,39964.58999999979
2026-03-14 19:15:00,0,1.0,1.0,70671.98,70718.86,-46.88000000000466,39917.70999999979
2026-03-14 19:30:00,0,0.0,0.0,70718.86,70700.0,18.860000000000582,39936.56999999979
2026-03-14 19:45:00,0,0.0,0.0,70700.0,70683.58,16.419999999998254,39952.98999999979
2026-03-14 20:00:00,0,1.0,1.0,70683.58,70735.78,-52.19999999999709,39900.78999999979
2026-03-14 20:15:00,0,1.0,1.0,70735.78,70850.0,-114.22000000000116,39786.56999999979
2026-03-14 20:30:00,0,0.0,1.0,70850.0,70805.71,44.2899999999936,39830.85999999978
2026-03-14 20:45:00,0,0.0,1.0,70805.71,70663.47,142.24000000000524,39973.09999999979
2026-03-14 21:00:00,1,1.0,0.0,70663.47,70690.42,26.94999999999709,40000.049999999785
2026-03-14 21:15:00,0,1.0,1.0,70690.42,70738.79,-48.36999999999534,39951.67999999979
2026-03-14 21:30:00,0,1.0,1.0,70738.79,70799.99,-61.20000000001164,39890.47999999978
2026-03-14 21:45:00,0,0.0,1.0,70799.99,70716.85,83.13999999999942,39973.61999999978
2026-03-14 22:00:00,0,1.0,0.0,70716.85,70736.39,-19.539999999993597,39954.07999999978
2026-03-14 22:15:00,0,1.0,0.0,70736.39,70753.24,-16.85000000000582,39937.22999999978
2026-03-14 22:30:00,0,0.0,1.0,70753.24,70710.91,42.330000000001746,39979.55999999978
2026-03-14 22:45:00,0,1.0,1.0,70710.91,71012.43,-301.5199999999895,39678.03999999979
2026-03-14 23:00:00,0,1.0,0.0,71012.43,71034.44,-22.010000000009313,39656.02999999978
2026-03-14 23:15:00,0,1.0,1.0,71034.44,71181.17,-146.72999999999593,39509.299999999785
2026-03-14 23:30:00,0,1.0,0.0,71181.17,71211.95,-30.779999999998836,39478.519999999786
2026-03-14 23:45:00,0,0.0,1.0,71211.95,71088.25,123.69999999999709,39602.21999999978
2026-03-15 00:00:00,0,0.0,0.0,71088.25,71066.5,21.75,39623.96999999978
2026-03-15 00:15:00,0,1.0,0.0,71066.5,71083.0,-16.5,39607.46999999978
2026-03-15 00:30:00,0,0.0,1.0,71083.0,70985.28,97.72000000000116,39705.189999999784
2026-03-15 00:45:00,0,0.0,0.0,70985.28,70949.72,35.55999999999767,39740.74999999978
2026-03-15 01:00:00,0,0.0,0.0,70949.72,70933.69,16.029999999998836,39756.77999999978
2026-03-15 01:15:00,0,0.0,0.0,70933.69,70932.47,1.2200000000011642,39757.99999999978
2026-03-15 01:30:00,0,1.0,1.0,70932.47,70985.83,-53.36000000000058,39704.63999999978
2026-03-15 01:45:00,0,1.0,1.0,70985.83,71305.29,-319.45999999999185,39385.17999999979
2026-03-15 02:00:00,0,0.0,0.0,71305.29,71268.29,37.0,39422.17999999979
2026-03-15 02:15:00,0,1.0,1.0,71268.29,71420.0,-151.7100000000064,39270.46999999978
2026-03-15 02:30:00,0,1.0,0.0,71420.0,71450.53,-30.529999999998836,39239.939999999784
2026-03-15 02:45:00,0,1.0,0.0,71450.53,71463.9,-13.369999999995343,39226.56999999979
2026-03-15 03:00:00,0,0.0,1.0,71463.9,71341.38,122.51999999998952,39349.08999999978
2026-03-15 03:15:00,0,0.0,0.0,71341.38,71336.25,5.130000000004657,39354.21999999978
2026-03-15 03:30:00,0,1.0,0.0,71336.25,71363.14,-26.889999999999418,39327.32999999978
2026-03-15 03:45:00,0,1.0,1.0,71363.14,71586.04,-222.89999999999418,39104.42999999979
2026-03-15 04:00:00,0,0.0,1.0,71586.04,71538.04,48.0,39152.42999999979
2026-03-15 04:15:00,0,1.0,1.0,71538.04,71596.45,-58.41000000000349,39094.019999999786
2026-03-15 04:30:00,0,1.0,0.0,71596.45,71606.32,-9.870000000009895,39084.149999999776
2026-03-15 04:45:00,0,0.0,1.0,71606.32,71545.29,61.03000000001339,39145.17999999979
2026-03-15 05:00:00,0,1.0,1.0,71545.29,71630.28,-84.99000000000524,39060.189999999784
2026-03-15 05:15:00,0,1.0,0.0,71630.28,71643.82,-13.540000000008149,39046.649999999776
2026-03-15 05:30:00,0,0.0,1.0,71643.82,71489.68,154.14000000001397,39200.78999999979
2026-03-15 05:45:00,0,1.0,1.0,71489.68,71567.78,-78.10000000000582,39122.689999999784
2026-03-15 06:00:00,0,0.0,1.0,71567.78,71466.15,101.63000000000466,39224.31999999979
2026-03-15 06:15:00,0,0.0,1.0,71466.15,71411.2,54.94999999999709,39279.269999999786
2026-03-15 06:30:00,0,1.0,1.0,71411.2,71458.41,-47.2100000000064,39232.05999999978
2026-03-15 06:45:00,0,1.0,1.0,71458.41,71612.56,-154.14999999999418,39077.909999999785
2026-03-15 07:00:00,0,0.0,1.0,71612.56,71567.56,45.0,39122.909999999785
2026-03-15 07:15:00,0,0.0,1.0,71567.56,71446.96,120.59999999999127,39243.50999999978
2026-03-15 07:30:00,0,1.0,0.0,71446.96,71453.59,-6.629999999990105,39236.87999999979
2026-03-15 07:45:00,0,1.0,1.0,71453.59,71594.53,-140.94000000000233,39095.939999999784
2026-03-15 08:00:00,0,0.0,0.0,71594.53,71586.22,8.309999999997672,39104.24999999978
2026-03-15 08:15:00,0,0.0,0.0,71586.22,71573.1,13.119999999995343,39117.36999999978
2026-03-15 08:30:00,0,1.0,1.0,71573.1,71717.5,-144.39999999999418,38972.96999999978
2026-03-15 08:45:00,0,1.0,1.0,71717.5,71828.13,-110.63000000000466,38862.33999999978
2026-03-15 09:00:00,0,1.0,0.0,71828.13,71847.41,-19.279999999998836,38843.05999999978
2026-03-15 09:15:00,0,0.0,1.0,71847.41,71758.59,88.82000000000698,38931.87999999979
2026-03-15 09:30:00,0,1.0,0.0,71758.59,71791.1,-32.51000000000931,38899.36999999978
2026-03-15 09:45:00,0,1.0,0.0,71791.1,71806.66,-15.559999999997672,38883.80999999978
2026-03-15 10:00:00,0,1.0,1.0,71806.66,71862.46,-55.80000000000291,38828.00999999978
2026-03-15 10:15:00,0,0.0,0.0,71862.46,71830.64,31.820000000006985,38859.82999999978
2026-03-15 10:30:00,0,0.0,1.0,71830.64,71783.09,47.55000000000291,38907.37999999979
2026-03-15 10:45:00,0,0.0,1.0,71783.09,71700.0,83.08999999999651,38990.46999999978
2026-03-15 11:00:00,0,0.0,0.0,71700.0,71695.56,4.440000000002328,38994.909999999785
2026-03-15 11:15:00,1,1.0,1.0,71695.56,71754.99,59.43000000000757,39054.33999999979
2026-03-15 11:30:00,0,1.0,1.0,71754.99,71839.42,-84.42999999999302,38969.9099999998
2026-03-15 11:45:00,0,0.0,1.0,71839.42,71702.74,136.67999999999302,39106.58999999979
2026-03-15 12:00:00,0,1.0,0.0,71702.74,71706.97,-4.2299999999959255,39102.3599999998
2026-03-15 12:15:00,0,0.0,1.0,71706.97,71567.28,139.69000000000233,39242.0499999998
2026-03-15 12:30:00,0,1.0,1.0,71567.28,71610.33,-43.05000000000291,39198.999999999796
2026-03-15 12:45:00,0,0.0,1.0,71610.33,71442.49,167.8399999999965,39366.83999999979
2026-03-15 13:00:00,0,1.0,1.0,71442.49,71526.9,-84.40999999998894,39282.429999999804
2026-03-15 13:15:00,0,0.0,1.0,71526.9,71449.89,77.00999999999476,39359.4399999998
2026-03-15 13:30:00,0,1.0,1.0,71449.89,71607.54,-157.64999999999418,39201.789999999804
2026-03-15 13:45:00,0,0.0,0.0,71607.54,71579.35,28.189999999987776,39229.97999999979
2026-03-15 14:00:00,0,0.0,1.0,71579.35,71457.39,121.9600000000064,39351.9399999998
2026-03-15 14:15:00,1,1.0,0.0,71457.39,71484.38,26.99000000000524,39378.929999999804
2026-03-15 14:30:00,0,1.0,1.0,71484.38,71622.03,-137.64999999999418,39241.27999999981
2026-03-15 14:45:00,0,0.0,1.0,71622.03,71546.93,75.10000000000582,39316.379999999815
2026-03-15 15:00:00,0,0.0,1.0,71546.93,71472.8,74.1299999999901,39390.509999999806
2026-03-15 15:15:00,1,1.0,0.0,71472.8,71486.52,13.720000000001164,39404.22999999981
2026-03-15 15:30:00,0,0.0,0.0,71486.52,71481.24,5.279999999998836,39409.509999999806
2026-03-15 15:45:00,0,1.0,1.0,71481.24,71559.98,-78.73999999999069,39330.769999999815
2026-03-15 16:00:00,0,0.0,1.0,71559.98,71405.7,154.27999999999884,39485.049999999814
2026-03-15 16:15:00,0,1.0,1.0,71405.7,71450.02,-44.320000000006985,39440.72999999981
2026-03-15 16:30:00,0,0.0,0.0,71450.02,71437.35,12.669999999998254,39453.399999999805
2026-03-15 16:45:00,0,1.0,1.0,71437.35,71482.12,-44.76999999998952,39408.629999999815
2026-03-15 17:00:00,0,1.0,0.0,71482.12,71515.17,-33.05000000000291,39375.57999999981
2026-03-15 17:15:00,0,1.0,0.0,71515.17,71521.37,-6.19999999999709,39369.379999999815
2026-03-15 17:30:00,0,1.0,1.0,71521.37,71819.95,-298.58000000000175,39070.799999999814
2026-03-15 17:45:00,0,0.0,1.0,71819.95,71719.15,100.80000000000291,39171.59999999982
2026-03-15 18:00:00,0,1.0,0.0,71719.15,71726.37,-7.220000000001164,39164.379999999815
2026-03-15 18:15:00,0,0.0,0.0,71726.37,71692.01,34.36000000000058,39198.739999999816
2026-03-15 18:30:00,0,0.0,1.0,71692.01,71390.53,301.4799999999959,39500.21999999981
2026-03-15 18:45:00,1,1.0,1.0,71390.53,71488.81,98.27999999999884,39598.49999999981
2026-03-15 19:00:00,0,1.0,1.0,71488.81,71525.33,-36.520000000004075,39561.97999999981
2026-03-15 19:15:00,0,0.0,0.0,71525.33,71493.44,31.889999999999418,39593.869999999806
2026-03-15 19:30:00,0,1.0,1.0,71493.44,71549.94,-56.5,39537.369999999806
2026-03-15 19:45:00,0,0.0,0.0,71549.94,71531.75,18.19000000000233,39555.55999999981
2026-03-15 20:00:00,0,0.0,1.0,71531.75,71485.6,46.14999999999418,39601.7099999998
2026-03-15 20:15:00,1,1.0,1.0,71485.6,71846.68,361.0799999999872,39962.78999999979
2026-03-15 20:30:00,0,0.0,1.0,71846.68,71730.81,115.86999999999534,40078.659999999785
2026-03-15 20:45:00,0,0.0,1.0,71730.81,71646.15,84.66000000000349,40163.31999999979
2026-03-15 21:00:00,0,1.0,1.0,71646.15,71761.24,-115.09000000001106,40048.22999999978
2026-03-15 21:15:00,0,1.0,1.0,71761.24,72105.63,-344.3899999999994,39703.83999999978
2026-03-15 21:30:00,0,1.0,0.0,72105.63,72109.58,-3.9499999999970896,39699.88999999978
2026-03-15 21:45:00,0,0.0,1.0,72109.58,71796.79,312.79000000000815,40012.67999999979
2026-03-15 22:00:00,0,1.0,1.0,71796.79,71931.49,-134.70000000001164,39877.97999999978
2026-03-15 22:15:00,0,1.0,1.0,71931.49,72391.41,-459.91999999999825,39418.05999999978
2026-03-15 22:30:00,0,1.0,1.0,72391.41,72749.44,-358.02999999999884,39060.02999999978
2026-03-15 22:45:00,0,1.0,1.0,72749.44,72991.99,-242.5500000000029,38817.47999999978
2026-03-15 23:00:00,0,0.0,1.0,72991.99,72479.04,512.9500000000116,39330.42999999979
2026-03-15 23:15:00,0,1.0,1.0,72479.04,72701.07,-222.0300000000134,39108.399999999776
2026-03-15 23:30:00,0,1.0,1.0,72701.07,72815.24,-114.16999999999825,38994.22999999978
2026-03-15 23:45:00,0,0.0,1.0,72815.24,72714.59,100.65000000000873,39094.87999999979
2026-03-16 00:00:00,0,0.0,1.0,72714.59,72512.3,202.2899999999936,39297.16999999978
2026-03-16 00:15:00,0,1.0,0.0,72512.3,72515.54,-3.2399999999906868,39293.92999999979
2026-03-16 00:30:00,0,1.0,0.0,72515.54,72531.26,-15.720000000001164,39278.20999999979
2026-03-16 00:45:00,0,0.0,1.0,72531.26,72317.19,214.06999999999243,39492.27999999978
2026-03-16 01:00:00,0,1.0,1.0,72317.19,72645.39,-328.1999999999971,39164.07999999978
2026-03-16 01:15:00,0,0.0,1.0,72645.39,72590.46,54.929999999993015,39219.00999999978
2026-03-16 01:30:00,0,1.0,1.0,72590.46,72752.9,-162.43999999998778,39056.56999999979
2026-03-16 01:45:00,0,0.0,1.0,72752.9,72694.37,58.529999999998836,39115.09999999979
2026-03-16 02:00:00,0,0.0,1.0,72694.37,72451.44,242.92999999999302,39358.02999999978
2026-03-16 02:15:00,1,0.0,0.0,72451.44,72444.13,-7.309999999997672,39350.71999999978
2026-03-16 02:30:00,1,1.0,1.0,72444.13,72514.69,70.55999999999767,39421.27999999978
2026-03-16 02:45:00,0,1.0,0.0,72514.69,72528.13,-13.440000000002328,39407.83999999978
2026-03-16 03:00:00,0,1.0,1.0,72528.13,72857.64,-329.50999999999476,39078.32999999978
2026-03-16 03:15:00,0,1.0,1.0,72857.64,73769.99,-912.3500000000058,38165.97999999978
2026-03-16 03:30:00,0,0.0,1.0,73769.99,73573.32,196.66999999999825,38362.649999999776
2026-03-16 03:45:00,0,1.0,1.0,73573.32,73695.95,-122.6299999999901,38240.019999999786
2026-03-16 04:00:00,0,0.0,1.0,73695.95,73605.9,90.05000000000291,38330.06999999979
2026-03-16 04:15:00,0,1.0,0.0,73605.9,73632.81,-26.910000000003492,38303.159999999785
2026-03-16 04:30:00,0,1.0,1.0,73632.81,73835.62,-202.80999999999767,38100.34999999979
2026-03-16 04:45:00,0,1.0,0.0,73835.62,73866.52,-30.90000000000873,38069.44999999978
2026-03-16 05:00:00,0,1.0,1.0,73866.52,73909.56,-43.0399999999936,38026.409999999785
2026-03-16 05:15:00,0,1.0,1.0,73909.56,74045.37,-135.80999999999767,37890.59999999979
2026-03-16 05:30:00,0,1.0,1.0,74045.37,74207.49,-162.1200000000099,37728.47999999978
2026-03-16 05:45:00,0,0.0,1.0,74207.49,73715.13,492.3600000000006,38220.83999999978
2026-03-16 06:00:00,0,0.0,0.0,73715.13,73711.0,4.130000000004657,38224.96999999978
2026-03-16 06:15:00,0,1.0,1.0,73711.0,73826.98,-115.97999999999593,38108.98999999979
2026-03-16 06:30:00,0,0.0,1.0,73826.98,73714.36,112.61999999999534,38221.60999999978
2026-03-16 06:45:00,0,1.0,1.0,73714.36,73852.84,-138.47999999999593,38083.12999999979
2026-03-16 07:00:00,0,0.0,0.0,73852.84,73835.35,17.489999999990687,38100.61999999978
2026-03-16 07:15:00,0,0.0,1.0,73835.35,73484.86,350.49000000000524,38451.10999999978
2026-03-16 07:30:00,1,0.0,0.0,73484.86,73456.68,-28.180000000007567,38422.929999999775
2026-03-16 07:45:00,1,1.0,1.0,73456.68,73514.27,57.59000000001106,38480.519999999786
2026-03-16 08:00:00,0,0.0,1.0,73514.27,73352.06,162.2100000000064,38642.72999999979
2026-03-16 08:15:00,1,0.0,1.0,73352.06,72906.56,-445.5,38197.22999999979
2026-03-16 08:30:00,1,1.0,1.0,72906.56,73135.0,228.44000000000233,38425.669999999795
2026-03-16 08:45:00,0,0.0,0.0,73135.0,73132.46,2.539999999993597,38428.20999999979
2026-03-16 09:00:00,0,1.0,1.0,73132.46,73278.0,-145.5399999999936,38282.669999999795
2026-03-16 09:15:00,0,0.0,1.0,73278.0,73201.4,76.60000000000582,38359.2699999998
2026-03-16 09:30:00,0,1.0,1.0,73201.4,73260.92,-59.520000000004075,38299.749999999796
2026-03-16 09:45:00,0,1.0,1.0,73260.92,73338.33,-77.41000000000349,38222.33999999979
2026-03-16 10:00:00,0,1.0,1.0,73338.33,73453.71,-115.38000000000466,38106.95999999979
2026-03-16 10:15:00,0,0.0,1.0,73453.71,73253.21,200.5,38307.45999999979
2026-03-16 10:30:00,0,1.0,1.0,73253.21,73783.42,-530.2099999999919,37777.249999999796
2026-03-16 10:45:00,0,0.0,1.0,73783.42,73606.92,176.5,37953.749999999796
2026-03-16 11:00:00,0,0.0,1.0,73606.92,73556.24,50.679999999993015,38004.42999999979
2026-03-16 11:15:00,1,1.0,1.0,73556.24,73626.28,70.0399999999936,38074.46999999978
2026-03-16 11:30:00,0,0.0,1.0,73626.28,73552.77,73.50999999999476,38147.97999999978
2026-03-16 11:45:00,0,1.0,1.0,73552.77,73596.63,-43.86000000000058,38104.11999999978
2026-03-16 12:00:00,0,1.0,1.0,73596.63,73878.04,-281.40999999998894,37822.70999999979
2026-03-16 12:15:00,0,0.0,1.0,73878.04,73807.63,70.40999999998894,37893.11999999978
2026-03-16 12:30:00,0,1.0,1.0,73807.63,73864.8,-57.169999999998254,37835.94999999978
2026-03-16 12:45:00,0,1.0,1.0,73864.8,73967.86,-103.05999999999767,37732.88999999978
2026-03-16 13:00:00,0,0.0,1.0,73967.86,73902.9,64.9600000000064,37797.84999999979
2026-03-16 13:15:00,0,1.0,1.0,73902.9,74079.66,-176.7600000000093,37621.08999999978
2026-03-16 13:30:00,0,1.0,0.0,74079.66,74109.55,-29.889999999999418,37591.19999999978
2026-03-16 13:45:00,0,1.0,1.0,74109.55,74298.61,-189.05999999999767,37402.13999999978
2026-03-16 14:00:00,0,0.0,1.0,74298.61,73618.49,680.1199999999953,38082.25999999978
2026-03-16 14:15:00,0,0.0,1.0,73618.49,73136.06,482.43000000000757,38564.689999999784
2026-03-16 14:30:00,1,1.0,1.0,73136.06,73565.54,429.4799999999959,38994.16999999978
2026-03-16 14:45:00,0,1.0,1.0,73565.54,73677.67,-112.13000000000466,38882.039999999775
2026-03-16 15:00:00,0,1.0,1.0,73677.67,73841.21,-163.54000000000815,38718.49999999977
2026-03-16 15:15:00,0,0.0,1.0,73841.21,73555.01,286.20000000001164,39004.69999999978
2026-03-16 15:30:00,0,0.0,1.0,73555.01,73274.76,280.25,39284.94999999978
2026-03-16 15:45:00,1,1.0,1.0,73274.76,73342.48,67.72000000000116,39352.66999999978
2026-03-16 16:00:00,0,1.0,1.0,73342.48,73413.67,-71.19000000000233,39281.47999999978
2026-03-16 16:15:00,0,1.0,1.0,73413.67,73657.29,-243.61999999999534,39037.85999999978
2026-03-16 16:30:00,0,1.0,1.0,73657.29,73760.63,-103.34000000001106,38934.51999999977
2026-03-16 16:45:00,0,1.0,1.0,73760.63,73835.65,-75.01999999998952,38859.49999999978
2026-03-16 17:00:00,0,0.0,1.0,73835.65,73683.26,152.38999999999942,39011.88999999978
2026-03-16 17:15:00,0,1.0,1.0,73683.26,73893.28,-210.02000000000407,38801.86999999978
2026-03-16 17:30:00,0,1.0,1.0,73893.28,73943.18,-49.89999999999418,38751.96999999978
2026-03-16 17:45:00,0,1.0,1.0,73943.18,74214.66,-271.4800000000105,38480.48999999977
2026-03-16 18:00:00,0,1.0,0.0,74214.66,74248.86,-34.19999999999709,38446.289999999775
2026-03-16 18:15:00,0,0.0,1.0,74248.86,74206.32,42.5399999999936,38488.82999999977
2026-03-16 18:30:00,0,0.0,1.0,74206.32,73913.6,292.72000000000116,38781.54999999977
2026-03-16 18:45:00,0,1.0,1.0,73913.6,74167.88,-254.27999999999884,38527.26999999977
2026-03-16 19:00:00,0,0.0,1.0,74167.88,74110.13,57.75,38585.01999999977
2026-03-16 19:15:00,0,1.0,0.0,74110.13,74145.97,-35.83999999999651,38549.179999999775
2026-03-16 19:30:00,0,0.0,1.0,74145.97,73963.0,182.97000000000116,38732.149999999776
2026-03-16 19:45:00,0,0.0,1.0,73963.0,73906.51,56.49000000000524,38788.63999999978
2026-03-16 20:00:00,1,1.0,1.0,73906.51,73977.99,71.48000000001048,38860.11999999979
2026-03-16 20:15:00,0,1.0,1.0,73977.99,74041.62,-63.629999999990105,38796.4899999998
2026-03-16 20:30:00,0,1.0,1.0,74041.62,74236.9,-195.27999999999884,38601.2099999998
2026-03-16 20:45:00,0,1.0,1.0,74236.9,74367.93,-131.02999999999884,38470.179999999804
2026-03-16 21:00:00,0,0.0,1.0,74367.93,74280.05,87.8799999999901,38558.059999999794
2026-03-16 21:15:00,0,1.0,1.0,74280.05,74436.0,-155.9499999999971,38402.1099999998
2026-03-16 21:30:00,0,0.0,0.0,74436.0,74401.36,34.63999999999942,38436.749999999796
2026-03-16 21:45:00,0,1.0,1.0,74401.36,74874.6,-473.24000000000524,37963.50999999979
2026-03-16 22:00:00,0,0.0,1.0,74874.6,74660.31,214.29000000000815,38177.7999999998
2026-03-16 22:15:00,0,1.0,1.0,74660.31,74764.81,-104.5,38073.2999999998
2026-03-16 22:30:00,0,1.0,0.0,74764.81,74772.66,-7.850000000005821,38065.44999999979
2026-03-16 22:45:00,0,0.0,1.0,74772.66,74392.5,380.1600000000035,38445.6099999998
2026-03-16 23:00:00,0,1.0,1.0,74392.5,74612.39,-219.88999999999942,38225.7199999998
2026-03-16 23:15:00,0,1.0,1.0,74612.39,74874.93,-262.5399999999936,37963.179999999804
2026-03-16 23:30:00,0,1.0,0.0,74874.93,74884.67,-9.740000000005239,37953.4399999998
2026-03-16 23:45:00,0,1.0,1.0,74884.67,75409.33,-524.6600000000035,37428.779999999795
2026-03-17 00:00:00,0,0.0,1.0,75409.33,75080.2,329.13000000000466,37757.9099999998
2026-03-17 00:15:00,0,0.0,1.0,75080.2,74996.96,83.23999999999069,37841.14999999979
2026-03-17 00:30:00,1,1.0,1.0,74996.96,75318.48,321.5199999999895,38162.66999999978
2026-03-17 00:45:00,0,1.0,1.0,75318.48,75840.88,-522.4000000000087,37640.26999999977
2026-03-17 01:00:00,0,1.0,1.0,75840.88,75933.8,-92.91999999999825,37547.34999999977
2026-03-17 01:15:00,0,0.0,1.0,75933.8,75678.16,255.63999999999942,37802.98999999977
2026-03-17 01:30:00,0,0.0,1.0,75678.16,75623.91,54.25,37857.23999999977
2026-03-17 01:45:00,1,0.0,1.0,75623.91,75243.62,-380.29000000000815,37476.949999999764
2026-03-17 02:00:00,1,0.0,1.0,75243.62,75172.0,-71.61999999999534,37405.32999999977
2026-03-17 02:15:00,1,1.0,1.0,75172.0,75396.16,224.1600000000035,37629.48999999977
2026-03-17 02:30:00,0,0.0,1.0,75396.16,75198.02,198.13999999999942,37827.62999999977
2026-03-17 02:45:00,1,0.0,1.0,75198.02,74943.79,-254.23000000001048,37573.39999999976
2026-03-17 03:00:00,1,0.0,1.0,74943.79,74823.46,-120.3299999999872,37453.069999999774
2026-03-17 03:15:00,1,0.0,1.0,74823.46,74422.85,-400.6100000000006,37052.45999999977
2026-03-17 03:30:00,1,1.0,0.0,74422.85,74463.98,41.129999999990105,37093.589999999764
2026-03-17 03:45:00,0,1.0,1.0,74463.98,74674.06,-210.08000000000175,36883.50999999976
2026-03-17 04:00:00,0,0.0,1.0,74674.06,74419.33,254.72999999999593,37138.23999999976
2026-03-17 04:15:00,0,0.0,1.0,74419.33,74051.38,367.9499999999971,37506.189999999755
2026-03-17 04:30:00,1,1.0,1.0,74051.38,74252.01,200.6299999999901,37706.819999999745
2026-03-17 04:45:00,0,1.0,0.0,74252.01,74280.46,-28.45000000001164,37678.36999999973
2026-03-17 05:00:00,0,1.0,1.0,74280.46,74406.55,-126.08999999999651,37552.27999999974
2026-03-17 05:15:00,0,0.0,1.0,74406.55,73943.01,463.54000000000815,38015.819999999745
2026-03-17 05:30:00,0,1.0,1.0,73943.01,74036.74,-93.73000000001048,37922.089999999735
2026-03-17 05:45:00,0,1.0,1.0,74036.74,74145.18,-108.43999999998778,37813.64999999975
2026-03-17 06:00:00,0,1.0,1.0,74145.18,74212.41,-67.23000000001048,37746.419999999736
2026-03-17 06:15:00,0,0.0,1.0,74212.41,74004.78,207.63000000000466,37954.04999999974
2026-03-17 06:30:00,0,1.0,1.0,74004.78,74085.45,-80.66999999999825,37873.37999999974
2026-03-17 06:45:00,0,1.0,1.0,74085.45,74324.03,-238.58000000000175,37634.79999999974
2026-03-17 07:00:00,0,1.0,1.0,74324.03,74403.62,-79.58999999999651,37555.209999999744
2026-03-17 07:15:00,0,0.0,0.0,74403.62,74400.0,3.6199999999953434,37558.82999999974
2026-03-17 07:30:00,0,0.0,1.0,74400.0,74249.32,150.67999999999302,37709.50999999973
2026-03-17 07:45:00,1,0.0,0.0,74249.32,74230.0,-19.320000000006985,37690.189999999726
2026-03-17 08:00:00,1,1.0,1.0,74230.0,74306.23,76.22999999999593,37766.41999999972
2026-03-17 08:15:00,0,1.0,1.0,74306.23,74394.28,-88.05000000000291,37678.36999999972
2026-03-17 08:30:00,0,0.0,1.0,74394.28,74188.38,205.89999999999418,37884.26999999971
2026-03-17 08:45:00,0,0.0,1.0,74188.38,74047.64,140.74000000000524,38025.00999999972
2026-03-17 09:00:00,1,1.0,1.0,74047.64,74311.79,264.1499999999942,38289.15999999971
2026-03-17 09:15:00,0,0.0,1.0,74311.79,74194.85,116.93999999998778,38406.0999999997
2026-03-17 09:30:00,0,0.0,1.0,74194.85,73937.16,257.6900000000023,38663.7899999997
2026-03-17 09:45:00,1,0.0,1.0,73937.16,73685.51,-251.65000000000873,38412.139999999694
2026-03-17 10:00:00,1,1.0,1.0,73685.51,73750.0,64.49000000000524,38476.6299999997
2026-03-17 10:15:00,0,0.0,0.0,73750.0,73743.99,6.009999999994761,38482.639999999694
2026-03-17 10:30:00,0,0.0,0.0,73743.99,73729.45,14.540000000008149,38497.1799999997
2026-03-17 10:45:00,1,1.0,1.0,73729.45,73930.54,201.0899999999965,38698.2699999997
2026-03-17 11:00:00,0,1.0,1.0,73930.54,74012.78,-82.24000000000524,38616.02999999969
2026-03-17 11:15:00,0,1.0,1.0,74012.78,74107.82,-95.04000000000815,38520.989999999685
2026-03-17 11:30:00,0,0.0,1.0,74107.82,74033.11,74.7100000000064,38595.69999999969
2026-03-17 11:45:00,0,1.0,0.0,74033.11,74057.88,-24.770000000004075,38570.92999999969
2026-03-17 12:00:00,0,0.0,1.0,74057.88,73793.9,263.9800000000105,38834.9099999997
2026-03-17 12:15:00,0,1.0,0.0,73793.9,73837.39,-43.49000000000524,38791.41999999969
2026-03-17 12:30:00,0,0.0,1.0,73837.39,73739.74,97.64999999999418,38889.06999999969
2026-03-17 12:45:00,0,1.0,1.0,73739.74,73836.46,-96.72000000000116,38792.349999999686
2026-03-17 13:00:00,0,0.0,1.0,73836.46,73715.06,121.40000000000873,38913.749999999694
2026-03-17 13:15:00,0,1.0,0.0,73715.06,73721.08,-6.0200000000040745,38907.72999999969
2026-03-17 13:30:00,0,0.0,1.0,73721.08,73615.48,105.60000000000582,39013.329999999696
2026-03-17 13:45:00,0,1.0,1.0,73615.48,73721.2,-105.72000000000116,38907.609999999695
2026-03-17 14:00:00,0,1.0,1.0,73721.2,73892.18,-170.97999999999593,38736.6299999997
2026-03-17 14:15:00,0,1.0,1.0,73892.18,74249.35,-357.1700000000128,38379.459999999686
2026-03-17 14:30:00,0,1.0,1.0,74249.35,74381.7,-132.34999999999127,38247.109999999695
2026-03-17 14:45:00,0,0.0,1.0,74381.7,74121.45,260.25,38507.359999999695
2026-03-17 15:00:00,0,0.0,1.0,74121.45,74054.35,67.09999999999127,38574.459999999686
2026-03-17 15:15:00,1,0.0,1.0,74054.35,73902.0,-152.35000000000582,38422.10999999968
2026-03-17 15:30:00,1,1.0,0.0,73902.0,73914.39,12.389999999999418,38434.49999999968
2026-03-17 15:45:00,0,1.0,1.0,73914.39,73972.33,-57.94000000000233,38376.55999999968
2026-03-17 16:00:00,0,1.0,1.0,73972.33,74205.21,-232.88000000000466,38143.67999999967
2026-03-17 16:15:00,0,0.0,1.0,74205.21,74136.66,68.55000000000291,38212.229999999676
2026-03-17 16:30:00,0,1.0,0.0,74136.66,74155.69,-19.029999999998836,38193.19999999968
2026-03-17 16:45:00,0,1.0,1.0,74155.69,74218.9,-63.20999999999185,38129.989999999685
2026-03-17 17:00:00,0,1.0,1.0,74218.9,74287.75,-68.85000000000582,38061.13999999968
2026-03-17 17:15:00,0,1.0,1.0,74287.75,74421.53,-133.77999999999884,37927.35999999968
2026-03-17 17:30:00,0,1.0,1.0,74421.53,74523.75,-102.22000000000116,37825.13999999968
2026-03-17 17:45:00,0,1.0,1.0,74523.75,74597.69,-73.94000000000233,37751.19999999968
2026-03-17 18:00:00,0,0.0,1.0,74597.69,74423.18,174.5100000000093,37925.709999999686
2026-03-17 18:15:00,0,1.0,1.0,74423.18,74612.85,-189.6700000000128,37736.03999999967
2026-03-17 18:30:00,0,1.0,1.0,74612.85,74683.04,-70.18999999998778,37665.849999999686
2026-03-17 18:45:00,0,1.0,1.0,74683.04,74745.5,-62.4600000000064,37603.38999999968
2026-03-17 19:00:00,0,0.0,1.0,74745.5,74631.29,114.2100000000064,37717.599999999686
2026-03-17 19:15:00,0,1.0,0.0,74631.29,74673.85,-42.560000000012224,37675.03999999967
2026-03-17 19:30:00,0,0.0,1.0,74673.85,74512.17,161.68000000000757,37836.71999999968
2026-03-17 19:45:00,0,0.0,1.0,74512.17,74360.0,152.16999999999825,37988.88999999968
2026-03-17 20:00:00,1,1.0,1.0,74360.0,74652.26,292.25999999999476,38281.149999999674
2026-03-17 20:15:00,0,0.0,1.0,74652.26,74552.58,99.67999999999302,38380.82999999967
2026-03-17 20:30:00,0,0.0,0.0,74552.58,74506.75,45.830000000001746,38426.65999999967
2026-03-17 20:45:00,1,1.0,1.0,74506.75,74705.09,198.3399999999965,38624.999999999665
2026-03-17 21:00:00,0,0.0,1.0,74705.09,74554.87,150.22000000000116,38775.21999999967
2026-03-17 21:15:00,1,1.0,1.0,74554.87,74736.93,182.05999999999767,38957.279999999664
2026-03-17 21:30:00,0,0.0,1.0,74736.93,74685.42,51.50999999999476,39008.78999999966
2026-03-17 21:45:00,1,0.0,1.0,74685.42,74580.57,-104.84999999999127,38903.93999999967
2026-03-17 22:00:00,1,0.0,1.0,74580.57,74370.0,-210.57000000000698,38693.36999999966
2026-03-17 22:15:00,1,0.0,1.0,74370.0,74160.0,-210.0,38483.36999999966
2026-03-17 22:30:00,1,1.0,1.0,74160.0,74307.08,147.08000000000175,38630.44999999966
2026-03-17 22:45:00,0,1.0,0.0,74307.08,74317.74,-10.660000000003492,38619.78999999966
2026-03-17 23:00:00,0,0.0,1.0,74317.74,74196.95,120.79000000000815,38740.57999999967
2026-03-17 23:15:00,1,0.0,1.0,74196.95,73945.1,-251.84999999999127,38488.729999999676
2026-03-17 23:30:00,1,0.0,0.0,73945.1,73909.36,-35.74000000000524,38452.98999999967
2026-03-17 23:45:00,1,1.0,1.0,73909.36,73989.17,79.80999999999767,38532.79999999967
2026-03-18 00:00:00,0,0.0,1.0,73989.17,73782.2,206.97000000000116,38739.76999999967
2026-03-18 00:15:00,1,0.0,1.0,73782.2,73721.1,-61.09999999999127,38678.66999999968
2026-03-18 00:30:00,1,1.0,1.0,73721.1,73867.88,146.77999999999884,38825.44999999968
2026-03-18 00:45:00,0,1.0,0.0,73867.88,73907.5,-39.61999999999534,38785.82999999968
2026-03-18 01:00:00,0,1.0,1.0,73907.5,74019.66,-112.16000000000349,38673.66999999968
2026-03-18 01:15:00,0,1.0,1.0,74019.66,74141.73,-122.06999999999243,38551.599999999686
2026-03-18 01:30:00,0,0.0,1.0,74141.73,74072.3,69.42999999999302,38621.02999999968
2026-03-18 01:45:00,0,1.0,1.0,74072.3,74284.55,-212.25,38408.77999999968
2026-03-18 02:00:00,0,0.0,1.0,74284.55,74233.45,51.10000000000582,38459.879999999685
2026-03-18 02:15:00,0,1.0,1.0,74233.45,74416.58,-183.13000000000466,38276.74999999968
2026-03-18 02:30:00,0,0.0,1.0,74416.58,74338.93,77.65000000000873,38354.39999999969
2026-03-18 02:45:00,0,0.0,1.0,74338.93,74267.56,71.36999999999534,38425.769999999684
2026-03-18 03:00:00,1,1.0,1.0,74267.56,74525.84,258.27999999999884,38684.04999999968
2026-03-18 03:15:00,0,0.0,0.0,74525.84,74490.49,35.34999999999127,38719.399999999674
2026-03-18 03:30:00,1,0.0,0.0,74490.49,74446.14,-44.35000000000582,38675.04999999967
2026-03-18 03:45:00,1,0.0,0.0,74446.14,74432.99,-13.14999999999418,38661.899999999674
2026-03-18 04:00:00,1,0.0,1.0,74432.99,74253.78,-179.2100000000064,38482.68999999967
2026-03-18 04:15:00,1,0.0,0.0,74253.78,74236.31,-17.470000000001164,38465.21999999967
2026-03-18 04:30:00,1,0.0,1.0,74236.31,74175.49,-60.81999999999243,38404.399999999674
2026-03-18 04:45:00,1,1.0,1.0,74175.49,74285.28,109.7899999999936,38514.18999999967
2026-03-18 05:00:00,0,0.0,1.0,74285.28,74066.32,218.95999999999185,38733.14999999966
2026-03-18 05:15:00,1,0.0,1.0,74066.32,74000.01,-66.31000000001222,38666.83999999965
2026-03-18 05:30:00,1,0.0,1.0,74000.01,73950.0,-50.00999999999476,38616.82999999965
2026-03-18 05:45:00,1,1.0,1.0,73950.0,74094.02,144.02000000000407,38760.84999999966
2026-03-18 06:00:00,0,1.0,1.0,74094.02,74171.55,-77.52999999999884,38683.31999999966
2026-03-18 06:15:00,0,0.0,1.0,74171.55,74063.01,108.54000000000815,38791.859999999666
2026-03-18 06:30:00,0,0.0,1.0,74063.01,73954.03,108.97999999999593,38900.83999999966
2026-03-18 06:45:00,1,1.0,0.0,73954.03,73975.68,21.64999999999418,38922.489999999656
2026-03-18 07:00:00,0,0.0,1.0,73975.68,73847.07,128.60999999998603,39051.09999999964
2026-03-18 07:15:00,1,0.0,1.0,73847.07,73710.01,-137.06000000001222,38914.03999999963
2026-03-18 07:30:00,1,1.0,1.0,73710.01,73883.8,173.79000000000815,39087.82999999964
2026-03-18 07:45:00,0,1.0,1.0,73883.8,74010.01,-126.20999999999185,38961.619999999646
2026-03-18 08:00:00,0,1.0,0.0,74010.01,74045.92,-35.91000000000349,38925.70999999964
2026-03-18 08:15:00,0,1.0,0.0,74045.92,74082.0,-36.080000000001746,38889.62999999964
2026-03-18 08:30:00,0,0.0,0.0,74082.0,74044.89,37.11000000000058,38926.73999999964
2026-03-18 08:45:00,0,1.0,1.0,74044.89,74172.59,-127.69999999999709,38799.039999999644
2026-03-18 09:00:00,0,0.0,0.0,74172.59,74164.25,8.339999999996508,38807.37999999964
2026-03-18 09:15:00,0,1.0,1.0,74164.25,74248.25,-84.0,38723.37999999964
2026-03-18 09:30:00,0,0.0,1.0,74248.25,74181.08,67.16999999999825,38790.54999999964
2026-03-18 09:45:00,0,1.0,1.0,74181.08,74259.37,-78.2899999999936,38712.259999999646
2026-03-18 10:00:00,0,0.0,1.0,74259.37,74185.62,73.75,38786.009999999646
2026-03-18 10:15:00,0,0.0,1.0,74185.62,73882.83,302.7899999999936,39088.79999999964
2026-03-18 10:30:00,1,1.0,1.0,73882.83,73946.35,63.520000000004075,39152.31999999964
2026-03-18 10:45:00,0,1.0,0.0,73946.35,73955.76,-9.40999999998894,39142.909999999654
2026-03-18 11:00:00,0,0.0,1.0,73955.76,73602.91,352.84999999999127,39495.759999999646
2026-03-18 11:15:00,0,0.0,1.0,73602.91,73113.08,489.83000000000175,39985.58999999965
2026-03-18 11:30:00,1,0.0,1.0,73113.08,72952.85,-160.22999999999593,39825.35999999965
2026-03-18 11:45:00,1,0.0,1.0,72952.85,72751.48,-201.3700000000099,39623.98999999964
2026-03-18 12:00:00,1,1.0,1.0,72751.48,72818.67,67.19000000000233,39691.179999999644
2026-03-18 12:15:00,1,0.0,1.0,72818.67,72429.39,-389.27999999999884,39301.899999999645
2026-03-18 12:30:00,1,0.0,1.0,72429.39,72361.24,-68.14999999999418,39233.74999999965
2026-03-18 12:45:00,1,1.0,1.0,72361.24,72430.93,69.68999999998778,39303.43999999964
2026-03-18 13:00:00,1,1.0,0.0,72430.93,72474.59,43.66000000000349,39347.09999999964
2026-03-18 13:15:00,1,0.0,1.0,72474.59,72324.52,-150.06999999999243,39197.02999999965
2026-03-18 13:30:00,1,0.0,1.0,72324.52,72133.49,-191.02999999999884,39005.99999999965
2026-03-18 13:45:00,1,0.0,1.0,72133.49,71876.56,-256.93000000000757,38749.06999999964
2026-03-18 14:00:00,1,0.0,1.0,71876.56,71652.21,-224.34999999999127,38524.71999999965
2026-03-18 14:15:00,1,0.0,1.0,71652.21,71493.45,-158.7600000000093,38365.95999999964
2026-03-18 14:30:00,1,0.0,1.0,71493.45,71193.23,-300.22000000000116,38065.73999999964
2026-03-18 14:45:00,1,0.0,1.0,71193.23,71073.24,-119.98999999999069,37945.74999999965
2026-03-18 15:00:00,1,1.0,1.0,71073.24,71299.67,226.42999999999302,38172.179999999644
2026-03-18 15:15:00,1,1.0,1.0,71299.67,71363.95,64.27999999999884,38236.45999999964
2026-03-18 15:30:00,1,1.0,1.0,71363.95,71467.82,103.8700000000099,38340.32999999965
2026-03-18 15:45:00,1,0.0,1.0,71467.82,71243.82,-224.0,38116.32999999965
2026-03-18 16:00:00,1,0.0,0.0,71243.82,71230.28,-13.540000000008149,38102.789999999644
2026-03-18 16:15:00,1,1.0,1.0,71230.28,71283.8,53.520000000004075,38156.30999999965
2026-03-18 16:30:00,1,1.0,0.0,71283.8,71314.08,30.279999999998836,38186.58999999965
2026-03-18 16:45:00,1,0.0,0.0,71314.08,71285.71,-28.369999999995343,38158.21999999965
2026-03-18 17:00:00,1,1.0,1.0,71285.71,71479.91,194.1999999999971,38352.41999999965
2026-03-18 17:15:00,1,1.0,1.0,71479.91,71590.62,110.70999999999185,38463.12999999964
2026-03-18 17:30:00,1,1.0,0.0,71590.62,71595.21,4.5900000000110595,38467.71999999965
2026-03-18 17:45:00,1,1.0,1.0,71595.21,71882.21,287.0,38754.71999999965
2026-03-18 18:00:00,0,0.0,1.0,71882.21,71684.6,197.61000000000058,38952.32999999965
2026-03-18 18:15:00,1,0.0,1.0,71684.6,71620.46,-64.13999999999942,38888.18999999965
2026-03-18 18:30:00,1,0.0,1.0,71620.46,71096.74,-523.7200000000012,38364.46999999965
2026-03-18 18:45:00,1,1.0,1.0,71096.74,71342.01,245.26999999998952,38609.73999999964
2026-03-18 19:00:00,1,0.0,1.0,71342.01,71282.18,-59.830000000001746,38549.90999999964
2026-03-18 19:15:00,1,0.0,1.0,71282.18,71065.78,-216.39999999999418,38333.509999999646
2026-03-18 19:30:00,1,1.0,0.0,71065.78,71072.38,6.600000000005821,38340.10999999965
2026-03-18 19:45:00,1,0.0,1.0,71072.38,70752.73,-319.65000000000873,38020.45999999964
2026-03-18 20:00:00,1,1.0,1.0,70752.73,70989.0,236.27000000000407,38256.72999999965
2026-03-18 20:15:00,1,1.0,1.0,70989.0,71168.43,179.42999999999302,38436.15999999964
2026-03-18 20:30:00,1,1.0,0.0,71168.43,71214.67,46.24000000000524,38482.399999999645
2026-03-18 20:45:00,1,1.0,1.0,71214.67,71280.44,65.77000000000407,38548.16999999965
2026-03-18 21:00:00,1,0.0,0.0,71280.44,71245.26,-35.18000000000757,38512.98999999964
2026-03-18 21:15:00,1,1.0,1.0,71245.26,71325.1,79.84000000001106,38592.82999999965
2026-03-18 21:30:00,1,0.0,1.0,71325.1,71263.67,-61.43000000000757,38531.399999999645
2026-03-18 21:45:00,1,0.0,1.0,71263.67,70998.45,-265.22000000000116,38266.179999999644
2026-03-18 22:00:00,1,1.0,1.0,70998.45,71085.58,87.13000000000466,38353.30999999965
2026-03-18 22:15:00,1,0.0,0.0,71085.58,71061.24,-24.339999999996508,38328.96999999965
2026-03-18 22:30:00,1,1.0,1.0,71061.24,71153.66,92.41999999999825,38421.38999999965
2026-03-18 22:45:00,1,1.0,0.0,71153.66,71160.93,7.269999999989523,38428.65999999964
2026-03-18 23:00:00,1,1.0,0.0,71160.93,71206.1,45.170000000012806,38473.82999999965
2026-03-18 23:15:00,1,1.0,1.0,71206.1,71275.76,69.65999999998894,38543.48999999964
2026-03-18 23:30:00,1,0.0,0.0,71275.76,71246.54,-29.220000000001164,38514.26999999964
2026-03-18 23:45:00,1,0.0,1.0,71246.54,71179.85,-66.68999999998778,38447.57999999965
2026-03-19 00:00:00,1,1.0,1.0,71179.85,71296.69,116.83999999999651,38564.41999999965
2026-03-19 00:15:00,1,0.0,1.0,71296.69,71059.51,-237.18000000000757,38327.23999999964
2026-03-19 00:30:00,1,0.0,1.0,71059.51,71002.17,-57.33999999999651,38269.899999999645
2026-03-19 00:45:00,1,0.0,0.0,71002.17,70999.99,-2.179999999993015,38267.71999999965
2026-03-19 01:00:00,1,1.0,1.0,70999.99,71067.29,67.29999999998836,38335.01999999964
2026-03-19 01:15:00,1,1.0,1.0,71067.29,71134.47,67.18000000000757,38402.19999999965
2026-03-19 01:30:00,1,0.0,0.0,71134.47,71115.23,-19.24000000000524,38382.95999999964
2026-03-19 01:45:00,1,1.0,1.0,71115.23,71181.98,66.75,38449.70999999964
2026-03-19 02:00:00,1,1.0,1.0,71181.98,71244.99,63.01000000000931,38512.71999999965
2026-03-19 02:15:00,1,0.0,0.0,71244.99,71200.0,-44.99000000000524,38467.72999999965
2026-03-19 02:30:00,1,0.0,1.0,71200.0,71055.44,-144.55999999999767,38323.16999999965
2026-03-19 02:45:00,1,1.0,1.0,71055.44,71184.99,129.5500000000029,38452.71999999965
2026-03-19 03:00:00,1,1.0,1.0,71184.99,71494.89,309.8999999999942,38762.619999999646
2026-03-19 03:15:00,0,0.0,1.0,71494.89,71249.71,245.17999999999302,39007.79999999964
2026-03-19 03:30:00,1,0.0,0.0,71249.71,71215.39,-34.320000000006985,38973.47999999963
2026-03-19 03:45:00,1,0.0,1.0,71215.39,70867.64,-347.75,38625.72999999963
2026-03-19 04:00:00,1,0.0,1.0,70867.64,70732.97,-134.66999999999825,38491.059999999634
2026-03-19 04:15:00,1,1.0,1.0,70732.97,70793.0,60.029999999998836,38551.08999999963
2026-03-19 04:30:00,1,1.0,0.0,70793.0,70822.07,29.070000000006985,38580.15999999964
2026-03-19 04:45:00,1,0.0,0.0,70822.07,70815.85,-6.220000000001164,38573.93999999964
2026-03-19 05:00:00,1,0.0,1.0,70815.85,70694.34,-121.51000000000931,38452.42999999963
2026-03-19 05:15:00,1,1.0,1.0,70694.34,70779.99,85.65000000000873,38538.07999999964
2026-03-19 05:30:00,1,1.0,1.0,70779.99,70826.54,46.54999999998836,38584.629999999626
2026-03-19 05:45:00,1,1.0,0.0,70826.54,70869.43,42.88999999999942,38627.519999999626
2026-03-19 06:00:00,1,0.0,1.0,70869.43,70731.72,-137.70999999999185,38489.809999999634
2026-03-19 06:15:00,1,0.0,0.0,70731.72,70713.15,-18.570000000006985,38471.23999999963
2026-03-19 06:30:00,1,0.0,1.0,70713.15,70583.22,-129.92999999999302,38341.309999999634
2026-03-19 06:45:00,1,0.0,1.0,70583.22,69990.0,-593.2200000000012,37748.08999999963
2026-03-19 07:00:00,1,0.0,1.0,69990.0,69810.79,-179.2100000000064,37568.879999999626
2026-03-19 07:15:00,1,1.0,1.0,69810.79,70096.95,286.1600000000035,37855.03999999963
2026-03-19 07:30:00,1,1.0,1.0,70096.95,70191.17,94.22000000000116,37949.25999999963
2026-03-19 07:45:00,1,0.0,0.0,70191.17,70165.83,-25.339999999996508,37923.919999999634
2026-03-19 08:00:00,1,0.0,1.0,70165.83,70066.36,-99.47000000000116,37824.44999999963
2026-03-19 08:15:00,1,0.0,1.0,70066.36,70020.67,-45.69000000000233,37778.75999999963
2026-03-19 08:30:00,1,0.0,0.0,70020.67,69985.19,-35.479999999995925,37743.279999999635
2026-03-19 08:45:00,1,1.0,1.0,69985.19,70042.14,56.94999999999709,37800.22999999963
2026-03-19 09:00:00,1,1.0,1.0,70042.14,70265.41,223.27000000000407,38023.499999999636
2026-03-19 09:15:00,0,1.0,1.0,70265.41,70457.54,-192.1299999999901,37831.369999999646
2026-03-19 09:30:00,0,1.0,1.0,70457.54,70513.0,-55.4600000000064,37775.90999999964
2026-03-19 09:45:00,0,0.0,1.0,70513.0,70420.09,92.91000000000349,37868.81999999964
2026-03-19 10:00:00,1,0.0,0.0,70420.09,70400.0,-20.089999999996508,37848.72999999965
2026-03-19 10:15:00,1,0.0,1.0,70400.0,70216.69,-183.30999999999767,37665.41999999965
2026-03-19 10:30:00,1,0.0,1.0,70216.69,70133.72,-82.97000000000116,37582.44999999965
2026-03-19 10:45:00,1,1.0,0.0,70133.72,70138.51,4.789999999993597,37587.23999999964
2026-03-19 11:00:00,1,1.0,1.0,70138.51,70204.15,65.63999999999942,37652.87999999964
2026-03-19 11:15:00,0,0.0,1.0,70204.15,70023.5,180.64999999999418,37833.529999999635
2026-03-19 11:30:00,1,0.0,1.0,70023.5,69952.75,-70.75,37762.779999999635
2026-03-19 11:45:00,1,0.0,1.0,69952.75,69799.83,-152.91999999999825,37609.85999999964
2026-03-19 12:00:00,1,0.0,1.0,69799.83,69609.19,-190.63999999999942,37419.21999999964
2026-03-19 12:15:00,1,1.0,0.0,69609.19,69644.94,35.75,37454.96999999964
2026-03-19 12:30:00,1,0.0,1.0,69644.94,69290.27,-354.66999999999825,37100.29999999964
2026-03-19 12:45:00,1,0.0,1.0,69290.27,69094.99,-195.27999999999884,36905.01999999964
2026-03-19 13:00:00,1,1.0,1.0,69094.99,69333.0,238.00999999999476,37143.029999999635
2026-03-19 13:15:00,1,1.0,1.0,69333.0,69717.19,384.1900000000023,37527.21999999964
2026-03-19 13:30:00,0,1.0,1.0,69717.19,69905.65,-188.45999999999185,37338.759999999646
2026-03-19 13:45:00,0,0.0,1.0,69905.65,69507.4,398.25,37737.009999999646
2026-03-19 14:00:00,1,0.0,1.0,69507.4,69165.75,-341.6499999999942,37395.35999999965
2026-03-19 14:15:00,1,1.0,1.0,69165.75,69278.56,112.80999999999767,37508.16999999965
2026-03-19 14:30:00,1,1.0,1.0,69278.56,69482.25,203.69000000000233,37711.85999999965
2026-03-19 14:45:00,0,1.0,1.0,69482.25,69700.69,-218.44000000000233,37493.41999999965
2026-03-19 15:00:00,0,0.0,1.0,69700.69,69206.82,493.86999999999534,37987.289999999644
2026-03-19 15:15:00,1,0.0,1.0,69206.82,68900.01,-306.8100000000122,37680.47999999963
2026-03-19 15:30:00,1,1.0,1.0,68900.01,69412.51,512.5,38192.97999999963
2026-03-19 15:45:00,0,0.0,1.0,69412.51,69339.69,72.81999999999243,38265.799999999625
2026-03-19 16:00:00,1,1.0,1.0,69339.69,69524.48,184.7899999999936,38450.58999999962
2026-03-19 16:15:00,0,0.0,0.0,69524.48,69520.0,4.4799999999959255,38455.069999999614
2026-03-19 16:30:00,1,0.0,1.0,69520.0,69455.86,-64.13999999999942,38390.929999999615
2026-03-19 16:45:00,1,0.0,1.0,69455.86,69229.44,-226.41999999999825,38164.50999999962
2026-03-19 17:00:00,1,1.0,1.0,69229.44,69661.41,431.97000000000116,38596.47999999962
2026-03-19 17:15:00,0,0.0,1.0,69661.41,69586.47,74.94000000000233,38671.41999999962
2026-03-19 17:30:00,1,1.0,1.0,69586.47,69854.16,267.6900000000023,38939.10999999962
2026-03-19 17:45:00,0,0.0,0.0,69854.16,69833.01,21.15000000000873,38960.25999999963
2026-03-19 18:00:00,1,0.0,1.0,69833.01,69655.21,-177.79999999998836,38782.45999999964
2026-03-19 18:15:00,1,1.0,1.0,69655.21,69715.62,60.40999999998894,38842.86999999963
2026-03-19 18:30:00,0,1.0,1.0,69715.62,69821.21,-105.59000000001106,38737.27999999962
2026-03-19 18:45:00,0,1.0,1.0,69821.21,70360.2,-538.9899999999907,38198.28999999963
2026-03-19 19:00:00,0,0.0,1.0,70360.2,70282.46,77.73999999999069,38276.02999999962
2026-03-19 19:15:00,1,1.0,1.0,70282.46,70445.18,162.7199999999866,38438.74999999961
2026-03-19 19:30:00,0,0.0,1.0,70445.18,70271.99,173.18999999998778,38611.939999999595
2026-03-19 19:45:00,1,1.0,0.0,70271.99,70284.26,12.269999999989523,38624.209999999584
2026-03-19 20:00:00,0,1.0,1.0,70284.26,70335.42,-51.16000000000349,38573.04999999958
2026-03-19 20:15:00,0,1.0,1.0,70335.42,70513.75,-178.33000000000175,38394.71999999958
2026-03-19 20:30:00,0,0.0,0.0,70513.75,70483.03,30.720000000001164,38425.43999999958
2026-03-19 20:45:00,1,1.0,1.0,70483.03,70688.5,205.47000000000116,38630.90999999958
2026-03-19 21:00:00,0,0.0,1.0,70688.5,70550.47,138.02999999999884,38768.93999999958
2026-03-19 21:15:00,1,0.0,1.0,70550.47,70458.05,-92.41999999999825,38676.51999999958
2026-03-19 21:30:00,1,0.0,0.0,70458.05,70413.47,-44.580000000001746,38631.93999999958
2026-03-19 21:45:00,1,1.0,0.0,70413.47,70439.75,26.279999999998836,38658.21999999958
2026-03-19 22:00:00,1,0.0,1.0,70439.75,70373.18,-66.57000000000698,38591.64999999957
2026-03-19 22:15:00,1,0.0,1.0,70373.18,70066.78,-306.3999999999942,38285.24999999958
2026-03-19 22:30:00,1,1.0,1.0,70066.78,70183.99,117.2100000000064,38402.459999999584
2026-03-19 22:45:00,1,1.0,0.0,70183.99,70191.79,7.7999999999883585,38410.25999999957
2026-03-19 23:00:00,0,0.0,1.0,70191.79,70145.48,46.30999999999767,38456.56999999957
2026-03-19 23:15:00,1,0.0,1.0,70145.48,69845.66,-299.81999999999243,38156.74999999958
2026-03-19 23:30:00,1,1.0,1.0,69845.66,69930.0,84.33999999999651,38241.089999999575
2026-03-19 23:45:00,1,1.0,1.0,69930.0,70081.47,151.47000000000116,38392.559999999576
2026-03-20 00:00:00,0,1.0,0.0,70081.47,70115.19,-33.720000000001164,38358.839999999575
2026-03-20 00:15:00,0,1.0,1.0,70115.19,70220.76,-105.56999999999243,38253.26999999958
2026-03-20 00:30:00,0,0.0,0.0,70220.76,70181.0,39.75999999999476,38293.02999999958
2026-03-20 00:45:00,1,1.0,1.0,70181.0,70403.09,222.0899999999965,38515.11999999957
2026-03-20 01:00:00,0,0.0,0.0,70403.09,70388.48,14.610000000000582,38529.729999999574
2026-03-20 01:15:00,1,1.0,1.0,70388.48,70574.0,185.52000000000407,38715.24999999958
2026-03-20 01:30:00,0,0.0,1.0,70574.0,70403.79,170.2100000000064,38885.459999999584
2026-03-20 01:45:00,1,0.0,1.0,70403.79,70356.5,-47.2899999999936,38838.16999999959
2026-03-20 02:00:00,1,0.0,1.0,70356.5,70245.98,-110.52000000000407,38727.64999999959
2026-03-20 02:15:00,1,1.0,0.0,70245.98,70277.6,31.620000000009895,38759.2699999996
2026-03-20 02:30:00,0,1.0,1.0,70277.6,70415.47,-137.86999999999534,38621.3999999996
2026-03-20 02:45:00,0,0.0,0.0,70415.47,70409.81,5.6600000000034925,38627.059999999605
2026-03-20 03:00:00,0,1.0,1.0,70409.81,70665.41,-255.60000000000582,38371.4599999996
2026-03-20 03:15:00,0,0.0,1.0,70665.41,70610.33,55.080000000001746,38426.5399999996
2026-03-20 03:30:00,1,1.0,1.0,70610.33,70729.92,119.58999999999651,38546.1299999996
2026-03-20 03:45:00,0,1.0,1.0,70729.92,70926.01,-196.0899999999965,38350.0399999996
2026-03-20 04:00:00,0,1.0,0.0,70926.01,70927.85,-1.8400000000110595,38348.19999999959
2026-03-20 04:15:00,0,0.0,1.0,70927.85,70602.17,325.68000000000757,38673.8799999996
2026-03-20 04:30:00,1,1.0,1.0,70602.17,70783.69,181.52000000000407,38855.3999999996
2026-03-20 04:45:00,0,1.0,1.0,70783.69,70849.47,-65.77999999999884,38789.6199999996
2026-03-20 05:00:00,0,0.0,1.0,70849.47,70625.43,224.04000000000815,39013.65999999961
2026-03-20 05:15:00,1,1.0,1.0,70625.43,70707.84,82.41000000000349,39096.069999999614
2026-03-20 05:30:00,1,0.0,1.0,70707.84,70606.24,-101.59999999999127,38994.46999999962
2026-03-20 05:45:00,1,0.0,1.0,70606.24,70536.07,-70.16999999999825,38924.299999999625
2026-03-20 06:00:00,1,0.0,1.0,70536.07,70484.08,-51.99000000000524,38872.30999999962
2026-03-20 06:15:00,1,0.0,0.0,70484.08,70464.84,-19.24000000000524,38853.069999999614
2026-03-20 06:30:00,1,1.0,0.0,70464.84,70502.9,38.05999999999767,38891.12999999961
2026-03-20 06:45:00,1,0.0,1.0,70502.9,70274.01,-228.88999999999942,38662.23999999961
2026-03-20 07:00:00,1,1.0,1.0,70274.01,70451.32,177.31000000001222,38839.549999999625
2026-03-20 07:15:00,1,1.0,1.0,70451.32,70852.47,401.1499999999942,39240.69999999962
2026-03-20 07:30:00,0,1.0,0.0,70852.47,70854.66,-2.1900000000023283,39238.50999999962
2026-03-20 07:45:00,0,1.0,1.0,70854.66,71274.16,-419.5,38819.00999999962
2026-03-20 08:00:00,0,0.0,0.0,71274.16,71248.99,25.169999999998254,38844.179999999615
2026-03-20 08:15:00,1,0.0,1.0,71248.99,71114.34,-134.65000000000873,38709.529999999606
2026-03-20 08:30:00,1,0.0,1.0,71114.34,71042.23,-72.11000000000058,38637.419999999605
2026-03-20 08:45:00,1,0.0,1.0,71042.23,70849.27,-192.95999999999185,38444.45999999961
2026-03-20 09:00:00,1,0.0,1.0,70849.27,70509.18,-340.09000000001106,38104.3699999996
2026-03-20 09:15:00,1,1.0,1.0,70509.18,70640.19,131.0100000000093,38235.37999999961
2026-03-20 09:30:00,1,0.0,1.0,70640.19,70583.8,-56.38999999999942,38178.98999999961
2026-03-20 09:45:00,1,0.0,1.0,70583.8,70366.57,-217.22999999999593,37961.75999999962
2026-03-20 10:00:00,1,0.0,0.0,70366.57,70325.07,-41.5,37920.25999999962
2026-03-20 10:15:00,1,1.0,1.0,70325.07,70533.48,208.40999999998894,38128.669999999605
2026-03-20 10:30:00,0,1.0,1.0,70533.48,70611.68,-78.19999999999709,38050.46999999961
2026-03-20 10:45:00,0,1.0,1.0,70611.68,70779.36,-167.68000000000757,37882.7899999996
2026-03-20 11:00:00,0,0.0,1.0,70779.36,70713.03,66.33000000000175,37949.1199999996
2026-03-20 11:15:00,1,0.0,1.0,70713.03,70395.29,-317.74000000000524,37631.3799999996
2026-03-20 11:30:00,1,1.0,1.0,70395.29,70478.71,83.4200000000128,37714.79999999961
2026-03-20 11:45:00,1,1.0,1.0,70478.71,70572.99,94.27999999999884,37809.07999999961
2026-03-20 12:00:00,1,0.0,1.0,70572.99,70442.9,-130.09000000001106,37678.9899999996
2026-03-20 12:15:00,1,0.0,1.0,70442.9,70359.52,-83.3799999999901,37595.60999999961
2026-03-20 12:30:00,1,0.0,0.0,70359.52,70342.63,-16.889999999999418,37578.71999999961
2026-03-20 12:45:00,1,0.0,0.0,70342.63,70324.71,-17.919999999998254,37560.79999999961
2026-03-20 13:00:00,1,1.0,1.0,70324.71,70495.62,170.90999999998894,37731.7099999996
2026-03-20 13:15:00,0,0.0,1.0,70495.62,70323.01,172.61000000000058,37904.3199999996
2026-03-20 13:30:00,1,0.0,1.0,70323.01,69863.84,-459.16999999999825,37445.1499999996
2026-03-20 13:45:00,1,0.0,1.0,69863.84,69810.33,-53.50999999999476,37391.63999999961
2026-03-20 14:00:00,1,1.0,1.0,69810.33,69940.48,130.14999999999418,37521.7899999996
2026-03-20 14:15:00,1,1.0,0.0,69940.48,69980.14,39.66000000000349,37561.449999999604
2026-03-20 14:30:00,1,0.0,1.0,69980.14,69731.21,-248.92999999999302,37312.51999999961
2026-03-20 14:45:00,1,1.0,0.0,69731.21,69768.89,37.679999999993015,37350.199999999604
2026-03-20 15:00:00,1,1.0,1.0,69768.89,69826.4,57.50999999999476,37407.7099999996
2026-03-20 15:15:00,1,1.0,1.0,69826.4,69908.65,82.25,37489.9599999996
2026-03-20 15:30:00,0,0.0,1.0,69908.65,69860.09,48.55999999999767,37538.5199999996
2026-03-20 15:45:00,1,1.0,1.0,69860.09,69988.51,128.41999999999825,37666.939999999595
2026-03-20 16:00:00,1,1.0,0.0,69988.51,70024.65,36.13999999999942,37703.079999999594
2026-03-20 16:15:00,0,0.0,1.0,70024.65,69771.65,253.0,37956.079999999594
2026-03-20 16:30:00,1,1.0,1.0,69771.65,69829.26,57.61000000000058,38013.689999999595
2026-03-20 16:45:00,1,0.0,0.0,69829.26,69803.71,-25.54999999998836,37988.13999999961
2026-03-20 17:00:00,1,0.0,1.0,69803.71,69656.1,-147.61000000000058,37840.529999999606
2026-03-20 17:15:00,1,0.0,1.0,69656.1,69573.35,-82.75,37757.779999999606
2026-03-20 17:30:00,1,1.0,1.0,69573.35,70000.0,426.6499999999942,38184.4299999996
2026-03-20 17:45:00,0,0.0,0.0,70000.0,69973.05,26.94999999999709,38211.3799999996
2026-03-20 18:00:00,1,0.0,1.0,69973.05,69666.79,-306.2600000000093,37905.11999999959
2026-03-20 18:15:00,1,1.0,0.0,69666.79,69696.6,29.810000000012224,37934.9299999996
2026-03-20 18:30:00,1,1.0,1.0,69696.6,69770.0,73.39999999999418,38008.329999999594
2026-03-20 18:45:00,1,1.0,1.0,69770.0,69877.24,107.24000000000524,38115.5699999996
2026-03-20 19:00:00,0,0.0,0.0,69877.24,69876.63,0.6100000000005821,38116.1799999996
2026-03-20 19:15:00,0,1.0,1.0,69876.63,70007.91,-131.27999999999884,37984.8999999996
2026-03-20 19:30:00,0,1.0,1.0,70007.91,70177.86,-169.9499999999971,37814.949999999604
2026-03-20 19:45:00,0,1.0,0.0,70177.86,70206.39,-28.529999999998836,37786.419999999605
2026-03-20 20:00:00,0,0.0,1.0,70206.39,69977.25,229.13999999999942,38015.559999999605
2026-03-20 20:15:00,1,0.0,1.0,69977.25,69931.91,-45.33999999999651,37970.21999999961
2026-03-20 20:30:00,1,1.0,1.0,69931.91,70057.66,125.75,38095.96999999961
2026-03-20 20:45:00,0,1.0,1.0,70057.66,70133.93,-76.26999999998952,38019.69999999962
2026-03-20 21:00:00,0,1.0,1.0,70133.93,70500.0,-366.070000000007,37653.62999999961
2026-03-20 21:15:00,0,0.0,1.0,70500.0,70405.38,94.61999999999534,37748.24999999961
2026-03-20 21:30:00,1,1.0,1.0,70405.38,70540.73,135.34999999999127,37883.5999999996
2026-03-20 21:45:00,0,1.0,1.0,70540.73,70809.61,-268.88000000000466,37614.719999999594
2026-03-20 22:00:00,0,0.0,1.0,70809.61,70686.03,123.58000000000175,37738.299999999595
2026-03-20 22:15:00,1,1.0,0.0,70686.03,70696.29,10.259999999994761,37748.55999999959
2026-03-20 22:30:00,0,1.0,1.0,70696.29,70767.85,-71.56000000001222,37676.99999999958
2026-03-20 22:45:00,0,0.0,1.0,70767.85,70522.07,245.77999999999884,37922.77999999958
2026-03-20 23:00:00,1,0.0,0.0,70522.07,70480.63,-41.44000000000233,37881.339999999575
2026-03-20 23:15:00,1,1.0,1.0,70480.63,70534.51,53.879999999990105,37935.219999999565
2026-03-20 23:30:00,1,0.0,0.0,70534.51,70510.73,-23.779999999998836,37911.439999999566
2026-03-20 23:45:00,1,1.0,1.0,70510.73,70594.76,84.02999999999884,37995.469999999565
2026-03-21 00:00:00,0,1.0,1.0,70594.76,70657.29,-62.529999999998836,37932.939999999566
2026-03-21 00:15:00,0,0.0,1.0,70657.29,70602.53,54.75999999999476,37987.69999999956
2026-03-21 00:30:00,1,1.0,1.0,70602.53,70682.19,79.66000000000349,38067.359999999564
2026-03-21 00:45:00,0,0.0,0.0,70682.19,70671.51,10.680000000007567,38078.03999999957
2026-03-21 01:00:00,1,0.0,1.0,70671.51,70610.12,-61.38999999999942,38016.64999999957
2026-03-21 01:15:00,1,0.0,1.0,70610.12,70519.66,-90.45999999999185,37926.18999999958
2026-03-21 01:30:00,1,0.0,1.0,70519.66,70464.59,-55.070000000006985,37871.11999999957
2026-03-21 01:45:00,1,1.0,0.0,70464.59,70485.17,20.580000000001746,37891.699999999575
2026-03-21 02:00:00,1,1.0,1.0,70485.17,70644.57,159.40000000000873,38051.099999999584
2026-03-21 02:15:00,0,1.0,1.0,70644.57,70708.13,-63.55999999999767,37987.539999999586
2026-03-21 02:30:00,0,1.0,0.0,70708.13,70737.6,-29.470000000001164,37958.069999999585
2026-03-21 02:45:00,0,0.0,0.0,70737.6,70695.04,42.560000000012224,38000.6299999996
2026-03-21 03:00:00,1,1.0,0.0,70695.04,70704.97,9.930000000007567,38010.559999999605
2026-03-21 03:15:00,0,0.0,1.0,70704.97,70651.35,53.61999999999534,38064.1799999996
2026-03-21 03:30:00,1,1.0,0.0,70651.35,70657.35,6.0,38070.1799999996
2026-03-21 03:45:00,1,1.0,1.0,70657.35,70757.01,99.65999999998894,38169.83999999959
2026-03-21 04:00:00,0,0.0,0.0,70757.01,70746.99,10.019999999989523,38179.85999999958
2026-03-21 04:15:00,1,0.0,1.0,70746.99,70645.66,-101.33000000000175,38078.52999999958
2026-03-21 04:30:00,1,0.0,0.0,70645.66,70642.13,-3.529999999998836,38074.99999999958
2026-03-21 04:45:00,1,0.0,0.0,70642.13,70637.45,-4.680000000007567,38070.31999999957
2026-03-21 05:00:00,1,1.0,1.0,70637.45,70792.01,154.55999999999767,38224.87999999957
2026-03-21 05:15:00,0,0.0,0.0,70792.01,70779.8,12.209999999991851,38237.08999999956
2026-03-21 05:30:00,1,0.0,1.0,70779.8,70697.94,-81.86000000000058,38155.22999999956
2026-03-21 05:45:00,1,1.0,0.0,70697.94,70718.19,20.25,38175.47999999956
2026-03-21 06:00:00,1,1.0,1.0,70718.19,70815.0,96.80999999999767,38272.28999999956
2026-03-21 06:15:00,0,0.0,0.0,70815.0,70779.98,35.020000000004075,38307.30999999956
2026-03-21 06:30:00,1,0.0,0.0,70779.98,70774.65,-5.330000000001746,38301.97999999956
2026-03-21 06:45:00,1,0.0,0.0,70774.65,70731.92,-42.729999999995925,38259.24999999956
2026-03-21 07:00:00,1,1.0,1.0,70731.92,70875.94,144.02000000000407,38403.26999999957
2026-03-21 07:15:00,0,0.0,1.0,70875.94,70755.78,120.16000000000349,38523.42999999957
2026-03-21 07:30:00,1,0.0,0.0,70755.78,70727.33,-28.44999999999709,38494.979999999574
2026-03-21 07:45:00,1,0.0,0.0,70727.33,70685.55,-41.779999999998836,38453.199999999575
2026-03-21 08:00:00,1,0.0,1.0,70685.55,70528.26,-157.29000000000815,38295.90999999957
2026-03-21 08:15:00,1,1.0,1.0,70528.26,70589.39,61.13000000000466,38357.03999999957
2026-03-21 08:30:00,1,1.0,0.0,70589.39,70594.43,5.039999999993597,38362.079999999565
2026-03-21 08:45:00,1,1.0,1.0,70594.43,70715.91,121.48000000001048,38483.559999999576
2026-03-21 09:00:00,0,0.0,1.0,70715.91,70589.02,126.88999999999942,38610.449999999575
2026-03-21 09:15:00,1,1.0,1.0,70589.02,70639.87,50.84999999999127,38661.299999999566
2026-03-21 09:30:00,1,1.0,0.0,70639.87,70661.59,21.720000000001164,38683.01999999957
2026-03-21 09:45:00,0,0.0,0.0,70661.59,70635.44,26.14999999999418,38709.16999999956
2026-03-21 10:00:00,1,0.0,1.0,70635.44,70559.76,-75.68000000000757,38633.489999999554
2026-03-21 10:15:00,1,1.0,0.0,70559.76,70586.08,26.320000000006985,38659.80999999956
2026-03-21 10:30:00,1,1.0,0.0,70586.08,70605.64,19.55999999999767,38679.36999999956
2026-03-21 10:45:00,0,0.0,0.0,70605.64,70572.63,33.00999999999476,38712.37999999955
2026-03-21 11:00:00,1,1.0,0.0,70572.63,70609.99,37.36000000000058,38749.739999999554
2026-03-21 11:15:00,1,1.0,0.0,70609.99,70647.17,37.179999999993015,38786.91999999955
2026-03-21 11:30:00,0,1.0,0.0,70647.17,70652.72,-5.55000000000291,38781.369999999544
2026-03-21 11:45:00,0,1.0,1.0,70652.72,70730.0,-77.27999999999884,38704.089999999545
2026-03-21 12:00:00,0,1.0,1.0,70730.0,70780.0,-50.0,38654.089999999545
2026-03-21 12:15:00,0,0.0,0.0,70780.0,70758.83,21.169999999998254,38675.259999999544
2026-03-21 12:30:00,1,0.0,0.0,70758.83,70722.61,-36.220000000001164,38639.03999999954
2026-03-21 12:45:00,1,1.0,0.0,70722.61,70751.9,29.289999999993597,38668.329999999536
2026-03-21 13:00:00,0,0.0,0.0,70751.9,70737.42,14.479999999995925,38682.80999999953
2026-03-21 13:15:00,1,0.0,0.0,70737.42,70726.34,-11.080000000001746,38671.72999999953
2026-03-21 13:30:00,1,1.0,0.0,70726.34,70740.18,13.839999999996508,38685.56999999953
2026-03-21 13:45:00,1,1.0,1.0,70740.18,71020.08,279.90000000000873,38965.469999999536
2026-03-21 14:00:00,0,0.0,1.0,71020.08,70933.48,86.60000000000582,39052.06999999954
2026-03-21 14:15:00,1,1.0,0.0,70933.48,70940.86,7.380000000004657,39059.449999999546
2026-03-21 14:30:00,0,0.0,1.0,70940.86,70629.1,311.75999999999476,39371.20999999954
2026-03-21 14:45:00,1,1.0,0.0,70629.1,70639.37,10.269999999989523,39381.47999999953
2026-03-21 15:00:00,1,1.0,0.0,70639.37,70670.46,31.09000000001106,39412.56999999954
2026-03-21 15:15:00,0,0.0,1.0,70670.46,70616.2,54.26000000000931,39466.82999999955
2026-03-21 15:30:00,1,1.0,0.0,70616.2,70630.02,13.820000000006985,39480.64999999956
2026-03-21 15:45:00,1,0.0,1.0,70630.02,70566.84,-63.18000000000757,39417.46999999955
2026-03-21 16:00:00,1,0.0,1.0,70566.84,70414.32,-152.51999999998952,39264.94999999956
2026-03-21 16:15:00,1,0.0,1.0,70414.32,70371.22,-43.10000000000582,39221.849999999555
2026-03-21 16:30:00,1,0.0,1.0,70371.22,70301.66,-69.55999999999767,39152.28999999956
2026-03-21 16:45:00,1,0.0,0.0,70301.66,70279.1,-22.55999999999767,39129.72999999956
2026-03-21 17:00:00,1,1.0,1.0,70279.1,70368.48,89.3799999999901,39219.10999999955
2026-03-21 17:15:00,1,1.0,0.0,70368.48,70388.23,19.75,39238.85999999955
2026-03-21 17:30:00,1,0.0,1.0,70388.23,70304.08,-84.14999999999418,39154.709999999555
2026-03-21 17:45:00,1,1.0,1.0,70304.08,70381.64,77.55999999999767,39232.26999999955
2026-03-21 18:00:00,1,1.0,0.0,70381.64,70412.67,31.029999999998836,39263.29999999955
2026-03-21 18:15:00,1,1.0,1.0,70412.67,70479.49,66.82000000000698,39330.11999999956
2026-03-21 18:30:00,0,0.0,1.0,70479.49,70389.19,90.30000000000291,39420.41999999956
2026-03-21 18:45:00,1,1.0,1.0,70389.19,70431.69,42.5,39462.91999999956
2026-03-21 19:00:00,1,0.0,0.0,70431.69,70414.08,-17.610000000000582,39445.30999999956
2026-03-21 19:15:00,1,0.0,1.0,70414.08,70347.63,-66.44999999999709,39378.859999999564
2026-03-21 19:30:00,1,1.0,1.0,70347.63,70396.0,48.36999999999534,39427.22999999956
2026-03-21 19:45:00,1,0.0,0.0,70396.0,70390.9,-5.100000000005821,39422.12999999955
2026-03-21 20:00:00,1,1.0,1.0,70390.9,70455.01,64.11000000000058,39486.239999999554
2026-03-21 20:15:00,0,1.0,0.0,70455.01,70481.14,-26.130000000004657,39460.10999999955
2026-03-21 20:30:00,1,0.0,0.0,70481.14,70462.28,-18.860000000000582,39441.24999999955
2026-03-21 20:45:00,1,0.0,1.0,70462.28,70373.24,-89.0399999999936,39352.209999999555
2026-03-21 21:00:00,1,0.0,0.0,70373.24,70362.17,-11.070000000006985,39341.13999999955
2026-03-21 21:15:00,1,0.0,0.0,70362.17,70346.98,-15.190000000002328,39325.949999999546
2026-03-21 21:30:00,1,0.0,0.0,70346.98,70345.57,-1.4099999999889405,39324.53999999956
2026-03-21 21:45:00,1,0.0,0.0,70345.57,70314.0,-31.570000000006985,39292.96999999955
2026-03-21 22:00:00,1,0.0,0.0,70314.0,70287.81,-26.19000000000233,39266.77999999955
2026-03-21 22:15:00,1,1.0,0.0,70287.81,70304.33,16.520000000004075,39283.29999999955
2026-03-21 22:30:00,1,0.0,0.0,70304.33,70277.22,-27.110000000000582,39256.18999999955
2026-03-21 22:45:00,1,0.0,1.0,70277.22,70153.13,-124.08999999999651,39132.099999999555
2026-03-21 23:00:00,1,0.0,0.0,70153.13,70120.7,-32.43000000000757,39099.66999999955
2026-03-21 23:15:00,1,1.0,1.0,70120.7,70163.0,42.30000000000291,39141.96999999955
2026-03-21 23:30:00,1,0.0,1.0,70163.0,68918.12,-1244.8800000000047,37897.089999999545
2026-03-21 23:45:00,1,0.0,1.0,68918.12,68690.35,-227.76999999998952,37669.319999999556
2026-03-22 00:00:00,1,1.0,1.0,68690.35,68904.25,213.89999999999418,37883.21999999955
2026-03-22 00:15:00,1,1.0,1.0,68904.25,69069.68,165.42999999999302,38048.64999999954
2026-03-22 00:30:00,1,0.0,1.0,69069.68,68954.71,-114.96999999998661,37933.67999999956
2026-03-22 00:45:00,1,1.0,0.0,68954.71,68971.82,17.110000000000582,37950.78999999956
2026-03-22 01:00:00,1,1.0,1.0,68971.82,69030.27,58.44999999999709,38009.239999999554
2026-03-22 01:15:00,0,0.0,1.0,69030.27,68845.5,184.77000000000407,38194.00999999956
2026-03-22 01:30:00,1,1.0,1.0,68845.5,68962.4,116.89999999999418,38310.90999999955
2026-03-22 01:45:00,1,1.0,1.0,68962.4,69053.35,90.95000000001164,38401.859999999564
2026-03-22 02:00:00,1,1.0,1.0,69053.35,69357.07,303.72000000000116,38705.579999999565
2026-03-22 02:15:00,0,0.0,1.0,69357.07,69237.0,120.07000000000698,38825.64999999957
2026-03-22 02:30:00,1,1.0,0.0,69237.0,69278.12,41.11999999999534,38866.76999999957
2026-03-22 02:45:00,1,1.0,0.0,69278.12,69308.01,29.889999999999418,38896.65999999957
2026-03-22 03:00:00,1,1.0,1.0,69308.01,69440.44,132.43000000000757,39029.089999999575
2026-03-22 03:15:00,0,0.0,1.0,69440.44,69355.6,84.83999999999651,39113.92999999957
2026-03-22 03:30:00,1,0.0,0.0,69355.6,69339.99,-15.610000000000582,39098.31999999957
2026-03-22 03:45:00,1,1.0,1.0,69339.99,69448.01,108.01999999998952,39206.33999999956
2026-03-22 04:00:00,1,0.0,1.0,69448.01,69260.0,-188.00999999999476,39018.329999999565
2026-03-22 04:15:00,1,1.0,1.0,69260.0,69349.64,89.63999999999942,39107.969999999565
2026-03-22 04:30:00,1,1.0,0.0,69349.64,69358.0,8.360000000000582,39116.329999999565
2026-03-22 04:45:00,1,0.0,1.0,69358.0,69228.56,-129.44000000000233,38986.88999999956
2026-03-22 05:00:00,1,0.0,1.0,69228.56,69175.82,-52.73999999999069,38934.14999999957
2026-03-22 05:15:00,1,1.0,0.0,69175.82,69206.12,30.29999999998836,38964.44999999956
2026-03-22 05:30:00,1,0.0,1.0,69206.12,69153.41,-52.70999999999185,38911.73999999957
2026-03-22 05:45:00,1,0.0,0.0,69153.41,69139.99,-13.419999999998254,38898.31999999957
2026-03-22 06:00:00,1,1.0,1.0,69139.99,69236.29,96.29999999998836,38994.61999999956
2026-03-22 06:15:00,1,0.0,0.0,69236.29,69197.95,-38.33999999999651,38956.27999999956
2026-03-22 06:30:00,1,0.0,0.0,69197.95,69164.06,-33.88999999999942,38922.38999999956
2026-03-22 06:45:00,1,0.0,0.0,69164.06,69155.27,-8.789999999993597,38913.59999999957
2026-03-22 07:00:00,1,1.0,0.0,69155.27,69181.62,26.34999999999127,38939.94999999956
2026-03-22 07:15:00,1,0.0,1.0,69181.62,68951.59,-230.02999999999884,38709.91999999956
2026-03-22 07:30:00,1,0.0,0.0,68951.59,68919.38,-32.20999999999185,38677.70999999957
2026-03-22 07:45:00,1,1.0,1.0,68919.38,68990.67,71.2899999999936,38748.99999999956
2026-03-22 08:00:00,1,0.0,1.0,68990.67,68624.01,-366.6600000000035,38382.33999999956
2026-03-22 08:15:00,1,1.0,1.0,68624.01,68738.56,114.55000000000291,38496.88999999956
2026-03-22 08:30:00,1,1.0,1.0,68738.56,68804.77,66.2100000000064,38563.09999999957
2026-03-22 08:45:00,0,1.0,1.0,68804.77,68873.38,-68.61000000000058,38494.48999999957
2026-03-22 09:00:00,0,0.0,1.0,68873.38,68649.09,224.29000000000815,38718.77999999958
2026-03-22 09:15:00,1,1.0,1.0,68649.09,68782.75,133.6600000000035,38852.43999999958
2026-03-22 09:30:00,0,1.0,1.0,68782.75,68826.2,-43.44999999999709,38808.98999999958
2026-03-22 09:45:00,0,0.0,1.0,68826.2,68742.42,83.77999999999884,38892.76999999958
2026-03-22 10:00:00,1,0.0,0.0,68742.42,68731.27,-11.14999999999418,38881.61999999959
2026-03-22 10:15:00,1,0.0,1.0,68731.27,68620.11,-111.16000000000349,38770.459999999584
2026-03-22 10:30:00,1,1.0,0.0,68620.11,68648.17,28.05999999999767,38798.51999999958
2026-03-22 10:45:00,0,1.0,0.0,68648.17,68658.59,-10.419999999998254,38788.099999999584
2026-03-22 11:00:00,0,0.0,1.0,68658.59,68419.89,238.6999999999971,39026.79999999958
2026-03-22 11:15:00,1,0.0,0.0,68419.89,68405.0,-14.889999999999418,39011.90999999958
2026-03-22 11:30:00,1,0.0,1.0,68405.0,68217.95,-187.0500000000029,38824.85999999958
2026-03-22 11:45:00,1,1.0,1.0,68217.95,68314.5,96.55000000000291,38921.40999999958
2026-03-22 12:00:00,0,1.0,1.0,68314.5,68662.51,-348.00999999999476,38573.39999999959
2026-03-22 12:15:00,0,0.0,1.0,68662.51,68610.0,52.50999999999476,38625.90999999958
2026-03-22 12:30:00,1,1.0,1.0,68610.0,68654.83,44.830000000001746,38670.73999999958
2026-03-22 12:45:00,0,1.0,1.0,68654.83,68815.32,-160.49000000000524,38510.24999999958
2026-03-22 13:00:00,0,0.0,0.0,68815.32,68806.7,8.620000000009895,38518.86999999959
2026-03-22 13:15:00,1,0.0,1.0,68806.7,68627.92,-178.77999999999884,38340.08999999959
2026-03-22 13:30:00,1,1.0,1.0,68627.92,68700.02,72.10000000000582,38412.189999999595
2026-03-22 13:45:00,0,1.0,1.0,68700.02,68780.0,-79.97999999999593,38332.2099999996
2026-03-22 14:00:00,0,1.0,1.0,68780.0,68839.99,-59.99000000000524,38272.219999999594
2026-03-22 14:15:00,0,1.0,0.0,68839.99,68843.0,-3.0099999999947613,38269.2099999996
2026-03-22 14:30:00,0,0.0,1.0,68843.0,68711.66,131.3399999999965,38400.549999999595
2026-03-22 14:45:00,1,1.0,1.0,68711.66,68904.24,192.58000000000175,38593.1299999996
2026-03-22 15:00:00,0,1.0,0.0,68904.24,68907.95,-3.709999999991851,38589.419999999605
2026-03-22 15:15:00,0,0.0,1.0,68907.95,68803.1,104.84999999999127,38694.2699999996
2026-03-22 15:30:00,1,1.0,1.0,68803.1,68847.96,44.86000000000058,38739.1299999996
2026-03-22 15:45:00,0,0.0,1.0,68847.96,68790.84,57.120000000009895,38796.24999999961
2026-03-22 16:00:00,1,0.0,1.0,68790.84,68715.09,-75.75,38720.49999999961
2026-03-22 16:15:00,1,1.0,0.0,68715.09,68733.34,18.25,38738.74999999961
2026-03-22 16:30:00,0,1.0,1.0,68733.34,68805.58,-72.24000000000524,38666.5099999996
2026-03-22 16:45:00,0,1.0,0.0,68805.58,68823.98,-18.39999999999418,38648.10999999961
2026-03-22 17:00:00,0,0.0,0.0,68823.98,68810.33,13.64999999999418,38661.7599999996
2026-03-22 17:15:00,1,0.0,1.0,68810.33,68671.02,-139.30999999999767,38522.449999999604
2026-03-22 17:30:00,1,1.0,0.0,68671.02,68673.02,2.0,38524.449999999604
2026-03-22 17:45:00,0,1.0,1.0,68673.02,68720.91,-47.88999999999942,38476.559999999605
2026-03-22 18:00:00,0,0.0,0.0,68720.91,68694.05,26.860000000000582,38503.419999999605
2026-03-22 18:15:00,1,0.0,1.0,68694.05,68470.01,-224.04000000000815,38279.3799999996
2026-03-22 18:30:00,1,1.0,1.0,68470.01,68618.58,148.57000000000698,38427.949999999604
2026-03-22 18:45:00,0,0.0,1.0,68618.58,68332.16,286.41999999999825,38714.3699999996
2026-03-22 19:00:00,1,0.0,1.0,68332.16,68287.44,-44.720000000001164,38669.6499999996
2026-03-22 19:15:00,1,1.0,1.0,68287.44,68390.24,102.80000000000291,38772.449999999604
2026-03-22 19:30:00,0,0.0,1.0,68390.24,68199.93,190.31000000001222,38962.75999999962
2026-03-22 19:45:00,1,1.0,1.0,68199.93,68335.88,135.95000000001164,39098.70999999963
2026-03-22 20:00:00,0,0.0,0.0,68335.88,68324.0,11.880000000004657,39110.58999999963
2026-03-22 20:15:00,1,1.0,1.0,68324.0,68363.62,39.61999999999534,39150.20999999963
2026-03-22 20:30:00,0,0.0,1.0,68363.62,68176.46,187.15999999998894,39337.36999999962
2026-03-22 20:45:00,1,0.0,1.0,68176.46,67780.83,-395.63000000000466,38941.73999999961
2026-03-22 21:00:00,1,1.0,0.0,67780.83,67810.33,29.5,38971.23999999961
2026-03-22 21:15:00,0,1.0,1.0,67810.33,67874.82,-64.49000000000524,38906.74999999961
2026-03-22 21:30:00,0,1.0,0.0,67874.82,67899.97,-25.14999999999418,38881.59999999961
2026-03-22 21:45:00,0,1.0,0.0,67899.97,67912.81,-12.839999999996508,38868.75999999962
2026-03-22 22:00:00,0,1.0,1.0,67912.81,68256.0,-343.1900000000023,38525.569999999614
2026-03-22 22:15:00,0,0.0,1.0,68256.0,68135.8,120.19999999999709,38645.76999999961
2026-03-22 22:30:00,1,1.0,1.0,68135.8,68339.37,203.56999999999243,38849.3399999996
2026-03-22 22:45:00,0,0.0,0.0,68339.37,68327.15,12.220000000001164,38861.559999999605
2026-03-22 23:00:00,1,0.0,1.0,68327.15,68103.9,-223.25,38638.309999999605
2026-03-22 23:15:00,1,1.0,0.0,68103.9,68126.67,22.770000000004075,38661.07999999961
2026-03-22 23:30:00,0,0.0,1.0,68126.67,67859.0,267.66999999999825,38928.74999999961
2026-03-22 23:45:00,1,1.0,1.0,67859.0,67957.48,98.47999999999593,39027.2299999996
2026-03-23 00:00:00,0,1.0,0.0,67957.48,67994.06,-36.580000000001746,38990.6499999996
2026-03-23 00:15:00,0,0.0,1.0,67994.06,67689.52,304.5399999999936,39295.189999999595
2026-03-23 00:30:00,1,0.0,0.0,67689.52,67669.99,-19.529999999998836,39275.659999999596
2026-03-23 00:45:00,1,1.0,1.0,67669.99,67845.76,175.76999999998952,39451.429999999586
2026-03-23 01:00:00,0,1.0,1.0,67845.76,68091.54,-245.77999999999884,39205.64999999959
2026-03-23 01:15:00,0,0.0,1.0,68091.54,68044.0,47.5399999999936,39253.18999999958
2026-03-23 01:30:00,1,0.0,1.0,68044.0,67905.0,-139.0,39114.18999999958
2026-03-23 01:45:00,1,0.0,1.0,67905.0,67847.2,-57.80000000000291,39056.38999999958
2026-03-23 02:00:00,1,1.0,1.0,67847.2,68263.65,416.4499999999971,39472.839999999575
2026-03-23 02:15:00,0,0.0,0.0,68263.65,68240.69,22.95999999999185,39495.799999999566
2026-03-23 02:30:00,1,1.0,1.0,68240.69,68320.72,80.02999999999884,39575.829999999565
2026-03-23 02:45:00,0,0.0,1.0,68320.72,68244.8,75.91999999999825,39651.74999999956
2026-03-23 03:00:00,1,0.0,1.0,68244.8,68204.2,-40.60000000000582,39611.14999999956
2026-03-23 03:15:00,1,1.0,0.0,68204.2,68206.72,2.5200000000040745,39613.66999999956
2026-03-23 03:30:00,0,0.0,1.0,68206.72,68074.6,132.11999999999534,39745.78999999956
2026-03-23 03:45:00,1,1.0,1.0,68074.6,68168.19,93.58999999999651,39839.37999999955
2026-03-23 04:00:00,0,1.0,1.0,68168.19,68230.69,-62.5,39776.87999999955
2026-03-23 04:15:00,0,1.0,0.0,68230.69,68266.26,-35.56999999999243,39741.30999999956
2026-03-23 04:30:00,0,1.0,1.0,68266.26,68541.0,-274.74000000000524,39466.569999999556
2026-03-23 04:45:00,0,1.0,1.0,68541.0,68764.83,-223.83000000000175,39242.739999999554
2026-03-23 05:00:00,0,0.0,1.0,68764.83,68694.33,70.5,39313.239999999554
2026-03-23 05:15:00,1,0.0,1.0,68694.33,68621.13,-73.19999999999709,39240.03999999956
2026-03-23 05:30:00,1,1.0,1.0,68621.13,68899.92,278.7899999999936,39518.82999999955
2026-03-23 05:45:00,0,0.0,1.0,68899.92,68610.8,289.11999999999534,39807.949999999546
2026-03-23 06:00:00,1,0.0,1.0,68610.8,68562.0,-48.80000000000291,39759.14999999954
2026-03-23 06:15:00,1,0.0,1.0,68562.0,67818.26,-743.7400000000052,39015.40999999954
2026-03-23 06:30:00,1,1.0,1.0,67818.26,67874.19,55.93000000000757,39071.339999999545
2026-03-23 06:45:00,1,1.0,1.0,67874.19,67943.45,69.25999999999476,39140.59999999954
2026-03-23 07:00:00,1,0.0,1.0,67943.45,67810.17,-133.27999999999884,39007.31999999954
2026-03-23 07:15:00,1,1.0,1.0,67810.17,68330.25,520.0800000000017,39527.39999999954
2026-03-23 07:30:00,0,1.0,0.0,68330.25,68333.16,-2.9100000000034925,39524.48999999954
2026-03-23 07:45:00,0,1.0,1.0,68333.16,68650.93,-317.7699999999895,39206.71999999955
2026-03-23 08:00:00,0,0.0,1.0,68650.93,68469.71,181.2199999999866,39387.93999999954
2026-03-23 08:15:00,1,1.0,1.0,68469.71,68545.52,75.80999999999767,39463.749999999534
2026-03-23 08:30:00,0,0.0,1.0,68545.52,68434.26,111.26000000000931,39575.009999999544
2026-03-23 08:45:00,1,0.0,1.0,68434.26,68283.02,-151.2399999999907,39423.76999999955
2026-03-23 09:00:00,1,0.0,0.0,68283.02,68256.73,-26.29000000000815,39397.479999999545
2026-03-23 09:15:00,1,0.0,1.0,68256.73,68145.5,-111.22999999999593,39286.24999999955
2026-03-23 09:30:00,1,1.0,1.0,68145.5,68334.01,188.50999999999476,39474.759999999544
2026-03-23 09:45:00,1,1.0,1.0,68334.01,68602.78,268.7700000000041,39743.52999999955
2026-03-23 10:00:00,0,0.0,1.0,68602.78,68462.79,139.99000000000524,39883.51999999955
2026-03-23 10:15:00,1,0.0,1.0,68462.79,68418.68,-44.11000000000058,39839.40999999955
2026-03-23 10:30:00,1,1.0,1.0,68418.68,68551.02,132.34000000001106,39971.74999999956
2026-03-23 10:45:00,1,1.0,1.0,68551.02,70963.07,2412.050000000003,42383.799999999566
2026-03-23 11:00:00,0,0.0,1.0,70963.07,70702.57,260.5,42644.299999999566
2026-03-23 11:15:00,0,0.0,0.0,70702.57,70669.98,32.59000000001106,42676.88999999958
2026-03-23 11:30:00,0,0.0,1.0,70669.98,70122.15,547.8300000000017,43224.71999999958
2026-03-23 11:45:00,1,0.0,1.0,70122.15,69992.78,-129.36999999999534,43095.349999999584
2026-03-23 12:00:00,1,1.0,1.0,69992.78,70350.93,358.1499999999942,43453.49999999958
2026-03-23 12:15:00,0,1.0,1.0,70350.93,70719.04,-368.1100000000006,43085.38999999958
2026-03-23 12:30:00,0,1.0,0.0,70719.04,70752.15,-33.11000000000058,43052.27999999958
2026-03-23 12:45:00,0,0.0,0.0,70752.15,70749.76,2.389999999999418,43054.669999999576
2026-03-23 13:00:00,0,1.0,1.0,70749.76,70815.73,-65.97000000000116,42988.699999999575
2026-03-23 13:15:00,0,1.0,1.0,70815.73,71219.99,-404.2600000000093,42584.439999999566
2026-03-23 13:30:00,0,1.0,1.0,71219.99,71481.13,-261.1399999999994,42323.299999999566
2026-03-23 13:45:00,0,1.0,0.0,71481.13,71524.82,-43.69000000000233,42279.609999999564
2026-03-23 14:00:00,0,0.0,1.0,71524.82,71353.19,171.63000000000466,42451.23999999957
2026-03-23 14:15:00,0,1.0,0.0,71353.19,71385.8,-32.61000000000058,42418.62999999957
2026-03-23 14:30:00,0,1.0,1.0,71385.8,71446.46,-60.66000000000349,42357.969999999565
2026-03-23 14:45:00,0,0.0,1.0,71446.46,71371.26,75.20000000001164,42433.169999999576
2026-03-23 15:00:00,0,0.0,1.0,71371.26,70900.13,471.1299999999901,42904.299999999566
2026-03-23 15:15:00,1,0.0,1.0,70900.13,70660.56,-239.57000000000698,42664.72999999956
2026-03-23 15:30:00,1,0.0,1.0,70660.56,70131.48,-529.0800000000017,42135.64999999956
2026-03-23 15:45:00,1,1.0,1.0,70131.48,70525.19,393.7100000000064,42529.359999999564
2026-03-23 16:00:00,0,0.0,1.0,70525.19,70214.75,310.4400000000023,42839.799999999566
2026-03-23 16:15:00,1,1.0,1.0,70214.75,70464.67,249.91999999999825,43089.719999999565
2026-03-23 16:30:00,0,1.0,1.0,70464.67,70561.54,-96.86999999999534,42992.84999999957
2026-03-23 16:45:00,0,1.0,1.0,70561.54,70629.53,-67.99000000000524,42924.859999999564
2026-03-23 17:00:00,0,0.0,1.0,70629.53,70535.68,93.85000000000582,43018.70999999957
2026-03-23 17:15:00,0,1.0,1.0,70535.68,70886.86,-351.18000000000757,42667.52999999956
2026-03-23 17:30:00,0,1.0,1.0,70886.86,71085.16,-198.3000000000029,42469.22999999956
2026-03-23 17:45:00,0,0.0,1.0,71085.16,70973.69,111.47000000000116,42580.69999999956
2026-03-23 18:00:00,0,0.0,1.0,70973.69,70882.7,90.99000000000524,42671.689999999566
2026-03-23 18:15:00,0,1.0,1.0,70882.7,71046.83,-164.13000000000466,42507.55999999956
2026-03-23 18:30:00,0,1.0,0.0,71046.83,71076.22,-29.389999999999418,42478.16999999956
2026-03-23 18:45:00,0,0.0,1.0,71076.22,70935.03,141.19000000000233,42619.359999999564
2026-03-23 19:00:00,0,1.0,1.0,70935.03,71031.95,-96.91999999999825,42522.439999999566
2026-03-23 19:15:00,0,0.0,1.0,71031.95,70904.35,127.59999999999127,42650.03999999956
2026-03-23 19:30:00,0,0.0,1.0,70904.35,70679.05,225.3000000000029,42875.33999999956
2026-03-23 19:45:00,1,1.0,1.0,70679.05,70795.16,116.11000000000058,42991.44999999956
2026-03-23 20:00:00,0,1.0,0.0,70795.16,70811.17,-16.00999999999476,42975.439999999566
2026-03-23 20:15:00,0,1.0,1.0,70811.17,70949.28,-138.11000000000058,42837.329999999565
2026-03-23 20:30:00,0,0.0,0.0,70949.28,70915.59,33.69000000000233,42871.01999999957
2026-03-23 20:45:00,0,0.0,1.0,70915.59,70827.66,87.92999999999302,42958.94999999956
2026-03-23 21:00:00,0,1.0,1.0,70827.66,70894.08,-66.41999999999825,42892.52999999956
2026-03-23 21:15:00,0,1.0,0.0,70894.08,70936.0,-41.919999999998254,42850.609999999564
2026-03-23 21:30:00,0,0.0,1.0,70936.0,70851.35,84.64999999999418,42935.25999999956
2026-03-23 21:45:00,0,0.0,1.0,70851.35,70727.6,123.75,43059.00999999956
2026-03-23 22:00:00,0,0.0,1.0,70727.6,70636.01,91.59000000001106,43150.59999999957
2026-03-23 22:15:00,1,1.0,1.0,70636.01,70712.45,76.44000000000233,43227.03999999957
2026-03-23 22:30:00,0,1.0,1.0,70712.45,70780.22,-67.77000000000407,43159.26999999957
2026-03-23 22:45:00,0,0.0,1.0,70780.22,70552.81,227.4100000000035,43386.67999999957
2026-03-23 23:00:00,1,1.0,1.0,70552.81,70707.2,154.38999999999942,43541.06999999957
2026-03-23 23:15:00,0,1.0,1.0,70707.2,70767.17,-59.970000000001164,43481.09999999957
2026-03-23 23:30:00,0,1.0,1.0,70767.17,70906.45,-139.27999999999884,43341.81999999957
2026-03-23 23:45:00,0,0.0,1.0,70906.45,70786.55,119.89999999999418,43461.719999999565
2026-03-24 00:00:00,0,0.0,1.0,70786.55,70720.55,66.0,43527.719999999565
2026-03-24 00:15:00,0,0.0,1.0,70720.55,70592.21,128.3399999999965,43656.05999999956
2026-03-24 00:30:00,1,1.0,1.0,70592.21,70679.2,86.98999999999069,43743.04999999955
2026-03-24 00:45:00,0,0.0,1.0,70679.2,70565.48,113.72000000000116,43856.76999999955
2026-03-24 01:00:00,0,1.0,1.0,70565.48,70828.15,-262.66999999999825,43594.099999999555
2026-03-24 01:15:00,0,0.0,1.0,70828.15,70392.31,435.8399999999965,44029.93999999955
2026-03-24 01:30:00,1,1.0,1.0,70392.31,70516.57,124.26000000000931,44154.19999999956
2026-03-24 01:45:00,0,0.0,0.0,70516.57,70466.0,50.570000000006985,44204.76999999957
2026-03-24 02:00:00,0,1.0,1.0,70466.0,70559.73,-93.72999999999593,44111.03999999957
2026-03-24 02:15:00,0,0.0,0.0,70559.73,70531.31,28.419999999998254,44139.45999999957
2026-03-24 02:30:00,0,0.0,1.0,70531.31,70453.37,77.94000000000233,44217.39999999957
2026-03-24 02:45:00,0,1.0,0.0,70453.37,70503.1,-49.73000000001048,44167.66999999956
2026-03-24 03:00:00,0,1.0,0.0,70503.1,70541.65,-38.54999999998836,44129.11999999957
2026-03-24 03:15:00,0,0.0,0.0,70541.65,70489.98,51.669999999998254,44180.78999999957
2026-03-24 03:30:00,0,1.0,0.0,70489.98,70542.9,-52.919999999998254,44127.86999999957
2026-03-24 03:45:00,0,1.0,1.0,70542.9,70636.56,-93.66000000000349,44034.20999999957
2026-03-24 04:00:00,0,0.0,1.0,70636.56,70532.32,104.23999999999069,44138.44999999956
2026-03-24 04:15:00,0,0.0,1.0,70532.32,70340.32,192.0,44330.44999999956
2026-03-24 04:30:00,1,1.0,0.0,70340.32,70372.44,32.11999999999534,44362.569999999556
2026-03-24 04:45:00,0,0.0,1.0,70372.44,70161.04,211.40000000000873,44573.969999999565
2026-03-24 05:00:00,1,1.0,0.0,70161.04,70181.25,20.210000000006403,44594.17999999957
2026-03-24 05:15:00,0,1.0,1.0,70181.25,70326.12,-144.86999999999534,44449.309999999576
2026-03-24 05:30:00,0,0.0,0.0,70326.12,70283.85,42.26999999998952,44491.579999999565
2026-03-24 05:45:00,0,1.0,1.0,70283.85,70364.14,-80.2899999999936,44411.28999999957
2026-03-24 06:00:00,0,1.0,0.0,70364.14,70378.56,-14.419999999998254,44396.86999999957
2026-03-24 06:15:00,0,1.0,1.0,70378.56,70470.01,-91.44999999999709,44305.419999999576
2026-03-24 06:30:00,0,1.0,1.0,70470.01,70541.38,-71.3700000000099,44234.049999999566
2026-03-24 06:45:00,0,1.0,1.0,70541.38,70835.04,-293.65999999998894,43940.38999999958
2026-03-24 07:00:00,0,1.0,1.0,70835.04,70929.92,-94.88000000000466,43845.50999999957
2026-03-24 07:15:00,0,0.0,0.0,70929.92,70902.71,27.20999999999185,43872.719999999565
2026-03-24 07:30:00,0,1.0,1.0,70902.71,71291.7,-388.9899999999907,43483.729999999574
2026-03-24 07:45:00,0,0.0,1.0,71291.7,71132.08,159.61999999999534,43643.34999999957
2026-03-24 08:00:00,0,0.0,1.0,71132.08,70914.41,217.66999999999825,43861.01999999957
2026-03-24 08:15:00,0,1.0,1.0,70914.41,71068.93,-154.51999999998952,43706.49999999958
2026-03-24 08:30:00,0,0.0,1.0,71068.93,70964.15,104.77999999999884,43811.27999999958
2026-03-24 08:45:00,0,0.0,1.0,70964.15,70876.04,88.11000000000058,43899.38999999958
2026-03-24 09:00:00,0,1.0,1.0,70876.04,71014.7,-138.6600000000035,43760.729999999574
2026-03-24 09:15:00,0,1.0,1.0,71014.7,71242.7,-228.0,43532.729999999574
2026-03-24 09:30:00,0,1.0,1.0,71242.7,71316.97,-74.27000000000407,43458.45999999957
2026-03-24 09:45:00,0,0.0,0.0,71316.97,71264.83,52.13999999999942,43510.59999999957
2026-03-24 10:00:00,0,0.0,1.0,71264.83,71114.64,150.19000000000233,43660.78999999957
2026-03-24 10:15:00,0,1.0,1.0,71114.64,71244.13,-129.49000000000524,43531.299999999566
2026-03-24 10:30:00,0,1.0,0.0,71244.13,71272.87,-28.739999999990687,43502.559999999576
2026-03-24 10:45:00,0,0.0,1.0,71272.87,71119.61,153.25999999999476,43655.81999999957
2026-03-24 11:00:00,0,0.0,0.0,71119.61,71067.21,52.39999999999418,43708.219999999565
2026-03-24 11:15:00,1,1.0,1.0,71067.21,71244.0,176.7899999999936,43885.00999999956
2026-03-24 11:30:00,0,0.0,1.0,71244.0,71157.77,86.22999999999593,43971.239999999554
2026-03-24 11:45:00,0,0.0,1.0,71157.77,71074.01,83.76000000000931,44054.99999999956
2026-03-24 12:00:00,1,1.0,0.0,71074.01,71085.9,11.889999999999418,44066.88999999956
2026-03-24 12:15:00,0,0.0,1.0,71085.9,70900.0,185.89999999999418,44252.78999999956
2026-03-24 12:30:00,0,1.0,0.0,70900.0,70956.48,-56.479999999995925,44196.30999999956
2026-03-24 12:45:00,0,0.0,1.0,70956.48,70829.23,127.25,44323.55999999956
2026-03-24 13:00:00,0,0.0,1.0,70829.23,70598.69,230.5399999999936,44554.099999999555
2026-03-24 13:15:00,1,0.0,1.0,70598.69,70321.51,-277.18000000000757,44276.91999999955
2026-03-24 13:30:00,1,0.0,1.0,70321.51,70100.46,-221.04999999998836,44055.86999999956
2026-03-24 13:45:00,1,0.0,1.0,70100.46,69858.64,-241.82000000000698,43814.04999999955
2026-03-24 14:00:00,1,1.0,1.0,69858.64,70000.41,141.77000000000407,43955.819999999556
2026-03-24 14:15:00,1,0.0,1.0,70000.41,69846.28,-154.13000000000466,43801.68999999955
2026-03-24 14:30:00,1,1.0,0.0,69846.28,69869.93,23.64999999999418,43825.339999999545
2026-03-24 14:45:00,1,1.0,1.0,69869.93,69966.0,96.07000000000698,43921.40999999955
2026-03-24 15:00:00,0,1.0,1.0,69966.0,70029.61,-63.61000000000058,43857.79999999955
2026-03-24 15:15:00,0,1.0,0.0,70029.61,70058.12,-28.50999999999476,43829.28999999956
2026-03-24 15:30:00,0,0.0,1.0,70058.12,69873.04,185.08000000000175,44014.36999999956
2026-03-24 15:45:00,1,1.0,0.0,69873.04,69915.27,42.23000000001048,44056.59999999957
2026-03-24 16:00:00,0,0.0,1.0,69915.27,69798.32,116.94999999999709,44173.549999999566
2026-03-24 16:15:00,1,0.0,1.0,69798.32,69564.81,-233.5100000000093,43940.03999999956
2026-03-24 16:30:00,1,0.0,1.0,69564.81,69476.87,-87.94000000000233,43852.099999999555
2026-03-24 16:45:00,1,0.0,1.0,69476.87,69237.43,-239.44000000000233,43612.65999999955
2026-03-24 17:00:00,1,0.0,1.0,69237.43,69177.17,-60.25999999999476,43552.39999999956
2026-03-24 17:15:00,1,0.0,1.0,69177.17,68946.27,-230.89999999999418,43321.49999999956
2026-03-24 17:30:00,1,1.0,1.0,68946.27,69238.43,292.15999999998894,43613.65999999955
2026-03-24 17:45:00,1,1.0,1.0,69238.43,69366.35,127.9200000000128,43741.579999999565
2026-03-24 18:00:00,1,1.0,0.0,69366.35,69408.35,42.0,43783.579999999565
2026-03-24 18:15:00,1,1.0,1.0,69408.35,69530.83,122.47999999999593,43906.05999999956
2026-03-24 18:30:00,0,0.0,1.0,69530.83,69430.24,100.58999999999651,44006.64999999956
2026-03-24 18:45:00,1,1.0,1.0,69430.24,69640.8,210.55999999999767,44217.209999999555
2026-03-24 19:00:00,0,0.0,1.0,69640.8,69537.72,103.08000000000175,44320.28999999956
2026-03-24 19:15:00,1,0.0,1.0,69537.72,69445.56,-92.16000000000349,44228.12999999955
2026-03-24 19:30:00,1,0.0,1.0,69445.56,69377.33,-68.22999999999593,44159.89999999956
2026-03-24 19:45:00,1,1.0,0.0,69377.33,69415.54,38.20999999999185,44198.10999999955
2026-03-24 20:00:00,1,1.0,1.0,69415.54,70012.33,596.7900000000081,44794.89999999956
2026-03-24 20:15:00,0,1.0,0.0,70012.33,70059.59,-47.25999999999476,44747.63999999956
2026-03-24 20:30:00,0,1.0,0.0,70059.59,70093.19,-33.60000000000582,44714.03999999956
2026-03-24 20:45:00,0,0.0,1.0,70093.19,69992.84,100.35000000000582,44814.38999999956
2026-03-24 21:00:00,0,1.0,1.0,69992.84,70059.91,-67.07000000000698,44747.319999999556
2026-03-24 21:15:00,0,1.0,1.0,70059.91,70275.75,-215.8399999999965,44531.47999999956
2026-03-24 21:30:00,0,1.0,0.0,70275.75,70332.93,-57.179999999993015,44474.299999999566
2026-03-24 21:45:00,0,1.0,1.0,70332.93,70543.52,-210.59000000001106,44263.709999999555
2026-03-24 22:00:00,0,0.0,1.0,70543.52,70238.88,304.6399999999994,44568.349999999555
2026-03-24 22:15:00,1,1.0,0.0,70238.88,70288.01,49.129999999990105,44617.479999999545
2026-03-24 22:30:00,0,1.0,0.0,70288.01,70316.96,-28.95000000001164,44588.52999999953
2026-03-24 22:45:00,0,1.0,1.0,70316.96,70536.45,-219.4899999999907,44369.03999999954
2026-03-24 23:00:00,0,1.0,1.0,70536.45,70748.6,-212.15000000000873,44156.889999999534
2026-03-24 23:15:00,0,0.0,1.0,70748.6,70665.43,83.1700000000128,44240.05999999955
2026-03-24 23:30:00,0,0.0,1.0,70665.43,70556.74,108.68999999998778,44348.749999999534
2026-03-24 23:45:00,0,1.0,1.0,70556.74,70726.0,-169.25999999999476,44179.48999999954
2026-03-25 00:00:00,0,0.0,1.0,70726.0,70668.99,57.00999999999476,44236.499999999534
2026-03-25 00:15:00,0,1.0,1.0,70668.99,70923.89,-254.89999999999418,43981.59999999954
2026-03-25 00:30:00,0,0.0,1.0,70923.89,70840.75,83.13999999999942,44064.73999999954
2026-03-25 00:45:00,0,0.0,0.0,70840.75,70803.63,37.11999999999534,44101.859999999535
2026-03-25 01:00:00,0,0.0,0.0,70803.63,70763.47,40.16000000000349,44142.01999999954
2026-03-25 01:15:00,0,0.0,0.0,70763.47,70738.5,24.970000000001164,44166.98999999954
2026-03-25 01:30:00,0,0.0,1.0,70738.5,70677.18,61.320000000006985,44228.30999999955
2026-03-25 01:45:00,0,0.0,1.0,70677.18,70609.08,68.09999999999127,44296.40999999954
2026-03-25 02:00:00,1,0.0,0.0,70609.08,70595.04,-14.040000000008149,44282.36999999953
2026-03-25 02:15:00,1,1.0,1.0,70595.04,70695.96,100.9200000000128,44383.28999999954
2026-03-25 02:30:00,0,0.0,1.0,70695.96,70531.09,164.8700000000099,44548.15999999955
2026-03-25 02:45:00,0,0.0,0.0,70531.09,70494.0,37.08999999999651,44585.24999999955
2026-03-25 03:00:00,0,1.0,0.0,70494.0,70530.14,-36.13999999999942,44549.10999999955
2026-03-25 03:15:00,0,1.0,1.0,70530.14,70743.9,-213.75999999999476,44335.349999999555
2026-03-25 03:30:00,0,0.0,0.0,70743.9,70716.7,27.19999999999709,44362.54999999955
2026-03-25 03:45:00,0,1.0,1.0,70716.7,70850.39,-133.69000000000233,44228.85999999955
2026-03-25 04:00:00,0,1.0,0.0,70850.39,70865.74,-15.35000000000582,44213.509999999544
2026-03-25 04:15:00,0,0.0,1.0,70865.74,70769.2,96.54000000000815,44310.04999999955
2026-03-25 04:30:00,0,1.0,1.0,70769.2,70968.64,-199.44000000000233,44110.60999999955
2026-03-25 04:45:00,0,1.0,1.0,70968.64,71245.33,-276.6900000000023,43833.91999999955
2026-03-25 05:00:00,0,0.0,0.0,71245.33,71198.74,46.58999999999651,43880.509999999544
2026-03-25 05:15:00,0,1.0,0.0,71198.74,71220.93,-22.189999999987776,43858.319999999556
2026-03-25 05:30:00,0,0.0,1.0,71220.93,71117.66,103.26999999998952,43961.589999999545
2026-03-25 05:45:00,0,0.0,0.0,71117.66,71076.02,41.63999999999942,44003.229999999545
2026-03-25 06:00:00,0,1.0,1.0,71076.02,71234.41,-158.38999999999942,43844.839999999545
2026-03-25 06:15:00,0,0.0,0.0,71234.41,71201.0,33.41000000000349,43878.24999999955
2026-03-25 06:30:00,0,0.0,1.0,71201.0,70991.83,209.16999999999825,44087.41999999955
2026-03-25 06:45:00,1,1.0,1.0,70991.83,71142.98,151.14999999999418,44238.56999999954
2026-03-25 07:00:00,0,0.0,1.0,71142.98,71069.56,73.41999999999825,44311.98999999954
2026-03-25 07:15:00,0,0.0,0.0,71069.56,71056.76,12.80000000000291,44324.78999999954
2026-03-25 07:30:00,1,0.0,1.0,71056.76,70926.88,-129.8799999999901,44194.90999999955
2026-03-25 07:45:00,1,0.0,1.0,70926.88,70811.41,-115.47000000000116,44079.43999999955
2026-03-25 08:00:00,1,1.0,1.0,70811.41,71192.19,380.77999999999884,44460.21999999955
2026-03-25 08:15:00,0,1.0,1.0,71192.19,71478.32,-286.13000000000466,44174.089999999545
2026-03-25 08:30:00,0,0.0,1.0,71478.32,71248.39,229.93000000000757,44404.01999999955
2026-03-25 08:45:00,0,1.0,1.0,71248.39,71334.03,-85.63999999999942,44318.37999999955
2026-03-25 09:00:00,0,0.0,1.0,71334.03,71268.2,65.83000000000175,44384.209999999555
2026-03-25 09:15:00,0,0.0,0.0,71268.2,71263.02,5.179999999993015,44389.38999999955
2026-03-25 09:30:00,1,1.0,1.0,71263.02,71345.91,82.88999999999942,44472.27999999955
2026-03-25 09:45:00,0,1.0,1.0,71345.91,71420.0,-74.08999999999651,44398.18999999955
2026-03-25 10:00:00,0,0.0,0.0,71420.0,71405.92,14.080000000001746,44412.26999999955
2026-03-25 10:15:00,0,1.0,0.0,71405.92,71436.31,-30.389999999999418,44381.87999999955
2026-03-25 10:30:00,0,1.0,1.0,71436.31,71501.39,-65.08000000000175,44316.79999999955
2026-03-25 10:45:00,0,1.0,1.0,71501.39,71599.09,-97.69999999999709,44219.099999999555
2026-03-25 11:00:00,0,1.0,1.0,71599.09,71870.28,-271.1900000000023,43947.90999999955
2026-03-25 11:15:00,0,0.0,0.0,71870.28,71813.42,56.86000000000058,44004.76999999955
2026-03-25 11:30:00,0,0.0,1.0,71813.42,71678.97,134.4499999999971,44139.21999999955
2026-03-25 11:45:00,1,1.0,1.0,71678.97,71750.01,71.0399999999936,44210.259999999544
2026-03-25 12:00:00,0,0.0,1.0,71750.01,71341.68,408.33000000000175,44618.589999999545
2026-03-25 12:15:00,0,1.0,0.0,71341.68,71369.58,-27.90000000000873,44590.68999999954
2026-03-25 12:30:00,0,1.0,1.0,71369.58,71715.24,-345.6600000000035,44245.02999999953
2026-03-25 12:45:00,0,0.0,0.0,71715.24,71708.42,6.820000000006985,44251.84999999954
2026-03-25 13:00:00,0,0.0,1.0,71708.42,71621.96,86.45999999999185,44338.30999999953
2026-03-25 13:15:00,1,1.0,1.0,71621.96,71728.55,106.58999999999651,44444.89999999953
2026-03-25 13:30:00,0,0.0,1.0,71728.55,71581.42,147.13000000000466,44592.02999999953
2026-03-25 13:45:00,0,0.0,1.0,71581.42,71392.91,188.50999999999476,44780.53999999953
2026-03-25 14:00:00,1,0.0,0.0,71392.91,71366.26,-26.65000000000873,44753.88999999952
2026-03-25 14:15:00,1,0.0,0.0,71366.26,71365.99,-0.2699999999895226,44753.61999999953
2026-03-25 14:30:00,1,0.0,1.0,71365.99,71234.28,-131.7100000000064,44621.90999999952
2026-03-25 14:45:00,1,0.0,1.0,71234.28,70825.25,-409.02999999999884,44212.879999999524
2026-03-25 15:00:00,1,1.0,1.0,70825.25,71023.6,198.35000000000582,44411.22999999953
2026-03-25 15:15:00,0,0.0,1.0,71023.6,70878.43,145.1700000000128,44556.39999999954
2026-03-25 15:30:00,1,0.0,0.0,70878.43,70832.99,-45.439999999987776,44510.959999999555
2026-03-25 15:45:00,1,1.0,0.0,70832.99,70874.45,41.45999999999185,44552.41999999955
2026-03-25 16:00:00,0,1.0,1.0,70874.45,71506.63,-632.1800000000076,43920.23999999954
2026-03-25 16:15:00,0,0.0,0.0,71506.63,71467.51,39.120000000009895,43959.35999999955
2026-03-25 16:30:00,0,0.0,1.0,71467.51,71324.01,143.5,44102.85999999955
2026-03-25 16:45:00,1,0.0,1.0,71324.01,71148.33,-175.67999999999302,43927.17999999956
2026-03-25 17:00:00,1,0.0,1.0,71148.33,71077.88,-70.44999999999709,43856.72999999956
2026-03-25 17:15:00,1,0.0,1.0,71077.88,70913.4,-164.48000000001048,43692.24999999955
2026-03-25 17:30:00,1,0.0,1.0,70913.4,70779.0,-134.39999999999418,43557.849999999555
2026-03-25 17:45:00,1,1.0,1.0,70779.0,70922.94,143.94000000000233,43701.78999999956
2026-03-25 18:00:00,0,1.0,0.0,70922.94,70974.43,-51.48999999999069,43650.299999999566
2026-03-25 18:15:00,0,0.0,1.0,70974.43,70848.76,125.66999999999825,43775.969999999565
2026-03-25 18:30:00,0,0.0,0.0,70848.76,70810.34,38.419999999998254,43814.38999999956
2026-03-25 18:45:00,1,1.0,0.0,70810.34,70851.83,41.49000000000524,43855.87999999957
2026-03-25 19:00:00,0,1.0,1.0,70851.83,70970.65,-118.81999999999243,43737.059999999576
2026-03-25 19:15:00,0,0.0,0.0,70970.65,70940.0,30.64999999999418,43767.70999999957
2026-03-25 19:30:00,0,0.0,0.0,70940.0,70883.31,56.69000000000233,43824.39999999957
2026-03-25 19:45:00,1,0.0,1.0,70883.31,70743.67,-139.63999999999942,43684.75999999957
2026-03-25 20:00:00,1,0.0,0.0,70743.67,70710.85,-32.81999999999243,43651.93999999958
2026-03-25 20:15:00,1,1.0,1.0,70710.85,70946.29,235.43999999998778,43887.37999999957
2026-03-25 20:30:00,0,1.0,1.0,70946.29,71009.5,-63.2100000000064,43824.16999999956
2026-03-25 20:45:00,0,1.0,1.0,71009.5,71164.66,-155.1600000000035,43669.00999999956
2026-03-25 21:00:00,0,0.0,1.0,71164.66,70984.04,180.6200000000099,43849.62999999957
2026-03-25 21:15:00,0,1.0,1.0,70984.04,71067.98,-83.94000000000233,43765.689999999566
2026-03-25 21:30:00,0,0.0,0.0,71067.98,71035.24,32.73999999999069,43798.42999999956
2026-03-25 21:45:00,0,0.0,0.0,71035.24,70993.18,42.060000000012224,43840.48999999957
2026-03-25 22:00:00,1,1.0,0.0,70993.18,71042.87,49.69000000000233,43890.17999999957
2026-03-25 22:15:00,0,1.0,1.0,71042.87,71374.34,-331.47000000000116,43558.70999999957
2026-03-25 22:30:00,0,0.0,0.0,71374.34,71369.08,5.259999999994761,43563.969999999565
2026-03-25 22:45:00,0,0.0,0.0,71369.08,71327.7,41.38000000000466,43605.34999999957
2026-03-25 23:00:00,1,1.0,0.0,71327.7,71359.59,31.889999999999418,43637.23999999957
2026-03-25 23:15:00,0,0.0,1.0,71359.59,71216.47,143.11999999999534,43780.359999999564
2026-03-25 23:30:00,0,1.0,1.0,71216.47,71336.53,-120.05999999999767,43660.299999999566
2026-03-25 23:45:00,0,0.0,1.0,71336.53,71250.0,86.52999999999884,43746.829999999565
2026-03-26 00:00:00,0,1.0,0.0,71250.0,71306.6,-56.60000000000582,43690.22999999956
2026-03-26 00:15:00,0,1.0,0.0,71306.6,71355.88,-49.279999999998836,43640.94999999956
2026-03-26 00:30:00,0,0.0,0.0,71355.88,71299.27,56.61000000000058,43697.55999999956
2026-03-26 00:45:00,0,0.0,0.0,71299.27,71269.6,29.669999999998254,43727.22999999956
2026-03-26 01:00:00,1,1.0,0.0,71269.6,71319.69,50.08999999999651,43777.319999999556
2026-03-26 01:15:00,0,0.0,1.0,71319.69,71259.48,60.2100000000064,43837.52999999956
2026-03-26 01:30:00,0,0.0,0.0,71259.48,71252.11,7.369999999995343,43844.89999999956
2026-03-26 01:45:00,1,0.0,1.0,71252.11,71091.99,-160.11999999999534,43684.77999999956
2026-03-26 02:00:00,1,0.0,1.0,71091.99,70894.93,-197.06000000001222,43487.71999999955
2026-03-26 02:15:00,1,0.0,0.0,70894.93,70868.64,-26.289999999993597,43461.42999999956
2026-03-26 02:30:00,1,1.0,0.0,70868.64,70893.01,24.369999999995343,43485.79999999955
2026-03-26 02:45:00,0,1.0,1.0,70893.01,70968.66,-75.65000000000873,43410.14999999954
2026-03-26 03:00:00,0,0.0,1.0,70968.66,70713.14,255.52000000000407,43665.66999999955
2026-03-26 03:15:00,1,1.0,1.0,70713.14,70850.74,137.60000000000582,43803.26999999955
2026-03-26 03:30:00,0,1.0,1.0,70850.74,70921.47,-70.72999999999593,43732.53999999956
2026-03-26 03:45:00,0,0.0,1.0,70921.47,70755.06,166.4100000000035,43898.94999999956
2026-03-26 04:00:00,0,1.0,1.0,70755.06,70868.66,-113.60000000000582,43785.349999999555
2026-03-26 04:15:00,0,0.0,0.0,70868.66,70839.99,28.669999999998254,43814.01999999955
2026-03-26 04:30:00,0,0.0,1.0,70839.99,70772.01,67.98000000001048,43881.99999999956
2026-03-26 04:45:00,1,0.0,1.0,70772.01,70559.07,-212.93999999998778,43669.059999999576
2026-03-26 05:00:00,1,1.0,0.0,70559.07,70577.2,18.129999999990105,43687.189999999566
2026-03-26 05:15:00,1,0.0,1.0,70577.2,70310.9,-266.3000000000029,43420.88999999956
2026-03-26 05:30:00,1,0.0,1.0,70310.9,70016.98,-293.91999999999825,43126.969999999565
2026-03-26 05:45:00,1,1.0,0.0,70016.98,70068.0,51.020000000004075,43177.98999999957
2026-03-26 06:00:00,1,0.0,0.0,70068.0,70059.5,-8.5,43169.48999999957
2026-03-26 06:15:00,1,0.0,1.0,70059.5,70000.32,-59.179999999993015,43110.309999999576
2026-03-26 06:30:00,1,1.0,1.0,70000.32,70097.18,96.85999999998603,43207.16999999956
2026-03-26 06:45:00,1,0.0,0.0,70097.18,70048.5,-48.679999999993015,43158.48999999957
2026-03-26 07:00:00,1,0.0,1.0,70048.5,69969.87,-78.63000000000466,43079.859999999564
2026-03-26 07:15:00,1,1.0,1.0,69969.87,70071.97,102.10000000000582,43181.95999999957
2026-03-26 07:30:00,1,1.0,0.0,70071.97,70087.44,15.470000000001164,43197.42999999957
2026-03-26 07:45:00,1,0.0,1.0,70087.44,69924.82,-162.61999999999534,43034.809999999576
2026-03-26 08:00:00,1,0.0,1.0,69924.82,69826.84,-97.98000000001048,42936.829999999565
2026-03-26 08:15:00,1,1.0,1.0,69826.84,69937.32,110.48000000001048,43047.309999999576
2026-03-26 08:30:00,1,1.0,1.0,69937.32,70024.77,87.44999999999709,43134.75999999957
2026-03-26 08:45:00,0,1.0,0.0,70024.77,70028.91,-4.139999999999418,43130.61999999957
2026-03-26 09:00:00,0,0.0,0.0,70028.91,70028.12,0.7900000000081491,43131.40999999958
2026-03-26 09:15:00,1,0.0,1.0,70028.12,69506.64,-521.4799999999959,42609.929999999586
2026-03-26 09:30:00,1,1.0,1.0,69506.64,69562.41,55.770000000004075,42665.69999999959
2026-03-26 09:45:00,1,1.0,0.0,69562.41,69579.23,16.819999999992433,42682.51999999958
2026-03-26 10:00:00,1,1.0,1.0,69579.23,69661.45,82.22000000000116,42764.73999999958
2026-03-26 10:15:00,1,0.0,1.0,69661.45,69548.18,-113.27000000000407,42651.46999999958
2026-03-26 10:30:00,1,0.0,0.0,69548.18,69517.68,-30.5,42620.96999999958
2026-03-26 10:45:00,1,1.0,1.0,69517.68,69566.06,48.38000000000466,42669.349999999584
2026-03-26 11:00:00,1,0.0,1.0,69566.06,69321.37,-244.69000000000233,42424.65999999958
2026-03-26 11:15:00,1,1.0,1.0,69321.37,69398.0,76.63000000000466,42501.289999999586
2026-03-26 11:30:00,1,0.0,1.0,69398.0,69276.01,-121.99000000000524,42379.29999999958
2026-03-26 11:45:00,1,1.0,1.0,69276.01,69375.23,99.22000000000116,42478.51999999958
2026-03-26 12:00:00,1,1.0,1.0,69375.23,69420.65,45.419999999998254,42523.93999999958
2026-03-26 12:15:00,1,0.0,1.0,69420.65,69365.73,-54.919999999998254,42469.01999999958
2026-03-26 12:30:00,1,1.0,1.0,69365.73,69436.42,70.69000000000233,42539.709999999584
2026-03-26 12:45:00,1,1.0,1.0,69436.42,69484.14,47.720000000001164,42587.429999999586
2026-03-26 13:00:00,1,0.0,1.0,69484.14,69400.14,-84.0,42503.429999999586
2026-03-26 13:15:00,1,1.0,1.0,69400.14,69547.35,147.2100000000064,42650.63999999959
2026-03-26 13:30:00,0,1.0,1.0,69547.35,69646.59,-99.23999999999069,42551.3999999996
2026-03-26 13:45:00,0,0.0,0.0,69646.59,69608.4,38.19000000000233,42589.5899999996
2026-03-26 14:00:00,1,1.0,0.0,69608.4,69611.03,2.6300000000046566,42592.21999999961
2026-03-26 14:15:00,0,0.0,1.0,69611.03,69516.89,94.13999999999942,42686.35999999961
2026-03-26 14:30:00,1,0.0,0.0,69516.89,69479.92,-36.970000000001164,42649.38999999961
2026-03-26 14:45:00,1,0.0,1.0,69479.92,68950.99,-528.929999999993,42120.45999999961
2026-03-26 15:00:00,1,1.0,1.0,68950.99,69030.49,79.5,42199.95999999961
2026-03-26 15:15:00,1,0.0,1.0,69030.49,68988.75,-41.74000000000524,42158.21999999961
2026-03-26 15:30:00,1,1.0,1.0,68988.75,69082.64,93.88999999999942,42252.10999999961
2026-03-26 15:45:00,1,0.0,1.0,69082.64,69022.57,-60.06999999999243,42192.039999999615
2026-03-26 16:00:00,1,0.0,1.0,69022.57,68888.01,-134.56000000001222,42057.4799999996
2026-03-26 16:15:00,1,1.0,0.0,68888.01,68918.29,30.279999999998836,42087.7599999996
2026-03-26 16:30:00,1,1.0,0.0,68918.29,68932.52,14.230000000010477,42101.98999999961
2026-03-26 16:45:00,1,0.0,0.0,68932.52,68921.51,-11.010000000009313,42090.9799999996
2026-03-26 17:00:00,1,1.0,1.0,68921.51,69082.98,161.47000000000116,42252.449999999604
2026-03-26 17:15:00,1,0.0,1.0,69082.98,68957.74,-125.23999999999069,42127.20999999961
2026-03-26 17:30:00,1,0.0,1.0,68957.74,68486.86,-470.88000000000466,41656.32999999961
2026-03-26 17:45:00,1,0.0,0.0,68486.86,68459.44,-27.419999999998254,41628.90999999961
2026-03-26 18:00:00,1,0.0,1.0,68459.44,68203.58,-255.86000000000058,41373.04999999961
2026-03-26 18:15:00,1,1.0,1.0,68203.58,68336.67,133.0899999999965,41506.13999999961
2026-03-26 18:30:00,1,1.0,1.0,68336.67,68497.25,160.58000000000175,41666.71999999961
2026-03-26 18:45:00,1,0.0,1.0,68497.25,68457.4,-39.85000000000582,41626.8699999996
2026-03-26 19:00:00,1,0.0,0.0,68457.4,68435.96,-21.439999999987776,41605.429999999615
2026-03-26 19:15:00,1,1.0,1.0,68435.96,68633.12,197.15999999998894,41802.5899999996
2026-03-26 19:30:00,1,0.0,1.0,68633.12,68534.36,-98.75999999999476,41703.82999999961
2026-03-26 19:45:00,1,1.0,1.0,68534.36,69201.99,667.6300000000047,42371.45999999961
2026-03-26 20:00:00,0,0.0,0.0,69201.99,69168.99,33.0,42404.45999999961
2026-03-26 20:15:00,1,0.0,0.0,69168.99,69158.79,-10.200000000011642,42394.2599999996
2026-03-26 20:30:00,1,0.0,1.0,69158.79,69005.21,-153.5799999999872,42240.679999999615
2026-03-26 20:45:00,1,0.0,1.0,69005.21,68912.92,-92.29000000000815,42148.38999999961
2026-03-26 21:00:00,1,1.0,1.0,68912.92,69092.49,179.57000000000698,42327.95999999961
2026-03-26 21:15:00,1,0.0,1.0,69092.49,69020.98,-71.51000000000931,42256.449999999604
2026-03-26 21:30:00,1,0.0,1.0,69020.98,68921.1,-99.8799999999901,42156.569999999614
2026-03-26 21:45:00,1,1.0,0.0,68921.1,68955.84,34.73999999999069,42191.309999999605
2026-03-26 22:00:00,1,0.0,1.0,68955.84,68754.44,-201.39999999999418,41989.90999999961
2026-03-26 22:15:00,1,1.0,1.0,68754.44,68796.22,41.779999999998836,42031.68999999961
2026-03-26 22:30:00,1,1.0,1.0,68796.22,68892.67,96.44999999999709,42128.13999999961
2026-03-26 22:45:00,1,0.0,1.0,68892.67,68817.63,-75.0399999999936,42053.09999999961
2026-03-26 23:00:00,1,0.0,1.0,68817.63,68735.8,-81.83000000000175,41971.26999999961
2026-03-26 23:15:00,1,1.0,0.0,68735.8,68754.78,18.979999999995925,41990.24999999961
2026-03-26 23:30:00,1,1.0,1.0,68754.78,68820.31,65.52999999999884,42055.779999999606
2026-03-26 23:45:00,1,1.0,1.0,68820.31,68940.0,119.69000000000233,42175.46999999961
2026-03-27 00:00:00,0,0.0,1.0,68940.0,68732.26,207.74000000000524,42383.20999999961
2026-03-27 00:15:00,1,0.0,0.0,68732.26,68718.75,-13.509999999994761,42369.69999999962
2026-03-27 00:30:00,1,1.0,1.0,68718.75,68785.01,66.25999999999476,42435.95999999961
2026-03-27 00:45:00,1,1.0,1.0,68785.01,68863.48,78.47000000000116,42514.429999999615
2026-03-27 01:00:00,1,1.0,1.0,68863.48,68909.84,46.36000000000058,42560.789999999615
2026-03-27 01:15:00,0,0.0,0.0,68909.84,68900.66,9.179999999993015,42569.96999999961
2026-03-27 01:30:00,1,1.0,1.0,68900.66,69051.27,150.61000000000058,42720.57999999961
2026-03-27 01:45:00,0,1.0,0.0,69051.27,69057.22,-5.94999999999709,42714.62999999961
2026-03-27 02:00:00,1,0.0,0.0,69057.22,69023.45,-33.770000000004075,42680.85999999961
2026-03-27 02:15:00,1,0.0,1.0,69023.45,68920.51,-102.94000000000233,42577.919999999605
2026-03-27 02:30:00,1,0.0,0.0,68920.51,68903.59,-16.919999999998254,42560.99999999961
2026-03-27 02:45:00,1,0.0,1.0,68903.59,68751.83,-151.75999999999476,42409.23999999961
2026-03-27 03:00:00,1,1.0,1.0,68751.83,68839.31,87.47999999999593,42496.71999999961
2026-03-27 03:15:00,1,1.0,0.0,68839.31,68869.56,30.25,42526.96999999961
2026-03-27 03:30:00,1,0.0,1.0,68869.56,68767.51,-102.05000000000291,42424.919999999605
2026-03-27 03:45:00,1,0.0,1.0,68767.51,68405.24,-362.2699999999895,42062.649999999616
2026-03-27 04:00:00,1,1.0,1.0,68405.24,68534.05,128.80999999999767,42191.45999999961
2026-03-27 04:15:00,1,1.0,1.0,68534.05,68591.86,57.80999999999767,42249.26999999961
2026-03-27 04:30:00,1,0.0,0.0,68591.86,68578.0,-13.860000000000582,42235.40999999961
2026-03-27 04:45:00,1,1.0,1.0,68578.0,68814.43,236.42999999999302,42471.8399999996
2026-03-27 05:00:00,0,0.0,1.0,68814.43,68599.39,215.0399999999936,42686.8799999996
2026-03-27 05:15:00,1,1.0,0.0,68599.39,68602.79,3.3999999999941792,42690.27999999959
2026-03-27 05:30:00,1,1.0,0.0,68602.79,68630.77,27.980000000010477,42718.2599999996
2026-03-27 05:45:00,1,1.0,1.0,68630.77,68751.32,120.55000000000291,42838.809999999605
2026-03-27 06:00:00,0,1.0,0.0,68751.32,68789.13,-37.80999999999767,42800.99999999961
2026-03-27 06:15:00,0,0.0,1.0,68789.13,68737.45,51.68000000000757,42852.679999999615
2026-03-27 06:30:00,1,0.0,1.0,68737.45,68656.15,-81.30000000000291,42771.37999999961
2026-03-27 06:45:00,1,1.0,1.0,68656.15,68851.44,195.29000000000815,42966.66999999962
2026-03-27 07:00:00,0,1.0,1.0,68851.44,68924.84,-73.39999999999418,42893.269999999626
2026-03-27 07:15:00,0,0.0,1.0,68924.84,68602.44,322.3999999999942,43215.66999999962
2026-03-27 07:30:00,1,0.0,1.0,68602.44,68540.48,-61.9600000000064,43153.70999999961
2026-03-27 07:45:00,1,0.0,1.0,68540.48,68476.06,-64.41999999999825,43089.289999999615
2026-03-27 08:00:00,1,0.0,1.0,68476.06,68239.13,-236.92999999999302,42852.35999999962
2026-03-27 08:15:00,1,0.0,1.0,68239.13,67825.04,-414.09000000001106,42438.26999999961
2026-03-27 08:30:00,1,1.0,1.0,67825.04,67920.5,95.4600000000064,42533.72999999962
2026-03-27 08:45:00,1,0.0,1.0,67920.5,67749.67,-170.83000000000175,42362.899999999616
2026-03-27 09:00:00,1,1.0,1.0,67749.67,67936.31,186.63999999999942,42549.539999999615
2026-03-27 09:15:00,1,0.0,1.0,67936.31,67723.8,-212.50999999999476,42337.02999999962
2026-03-27 09:30:00,1,0.0,0.0,67723.8,67695.81,-27.99000000000524,42309.039999999615
2026-03-27 09:45:00,1,0.0,0.0,67695.81,67670.68,-25.130000000004657,42283.90999999961
2026-03-27 10:00:00,1,1.0,1.0,67670.68,67765.55,94.8700000000099,42378.77999999962
2026-03-27 10:15:00,0,0.0,1.0,67765.55,66906.57,858.9799999999959,43237.75999999962
2026-03-27 10:30:00,1,0.0,1.0,66906.57,66502.41,-404.1600000000035,42833.59999999961
2026-03-27 10:45:00,1,1.0,1.0,66502.41,66619.17,116.75999999999476,42950.35999999961
2026-03-27 11:00:00,1,1.0,1.0,66619.17,66712.91,93.74000000000524,43044.09999999961
2026-03-27 11:15:00,0,1.0,1.0,66712.91,66764.79,-51.879999999990105,42992.21999999962
2026-03-27 11:30:00,0,0.0,1.0,66764.79,66702.78,62.00999999999476,43054.22999999962
2026-03-27 11:45:00,1,0.0,1.0,66702.78,66650.0,-52.779999999998836,43001.44999999962
2026-03-27 12:00:00,1,0.0,1.0,66650.0,66540.5,-109.5,42891.94999999962
2026-03-27 12:15:00,1,1.0,1.0,66540.5,66617.39,76.88999999999942,42968.83999999962
2026-03-27 12:30:00,1,1.0,0.0,66617.39,66619.76,2.3699999999953434,42971.20999999961
2026-03-27 12:45:00,0,0.0,1.0,66619.76,66533.19,86.56999999999243,43057.779999999606
2026-03-27 13:00:00,1,1.0,1.0,66533.19,66697.8,164.61000000000058,43222.38999999961
2026-03-27 13:15:00,1,0.0,1.0,66697.8,66514.51,-183.29000000000815,43039.0999999996
2026-03-27 13:30:00,1,0.0,1.0,66514.51,66188.32,-326.1899999999878,42712.90999999961
2026-03-27 13:45:00,1,1.0,1.0,66188.32,66361.24,172.91999999999825,42885.82999999961
2026-03-27 14:00:00,0,0.0,1.0,66361.24,65737.82,623.4199999999983,43509.24999999961
2026-03-27 14:15:00,1,1.0,1.0,65737.82,65900.79,162.9699999999866,43672.219999999594
2026-03-27 14:30:00,1,1.0,1.0,65900.79,66205.06,304.2700000000041,43976.4899999996
2026-03-27 14:45:00,0,1.0,0.0,66205.06,66243.15,-38.08999999999651,43938.3999999996
2026-03-27 15:00:00,0,1.0,1.0,66243.15,66332.98,-89.83000000000175,43848.5699999996
2026-03-27 15:15:00,0,1.0,1.0,66332.98,66399.04,-66.05999999999767,43782.5099999996
2026-03-27 15:30:00,0,0.0,1.0,66399.04,66112.82,286.2199999999866,44068.72999999959
2026-03-27 15:45:00,1,0.0,1.0,66112.82,65978.14,-134.68000000000757,43934.04999999958
2026-03-27 16:00:00,1,0.0,0.0,65978.14,65955.45,-22.69000000000233,43911.35999999958
2026-03-27 16:15:00,1,1.0,1.0,65955.45,66023.7,68.25,43979.60999999958
2026-03-27 16:30:00,0,0.0,1.0,66023.7,65979.29,44.41000000000349,44024.01999999958
2026-03-27 16:45:00,1,1.0,1.0,65979.29,66209.99,230.70000000001164,44254.719999999594
2026-03-27 17:00:00,0,0.0,1.0,66209.99,65865.1,344.8899999999994,44599.60999999959
2026-03-27 17:15:00,1,0.0,1.0,65865.1,65631.7,-233.40000000000873,44366.209999999584
2026-03-27 17:30:00,1,1.0,0.0,65631.7,65632.92,1.2200000000011642,44367.429999999586
2026-03-27 17:45:00,0,0.0,0.0,65632.92,65620.39,12.529999999998836,44379.959999999584
2026-03-27 18:00:00,0,1.0,1.0,65620.39,65763.5,-143.11000000000058,44236.849999999584
2026-03-27 18:15:00,0,1.0,0.0,65763.5,65799.98,-36.479999999995925,44200.36999999959
2026-03-27 18:30:00,0,1.0,0.0,65799.98,65836.69,-36.7100000000064,44163.65999999958
2026-03-27 18:45:00,0,0.0,1.0,65836.69,65775.16,61.529999999998836,44225.18999999958
2026-03-27 19:00:00,1,1.0,1.0,65775.16,65925.48,150.31999999999243,44375.50999999957
2026-03-27 19:15:00,0,1.0,0.0,65925.48,65928.8,-3.320000000006985,44372.189999999566
2026-03-27 19:30:00,0,1.0,1.0,65928.8,66040.66,-111.86000000000058,44260.329999999565
2026-03-27 19:45:00,0,0.0,0.0,66040.66,66004.52,36.13999999999942,44296.469999999565
2026-03-27 20:00:00,1,0.0,1.0,66004.52,65900.32,-104.19999999999709,44192.26999999957
2026-03-27 20:15:00,1,0.0,0.0,65900.32,65896.7,-3.6200000000098953,44188.64999999956
2026-03-27 20:30:00,0,1.0,1.0,65896.7,66020.76,-124.05999999999767,44064.58999999956
2026-03-27 20:45:00,0,1.0,1.0,66020.76,66151.33,-130.57000000000698,43934.01999999955
2026-03-27 21:00:00,0,1.0,0.0,66151.33,66151.47,-0.13999999999941792,43933.87999999955
2026-03-27 21:15:00,0,0.0,0.0,66151.47,66129.89,21.580000000001746,43955.459999999555
2026-03-27 21:30:00,0,0.0,0.0,66129.89,66098.0,31.889999999999418,43987.349999999555
2026-03-27 21:45:00,1,0.0,1.0,66098.0,66000.0,-98.0,43889.349999999555
2026-03-27 22:00:00,1,1.0,0.0,66000.0,66020.91,20.910000000003492,43910.25999999956
2026-03-27 22:15:00,0,1.0,0.0,66020.91,66041.85,-20.94000000000233,43889.319999999556
2026-03-27 22:30:00,0,0.0,0.0,66041.85,66020.79,21.060000000012224,43910.37999999957
2026-03-27 22:45:00,0,1.0,1.0,66020.79,66096.8,-76.01000000000931,43834.36999999956
2026-03-27 23:00:00,0,1.0,1.0,66096.8,66190.76,-93.95999999999185,43740.40999999957
2026-03-27 23:15:00,0,1.0,1.0,66190.76,66291.05,-100.29000000000815,43640.11999999956
2026-03-27 23:30:00,0,1.0,1.0,66291.05,66407.28,-116.22999999999593,43523.88999999956
2026-03-27 23:45:00,0,0.0,1.0,66407.28,66306.23,101.05000000000291,43624.939999999566
2026-03-28 00:00:00,1,1.0,1.0,66306.23,66375.01,68.77999999999884,43693.719999999565
2026-03-28 00:15:00,0,1.0,1.0,66375.01,66489.14,-114.13000000000466,43579.58999999956
2026-03-28 00:30:00,0,0.0,1.0,66489.14,66431.55,57.58999999999651,43637.17999999956
2026-03-28 00:45:00,1,0.0,1.0,66431.55,66154.94,-276.6100000000006,43360.569999999556
2026-03-28 01:00:00,1,1.0,1.0,66154.94,66217.1,62.16000000000349,43422.72999999956
2026-03-28 01:15:00,1,0.0,1.0,66217.1,66137.21,-79.88999999999942,43342.83999999956
2026-03-28 01:30:00,1,1.0,1.0,66137.21,66178.85,41.63999999999942,43384.47999999956
2026-03-28 01:45:00,0,1.0,0.0,66178.85,66197.31,-18.45999999999185,43366.01999999957
2026-03-28 02:00:00,0,0.0,1.0,66197.31,66052.62,144.69000000000233,43510.70999999957
2026-03-28 02:15:00,1,0.0,0.0,66052.62,66032.52,-20.09999999999127,43490.60999999958
2026-03-28 02:30:00,1,1.0,0.0,66032.52,66053.2,20.679999999993015,43511.28999999957
2026-03-28 02:45:00,0,1.0,1.0,66053.2,66130.13,-76.93000000000757,43434.359999999564
2026-03-28 03:00:00,0,1.0,1.0,66130.13,66179.04,-48.90999999998894,43385.449999999575
2026-03-28 03:15:00,0,1.0,1.0,66179.04,66231.64,-52.60000000000582,43332.84999999957
2026-03-28 03:30:00,0,1.0,0.0,66231.64,66240.0,-8.360000000000582,43324.48999999957
2026-03-28 03:45:00,0,0.0,1.0,66240.0,66123.66,116.33999999999651,43440.829999999565
2026-03-28 04:00:00,1,1.0,1.0,66123.66,66267.75,144.0899999999965,43584.91999999956
2026-03-28 04:15:00,0,1.0,0.0,66267.75,66297.01,-29.25999999999476,43555.65999999957
2026-03-28 04:30:00,0,0.0,0.0,66297.01,66285.01,12.0,43567.65999999957
2026-03-28 04:45:00,0,0.0,0.0,66285.01,66250.54,34.470000000001164,43602.12999999957
2026-03-28 05:00:00,1,1.0,1.0,66250.54,66336.79,86.25,43688.37999999957
2026-03-28 05:15:00,0,1.0,0.0,66336.79,66345.01,-8.220000000001164,43680.15999999957
2026-03-28 05:30:00,0,0.0,0.0,66345.01,66341.9,3.110000000000582,43683.26999999957
2026-03-28 05:45:00,0,1.0,0.0,66341.9,66367.48,-25.580000000001746,43657.689999999566
2026-03-28 06:00:00,0,1.0,1.0,66367.48,66461.72,-94.24000000000524,43563.44999999956
2026-03-28 06:15:00,0,0.0,0.0,66461.72,66426.0,35.720000000001164,43599.16999999956
2026-03-28 06:30:00,1,0.0,1.0,66426.0,66382.0,-44.0,43555.16999999956
2026-03-28 06:45:00,1,1.0,1.0,66382.0,66437.73,55.729999999995925,43610.89999999956
2026-03-28 07:00:00,0,1.0,0.0,66437.73,66471.17,-33.44000000000233,43577.459999999555
2026-03-28 07:15:00,0,0.0,1.0,66471.17,66429.99,41.179999999993015,43618.63999999955
2026-03-28 07:30:00,1,1.0,1.0,66429.99,66561.48,131.4899999999907,43750.12999999954
2026-03-28 07:45:00,0,0.0,1.0,66561.48,66500.17,61.30999999999767,43811.43999999954
2026-03-28 08:00:00,1,1.0,1.0,66500.17,66552.28,52.11000000000058,43863.54999999954
2026-03-28 08:15:00,0,0.0,1.0,66552.28,66421.61,130.66999999999825,43994.219999999536
2026-03-28 08:30:00,1,0.0,0.0,66421.61,66409.33,-12.279999999998836,43981.93999999954
2026-03-28 08:45:00,0,0.0,1.0,66409.33,66349.92,59.41000000000349,44041.34999999954
2026-03-28 09:00:00,1,1.0,0.0,66349.92,66354.06,4.139999999999418,44045.48999999954
2026-03-28 09:15:00,0,0.0,1.0,66354.06,66259.49,94.56999999999243,44140.05999999953
2026-03-28 09:30:00,1,1.0,1.0,66259.49,66311.32,51.830000000001746,44191.889999999534
2026-03-28 09:45:00,0,1.0,0.0,66311.32,66323.76,-12.439999999987776,44179.449999999546
2026-03-28 10:00:00,0,0.0,1.0,66323.76,66169.67,154.0899999999965,44333.53999999954
2026-03-28 10:15:00,1,1.0,0.0,66169.67,66192.19,22.520000000004075,44356.05999999955
2026-03-28 10:30:00,0,1.0,0.0,66192.19,66221.38,-29.19000000000233,44326.869999999544
2026-03-28 10:45:00,0,1.0,0.0,66221.38,66254.0,-32.61999999999534,44294.24999999955
2026-03-28 11:00:00,0,1.0,1.0,66254.0,66325.93,-71.92999999999302,44222.319999999556
2026-03-28 11:15:00,0,0.0,0.0,66325.93,66323.92,2.0099999999947613,44224.32999999955
2026-03-28 11:30:00,0,0.0,0.0,66323.92,66319.47,4.44999999999709,44228.77999999955
2026-03-28 11:45:00,0,1.0,1.0,66319.47,66406.28,-86.80999999999767,44141.96999999955
2026-03-28 12:00:00,0,1.0,0.0,66406.28,66440.7,-34.419999999998254,44107.54999999955
2026-03-28 12:15:00,0,0.0,1.0,66440.7,66368.24,72.45999999999185,44180.009999999544
2026-03-28 12:30:00,1,1.0,1.0,66368.24,66455.09,86.84999999999127,44266.859999999535
2026-03-28 12:45:00,0,1.0,0.0,66455.09,66477.15,-22.05999999999767,44244.79999999954
2026-03-28 13:00:00,0,0.0,0.0,66477.15,66469.92,7.2299999999959255,44252.02999999953
2026-03-28 13:15:00,0,1.0,1.0,66469.92,66940.95,-471.02999999999884,43780.999999999534
2026-03-28 13:30:00,0,0.0,1.0,66940.95,66835.1,105.84999999999127,43886.849999999526
2026-03-28 13:45:00,1,0.0,1.0,66835.1,66775.92,-59.18000000000757,43827.66999999952
2026-03-28 14:00:00,1,1.0,1.0,66775.92,66816.01,40.08999999999651,43867.759999999515
2026-03-28 14:15:00,0,1.0,1.0,66816.01,66887.5,-71.49000000000524,43796.26999999951
2026-03-28 14:30:00,0,0.0,1.0,66887.5,66742.1,145.39999999999418,43941.6699999995
2026-03-28 14:45:00,1,1.0,1.0,66742.1,66875.38,133.27999999999884,44074.9499999995
2026-03-28 15:00:00,0,1.0,1.0,66875.38,67028.67,-153.2899999999936,43921.65999999951
2026-03-28 15:15:00,0,1.0,0.0,67028.67,67051.88,-23.210000000006403,43898.4499999995
2026-03-28 15:30:00,0,0.0,0.0,67051.88,67014.91,36.970000000001164,43935.4199999995
2026-03-28 15:45:00,1,1.0,0.0,67014.91,67026.78,11.869999999995343,43947.2899999995
2026-03-28 16:00:00,0,1.0,1.0,67026.78,67074.07,-47.29000000000815,43899.99999999949
2026-03-28 16:15:00,0,0.0,1.0,67074.07,66899.41,174.6600000000035,44074.659999999494
2026-03-28 16:30:00,1,1.0,0.0,66899.41,66926.95,27.539999999993597,44102.19999999949
2026-03-28 16:45:00,0,0.0,0.0,66926.95,66920.7,6.25,44108.44999999949
2026-03-28 17:00:00,0,0.0,1.0,66920.7,66778.5,142.1999999999971,44250.649999999485
2026-03-28 17:15:00,1,1.0,0.0,66778.5,66812.71,34.2100000000064,44284.85999999949
2026-03-28 17:30:00,0,1.0,0.0,66812.71,66846.21,-33.5,44251.35999999949
2026-03-28 17:45:00,0,1.0,1.0,66846.21,66939.21,-93.0,44158.35999999949
2026-03-28 18:00:00,0,0.0,1.0,66939.21,66881.22,57.99000000000524,44216.3499999995
2026-03-28 18:15:00,1,1.0,1.0,66881.22,66949.34,68.11999999999534,44284.46999999949
2026-03-28 18:30:00,0,0.0,1.0,66949.34,66908.03,41.30999999999767,44325.77999999949
2026-03-28 18:45:00,1,0.0,1.0,66908.03,66844.16,-63.86999999999534,44261.909999999494
2026-03-28 19:00:00,1,1.0,0.0,66844.16,66860.09,15.929999999993015,44277.83999999949
2026-03-28 19:15:00,0,0.0,0.0,66860.09,66837.53,22.55999999999767,44300.399999999485
2026-03-28 19:30:00,1,1.0,1.0,66837.53,66916.52,78.99000000000524,44379.38999999949
2026-03-28 19:45:00,0,1.0,1.0,66916.52,66999.84,-83.31999999999243,44296.0699999995
2026-03-28 20:00:00,0,0.0,1.0,66999.84,66919.07,80.76999999998952,44376.83999999949
2026-03-28 20:15:00,1,0.0,0.0,66919.07,66911.7,-7.370000000009895,44369.46999999948
2026-03-28 20:30:00,0,0.0,0.0,66911.7,66906.0,5.69999999999709,44375.169999999474
2026-03-28 20:45:00,0,0.0,1.0,66906.0,66836.1,69.89999999999418,44445.06999999947
2026-03-28 21:00:00,1,1.0,0.0,66836.1,66850.54,14.439999999987776,44459.509999999456
2026-03-28 21:15:00,0,1.0,0.0,66850.54,66862.03,-11.490000000005239,44448.01999999945
2026-03-28 21:30:00,0,0.0,1.0,66862.03,66685.53,176.5,44624.51999999945
2026-03-28 21:45:00,1,0.0,1.0,66685.53,66605.92,-79.61000000000058,44544.90999999945
2026-03-28 22:00:00,1,1.0,1.0,66605.92,66778.8,172.88000000000466,44717.789999999455
2026-03-28 22:15:00,0,0.0,1.0,66778.8,66703.99,74.80999999999767,44792.59999999945
2026-03-28 22:30:00,1,1.0,1.0,66703.99,66755.88,51.88999999999942,44844.48999999945
2026-03-28 22:45:00,0,0.0,1.0,66755.88,66400.75,355.13000000000466,45199.61999999946
2026-03-28 23:00:00,1,0.0,0.0,66400.75,66393.63,-7.119999999995343,45192.49999999946
2026-03-28 23:15:00,0,0.0,0.0,66393.63,66388.23,5.400000000008731,45197.89999999947
2026-03-28 23:30:00,1,0.0,0.0,66388.23,66377.03,-11.19999999999709,45186.69999999947
2026-03-28 23:45:00,1,1.0,0.0,66377.03,66412.28,35.25,45221.94999999947
2026-03-29 00:00:00,0,0.0,0.0,66412.28,66399.76,12.520000000004075,45234.46999999948
2026-03-29 00:15:00,1,1.0,0.0,66399.76,66400.82,1.0600000000122236,45235.52999999949
2026-03-29 00:30:00,0,1.0,1.0,66400.82,66487.93,-87.10999999998603,45148.4199999995
2026-03-29 00:45:00,0,1.0,1.0,66487.93,66555.61,-67.68000000000757,45080.739999999496
2026-03-29 01:00:00,0,0.0,0.0,66555.61,66550.33,5.279999999998836,45086.019999999495
2026-03-29 01:15:00,0,0.0,1.0,66550.33,66477.88,72.44999999999709,45158.46999999949
2026-03-29 01:30:00,0,1.0,1.0,66477.88,66569.22,-91.33999999999651,45067.129999999495
2026-03-29 01:45:00,0,1.0,1.0,66569.22,66643.31,-74.08999999999651,44993.0399999995
2026-03-29 02:00:00,0,1.0,0.0,66643.31,66654.65,-11.339999999996508,44981.6999999995
2026-03-29 02:15:00,0,1.0,1.0,66654.65,66712.21,-57.560000000012224,44924.13999999949
2026-03-29 02:30:00,0,1.0,1.0,66712.21,66818.0,-105.7899999999936,44818.3499999995
2026-03-29 02:45:00,0,0.0,0.0,66818.0,66802.23,15.770000000004075,44834.1199999995
2026-03-29 03:00:00,0,1.0,1.0,66802.23,66975.97,-173.74000000000524,44660.379999999495
2026-03-29 03:15:00,0,0.0,1.0,66975.97,66921.48,54.49000000000524,44714.8699999995
2026-03-29 03:30:00,1,0.0,0.0,66921.48,66912.0,-9.479999999995925,44705.389999999505
2026-03-29 03:45:00,1,1.0,0.0,66912.0,66914.5,2.5,44707.889999999505
2026-03-29 04:00:00,0,0.0,1.0,66914.5,66816.72,97.77999999999884,44805.6699999995
2026-03-29 04:15:00,1,0.0,0.0,66816.72,66800.88,-15.839999999996508,44789.82999999951
2026-03-29 04:30:00,1,0.0,1.0,66800.88,66735.14,-65.74000000000524,44724.0899999995
2026-03-29 04:45:00,1,0.0,1.0,66735.14,66690.0,-45.13999999999942,44678.9499999995
2026-03-29 05:00:00,1,0.0,1.0,66690.0,66631.03,-58.970000000001164,44619.9799999995
2026-03-29 05:15:00,1,1.0,1.0,66631.03,66672.92,41.88999999999942,44661.8699999995
2026-03-29 05:30:00,0,1.0,1.0,66672.92,66771.94,-99.02000000000407,44562.8499999995
2026-03-29 05:45:00,0,1.0,1.0,66771.94,66817.01,-45.06999999999243,44517.779999999504
2026-03-29 06:00:00,0,0.0,1.0,66817.01,66701.93,115.08000000000175,44632.859999999506
2026-03-29 06:15:00,1,0.0,0.0,66701.93,66678.88,-23.04999999998836,44609.80999999952
2026-03-29 06:30:00,1,1.0,1.0,66678.88,66738.5,59.61999999999534,44669.42999999951
2026-03-29 06:45:00,0,0.0,1.0,66738.5,66602.46,136.0399999999936,44805.46999999951
2026-03-29 07:00:00,1,1.0,1.0,66602.46,66681.41,78.94999999999709,44884.4199999995
2026-03-29 07:15:00,0,0.0,1.0,66681.41,66637.98,43.43000000000757,44927.84999999951
2026-03-29 07:30:00,1,1.0,0.0,66637.98,66671.0,33.020000000004075,44960.869999999515
2026-03-29 07:45:00,0,0.0,0.0,66671.0,66654.18,16.820000000006985,44977.68999999952
2026-03-29 08:00:00,1,1.0,0.0,66654.18,66680.02,25.84000000001106,45003.52999999953
2026-03-29 08:15:00,0,1.0,1.0,66680.02,66741.82,-61.80000000000291,44941.72999999953
2026-03-29 08:30:00,0,0.0,0.0,66741.82,66724.0,17.820000000006985,44959.54999999954
2026-03-29 08:45:00,1,0.0,0.0,66724.0,66696.24,-27.75999999999476,44931.78999999954
2026-03-29 09:00:00,1,0.0,0.0,66696.24,66673.6,-22.639999999999418,44909.14999999954
2026-03-29 09:15:00,1,0.0,1.0,66673.6,66581.57,-92.02999999999884,44817.119999999544
2026-03-29 09:30:00,1,1.0,1.0,66581.57,66634.01,52.439999999987776,44869.55999999953
2026-03-29 09:45:00,0,0.0,1.0,66634.01,66548.07,85.93999999998778,44955.49999999952
2026-03-29 10:00:00,1,0.0,1.0,66548.07,66468.21,-79.86000000000058,44875.63999999952
2026-03-29 10:15:00,1,1.0,1.0,66468.21,66545.09,76.8799999999901,44952.51999999951
2026-03-29 10:30:00,0,0.0,1.0,66545.09,66502.79,42.30000000000291,44994.81999999951
2026-03-29 10:45:00,1,1.0,1.0,66502.79,66767.96,265.1700000000128,45259.989999999525
2026-03-29 11:00:00,0,1.0,1.0,66767.96,66834.02,-66.05999999999767,45193.92999999953
2026-03-29 11:15:00,0,1.0,1.0,66834.02,66903.98,-69.95999999999185,45123.969999999536
2026-03-29 11:30:00,0,0.0,1.0,66903.98,66816.28,87.69999999999709,45211.66999999953
2026-03-29 11:45:00,1,0.0,1.0,66816.28,66773.06,-43.220000000001164,45168.44999999953
2026-03-29 12:00:00,1,1.0,0.0,66773.06,66781.62,8.559999999997672,45177.00999999953
2026-03-29 12:15:00,0,0.0,1.0,66781.62,66738.0,43.61999999999534,45220.629999999524
2026-03-29 12:30:00,1,1.0,1.0,66738.0,66849.88,111.88000000000466,45332.50999999953
2026-03-29 12:45:00,0,0.0,1.0,66849.88,66606.37,243.5100000000093,45576.01999999954
2026-03-29 13:00:00,1,1.0,0.0,66606.37,66628.0,21.630000000004657,45597.64999999954
2026-03-29 13:15:00,0,1.0,1.0,66628.0,66669.94,-41.94000000000233,45555.70999999954
2026-03-29 13:30:00,0,0.0,1.0,66669.94,66580.36,89.58000000000175,45645.28999999954
2026-03-29 13:45:00,1,1.0,1.0,66580.36,66672.92,92.55999999999767,45737.84999999954
2026-03-29 14:00:00,0,0.0,1.0,66672.92,66538.5,134.41999999999825,45872.26999999954
2026-03-29 14:15:00,1,1.0,1.0,66538.5,66574.96,36.4600000000064,45908.729999999545
2026-03-29 14:30:00,0,1.0,0.0,66574.96,66589.64,-14.679999999993015,45894.04999999955
2026-03-29 14:45:00,0,1.0,0.0,66589.64,66597.3,-7.6600000000034925,45886.38999999955
2026-03-29 15:00:00,0,0.0,1.0,66597.3,66420.74,176.55999999999767,46062.949999999546
2026-03-29 15:15:00,1,1.0,1.0,66420.74,66456.12,35.379999999990105,46098.329999999536
2026-03-29 15:30:00,0,1.0,1.0,66456.12,66523.0,-66.88000000000466,46031.44999999953
2026-03-29 15:45:00,0,0.0,1.0,66523.0,66447.22,75.77999999999884,46107.22999999953
2026-03-29 16:00:00,1,1.0,1.0,66447.22,66617.19,169.97000000000116,46277.19999999953
2026-03-29 16:15:00,0,0.0,1.0,66617.19,66540.0,77.19000000000233,46354.389999999534
2026-03-29 16:30:00,1,0.0,1.0,66540.0,66499.35,-40.64999999999418,46313.73999999954
2026-03-29 16:45:00,1,0.0,1.0,66499.35,66422.35,-77.0,46236.73999999954
2026-03-29 17:00:00,1,0.0,1.0,66422.35,66262.41,-159.94000000000233,46076.79999999954
2026-03-29 17:15:00,1,1.0,1.0,66262.41,66392.26,129.84999999999127,46206.64999999953
2026-03-29 17:30:00,1,0.0,0.0,66392.26,66385.84,-6.419999999998254,46200.22999999953
2026-03-29 17:45:00,1,1.0,0.0,66385.84,66402.54,16.69999999999709,46216.92999999953
2026-03-29 18:00:00,1,0.0,0.0,66402.54,66397.51,-5.029999999998836,46211.89999999953
2026-03-29 18:15:00,1,1.0,0.0,66397.51,66430.59,33.080000000001746,46244.97999999953
2026-03-29 18:30:00,0,0.0,0.0,66430.59,66427.26,3.3300000000017462,46248.30999999953
2026-03-29 18:45:00,1,1.0,0.0,66427.26,66436.9,9.639999999999418,46257.94999999953
2026-03-29 19:00:00,0,0.0,0.0,66436.9,66425.94,10.959999999991851,46268.90999999952
2026-03-29 19:15:00,1,0.0,1.0,66425.94,66391.74,-34.19999999999709,46234.709999999526
2026-03-29 19:30:00,1,0.0,1.0,66391.74,66348.62,-43.120000000009895,46191.589999999516
2026-03-29 19:45:00,1,1.0,1.0,66348.62,66461.17,112.55000000000291,46304.13999999952
2026-03-29 20:00:00,0,1.0,1.0,66461.17,66705.65,-244.47999999999593,46059.65999999952
2026-03-29 20:15:00,0,0.0,1.0,66705.65,66596.27,109.3799999999901,46169.03999999951
2026-03-29 20:30:00,1,1.0,0.0,66596.27,66614.05,17.779999999998836,46186.81999999951
2026-03-29 20:45:00,0,0.0,1.0,66614.05,66554.62,59.43000000000757,46246.24999999952
2026-03-29 21:00:00,1,1.0,1.0,66554.62,66653.87,99.25,46345.49999999952
2026-03-29 21:15:00,0,0.0,0.0,66653.87,66640.32,13.549999999988358,46359.04999999951
2026-03-29 21:30:00,1,1.0,1.0,66640.32,66710.12,69.79999999998836,46428.8499999995
2026-03-29 21:45:00,0,0.0,1.0,66710.12,66306.35,403.7699999999895,46832.619999999486
2026-03-29 22:00:00,1,1.0,1.0,66306.35,66384.51,78.15999999998894,46910.779999999475
2026-03-29 22:15:00,1,0.0,1.0,66384.51,65684.25,-700.2599999999948,46210.51999999948
2026-03-29 22:30:00,1,1.0,1.0,65684.25,65860.31,176.05999999999767,46386.57999999948
2026-03-29 22:45:00,1,1.0,1.0,65860.31,66102.11,241.8000000000029,46628.37999999948
2026-03-29 23:00:00,1,0.0,1.0,66102.11,66010.01,-92.10000000000582,46536.279999999475
2026-03-29 23:15:00,1,1.0,0.0,66010.01,66029.24,19.230000000010477,46555.509999999485
2026-03-29 23:30:00,1,0.0,0.0,66029.24,66010.93,-18.310000000012224,46537.19999999947
2026-03-29 23:45:00,1,0.0,1.0,66010.93,65853.46,-157.4699999999866,46379.72999999949
2026-03-30 00:00:00,1,1.0,1.0,65853.46,66574.21,720.75,47100.47999999949
2026-03-30 00:15:00,0,0.0,1.0,66574.21,66331.53,242.68000000000757,47343.159999999494
2026-03-30 00:30:00,1,0.0,1.0,66331.53,66280.25,-51.279999999998836,47291.879999999495
2026-03-30 00:45:00,1,1.0,1.0,66280.25,66400.2,119.94999999999709,47411.82999999949
2026-03-30 01:00:00,0,1.0,1.0,66400.2,66603.24,-203.04000000000815,47208.789999999484
2026-03-30 01:15:00,0,1.0,1.0,66603.24,66668.0,-64.75999999999476,47144.02999999949
2026-03-30 01:30:00,0,0.0,0.0,66668.0,66653.74,14.259999999994761,47158.289999999484
2026-03-30 01:45:00,1,1.0,1.0,66653.74,66840.58,186.8399999999965,47345.12999999948
2026-03-30 02:00:00,0,0.0,1.0,66840.58,66755.66,84.91999999999825,47430.04999999948
2026-03-30 02:15:00,1,1.0,1.0,66755.66,67038.75,283.0899999999965,47713.139999999476
2026-03-30 02:30:00,0,1.0,1.0,67038.75,67121.01,-82.25999999999476,47630.87999999948
2026-03-30 02:45:00,0,0.0,1.0,67121.01,67012.46,108.54999999998836,47739.42999999947
2026-03-30 03:00:00,1,1.0,1.0,67012.46,67242.74,230.27999999999884,47969.70999999947
2026-03-30 03:15:00,0,0.0,1.0,67242.74,67196.14,46.60000000000582,48016.309999999474
2026-03-30 03:30:00,1,0.0,0.0,67196.14,67173.8,-22.339999999996508,47993.96999999948
2026-03-30 03:45:00,1,1.0,1.0,67173.8,67432.49,258.6900000000023,48252.65999999948
2026-03-30 04:00:00,0,1.0,0.0,67432.49,67449.19,-16.69999999999709,48235.95999999948
2026-03-30 04:15:00,0,0.0,0.0,67449.19,67419.76,29.430000000007567,48265.38999999949
2026-03-30 04:30:00,1,1.0,1.0,67419.76,67616.29,196.52999999999884,48461.91999999949
2026-03-30 04:45:00,0,1.0,0.0,67616.29,67646.15,-29.860000000000582,48432.05999999949
2026-03-30 05:00:00,0,1.0,0.0,67646.15,67665.0,-18.85000000000582,48413.20999999948
2026-03-30 05:15:00,0,0.0,1.0,67665.0,67500.01,164.99000000000524,48578.19999999949
2026-03-30 05:30:00,0,0.0,0.0,67500.01,67492.46,7.5499999999883585,48585.749999999476
2026-03-30 05:45:00,1,0.0,1.0,67492.46,67447.09,-45.370000000009895,48540.379999999466
2026-03-30 06:00:00,1,0.0,1.0,67447.09,67309.99,-137.09999999999127,48403.279999999475
2026-03-30 06:15:00,1,1.0,1.0,67309.99,67365.1,55.11000000000058,48458.389999999476
2026-03-30 06:30:00,0,0.0,1.0,67365.1,67305.14,59.9600000000064,48518.34999999948
2026-03-30 06:45:00,1,1.0,1.0,67305.14,67383.02,77.88000000000466,48596.22999999949
2026-03-30 07:00:00,0,0.0,1.0,67383.02,67327.99,55.029999999998836,48651.259999999485
2026-03-30 07:15:00,1,0.0,0.0,67327.99,67318.24,-9.75,48641.509999999485
2026-03-30 07:30:00,1,1.0,1.0,67318.24,67624.39,306.1499999999942,48947.65999999948
2026-03-30 07:45:00,0,1.0,1.0,67624.39,67893.92,-269.52999999999884,48678.12999999948
2026-03-30 08:00:00,0,0.0,1.0,67893.92,67765.16,128.75999999999476,48806.889999999476
2026-03-30 08:15:00,0,0.0,0.0,67765.16,67761.01,4.150000000008731,48811.039999999484
2026-03-30 08:30:00,1,0.0,1.0,67761.01,67666.44,-94.56999999999243,48716.46999999949
2026-03-30 08:45:00,1,0.0,1.0,67666.44,67580.59,-85.85000000000582,48630.619999999486
2026-03-30 09:00:00,1,0.0,1.0,67580.59,67518.37,-62.220000000001164,48568.399999999485
2026-03-30 09:15:00,1,1.0,1.0,67518.37,67556.95,38.580000000001746,48606.97999999949
2026-03-30 09:30:00,0,0.0,1.0,67556.95,67495.46,61.48999999999069,48668.46999999948
2026-03-30 09:45:00,1,0.0,1.0,67495.46,67440.51,-54.95000000001164,48613.519999999466
2026-03-30 10:00:00,1,0.0,0.0,67440.51,67424.01,-16.5,48597.019999999466
2026-03-30 10:15:00,1,1.0,0.0,67424.01,67433.32,9.310000000012224,48606.32999999948
2026-03-30 10:30:00,0,1.0,1.0,67433.32,67488.53,-55.20999999999185,48551.119999999486
2026-03-30 10:45:00,0,1.0,1.0,67488.53,67585.96,-97.43000000000757,48453.68999999948
2026-03-30 11:00:00,0,1.0,1.0,67585.96,67690.49,-104.52999999999884,48349.15999999948
2026-03-30 11:15:00,0,0.0,1.0,67690.49,67596.01,94.48000000001048,48443.63999999949
2026-03-30 11:30:00,0,1.0,1.0,67596.01,67680.45,-84.44000000000233,48359.19999999949
2026-03-30 11:45:00,0,1.0,1.0,67680.45,67850.19,-169.74000000000524,48189.45999999948
2026-03-30 12:00:00,0,1.0,0.0,67850.19,67861.24,-11.05000000000291,48178.40999999948
2026-03-30 12:15:00,0,1.0,0.0,67861.24,67883.35,-22.110000000000582,48156.29999999948
2026-03-30 12:30:00,0,1.0,0.0,67883.35,67899.59,-16.239999999990687,48140.05999999949
2026-03-30 12:45:00,0,1.0,0.0,67899.59,67915.01,-15.419999999998254,48124.63999999949
2026-03-30 13:00:00,0,0.0,1.0,67915.01,67878.85,36.15999999998894,48160.79999999948
2026-03-30 13:15:00,1,0.0,1.0,67878.85,67714.36,-164.49000000000524,47996.309999999474
2026-03-30 13:30:00,1,0.0,1.0,67714.36,67529.52,-184.8399999999965,47811.46999999948
2026-03-30 13:45:00,1,1.0,1.0,67529.52,67678.92,149.39999999999418,47960.86999999947
2026-03-30 14:00:00,0,0.0,1.0,67678.92,67313.59,365.33000000000175,48326.19999999947
2026-03-30 14:15:00,1,0.0,1.0,67313.59,67123.93,-189.6600000000035,48136.53999999947
2026-03-30 14:30:00,1,1.0,1.0,67123.93,67799.54,675.6100000000006,48812.14999999947
2026-03-30 14:45:00,0,0.0,1.0,67799.54,67561.67,237.86999999999534,49050.019999999466
2026-03-30 15:00:00,1,0.0,1.0,67561.67,67522.8,-38.86999999999534,49011.14999999947
2026-03-30 15:15:00,1,1.0,1.0,67522.8,67751.6,228.8000000000029,49239.94999999947
2026-03-30 15:30:00,0,0.0,1.0,67751.6,67629.4,122.20000000001164,49362.149999999485
2026-03-30 15:45:00,1,0.0,1.0,67629.4,67441.4,-188.0,49174.149999999485
2026-03-30 16:00:00,1,0.0,1.0,67441.4,67351.12,-90.27999999999884,49083.869999999486
2026-03-30 16:15:00,1,1.0,0.0,67351.12,67372.33,21.210000000006403,49105.07999999949
2026-03-30 16:30:00,1,0.0,0.0,67372.33,67368.1,-4.2299999999959255,49100.8499999995
2026-03-30 16:45:00,1,0.0,1.0,67368.1,67185.24,-182.86000000000058,48917.989999999496
2026-03-30 17:00:00,1,0.0,1.0,67185.24,66805.26,-379.9800000000105,48538.009999999485
2026-03-30 17:15:00,1,1.0,1.0,66805.26,66958.03,152.77000000000407,48690.77999999949
2026-03-30 17:30:00,1,0.0,1.0,66958.03,66828.02,-130.00999999999476,48560.769999999495
2026-03-30 17:45:00,1,0.0,0.0,66828.02,66825.05,-2.970000000001164,48557.79999999949
2026-03-30 18:00:00,1,0.0,1.0,66825.05,66700.12,-124.93000000000757,48432.869999999486
2026-03-30 18:15:00,1,1.0,1.0,66700.12,66739.53,39.41000000000349,48472.27999999949
2026-03-30 18:30:00,1,0.0,1.0,66739.53,66653.46,-86.06999999999243,48386.2099999995
2026-03-30 18:45:00,1,0.0,1.0,66653.46,66425.62,-227.84000000001106,48158.369999999486
2026-03-30 19:00:00,1,0.0,1.0,66425.62,66310.09,-115.52999999999884,48042.83999999949
2026-03-30 19:15:00,1,1.0,0.0,66310.09,66339.0,28.910000000003492,48071.74999999949
2026-03-30 19:30:00,1,1.0,1.0,66339.0,66550.05,211.0500000000029,48282.79999999949
2026-03-30 19:45:00,1,1.0,1.0,66550.05,66598.34,48.2899999999936,48331.08999999949
2026-03-30 20:00:00,1,1.0,1.0,66598.34,66655.94,57.60000000000582,48388.68999999949
2026-03-30 20:15:00,0,1.0,0.0,66655.94,66664.66,-8.720000000001164,48379.96999999949
2026-03-30 20:30:00,1,0.0,0.0,66664.66,66651.4,-13.260000000009313,48366.70999999948
2026-03-30 20:45:00,1,1.0,1.0,66651.4,66786.13,134.73000000001048,48501.43999999949
2026-03-30 21:00:00,1,1.0,1.0,66786.13,66860.47,74.33999999999651,48575.77999999949
2026-03-30 21:15:00,0,1.0,1.0,66860.47,66929.46,-68.99000000000524,48506.789999999484
2026-03-30 21:30:00,0,0.0,1.0,66929.46,66809.3,120.16000000000349,48626.94999999949
2026-03-30 21:45:00,1,0.0,1.0,66809.3,66771.62,-37.68000000000757,48589.26999999948
2026-03-30 22:00:00,1,1.0,1.0,66771.62,66820.25,48.63000000000466,48637.899999999485
2026-03-30 22:15:00,1,1.0,0.0,66820.25,66831.69,11.440000000002328,48649.33999999949
2026-03-30 22:30:00,0,0.0,1.0,66831.69,66784.98,46.7100000000064,48696.04999999949
2026-03-30 22:45:00,1,0.0,1.0,66784.98,66550.32,-234.65999999998894,48461.389999999505
2026-03-30 23:00:00,1,1.0,1.0,66550.32,66707.57,157.25,48618.639999999505
2026-03-30 23:15:00,1,1.0,1.0,66707.57,66765.9,58.329999999987194,48676.96999999949
2026-03-30 23:30:00,0,1.0,0.0,66765.9,66797.37,-31.470000000001164,48645.49999999949
2026-03-30 23:45:00,0,0.0,1.0,66797.37,66653.19,144.17999999999302,48789.679999999484
2026-03-31 00:00:00,1,1.0,1.0,66653.19,66815.48,162.2899999999936,48951.96999999948
2026-03-31 00:15:00,0,1.0,1.0,66815.48,66942.98,-127.5,48824.46999999948
2026-03-31 00:30:00,0,1.0,1.0,66942.98,67208.75,-265.7700000000041,48558.69999999947
2026-03-31 00:45:00,0,1.0,0.0,67208.75,67234.97,-26.220000000001164,48532.47999999947
2026-03-31 01:00:00,0,1.0,1.0,67234.97,67775.48,-540.5099999999948,47991.96999999948
2026-03-31 01:15:00,0,1.0,1.0,67775.48,67933.31,-157.83000000000175,47834.139999999476
2026-03-31 01:30:00,0,1.0,0.0,67933.31,67938.54,-5.2299999999959255,47828.90999999948
2026-03-31 01:45:00,0,0.0,0.0,67938.54,67916.59,21.94999999999709,47850.85999999948
2026-03-31 02:00:00,0,1.0,1.0,67916.59,68049.04,-132.4499999999971,47718.40999999948
2026-03-31 02:15:00,0,0.0,1.0,68049.04,67989.27,59.76999999998952,47778.17999999947
2026-03-31 02:30:00,0,0.0,1.0,67989.27,67943.43,45.84000000001106,47824.01999999948
2026-03-31 02:45:00,0,0.0,0.0,67943.43,67916.86,26.569999999992433,47850.58999999947
2026-03-31 03:00:00,0,0.0,1.0,67916.86,67845.35,71.50999999999476,47922.09999999947
2026-03-31 03:15:00,1,0.0,1.0,67845.35,67728.91,-116.44000000000233,47805.659999999465
2026-03-31 03:30:00,1,0.0,0.0,67728.91,67704.74,-24.169999999998254,47781.48999999947
2026-03-31 03:45:00,1,0.0,0.0,67704.74,67673.78,-30.960000000006403,47750.52999999946
2026-03-31 04:00:00,1,0.0,1.0,67673.78,67599.83,-73.94999999999709,47676.57999999946
2026-03-31 04:15:00,1,1.0,0.0,67599.83,67600.93,1.0999999999912689,47677.679999999455
2026-03-31 04:30:00,1,0.0,1.0,67600.93,67544.01,-56.919999999998254,47620.759999999456
2026-03-31 04:45:00,1,0.0,1.0,67544.01,67428.25,-115.75999999999476,47504.99999999946
2026-03-31 05:00:00,1,1.0,1.0,67428.25,67613.99,185.74000000000524,47690.73999999947
2026-03-31 05:15:00,0,1.0,1.0,67613.99,67673.56,-59.56999999999243,47631.169999999474
2026-03-31 05:30:00,0,1.0,0.0,67673.56,67681.68,-8.119999999995343,47623.04999999948
2026-03-31 05:45:00,0,0.0,1.0,67681.68,67476.14,205.5399999999936,47828.58999999947
2026-03-31 06:00:00,1,0.0,1.0,67476.14,67410.7,-65.44000000000233,47763.14999999947
2026-03-31 06:15:00,1,1.0,0.0,67410.7,67410.71,0.010000000009313226,47763.15999999948
2026-03-31 06:30:00,1,1.0,1.0,67410.71,67492.85,82.13999999999942,47845.29999999948
2026-03-31 06:45:00,0,0.0,1.0,67492.85,67294.69,198.1600000000035,48043.45999999948
2026-03-31 07:00:00,1,0.0,0.0,67294.69,67288.37,-6.320000000006985,48037.139999999476
2026-03-31 07:15:00,1,1.0,1.0,67288.37,67323.15,34.779999999998836,48071.919999999474
2026-03-31 07:30:00,0,1.0,1.0,67323.15,67367.69,-44.54000000000815,48027.379999999466
2026-03-31 07:45:00,0,0.0,0.0,67367.69,67351.38,16.30999999999767,48043.689999999464
2026-03-31 08:00:00,0,0.0,1.0,67351.38,67310.57,40.80999999999767,48084.49999999946
2026-03-31 08:15:00,1,0.0,1.0,67310.57,66842.82,-467.75,47616.74999999946
2026-03-31 08:30:00,1,0.0,1.0,66842.82,66778.33,-64.49000000000524,47552.259999999456
2026-03-31 08:45:00,1,0.0,1.0,66778.33,66693.24,-85.08999999999651,47467.16999999946
2026-03-31 09:00:00,1,0.0,1.0,66693.24,66429.75,-263.49000000000524,47203.679999999455
2026-03-31 09:15:00,1,1.0,1.0,66429.75,66503.83,74.08000000000175,47277.759999999456
2026-03-31 09:30:00,1,0.0,1.0,66503.83,66124.99,-378.8399999999965,46898.91999999946
2026-03-31 09:45:00,1,1.0,1.0,66124.99,66381.3,256.3099999999977,47155.22999999946
2026-03-31 10:00:00,1,1.0,0.0,66381.3,66388.82,7.5200000000040745,47162.74999999946
2026-03-31 10:15:00,1,0.0,1.0,66388.82,66283.65,-105.1700000000128,47057.57999999945
2026-03-31 10:30:00,1,1.0,1.0,66283.65,66363.38,79.73000000001048,47137.30999999946
2026-03-31 10:45:00,1,1.0,1.0,66363.38,66576.68,213.29999999998836,47350.60999999945
2026-03-31 11:00:00,0,1.0,1.0,66576.68,66644.0,-67.32000000000698,47283.28999999944
2026-03-31 11:15:00,0,1.0,1.0,66644.0,66730.53,-86.52999999999884,47196.75999999944
2026-03-31 11:30:00,0,0.0,1.0,66730.53,66685.69,44.83999999999651,47241.59999999944
2026-03-31 11:45:00,1,0.0,1.0,66685.69,66576.18,-109.51000000000931,47132.08999999943
2026-03-31 12:00:00,1,1.0,1.0,66576.18,66799.02,222.84000000001106,47354.92999999944
2026-03-31 12:15:00,0,1.0,1.0,66799.02,66904.44,-105.41999999999825,47249.50999999944
2026-03-31 12:30:00,0,0.0,1.0,66904.44,66653.26,251.18000000000757,47500.68999999945
2026-03-31 12:45:00,1,1.0,1.0,66653.26,66826.01,172.75,47673.43999999945
2026-03-31 13:00:00,0,0.0,0.0,66826.01,66807.65,18.360000000000582,47691.79999999945
2026-03-31 13:15:00,1,1.0,1.0,66807.65,66972.97,165.32000000000698,47857.11999999946
2026-03-31 13:30:00,0,1.0,1.0,66972.97,67302.29,-329.31999999999243,47527.799999999464
2026-03-31 13:45:00,0,1.0,1.0,67302.29,67343.29,-41.0,47486.799999999464
2026-03-31 14:00:00,0,1.0,1.0,67343.29,67737.99,-394.70000000001164,47092.09999999945
2026-03-31 14:15:00,0,0.0,1.0,67737.99,67222.48,515.5100000000093,47607.60999999946
2026-03-31 14:30:00,0,0.0,1.0,67222.48,66587.45,635.0299999999988,48242.63999999946
2026-03-31 14:45:00,1,1.0,1.0,66587.45,67241.7,654.25,48896.88999999946
2026-03-31 15:00:00,0,0.0,1.0,67241.7,66955.99,285.70999999999185,49182.59999999945
2026-03-31 15:15:00,1,0.0,0.0,66955.99,66935.0,-20.99000000000524,49161.60999999945
2026-03-31 15:30:00,1,0.0,1.0,66935.0,66736.8,-198.1999999999971,48963.40999999945
2026-03-31 15:45:00,1,1.0,1.0,66736.8,66931.28,194.47999999999593,49157.88999999945
2026-03-31 16:00:00,0,1.0,1.0,66931.28,67096.25,-164.97000000000116,48992.919999999445
2026-03-31 16:15:00,0,1.0,1.0,67096.25,67776.04,-679.7899999999936,48313.12999999945
2026-03-31 16:30:00,0,0.0,1.0,67776.04,67665.83,110.20999999999185,48423.33999999944
2026-03-31 16:45:00,0,1.0,1.0,67665.83,68454.01,-788.179999999993,47635.15999999945
2026-03-31 17:00:00,0,0.0,1.0,68454.01,68034.0,420.00999999999476,48055.169999999445
2026-03-31 17:15:00,0,0.0,1.0,68034.0,67712.83,321.16999999999825,48376.33999999944
2026-03-31 17:30:00,1,0.0,1.0,67712.83,67526.75,-186.08000000000175,48190.25999999944
2026-03-31 17:45:00,1,1.0,1.0,67526.75,67775.47,248.72000000000116,48438.97999999944
2026-03-31 18:00:00,0,1.0,0.0,67775.47,67777.77,-2.3000000000029104,48436.67999999944
2026-03-31 18:15:00,0,1.0,0.0,67777.77,67821.4,-43.629999999990105,48393.04999999945
2026-03-31 18:30:00,0,1.0,0.0,67821.4,67854.05,-32.65000000000873,48360.39999999944
2026-03-31 18:45:00,0,1.0,1.0,67854.05,67995.81,-141.75999999999476,48218.63999999945
2026-03-31 19:00:00,0,0.0,1.0,67995.81,67878.41,117.39999999999418,48336.03999999944
2026-03-31 19:15:00,0,0.0,1.0,67878.41,67830.02,48.38999999999942,48384.42999999944
2026-03-31 19:30:00,0,1.0,0.0,67830.02,67838.8,-8.779999999998836,48375.64999999944
2026-03-31 19:45:00,0,1.0,1.0,67838.8,68146.88,-308.08000000000175,48067.56999999944
2026-03-31 20:00:00,0,0.0,1.0,68146.88,68003.0,143.88000000000466,48211.449999999444
2026-03-31 20:15:00,0,1.0,0.0,68003.0,68044.0,-41.0,48170.449999999444
2026-03-31 20:30:00,0,1.0,1.0,68044.0,68265.53,-221.52999999999884,47948.919999999445
2026-03-31 20:45:00,0,0.0,1.0,68265.53,68019.97,245.55999999999767,48194.47999999944
2026-03-31 21:00:00,0,1.0,0.0,68019.97,68034.37,-14.39999999999418,48180.07999999945
2026-03-31 21:15:00,0,1.0,1.0,68034.37,68167.59,-133.22000000000116,48046.85999999945
2026-03-31 21:30:00,0,1.0,1.0,68167.59,68277.99,-110.40000000000873,47936.45999999944
2026-03-31 21:45:00,0,0.0,1.0,68277.99,68209.49,68.5,48004.95999999944
2026-03-31 22:00:00,0,0.0,1.0,68209.49,68121.0,88.49000000000524,48093.449999999444
2026-03-31 22:15:00,0,1.0,1.0,68121.0,68184.21,-63.2100000000064,48030.23999999944
2026-03-31 22:30:00,0,0.0,0.0,68184.21,68172.87,11.34000000001106,48041.57999999945
2026-03-31 22:45:00,0,1.0,1.0,68172.87,68227.3,-54.43000000000757,47987.14999999944
2026-03-31 23:00:00,0,1.0,1.0,68227.3,68274.46,-47.16000000000349,47939.98999999944
2026-03-31 23:15:00,0,1.0,0.0,68274.46,68310.02,-35.55999999999767,47904.42999999944
2026-03-31 23:30:00,0,0.0,0.0,68310.02,68284.48,25.54000000000815,47929.96999999945
2026-03-31 23:45:00,0,0.0,1.0,68284.48,68046.0,238.47999999999593,48168.449999999444
2026-04-01 00:00:00,0,0.0,1.0,68046.0,68000.0,46.0,48214.449999999444
2026-04-01 00:15:00,0,1.0,1.0,68000.0,68066.0,-66.0,48148.449999999444
2026-04-01 00:30:00,0,1.0,1.0,68066.0,68330.75,-264.75,47883.699999999444
2026-04-01 00:45:00,0,0.0,1.0,68330.75,68265.74,65.00999999999476,47948.70999999944
2026-04-01 01:00:00,0,0.0,1.0,68265.74,68046.0,219.74000000000524,48168.449999999444
2026-04-01 01:15:00,0,0.0,1.0,68046.0,67958.01,87.99000000000524,48256.43999999945
2026-04-01 01:30:00,1,0.0,1.0,67958.01,67782.73,-175.27999999999884,48081.15999999945
2026-04-01 01:45:00,1,1.0,1.0,67782.73,67847.24,64.51000000000931,48145.66999999946
2026-04-01 02:00:00,0,0.0,1.0,67847.24,67639.41,207.83000000000175,48353.49999999946
2026-04-01 02:15:00,1,1.0,0.0,67639.41,67663.35,23.94000000000233,48377.439999999464
2026-04-01 02:30:00,0,1.0,0.0,67663.35,67668.89,-5.539999999993597,48371.89999999947
2026-04-01 02:45:00,0,1.0,1.0,67668.89,67990.15,-321.25999999999476,48050.639999999476
2026-04-01 03:00:00,0,0.0,0.0,67990.15,67973.15,17.0,48067.639999999476
2026-04-01 03:15:00,0,1.0,1.0,67973.15,68062.97,-89.82000000000698,47977.81999999947
2026-04-01 03:30:00,0,1.0,1.0,68062.97,68170.67,-107.69999999999709,47870.11999999947
2026-04-01 03:45:00,0,0.0,1.0,68170.67,68075.22,95.44999999999709,47965.56999999947
2026-04-01 04:00:00,0,1.0,1.0,68075.22,68157.76,-82.5399999999936,47883.029999999475
2026-04-01 04:15:00,0,1.0,1.0,68157.76,68226.91,-69.15000000000873,47813.879999999466
2026-04-01 04:30:00,0,1.0,1.0,68226.91,68303.83,-76.91999999999825,47736.95999999947
2026-04-01 04:45:00,0,1.0,1.0,68303.83,68401.53,-97.69999999999709,47639.25999999947
2026-04-01 05:00:00,0,1.0,1.0,68401.53,68585.97,-184.44000000000233,47454.81999999947
2026-04-01 05:15:00,0,0.0,1.0,68585.97,68507.87,78.10000000000582,47532.919999999474
2026-04-01 05:30:00,0,0.0,1.0,68507.87,68456.02,51.84999999999127,47584.769999999466
2026-04-01 05:45:00,0,1.0,1.0,68456.02,68649.99,-193.97000000000116,47390.799999999464
2026-04-01 06:00:00,0,1.0,1.0,68649.99,68859.77,-209.77999999999884,47181.019999999466
2026-04-01 06:15:00,0,1.0,1.0,68859.77,69209.37,-349.59999999999127,46831.419999999474
2026-04-01 06:30:00,0,0.0,1.0,69209.37,69102.85,106.51999999998952,46937.939999999464
2026-04-01 06:45:00,0,1.0,1.0,69102.85,69179.68,-76.8299999999872,46861.10999999948
2026-04-01 07:00:00,0,0.0,1.0,69179.68,68896.74,282.9399999999878,47144.049999999464
2026-04-01 07:15:00,0,0.0,0.0,68896.74,68892.97,3.7700000000040745,47147.81999999947
2026-04-01 07:30:00,1,0.0,1.0,68892.97,68692.0,-200.97000000000116,46946.84999999947
2026-04-01 07:45:00,1,0.0,1.0,68692.0,68528.31,-163.69000000000233,46783.159999999465
2026-04-01 08:00:00,1,1.0,1.0,68528.31,68740.69,212.38000000000466,46995.53999999947
2026-04-01 08:15:00,0,1.0,0.0,68740.69,68779.26,-38.56999999999243,46956.96999999948
2026-04-01 08:30:00,0,0.0,1.0,68779.26,68670.16,109.09999999999127,47066.06999999947
2026-04-01 08:45:00,0,0.0,1.0,68670.16,68492.59,177.57000000000698,47243.639999999476
2026-04-01 09:00:00,1,1.0,1.0,68492.59,68551.45,58.86000000000058,47302.499999999476
2026-04-01 09:15:00,0,0.0,1.0,68551.45,68480.59,70.86000000000058,47373.35999999948
2026-04-01 09:30:00,0,1.0,1.0,68480.59,68644.0,-163.4100000000035,47209.94999999947
2026-04-01 09:45:00,0,0.0,1.0,68644.0,68509.26,134.74000000000524,47344.68999999948
2026-04-01 10:00:00,0,1.0,0.0,68509.26,68521.16,-11.900000000008731,47332.78999999947
2026-04-01 10:15:00,0,0.0,0.0,68521.16,68497.83,23.330000000001746,47356.11999999947
2026-04-01 10:30:00,0,1.0,1.0,68497.83,68585.55,-87.72000000000116,47268.39999999947
2026-04-01 10:45:00,0,1.0,0.0,68585.55,68612.01,-26.45999999999185,47241.93999999948
2026-04-01 11:00:00,0,0.0,1.0,68612.01,68552.49,59.51999999998952,47301.45999999947
2026-04-01 11:15:00,0,1.0,1.0,68552.49,68608.35,-55.86000000000058,47245.59999999947
2026-04-01 11:30:00,0,1.0,1.0,68608.35,68712.52,-104.16999999999825,47141.42999999947
2026-04-01 11:45:00,0,0.0,1.0,68712.52,68574.13,138.38999999999942,47279.81999999947
2026-04-01 12:00:00,0,0.0,1.0,68574.13,68524.53,49.60000000000582,47329.419999999474
2026-04-01 12:15:00,1,1.0,1.0,68524.53,68665.68,141.14999999999418,47470.56999999947
2026-04-01 12:30:00,0,0.0,1.0,68665.68,68393.6,272.0799999999872,47742.649999999456
2026-04-01 12:45:00,0,1.0,0.0,68393.6,68432.17,-38.56999999999243,47704.07999999946
2026-04-01 13:00:00,0,1.0,1.0,68432.17,68555.87,-123.69999999999709,47580.379999999466
2026-04-01 13:15:00,0,0.0,1.0,68555.87,68114.95,440.91999999999825,48021.299999999464
2026-04-01 13:30:00,0,1.0,0.0,68114.95,68116.07,-1.1200000000098953,48020.179999999455
2026-04-01 13:45:00,0,1.0,1.0,68116.07,68263.66,-147.5899999999965,47872.58999999946
2026-04-01 14:00:00,0,1.0,1.0,68263.66,68517.23,-253.56999999999243,47619.019999999466
2026-04-01 14:15:00,0,0.0,1.0,68517.23,68408.16,109.06999999999243,47728.08999999946
2026-04-01 14:30:00,0,1.0,1.0,68408.16,68593.55,-185.38999999999942,47542.69999999946
2026-04-01 14:45:00,0,0.0,1.0,68593.55,68489.19,104.36000000000058,47647.05999999946
2026-04-01 15:00:00,0,1.0,1.0,68489.19,68746.25,-257.0599999999977,47389.99999999946
2026-04-01 15:15:00,0,1.0,0.0,68746.25,68756.28,-10.029999999998836,47379.96999999946
2026-04-01 15:30:00,0,1.0,1.0,68756.28,68918.52,-162.24000000000524,47217.72999999946
2026-04-01 15:45:00,0,0.0,1.0,68918.52,68671.85,246.66999999999825,47464.399999999456
2026-04-01 16:00:00,0,1.0,1.0,68671.85,68872.1,-200.25,47264.149999999456
2026-04-01 16:15:00,0,1.0,1.0,68872.1,68937.66,-65.55999999999767,47198.58999999946
2026-04-01 16:30:00,0,0.0,1.0,68937.66,68816.34,121.32000000000698,47319.909999999465
2026-04-01 16:45:00,0,0.0,1.0,68816.34,68747.3,69.0399999999936,47388.94999999946
2026-04-01 17:00:00,0,0.0,1.0,68747.3,68527.97,219.33000000000175,47608.27999999946
2026-04-01 17:15:00,1,0.0,1.0,68527.97,68426.04,-101.93000000000757,47506.34999999945
2026-04-01 17:30:00,1,0.0,1.0,68426.04,68266.62,-159.41999999999825,47346.929999999455
2026-04-01 17:45:00,1,0.0,1.0,68266.62,68086.03,-180.5899999999965,47166.33999999946
2026-04-01 18:00:00,1,1.0,0.0,68086.03,68089.59,3.5599999999976717,47169.899999999456
2026-04-01 18:15:00,1,1.0,1.0,68089.59,68221.98,132.38999999999942,47302.289999999455
2026-04-01 18:30:00,0,0.0,1.0,68221.98,68084.76,137.22000000000116,47439.509999999456
2026-04-01 18:45:00,1,0.0,0.0,68084.76,68061.59,-23.169999999998254,47416.33999999946
2026-04-01 19:00:00,1,1.0,1.0,68061.59,68268.34,206.75,47623.08999999946
2026-04-01 19:15:00,0,0.0,1.0,68268.34,68156.98,111.36000000000058,47734.44999999946
2026-04-01 19:30:00,1,1.0,0.0,68156.98,68176.84,19.860000000000582,47754.30999999946
2026-04-01 19:45:00,0,0.0,1.0,68176.84,68086.01,90.83000000000175,47845.13999999946
2026-04-01 20:00:00,0,0.0,0.0,68086.01,68051.15,34.86000000000058,47879.99999999946
2026-04-01 20:15:00,1,1.0,1.0,68051.15,68179.01,127.86000000000058,48007.85999999946
2026-04-01 20:30:00,0,1.0,0.0,68179.01,68191.09,-12.080000000001746,47995.77999999946
2026-04-01 20:45:00,0,1.0,1.0,68191.09,68289.65,-98.55999999999767,47897.21999999946
2026-04-01 21:00:00,0,1.0,1.0,68289.65,68437.37,-147.72000000000116,47749.49999999946
2026-04-01 21:15:00,0,0.0,1.0,68437.37,68343.3,94.06999999999243,47843.569999999454
2026-04-01 21:30:00,0,1.0,0.0,68343.3,68362.53,-19.229999999995925,47824.33999999946
2026-04-01 21:45:00,0,0.0,1.0,68362.53,68216.38,146.14999999999418,47970.48999999945
2026-04-01 22:00:00,0,0.0,0.0,68216.38,68185.28,31.10000000000582,48001.58999999946
2026-04-01 22:15:00,1,1.0,1.0,68185.28,68243.81,58.529999999998836,48060.11999999946
2026-04-01 22:30:00,0,0.0,1.0,68243.81,68122.99,120.81999999999243,48180.93999999945
2026-04-01 22:45:00,0,1.0,1.0,68122.99,68200.0,-77.00999999999476,48103.929999999455
2026-04-01 23:00:00,0,0.0,1.0,68200.0,68119.46,80.5399999999936,48184.46999999945
2026-04-01 23:15:00,0,0.0,0.0,68119.46,68099.87,19.59000000001106,48204.05999999946
2026-04-01 23:30:00,1,1.0,0.0,68099.87,68113.92,14.05000000000291,48218.10999999946
2026-04-01 23:45:00,0,1.0,1.0,68113.92,68208.26,-94.33999999999651,48123.769999999466
2026-04-02 00:00:00,0,1.0,0.0,68208.26,68218.86,-10.60000000000582,48113.16999999946
2026-04-02 00:15:00,0,1.0,1.0,68218.86,68526.06,-307.1999999999971,47805.96999999946
2026-04-02 00:30:00,0,1.0,1.0,68526.06,68600.29,-74.22999999999593,47731.73999999947
2026-04-02 00:45:00,0,0.0,1.0,68600.29,68138.05,462.2399999999907,48193.97999999946
2026-04-02 01:00:00,0,0.0,1.0,68138.05,67586.77,551.2799999999988,48745.259999999456
2026-04-02 01:15:00,1,0.0,1.0,67586.77,67174.37,-412.40000000000873,48332.85999999945
2026-04-02 01:30:00,1,1.0,1.0,67174.37,67359.27,184.90000000000873,48517.759999999456
2026-04-02 01:45:00,1,0.0,1.0,67359.27,66860.88,-498.3899999999994,48019.36999999946
2026-04-02 02:00:00,1,1.0,0.0,66860.88,66900.63,39.75,48059.11999999946
2026-04-02 02:15:00,1,0.0,1.0,66900.63,66705.79,-194.84000000001106,47864.279999999446
2026-04-02 02:30:00,1,1.0,1.0,66705.79,66852.99,147.20000000001164,48011.47999999946
2026-04-02 02:45:00,1,0.0,1.0,66852.99,66759.97,-93.02000000000407,47918.45999999945
2026-04-02 03:00:00,1,1.0,1.0,66759.97,66860.64,100.66999999999825,48019.12999999945
2026-04-02 03:15:00,1,0.0,1.0,66860.64,66606.88,-253.75999999999476,47765.36999999946
2026-04-02 03:30:00,1,0.0,0.0,66606.88,66576.25,-30.630000000004657,47734.73999999945
2026-04-02 03:45:00,1,0.0,0.0,66576.25,66533.43,-42.820000000006985,47691.919999999445
2026-04-02 04:00:00,1,0.0,1.0,66533.43,66427.07,-106.35999999998603,47585.55999999946
2026-04-02 04:15:00,1,0.0,1.0,66427.07,66287.03,-140.04000000000815,47445.51999999945
2026-04-02 04:30:00,1,1.0,0.0,66287.03,66330.27,43.24000000000524,47488.759999999456
2026-04-02 04:45:00,1,1.0,1.0,66330.27,66384.3,54.029999999998836,47542.789999999455
2026-04-02 05:00:00,1,1.0,1.0,66384.3,66474.72,90.41999999999825,47633.20999999945
2026-04-02 05:15:00,1,1.0,1.0,66474.72,66580.15,105.42999999999302,47738.63999999945
2026-04-02 05:30:00,1,1.0,0.0,66580.15,66591.54,11.389999999999418,47750.029999999446
2026-04-02 05:45:00,1,0.0,0.0,66591.54,66577.24,-14.299999999988358,47735.72999999946
2026-04-02 06:00:00,1,1.0,1.0,66577.24,66642.24,65.0,47800.72999999946
2026-04-02 06:15:00,1,0.0,1.0,66642.24,66549.9,-92.34000000001106,47708.38999999945
2026-04-02 06:30:00,1,1.0,1.0,66549.9,66681.49,131.59000000001106,47839.97999999946
2026-04-02 06:45:00,1,0.0,1.0,66681.49,66580.01,-101.48000000001048,47738.49999999945
2026-04-02 07:00:00,1,1.0,1.0,66580.01,66679.81,99.80000000000291,47838.29999999945
2026-04-02 07:15:00,1,1.0,1.0,66679.81,66862.85,183.04000000000815,48021.33999999946
2026-04-02 07:30:00,0,1.0,1.0,66862.85,66930.79,-67.93999999998778,47953.39999999947
2026-04-02 07:45:00,0,0.0,1.0,66930.79,66784.04,146.75,48100.14999999947
2026-04-02 08:00:00,1,0.0,1.0,66784.04,66683.5,-100.5399999999936,47999.60999999948
2026-04-02 08:15:00,1,0.0,1.0,66683.5,66511.17,-172.33000000000175,47827.279999999475
2026-04-02 08:30:00,1,0.0,1.0,66511.17,66439.12,-72.05000000000291,47755.22999999947
2026-04-02 08:45:00,1,0.0,0.0,66439.12,66427.83,-11.289999999993597,47743.93999999948
2026-04-02 09:00:00,1,1.0,1.0,66427.83,66478.73,50.89999999999418,47794.83999999947
2026-04-02 09:15:00,1,0.0,0.0,66478.73,66440.97,-37.75999999999476,47757.07999999948
2026-04-02 09:30:00,1,1.0,0.0,66440.97,66469.6,28.630000000004657,47785.70999999948
2026-04-02 09:45:00,1,0.0,1.0,66469.6,66262.53,-207.07000000000698,47578.639999999476
2026-04-02 10:00:00,1,1.0,1.0,66262.53,66378.59,116.05999999999767,47694.69999999947
2026-04-02 10:15:00,1,1.0,1.0,66378.59,66484.8,106.2100000000064,47800.90999999948
2026-04-02 10:30:00,1,0.0,0.0,66484.8,66457.28,-27.520000000004075,47773.389999999476
2026-04-02 10:45:00,1,0.0,1.0,66457.28,66300.0,-157.27999999999884,47616.10999999948
2026-04-02 11:00:00,1,1.0,1.0,66300.0,66456.4,156.39999999999418,47772.50999999947
2026-04-02 11:15:00,1,0.0,1.0,66456.4,66340.0,-116.39999999999418,47656.10999999948
2026-04-02 11:30:00,1,0.0,1.0,66340.0,66220.28,-119.72000000000116,47536.389999999476
2026-04-02 11:45:00,1,0.0,0.0,66220.28,66182.05,-38.229999999995925,47498.15999999948
2026-04-02 12:00:00,1,0.0,0.0,66182.05,66149.4,-32.65000000000873,47465.50999999947
2026-04-02 12:15:00,1,1.0,1.0,66149.4,66224.34,74.94000000000233,47540.44999999947
2026-04-02 12:30:00,1,0.0,1.0,66224.34,66052.71,-171.6299999999901,47368.81999999948
2026-04-02 12:45:00,1,0.0,0.0,66052.71,66008.51,-44.20000000001164,47324.61999999947
2026-04-02 13:00:00,1,1.0,1.0,66008.51,66153.24,144.73000000001048,47469.34999999948
2026-04-02 13:15:00,1,0.0,1.0,66153.24,65866.7,-286.54000000000815,47182.809999999474
2026-04-02 13:30:00,1,1.0,1.0,65866.7,66270.87,404.16999999999825,47586.97999999947
2026-04-02 13:45:00,1,1.0,1.0,66270.87,66397.85,126.98000000001048,47713.95999999948
2026-04-02 14:00:00,0,0.0,1.0,66397.85,66261.89,135.9600000000064,47849.91999999949
2026-04-02 14:15:00,1,1.0,1.0,66261.89,67054.37,792.4799999999959,48642.399999999485
2026-04-02 14:30:00,0,0.0,1.0,67054.37,66868.18,186.19000000000233,48828.58999999949
2026-04-02 14:45:00,1,1.0,0.0,66868.18,66904.01,35.830000000001746,48864.41999999949
2026-04-02 15:00:00,0,0.0,1.0,66904.01,66849.99,54.01999999998952,48918.43999999948
2026-04-02 15:15:00,1,1.0,1.0,66849.99,66936.69,86.69999999999709,49005.139999999476
2026-04-02 15:30:00,1,0.0,1.0,66936.69,66852.91,-83.77999999999884,48921.35999999948
2026-04-02 15:45:00,1,1.0,1.0,66852.91,66913.37,60.45999999999185,48981.81999999947
2026-04-02 16:00:00,0,0.0,0.0,66913.37,66884.01,29.360000000000582,49011.17999999947
2026-04-02 16:15:00,1,1.0,1.0,66884.01,67172.97,288.9600000000064,49300.139999999476
2026-04-02 16:30:00,0,0.0,1.0,67172.97,67095.85,77.11999999999534,49377.25999999947
2026-04-02 16:45:00,1,1.0,1.0,67095.85,67169.55,73.69999999999709,49450.95999999947
2026-04-02 17:00:00,0,1.0,1.0,67169.55,67247.69,-78.13999999999942,49372.81999999947
2026-04-02 17:15:00,0,0.0,1.0,67247.69,66991.99,255.6999999999971,49628.519999999466
2026-04-02 17:30:00,1,0.0,1.0,66991.99,66679.16,-312.83000000000175,49315.689999999464
2026-04-02 17:45:00,1,1.0,0.0,66679.16,66696.19,17.029999999998836,49332.71999999946
2026-04-02 18:00:00,1,0.0,1.0,66696.19,66622.71,-73.47999999999593,49259.23999999947
2026-04-02 18:15:00,1,1.0,1.0,66622.71,66740.37,117.65999999998894,49376.899999999456
2026-04-02 18:30:00,1,1.0,1.0,66740.37,66981.99,241.6200000000099,49618.519999999466
2026-04-02 18:45:00,0,1.0,1.0,66981.99,67055.28,-73.2899999999936,49545.22999999947
2026-04-02 19:00:00,0,0.0,0.0,67055.28,67035.36,19.919999999998254,49565.14999999947
2026-04-02 19:15:00,1,0.0,1.0,67035.36,66973.21,-62.14999999999418,49502.999999999476
2026-04-02 19:30:00,1,1.0,0.0,66973.21,66975.99,2.779999999998836,49505.779999999475
2026-04-02 19:45:00,0,0.0,1.0,66975.99,66894.09,81.90000000000873,49587.679999999484
2026-04-02 20:00:00,1,1.0,1.0,66894.09,67052.99,158.90000000000873,49746.57999999949
2026-04-02 20:15:00,0,0.0,0.0,67052.99,67034.14,18.85000000000582,49765.4299999995
2026-04-02 20:30:00,1,0.0,1.0,67034.14,66939.25,-94.88999999999942,49670.5399999995
2026-04-02 20:45:00,1,0.0,1.0,66939.25,66817.39,-121.86000000000058,49548.6799999995
2026-04-02 21:00:00,1,1.0,0.0,66817.39,66836.01,18.619999999995343,49567.29999999949
2026-04-02 21:15:00,1,0.0,1.0,66836.01,66779.26,-56.75,49510.54999999949
2026-04-02 21:30:00,1,1.0,1.0,66779.26,66935.93,156.66999999999825,49667.21999999949
2026-04-02 21:45:00,0,0.0,0.0,66935.93,66898.6,37.329999999987194,49704.54999999948
2026-04-02 22:00:00,1,1.0,0.0,66898.6,66902.8,4.19999999999709,49708.749999999476
2026-04-02 22:15:00,0,1.0,1.0,66902.8,66985.24,-82.44000000000233,49626.309999999474
2026-04-02 22:30:00,0,0.0,0.0,66985.24,66982.48,2.7600000000093132,49629.06999999948
2026-04-02 22:45:00,1,0.0,0.0,66982.48,66951.34,-31.139999999999418,49597.929999999484
2026-04-02 23:00:00,1,0.0,0.0,66951.34,66946.12,-5.220000000001164,49592.70999999948
2026-04-02 23:15:00,1,0.0,1.0,66946.12,66885.83,-60.2899999999936,49532.41999999949
2026-04-02 23:30:00,1,1.0,0.0,66885.83,66901.99,16.160000000003492,49548.57999999949
2026-04-02 23:45:00,0,0.0,0.0,66901.99,66883.68,18.310000000012224,49566.889999999505
2026-04-03 00:00:00,1,0.0,1.0,66883.68,66828.89,-54.7899999999936,49512.09999999951
2026-04-03 00:15:00,1,0.0,0.0,66828.89,66811.79,-17.10000000000582,49494.999999999505
2026-04-03 00:30:00,1,0.0,0.0,66811.79,66785.86,-25.929999999993015,49469.06999999951
2026-04-03 00:45:00,1,1.0,0.0,66785.86,66831.01,45.14999999999418,49514.21999999951
2026-04-03 01:00:00,1,1.0,0.0,66831.01,66863.0,31.99000000000524,49546.20999999951
2026-04-03 01:15:00,0,0.0,1.0,66863.0,66574.33,288.66999999999825,49834.87999999951
2026-04-03 01:30:00,1,1.0,1.0,66574.33,66630.0,55.669999999998254,49890.54999999951
2026-04-03 01:45:00,1,0.0,1.0,66630.0,66508.76,-121.24000000000524,49769.3099999995
2026-04-03 02:00:00,1,0.0,1.0,66508.76,66460.64,-48.11999999999534,49721.18999999951
2026-04-03 02:15:00,1,0.0,1.0,66460.64,66349.55,-111.08999999999651,49610.09999999951
2026-04-03 02:30:00,1,1.0,1.0,66349.55,66533.81,184.25999999999476,49794.359999999506
2026-04-03 02:45:00,1,1.0,1.0,66533.81,66651.74,117.93000000000757,49912.28999999951
2026-04-03 03:00:00,0,0.0,0.0,66651.74,66634.5,17.24000000000524,49929.52999999952
2026-04-03 03:15:00,1,0.0,0.0,66634.5,66607.07,-27.429999999993015,49902.099999999526
2026-04-03 03:30:00,1,0.0,0.0,66607.07,66579.97,-27.10000000000582,49874.99999999952
2026-04-03 03:45:00,1,1.0,1.0,66579.97,66639.65,59.679999999993015,49934.67999999951
2026-04-03 04:00:00,1,0.0,1.0,66639.65,66550.0,-89.64999999999418,49845.02999999952
2026-04-03 04:15:00,1,1.0,0.0,66550.0,66578.0,28.0,49873.02999999952
2026-04-03 04:30:00,1,1.0,0.0,66578.0,66602.66,24.660000000003492,49897.68999999952
2026-04-03 04:45:00,1,0.0,0.0,66602.66,66596.78,-5.880000000004657,49891.80999999952
2026-04-03 05:00:00,1,0.0,0.0,66596.78,66583.79,-12.990000000005239,49878.81999999951
2026-04-03 05:15:00,1,1.0,1.0,66583.79,66777.54,193.75,50072.56999999951
2026-04-03 05:30:00,0,0.0,1.0,66777.54,66600.35,177.18999999998778,50249.7599999995
2026-04-03 05:45:00,1,1.0,1.0,66600.35,66660.32,59.970000000001164,50309.7299999995
2026-04-03 06:00:00,1,0.0,0.0,66660.32,66624.98,-35.34000000001106,50274.38999999949
2026-04-03 06:15:00,1,1.0,1.0,66624.98,66740.63,115.65000000000873,50390.0399999995
2026-04-03 06:30:00,1,1.0,1.0,66740.63,66796.79,56.15999999998894,50446.19999999949
2026-04-03 06:45:00,0,1.0,0.0,66796.79,66818.36,-21.570000000006985,50424.62999999948
2026-04-03 07:00:00,0,1.0,1.0,66818.36,66942.95,-124.58999999999651,50300.039999999484
2026-04-03 07:15:00,0,1.0,1.0,66942.95,67075.72,-132.77000000000407,50167.26999999948
2026-04-03 07:30:00,0,0.0,0.0,67075.72,67042.08,33.63999999999942,50200.90999999948
2026-04-03 07:45:00,1,1.0,1.0,67042.08,67169.74,127.66000000000349,50328.56999999948
2026-04-03 08:00:00,0,0.0,1.0,67169.74,67056.25,113.49000000000524,50442.05999999949
2026-04-03 08:15:00,1,0.0,1.0,67056.25,66934.65,-121.60000000000582,50320.45999999948
2026-04-03 08:30:00,1,1.0,0.0,66934.65,66965.39,30.74000000000524,50351.19999999949
2026-04-03 08:45:00,1,0.0,1.0,66965.39,66889.47,-75.91999999999825,50275.27999999949
2026-04-03 09:00:00,1,0.0,1.0,66889.47,66819.29,-70.18000000000757,50205.09999999948
2026-04-03 09:15:00,1,1.0,1.0,66819.29,66902.2,82.91000000000349,50288.009999999485
2026-04-03 09:30:00,1,0.0,0.0,66902.2,66859.58,-42.61999999999534,50245.38999999949
2026-04-03 09:45:00,1,0.0,0.0,66859.58,66828.1,-31.479999999995925,50213.909999999494
2026-04-03 10:00:00,1,0.0,1.0,66828.1,66765.71,-62.38999999999942,50151.519999999495
2026-04-03 10:15:00,1,1.0,0.0,66765.71,66781.91,16.19999999999709,50167.71999999949
2026-04-03 10:30:00,1,1.0,1.0,66781.91,66883.08,101.16999999999825,50268.88999999949
2026-04-03 10:45:00,0,0.0,0.0,66883.08,66852.07,31.00999999999476,50299.899999999485
2026-04-03 11:00:00,1,1.0,1.0,66852.07,66937.63,85.55999999999767,50385.45999999948
2026-04-03 11:15:00,0,1.0,1.0,66937.63,67001.23,-63.59999999999127,50321.85999999949
2026-04-03 11:30:00,0,1.0,0.0,67001.23,67017.44,-16.210000000006403,50305.649999999485
2026-04-03 11:45:00,0,0.0,0.0,67017.44,67008.0,9.440000000002328,50315.08999999949
2026-04-03 12:00:00,1,1.0,1.0,67008.0,67115.99,107.99000000000524,50423.07999999949
2026-04-03 12:15:00,0,0.0,1.0,67115.99,66867.31,248.68000000000757,50671.7599999995
2026-04-03 12:30:00,1,0.0,1.0,66867.31,66722.16,-145.14999999999418,50526.609999999506
2026-04-03 12:45:00,1,0.0,1.0,66722.16,66672.07,-50.08999999999651,50476.51999999951
2026-04-03 13:00:00,1,1.0,0.0,66672.07,66688.73,16.65999999998894,50493.1799999995
2026-04-03 13:15:00,1,0.0,1.0,66688.73,66602.66,-86.06999999999243,50407.109999999506
2026-04-03 13:30:00,1,1.0,1.0,66602.66,66672.0,69.33999999999651,50476.4499999995
2026-04-03 13:45:00,1,1.0,1.0,66672.0,66785.76,113.75999999999476,50590.2099999995
2026-04-03 14:00:00,0,1.0,1.0,66785.76,66916.1,-130.34000000001106,50459.869999999486
2026-04-03 14:15:00,0,0.0,1.0,66916.1,66814.57,101.52999999999884,50561.399999999485
2026-04-03 14:30:00,1,1.0,1.0,66814.57,66929.81,115.23999999999069,50676.639999999476
2026-04-03 14:45:00,0,1.0,0.0,66929.81,66966.0,-36.19000000000233,50640.44999999947
2026-04-03 15:00:00,0,0.0,0.0,66966.0,66933.71,32.2899999999936,50672.73999999947
2026-04-03 15:15:00,1,0.0,1.0,66933.71,66859.48,-74.23000000001048,50598.509999999456
2026-04-03 15:30:00,1,0.0,0.0,66859.48,66827.15,-32.330000000001746,50566.179999999455
2026-04-03 15:45:00,1,1.0,1.0,66827.15,66907.05,79.90000000000873,50646.07999999946
2026-04-03 16:00:00,1,1.0,1.0,66907.05,66993.14,86.08999999999651,50732.16999999946
2026-04-03 16:15:00,0,0.0,0.0,66993.14,66974.91,18.229999999995925,50750.399999999456
2026-04-03 16:30:00,1,1.0,0.0,66974.91,67010.46,35.55000000000291,50785.94999999946
2026-04-03 16:45:00,0,0.0,1.0,67010.46,66964.01,46.45000000001164,50832.39999999947
2026-04-03 17:00:00,1,0.0,1.0,66964.01,66880.8,-83.20999999999185,50749.18999999948
2026-04-03 17:15:00,1,1.0,0.0,66880.8,66895.09,14.289999999993597,50763.47999999947
2026-04-03 17:30:00,1,0.0,1.0,66895.09,66855.01,-40.080000000001746,50723.39999999947
2026-04-03 17:45:00,1,0.0,0.0,66855.01,66837.72,-17.289999999993597,50706.10999999948
2026-04-03 18:00:00,1,1.0,1.0,66837.72,66882.24,44.520000000004075,50750.62999999948
2026-04-03 18:15:00,1,0.0,0.0,66882.24,66856.83,-25.410000000003492,50725.21999999948
2026-04-03 18:30:00,1,0.0,1.0,66856.83,66812.03,-44.80000000000291,50680.419999999474
2026-04-03 18:45:00,1,0.0,0.0,66812.03,66782.02,-30.00999999999476,50650.40999999948
2026-04-03 19:00:00,1,1.0,0.0,66782.02,66794.83,12.809999999997672,50663.21999999948
2026-04-03 19:15:00,1,1.0,1.0,66794.83,66857.67,62.83999999999651,50726.059999999474
2026-04-03 19:30:00,0,1.0,0.0,66857.67,66885.74,-28.070000000006985,50697.98999999947
2026-04-03 19:45:00,0,1.0,0.0,66885.74,66899.99,-14.25,50683.73999999947
2026-04-03 20:00:00,0,0.0,0.0,66899.99,66881.23,18.760000000009313,50702.499999999476
2026-04-03 20:15:00,1,1.0,0.0,66881.23,66884.8,3.570000000006985,50706.06999999948
2026-04-03 20:30:00,0,0.0,1.0,66884.8,66831.98,52.820000000006985,50758.88999999949
2026-04-03 20:45:00,1,1.0,1.0,66831.98,66909.66,77.68000000000757,50836.5699999995
2026-04-03 21:00:00,0,0.0,0.0,66909.66,66887.99,21.669999999998254,50858.239999999496
2026-04-03 21:15:00,1,1.0,1.0,66887.99,66940.26,52.26999999998952,50910.509999999485
2026-04-03 21:30:00,0,1.0,0.0,66940.26,66964.21,-23.95000000001164,50886.559999999474
2026-04-03 21:45:00,0,0.0,1.0,66964.21,66871.0,93.2100000000064,50979.76999999948
2026-04-03 22:00:00,1,1.0,1.0,66871.0,66918.0,47.0,51026.76999999948
2026-04-03 22:15:00,0,1.0,0.0,66918.0,66929.97,-11.970000000001164,51014.79999999948
2026-04-03 22:30:00,0,0.0,1.0,66929.97,66888.76,41.2100000000064,51056.009999999485
2026-04-03 22:45:00,1,0.0,0.0,66888.76,66870.59,-18.169999999998254,51037.83999999949
2026-04-03 23:00:00,1,0.0,0.0,66870.59,66856.23,-14.360000000000582,51023.47999999949
2026-04-03 23:15:00,1,1.0,0.0,66856.23,66868.78,12.55000000000291,51036.02999999949
2026-04-03 23:30:00,1,1.0,1.0,66868.78,66964.3,95.52000000000407,51131.54999999949
2026-04-03 23:45:00,0,0.0,1.0,66964.3,66911.19,53.11000000000058,51184.659999999494
2026-04-04 00:00:00,1,1.0,0.0,66911.19,66918.95,7.759999999994761,51192.41999999949
2026-04-04 00:15:00,0,1.0,0.0,66918.95,66939.61,-20.660000000003492,51171.759999999485
2026-04-04 00:30:00,0,0.0,1.0,66939.61,66893.39,46.220000000001164,51217.97999999949
2026-04-04 00:45:00,1,0.0,1.0,66893.39,66852.23,-41.16000000000349,51176.81999999948
2026-04-04 01:00:00,1,0.0,0.0,66852.23,66840.6,-11.629999999990105,51165.18999999949
2026-04-04 01:15:00,1,0.0,0.0,66840.6,66832.94,-7.6600000000034925,51157.52999999949
2026-04-04 01:30:00,1,1.0,0.0,66832.94,66852.0,19.05999999999767,51176.58999999949
2026-04-04 01:45:00,1,0.0,0.0,66852.0,66844.34,-7.6600000000034925,51168.929999999484
2026-04-04 02:00:00,1,0.0,0.0,66844.34,66834.32,-10.019999999989523,51158.909999999494
2026-04-04 02:15:00,1,0.0,0.0,66834.32,66826.82,-7.5,51151.409999999494
2026-04-04 02:30:00,1,1.0,0.0,66826.82,66844.83,18.00999999999476,51169.41999999949
2026-04-04 02:45:00,1,1.0,1.0,66844.83,66900.84,56.00999999999476,51225.429999999484
2026-04-04 03:00:00,0,0.0,1.0,66900.84,66852.11,48.729999999995925,51274.15999999948
2026-04-04 03:15:00,1,0.0,0.0,66852.11,66840.75,-11.360000000000582,51262.79999999948
2026-04-04 03:30:00,1,0.0,0.0,66840.75,66832.18,-8.570000000006985,51254.22999999947
2026-04-04 03:45:00,1,0.0,0.0,66832.18,66800.01,-32.169999999998254,51222.059999999474
2026-04-04 04:00:00,1,1.0,1.0,66800.01,66857.72,57.7100000000064,51279.76999999948
2026-04-04 04:15:00,1,0.0,0.0,66857.72,66857.22,-0.5,51279.26999999948
2026-04-04 04:30:00,1,1.0,0.0,66857.22,66860.73,3.5099999999947613,51282.779999999475
2026-04-04 04:45:00,1,1.0,0.0,66860.73,66861.78,1.0500000000029104,51283.82999999948
2026-04-04 05:00:00,1,1.0,0.0,66861.78,66878.36,16.580000000001746,51300.40999999948
2026-04-04 05:15:00,0,1.0,0.0,66878.36,66895.21,-16.85000000000582,51283.559999999474
2026-04-04 05:30:00,0,1.0,0.0,66895.21,66916.29,-21.079999999987194,51262.47999999949
2026-04-04 05:45:00,0,1.0,1.0,66916.29,66955.24,-38.95000000001164,51223.529999999475
2026-04-04 06:00:00,0,1.0,0.0,66955.24,66955.97,-0.7299999999959255,51222.79999999948
2026-04-04 06:15:00,0,1.0,0.0,66955.97,66966.95,-10.979999999995925,51211.81999999948
2026-04-04 06:30:00,0,1.0,1.0,66966.95,67013.24,-46.29000000000815,51165.529999999475
2026-04-04 06:45:00,0,0.0,0.0,67013.24,67002.92,10.320000000006985,51175.84999999948
2026-04-04 07:00:00,1,0.0,1.0,67002.92,66967.37,-35.55000000000291,51140.29999999948
2026-04-04 07:15:00,1,0.0,0.0,66967.37,66966.02,-1.3499999999912689,51138.94999999949
2026-04-04 07:30:00,1,1.0,1.0,66966.02,67014.96,48.94000000000233,51187.88999999949
2026-04-04 07:45:00,0,0.0,0.0,67014.96,67001.23,13.730000000010477,51201.6199999995
2026-04-04 08:00:00,1,1.0,1.0,67001.23,67051.99,50.76000000000931,51252.37999999951
2026-04-04 08:15:00,0,0.0,1.0,67051.99,66980.12,71.8700000000099,51324.24999999952
2026-04-04 08:30:00,1,0.0,1.0,66980.12,66940.0,-40.11999999999534,51284.129999999524
2026-04-04 08:45:00,1,1.0,1.0,66940.0,66983.71,43.7100000000064,51327.83999999953
2026-04-04 09:00:00,0,0.0,0.0,66983.71,66977.48,6.230000000010477,51334.06999999954
2026-04-04 09:15:00,1,0.0,0.0,66977.48,66963.96,-13.519999999989523,51320.54999999955
2026-04-04 09:30:00,1,1.0,0.0,66963.96,66988.05,24.089999999996508,51344.63999999955
2026-04-04 09:45:00,0,0.0,1.0,66988.05,66918.0,70.05000000000291,51414.68999999955
2026-04-04 10:00:00,1,1.0,0.0,66918.0,66943.37,25.369999999995343,51440.05999999955
2026-04-04 10:15:00,0,1.0,1.0,66943.37,67050.0,-106.63000000000466,51333.42999999954
2026-04-04 10:30:00,0,1.0,1.0,67050.0,67167.0,-117.0,51216.42999999954
2026-04-04 10:45:00,0,1.0,0.0,67167.0,67170.22,-3.220000000001164,51213.20999999954
2026-04-04 11:00:00,0,0.0,1.0,67170.22,67125.44,44.779999999998836,51257.98999999954
2026-04-04 11:15:00,1,1.0,0.0,67125.44,67142.12,16.679999999993015,51274.66999999953
2026-04-04 11:30:00,0,1.0,0.0,67142.12,67156.93,-14.809999999997672,51259.859999999535
2026-04-04 11:45:00,0,0.0,1.0,67156.93,67121.94,34.98999999999069,51294.849999999526
2026-04-04 12:00:00,1,0.0,0.0,67121.94,67112.73,-9.210000000006403,51285.63999999952
2026-04-04 12:15:00,1,0.0,1.0,67112.73,67060.57,-52.15999999998894,51233.47999999953
2026-04-04 12:30:00,1,1.0,1.0,67060.57,67097.87,37.29999999998836,51270.77999999952
2026-04-04 12:45:00,0,1.0,0.0,67097.87,67109.23,-11.360000000000582,51259.41999999952
2026-04-04 13:00:00,0,1.0,0.0,67109.23,67113.41,-4.180000000007567,51255.23999999951
2026-04-04 13:15:00,0,1.0,1.0,67113.41,67239.97,-126.55999999999767,51128.67999999951
2026-04-04 13:30:00,0,0.0,1.0,67239.97,67193.44,46.529999999998836,51175.20999999951
2026-04-04 13:45:00,1,1.0,0.0,67193.44,67200.23,6.789999999993597,51181.999999999505
2026-04-04 14:00:00,0,0.0,0.0,67200.23,67187.71,12.519999999989523,51194.519999999495
2026-04-04 14:15:00,1,0.0,1.0,67187.71,67105.15,-82.56000000001222,51111.95999999948
2026-04-04 14:30:00,1,1.0,1.0,67105.15,67215.24,110.09000000001106,51222.04999999949
2026-04-04 14:45:00,0,1.0,1.0,67215.24,67383.16,-167.91999999999825,51054.129999999495
2026-04-04 15:00:00,0,0.0,1.0,67383.16,67339.03,44.13000000000466,51098.2599999995
2026-04-04 15:15:00,0,0.0,0.0,67339.03,67328.62,10.410000000003492,51108.6699999995
2026-04-04 15:30:00,0,1.0,1.0,67328.62,67383.66,-55.04000000000815,51053.629999999495
2026-04-04 15:45:00,0,0.0,1.0,67383.66,67350.87,32.79000000000815,51086.4199999995
2026-04-04 16:00:00,0,1.0,1.0,67350.87,67446.36,-95.49000000000524,50990.9299999995
2026-04-04 16:15:00,0,1.0,1.0,67446.36,67513.78,-67.41999999999825,50923.5099999995
2026-04-04 16:30:00,0,0.0,1.0,67513.78,67366.68,147.10000000000582,51070.609999999506
2026-04-04 16:45:00,1,1.0,0.0,67366.68,67375.36,8.680000000007567,51079.28999999951
2026-04-04 17:00:00,0,1.0,0.0,67375.36,67390.28,-14.919999999998254,51064.369999999515
2026-04-04 17:15:00,0,0.0,1.0,67390.28,67326.01,64.27000000000407,51128.63999999952
2026-04-04 17:30:00,1,1.0,0.0,67326.01,67329.4,3.389999999999418,51132.02999999952
2026-04-04 17:45:00,0,1.0,0.0,67329.4,67332.67,-3.2700000000040745,51128.759999999515
2026-04-04 18:00:00,0,1.0,0.0,67332.67,67336.0,-3.3300000000017462,51125.42999999951
2026-04-04 18:15:00,0,0.0,1.0,67336.0,67285.63,50.36999999999534,51175.79999999951
2026-04-04 18:30:00,1,1.0,0.0,67285.63,67295.47,9.839999999996508,51185.639999999505
2026-04-04 18:45:00,0,1.0,1.0,67295.47,67497.19,-201.72000000000116,50983.9199999995
2026-04-04 19:00:00,0,0.0,1.0,67497.19,67365.72,131.47000000000116,51115.389999999505
2026-04-04 19:15:00,1,0.0,1.0,67365.72,67298.52,-67.19999999999709,51048.18999999951
2026-04-04 19:30:00,1,0.0,0.0,67298.52,67288.42,-10.10000000000582,51038.0899999995
2026-04-04 19:45:00,1,0.0,1.0,67288.42,67227.19,-61.229999999995925,50976.859999999506
2026-04-04 20:00:00,1,1.0,1.0,67227.19,67270.01,42.81999999999243,51019.6799999995
2026-04-04 20:15:00,0,0.0,0.0,67270.01,67261.45,8.559999999997672,51028.239999999496
2026-04-04 20:30:00,1,1.0,0.0,67261.45,67268.4,6.94999999999709,51035.18999999949
2026-04-04 20:45:00,0,0.0,1.0,67268.4,67235.66,32.73999999999069,51067.929999999484
2026-04-04 21:00:00,1,1.0,1.0,67235.66,67273.44,37.779999999998836,51105.70999999948
2026-04-04 21:15:00,0,1.0,1.0,67273.44,67311.17,-37.729999999995925,51067.97999999949
2026-04-04 21:30:00,0,1.0,1.0,67311.17,67359.2,-48.029999999998836,51019.94999999949
2026-04-04 21:45:00,0,1.0,1.0,67359.2,67389.64,-30.44000000000233,50989.509999999485
2026-04-04 22:00:00,0,1.0,1.0,67389.64,67427.77,-38.13000000000466,50951.37999999948
2026-04-04 22:15:00,0,1.0,1.0,67427.77,67465.19,-37.419999999998254,50913.95999999948
2026-04-04 22:30:00,0,0.0,1.0,67465.19,67399.92,65.27000000000407,50979.22999999949
2026-04-04 22:45:00,1,0.0,1.0,67399.92,67362.46,-37.45999999999185,50941.769999999495
2026-04-04 23:00:00,0,0.0,1.0,67362.46,67305.64,56.820000000006985,50998.5899999995
2026-04-04 23:15:00,1,1.0,0.0,67305.64,67325.25,19.610000000000582,51018.1999999995
2026-04-04 23:30:00,0,0.0,0.0,67325.25,67300.42,24.830000000001746,51043.029999999504
2026-04-04 23:45:00,1,0.0,1.0,67300.42,67257.37,-43.05000000000291,50999.9799999995
2026-04-05 00:00:00,1,1.0,0.0,67257.37,67264.42,7.05000000000291,51007.029999999504
2026-04-05 00:15:00,1,0.0,0.0,67264.42,67247.83,-16.589999999996508,50990.43999999951
2026-04-05 00:30:00,1,0.0,0.0,67247.83,67225.0,-22.830000000001746,50967.609999999506
2026-04-05 00:45:00,1,0.0,1.0,67225.0,67189.67,-35.330000000001746,50932.279999999504
2026-04-05 01:00:00,1,0.0,1.0,67189.67,67130.21,-59.45999999999185,50872.81999999951
2026-04-05 01:15:00,1,0.0,1.0,67130.21,67086.71,-43.5,50829.31999999951
2026-04-05 01:30:00,1,0.0,0.0,67086.71,67085.0,-1.7100000000064028,50827.609999999506
2026-04-05 01:45:00,1,0.0,1.0,67085.0,66998.37,-86.63000000000466,50740.9799999995
2026-04-05 02:00:00,1,1.0,1.0,66998.37,67129.5,131.13000000000466,50872.109999999506
2026-04-05 02:15:00,0,1.0,0.0,67129.5,67135.96,-6.460000000006403,50865.6499999995
2026-04-05 02:30:00,0,1.0,1.0,67135.96,67170.16,-34.19999999999709,50831.4499999995
2026-04-05 02:45:00,0,1.0,0.0,67170.16,67188.08,-17.919999999998254,50813.529999999504
2026-04-05 03:00:00,0,0.0,1.0,67188.08,67154.64,33.44000000000233,50846.96999999951
2026-04-05 03:15:00,1,0.0,0.0,67154.64,67139.12,-15.520000000004075,50831.4499999995
2026-04-05 03:30:00,1,1.0,0.0,67139.12,67145.98,6.860000000000582,50838.3099999995
2026-04-05 03:45:00,0,0.0,1.0,67145.98,67087.21,58.76999999998952,50897.07999999949
2026-04-05 04:00:00,1,1.0,1.0,67087.21,67188.51,101.29999999998836,50998.37999999948
2026-04-05 04:15:00,0,0.0,1.0,67188.51,67130.29,58.220000000001164,51056.59999999948
2026-04-05 04:30:00,1,0.0,1.0,67130.29,67101.65,-28.639999999999418,51027.95999999948
2026-04-05 04:45:00,1,1.0,0.0,67101.65,67112.59,10.940000000002328,51038.899999999485
2026-04-05 05:00:00,0,0.0,0.0,67112.59,67095.0,17.589999999996508,51056.48999999948
2026-04-05 05:15:00,1,0.0,0.0,67095.0,67085.48,-9.520000000004075,51046.96999999948
2026-04-05 05:30:00,1,0.0,1.0,67085.48,66931.65,-153.83000000000175,50893.139999999476
2026-04-05 05:45:00,1,0.0,1.0,66931.65,66660.33,-271.31999999999243,50621.81999999948
2026-04-05 06:00:00,1,1.0,1.0,66660.33,66763.88,103.55000000000291,50725.369999999486
2026-04-05 06:15:00,1,1.0,1.0,66763.88,66826.59,62.70999999999185,50788.07999999948
2026-04-05 06:30:00,1,0.0,0.0,66826.59,66802.24,-24.34999999999127,50763.72999999949
2026-04-05 06:45:00,1,1.0,1.0,66802.24,66905.1,102.86000000000058,50866.58999999949
2026-04-05 07:00:00,0,0.0,1.0,66905.1,66816.96,88.13999999999942,50954.72999999949
2026-04-05 07:15:00,1,0.0,1.0,66816.96,66767.02,-49.94000000000233,50904.789999999484
2026-04-05 07:30:00,1,1.0,1.0,66767.02,66820.64,53.61999999999534,50958.40999999948
2026-04-05 07:45:00,1,1.0,1.0,66820.64,66862.19,41.55000000000291,50999.95999999948
2026-04-05 08:00:00,1,1.0,0.0,66862.19,66875.07,12.880000000004657,51012.83999999949
2026-04-05 08:15:00,0,0.0,0.0,66875.07,66860.24,14.830000000001746,51027.66999999949
2026-04-05 08:30:00,1,1.0,1.0,66860.24,66933.18,72.93999999998778,51100.60999999948
2026-04-05 08:45:00,0,0.0,0.0,66933.18,66929.99,3.1899999999877764,51103.799999999464
2026-04-05 09:00:00,1,1.0,1.0,66929.99,67015.59,85.59999999999127,51189.399999999456
2026-04-05 09:15:00,0,1.0,0.0,67015.59,67026.81,-11.220000000001164,51178.179999999455
2026-04-05 09:30:00,0,1.0,0.0,67026.81,67035.15,-8.339999999996508,51169.83999999946
2026-04-05 09:45:00,0,0.0,1.0,67035.15,66975.67,59.479999999995925,51229.319999999454
2026-04-05 10:00:00,1,1.0,0.0,66975.67,66992.92,17.25,51246.569999999454
2026-04-05 10:15:00,0,1.0,1.0,66992.92,67085.99,-93.07000000000698,51153.49999999945
2026-04-05 10:30:00,0,0.0,1.0,67085.99,67046.01,39.98000000001048,51193.47999999946
2026-04-05 10:45:00,1,0.0,0.0,67046.01,67045.87,-0.13999999999941792,51193.33999999946
2026-04-05 11:00:00,1,0.0,1.0,67045.87,67010.16,-35.70999999999185,51157.629999999466
2026-04-05 11:15:00,1,0.0,0.0,67010.16,66992.0,-18.160000000003492,51139.46999999946
2026-04-05 11:30:00,1,1.0,0.0,66992.0,66999.0,7.0,51146.46999999946
2026-04-05 11:45:00,0,0.0,1.0,66999.0,66905.95,93.05000000000291,51239.519999999466
2026-04-05 12:00:00,1,0.0,0.0,66905.95,66885.92,-20.029999999998836,51219.48999999947
2026-04-05 12:15:00,1,0.0,1.0,66885.92,66745.0,-140.91999999999825,51078.56999999947
2026-04-05 12:30:00,1,1.0,1.0,66745.0,66783.58,38.580000000001746,51117.14999999947
2026-04-05 12:45:00,1,0.0,0.0,66783.58,66760.42,-23.160000000003492,51093.98999999947
2026-04-05 13:00:00,1,0.0,1.0,66760.42,66703.66,-56.75999999999476,51037.22999999947
2026-04-05 13:15:00,1,1.0,1.0,66703.66,66830.99,127.33000000000175,51164.559999999474
2026-04-05 13:30:00,0,1.0,1.0,66830.99,66890.7,-59.70999999999185,51104.84999999948
2026-04-05 13:45:00,0,0.0,0.0,66890.7,66872.11,18.589999999996508,51123.43999999948
2026-04-05 14:00:00,1,1.0,1.0,66872.11,66908.0,35.88999999999942,51159.32999999948
2026-04-05 14:15:00,0,1.0,1.0,66908.0,66946.7,-38.69999999999709,51120.62999999948
2026-04-05 14:30:00,0,0.0,1.0,66946.7,66918.03,28.669999999998254,51149.29999999948
2026-04-05 14:45:00,1,1.0,0.0,66918.03,66929.04,11.009999999994761,51160.309999999474
2026-04-05 15:00:00,0,1.0,1.0,66929.04,67499.99,-570.9500000000116,50589.35999999946
2026-04-05 15:15:00,0,0.0,1.0,67499.99,67437.2,62.79000000000815,50652.14999999947
2026-04-05 15:30:00,0,0.0,1.0,67437.2,67306.64,130.55999999999767,50782.70999999947
2026-04-05 15:45:00,1,0.0,0.0,67306.64,67295.15,-11.490000000005239,50771.21999999946
2026-04-05 16:00:00,0,1.0,1.0,67295.15,67325.57,-30.420000000012806,50740.79999999945
2026-04-05 16:15:00,0,0.0,0.0,67325.57,67323.49,2.0800000000017462,50742.87999999945
2026-04-05 16:30:00,0,0.0,1.0,67323.49,67212.62,110.8700000000099,50853.74999999946
2026-04-05 16:45:00,1,1.0,1.0,67212.62,67284.83,72.2100000000064,50925.95999999947
2026-04-05 17:00:00,0,1.0,1.0,67284.83,67339.55,-54.720000000001164,50871.23999999947
2026-04-05 17:15:00,0,1.0,1.0,67339.55,67360.97,-21.419999999998254,50849.81999999947
2026-04-05 17:30:00,0,1.0,0.0,67360.97,67373.64,-12.669999999998254,50837.14999999947
2026-04-05 17:45:00,0,0.0,1.0,67373.64,67304.84,68.80000000000291,50905.94999999947
2026-04-05 18:00:00,1,0.0,0.0,67304.84,67299.53,-5.309999999997672,50900.639999999476
2026-04-05 18:15:00,0,1.0,1.0,67299.53,67425.48,-125.94999999999709,50774.68999999948
2026-04-05 18:30:00,0,0.0,0.0,67425.48,67413.78,11.69999999999709,50786.389999999476
2026-04-05 18:45:00,0,1.0,0.0,67413.78,67418.29,-4.509999999994761,50781.87999999948
2026-04-05 19:00:00,0,1.0,1.0,67418.29,67465.22,-46.93000000000757,50734.94999999947
2026-04-05 19:15:00,0,0.0,1.0,67465.22,67308.79,156.43000000000757,50891.37999999948
2026-04-05 19:30:00,1,1.0,1.0,67308.79,67361.01,52.220000000001164,50943.59999999948
2026-04-05 19:45:00,0,1.0,0.0,67361.01,67378.0,-16.99000000000524,50926.60999999948
2026-04-05 20:00:00,0,1.0,1.0,67378.0,67479.04,-101.0399999999936,50825.56999999948
2026-04-05 20:15:00,0,1.0,1.0,67479.04,67554.7,-75.66000000000349,50749.90999999948
2026-04-05 20:30:00,0,1.0,1.0,67554.7,67658.35,-103.65000000000873,50646.25999999947
2026-04-05 20:45:00,0,0.0,1.0,67658.35,67521.87,136.48000000001048,50782.73999999948
2026-04-05 21:00:00,0,0.0,1.0,67521.87,67476.37,45.5,50828.23999999948
2026-04-05 21:15:00,0,1.0,0.0,67476.37,67492.0,-15.630000000004657,50812.60999999948
2026-04-05 21:30:00,0,1.0,1.0,67492.0,67553.43,-61.429999999993015,50751.179999999484
2026-04-05 21:45:00,0,0.0,0.0,67553.43,67534.8,18.629999999990105,50769.809999999474
2026-04-05 22:00:00,0,0.0,1.0,67534.8,67436.61,98.19000000000233,50867.999999999476
2026-04-05 22:15:00,1,1.0,1.0,67436.61,67964.31,527.6999999999971,51395.69999999947
2026-04-05 22:30:00,0,1.0,1.0,67964.31,68338.43,-374.11999999999534,51021.57999999948
2026-04-05 22:45:00,0,1.0,1.0,68338.43,68599.99,-261.5600000000122,50760.019999999466
2026-04-05 23:00:00,0,1.0,1.0,68599.99,68804.34,-204.34999999999127,50555.669999999474
2026-04-05 23:15:00,0,1.0,1.0,68804.34,68949.99,-145.65000000000873,50410.019999999466
2026-04-05 23:30:00,0,1.0,1.0,68949.99,69034.18,-84.18999999998778,50325.82999999948
2026-04-05 23:45:00,0,1.0,1.0,69034.18,69234.56,-200.38000000000466,50125.44999999947
2026-04-06 00:00:00,0,0.0,1.0,69234.56,69182.01,52.55000000000291,50177.999999999476
2026-04-06 00:15:00,0,1.0,1.0,69182.01,69312.72,-130.7100000000064,50047.28999999947
2026-04-06 00:30:00,0,0.0,1.0,69312.72,69083.78,228.94000000000233,50276.22999999947
2026-04-06 00:45:00,0,0.0,1.0,69083.78,68854.65,229.13000000000466,50505.35999999948
2026-04-06 01:00:00,0,1.0,1.0,68854.65,68985.2,-130.5500000000029,50374.809999999474
2026-04-06 01:15:00,0,0.0,1.0,68985.2,68800.66,184.5399999999936,50559.34999999947
2026-04-06 01:30:00,0,1.0,0.0,68800.66,68810.18,-9.519999999989523,50549.82999999948
2026-04-06 01:45:00,0,1.0,1.0,68810.18,69112.58,-302.40000000000873,50247.42999999947
2026-04-06 02:00:00,0,1.0,1.0,69112.58,69233.76,-121.17999999999302,50126.249999999476
2026-04-06 02:15:00,0,0.0,0.0,69233.76,69221.11,12.64999999999418,50138.89999999947
2026-04-06 02:30:00,0,0.0,0.0,69221.11,69207.99,13.119999999995343,50152.019999999466
2026-04-06 02:45:00,0,0.0,1.0,69207.99,69131.06,76.93000000000757,50228.94999999947
2026-04-06 03:00:00,1,1.0,1.0,69131.06,69182.0,50.94000000000233,50279.889999999476
2026-04-06 03:15:00,0,0.0,1.0,69182.0,69120.0,62.0,50341.889999999476
2026-04-06 03:30:00,0,1.0,0.0,69120.0,69123.69,-3.6900000000023283,50338.19999999947
2026-04-06 03:45:00,0,0.0,1.0,69123.69,69075.93,47.76000000000931,50385.95999999948
2026-04-06 04:00:00,0,0.0,1.0,69075.93,68999.99,75.93999999998778,50461.89999999947
2026-04-06 04:15:00,1,1.0,1.0,68999.99,69184.07,184.08000000000175,50645.97999999947
2026-04-06 04:30:00,0,0.0,1.0,69184.07,69141.8,42.270000000004075,50688.249999999476
2026-04-06 04:45:00,0,1.0,0.0,69141.8,69162.19,-20.389999999999418,50667.85999999948
2026-04-06 05:00:00,0,1.0,0.0,69162.19,69173.19,-11.0,50656.85999999948
2026-04-06 05:15:00,0,1.0,1.0,69173.19,69219.57,-46.38000000000466,50610.47999999947
2026-04-06 05:30:00,0,0.0,0.0,69219.57,69199.31,20.260000000009313,50630.73999999948
2026-04-06 05:45:00,0,1.0,1.0,69199.31,69309.24,-109.93000000000757,50520.809999999474
2026-04-06 06:00:00,0,0.0,1.0,69309.24,68844.9,464.34000000001106,50985.149999999485
2026-04-06 06:15:00,0,1.0,1.0,68844.9,68926.65,-81.75,50903.399999999485
2026-04-06 06:30:00,0,1.0,1.0,68926.65,68976.67,-50.020000000004075,50853.37999999948
2026-04-06 06:45:00,0,0.0,1.0,68976.67,68897.76,78.91000000000349,50932.289999999484
2026-04-06 07:00:00,0,1.0,1.0,68897.76,69079.52,-181.7600000000093,50750.529999999475
2026-04-06 07:15:00,0,0.0,1.0,69079.52,68982.23,97.29000000000815,50847.81999999948
2026-04-06 07:30:00,0,1.0,1.0,68982.23,69115.91,-133.68000000000757,50714.139999999476
2026-04-06 07:45:00,0,1.0,1.0,69115.91,69170.18,-54.26999999998952,50659.869999999486
2026-04-06 08:00:00,0,1.0,1.0,69170.18,69234.81,-64.63000000000466,50595.23999999948
2026-04-06 08:15:00,0,1.0,1.0,69234.81,69302.53,-67.72000000000116,50527.51999999948
2026-04-06 08:30:00,0,0.0,1.0,69302.53,69224.63,77.89999999999418,50605.419999999474
2026-04-06 08:45:00,0,1.0,1.0,69224.63,69633.59,-408.95999999999185,50196.45999999948
2026-04-06 09:00:00,0,1.0,1.0,69633.59,69932.88,-299.29000000000815,49897.169999999474
2026-04-06 09:15:00,0,0.0,1.0,69932.88,69853.31,79.57000000000698,49976.73999999948
2026-04-06 09:30:00,0,0.0,1.0,69853.31,69728.0,125.30999999999767,50102.04999999948
2026-04-06 09:45:00,1,1.0,1.0,69728.0,69821.63,93.63000000000466,50195.679999999484
2026-04-06 10:00:00,0,0.0,1.0,69821.63,69769.82,51.80999999999767,50247.48999999948
2026-04-06 10:15:00,0,1.0,1.0,69769.82,69894.5,-124.67999999999302,50122.80999999949
2026-04-06 10:30:00,0,0.0,1.0,69894.5,69770.88,123.61999999999534,50246.429999999484
2026-04-06 10:45:00,0,0.0,1.0,69770.88,69682.42,88.4600000000064,50334.88999999949
2026-04-06 11:00:00,1,0.0,1.0,69682.42,69625.6,-56.81999999999243,50278.0699999995
2026-04-06 11:15:00,1,1.0,0.0,69625.6,69650.9,25.29999999998836,50303.369999999486
2026-04-06 11:30:00,0,0.0,1.0,69650.9,69614.91,35.98999999999069,50339.35999999948
2026-04-06 11:45:00,1,0.0,1.0,69614.91,69482.58,-132.33000000000175,50207.029999999475
2026-04-06 12:00:00,1,0.0,0.0,69482.58,69465.27,-17.30999999999767,50189.71999999948
2026-04-06 12:15:00,1,1.0,1.0,69465.27,69493.05,27.779999999998836,50217.499999999476
2026-04-06 12:30:00,0,0.0,1.0,69493.05,69366.75,126.30000000000291,50343.79999999948
2026-04-06 12:45:00,1,1.0,1.0,69366.75,69410.02,43.270000000004075,50387.06999999948
2026-04-06 13:00:00,0,1.0,1.0,69410.02,69474.58,-64.55999999999767,50322.509999999485
2026-04-06 13:15:00,0,0.0,1.0,69474.58,69325.22,149.36000000000058,50471.869999999486
2026-04-06 13:30:00,0,1.0,1.0,69325.22,69428.23,-103.00999999999476,50368.85999999949
2026-04-06 13:45:00,0,0.0,1.0,69428.23,69348.26,79.97000000000116,50448.82999999949
2026-04-06 14:00:00,0,1.0,1.0,69348.26,69546.77,-198.5100000000093,50250.31999999948
2026-04-06 14:15:00,0,0.0,1.0,69546.77,69462.66,84.11000000000058,50334.429999999484
2026-04-06 14:30:00,0,1.0,1.0,69462.66,69654.38,-191.72000000000116,50142.70999999948
2026-04-06 14:45:00,0,1.0,1.0,69654.38,69705.5,-51.11999999999534,50091.58999999949
2026-04-06 15:00:00,0,1.0,1.0,69705.5,69742.91,-37.41000000000349,50054.179999999484
2026-04-06 15:15:00,0,1.0,1.0,69742.91,69825.66,-82.75,49971.429999999484
2026-04-06 15:30:00,0,1.0,1.0,69825.66,69968.87,-143.20999999999185,49828.21999999949
2026-04-06 15:45:00,0,1.0,1.0,69968.87,70074.76,-105.88999999999942,49722.32999999949
2026-04-06 16:00:00,0,0.0,1.0,70074.76,69907.24,167.51999999998952,49889.84999999948
2026-04-06 16:15:00,0,1.0,1.0,69907.24,70129.86,-222.61999999999534,49667.22999999949
2026-04-06 16:30:00,0,0.0,1.0,70129.86,69799.14,330.72000000000116,49997.94999999949
2026-04-06 16:45:00,0,0.0,1.0,69799.14,69346.42,452.72000000000116,50450.66999999949
2026-04-06 17:00:00,1,1.0,1.0,69346.42,69537.56,191.13999999999942,50641.80999999949
2026-04-06 17:15:00,0,0.0,1.0,69537.56,69462.95,74.61000000000058,50716.41999999949
2026-04-06 17:30:00,0,1.0,1.0,69462.95,69574.61,-111.66000000000349,50604.759999999485
2026-04-06 17:45:00,0,1.0,1.0,69574.61,69754.97,-180.36000000000058,50424.399999999485
2026-04-06 18:00:00,0,1.0,1.0,69754.97,69854.01,-99.0399999999936,50325.35999999949
2026-04-06 18:15:00,0,0.0,1.0,69854.01,69777.91,76.09999999999127,50401.45999999948
2026-04-06 18:30:00,0,1.0,1.0,69777.91,69888.97,-111.05999999999767,50290.399999999485
2026-04-06 18:45:00,0,0.0,1.0,69888.97,69729.99,158.97999999999593,50449.37999999948
2026-04-06 19:00:00,0,1.0,1.0,69729.99,69847.01,-117.01999999998952,50332.35999999949
2026-04-06 19:15:00,0,0.0,1.0,69847.01,69763.8,83.20999999999185,50415.56999999948
2026-04-06 19:30:00,0,0.0,0.0,69763.8,69739.53,24.270000000004075,50439.83999999949
2026-04-06 19:45:00,1,1.0,0.0,69739.53,69759.16,19.630000000004657,50459.46999999949
2026-04-06 20:00:00,0,1.0,1.0,69759.16,69960.1,-200.94000000000233,50258.52999999949
2026-04-06 20:15:00,0,0.0,1.0,69960.1,69903.37,56.73000000001048,50315.2599999995
2026-04-06 20:30:00,0,0.0,1.0,69903.37,69826.01,77.36000000000058,50392.6199999995
2026-04-06 20:45:00,1,0.0,1.0,69826.01,69724.31,-101.69999999999709,50290.9199999995
2026-04-06 21:00:00,1,0.0,1.0,69724.31,69658.26,-66.05000000000291,50224.8699999995
2026-04-06 21:15:00,1,0.0,1.0,69658.26,69438.12,-220.13999999999942,50004.7299999995
2026-04-06 21:30:00,1,1.0,1.0,69438.12,69504.99,66.8700000000099,50071.59999999951
2026-04-06 21:45:00,0,1.0,1.0,69504.99,69549.31,-44.31999999999243,50027.27999999952
2026-04-06 22:00:00,0,0.0,1.0,69549.31,69368.61,180.6999999999971,50207.979999999516
2026-04-06 22:15:00,0,0.0,1.0,69368.61,69236.31,132.3000000000029,50340.27999999952
2026-04-06 22:30:00,1,0.0,1.0,69236.31,68811.0,-425.3099999999977,49914.96999999952
2026-04-06 22:45:00,1,0.0,1.0,68811.0,68602.81,-208.19000000000233,49706.77999999952
2026-04-06 23:00:00,1,0.0,1.0,68602.81,68522.02,-80.7899999999936,49625.989999999525
2026-04-06 23:15:00,1,1.0,1.0,68522.02,68789.73,267.70999999999185,49893.69999999952
2026-04-06 23:30:00,0,1.0,1.0,68789.73,68853.66,-63.93000000000757,49829.76999999951
2026-04-06 23:45:00,0,1.0,1.0,68853.66,68942.01,-88.34999999999127,49741.41999999952
2026-04-07 00:00:00,0,0.0,0.0,68942.01,68924.0,18.00999999999476,49759.42999999951
2026-04-07 00:15:00,0,0.0,1.0,68924.0,68784.67,139.33000000000175,49898.759999999515
2026-04-07 00:30:00,1,0.0,0.0,68784.67,68775.7,-8.970000000001164,49889.78999999951
2026-04-07 00:45:00,1,0.0,1.0,68775.7,68591.14,-184.55999999999767,49705.229999999516
2026-04-07 01:00:00,1,1.0,1.0,68591.14,68728.03,136.88999999999942,49842.119999999515
2026-04-07 01:15:00,0,0.0,1.0,68728.03,68635.16,92.86999999999534,49934.98999999951
2026-04-07 01:30:00,1,0.0,1.0,68635.16,68400.01,-235.15000000000873,49699.8399999995
2026-04-07 01:45:00,1,1.0,0.0,68400.01,68425.5,25.49000000000524,49725.32999999951
2026-04-07 02:00:00,0,1.0,1.0,68425.5,68580.01,-154.50999999999476,49570.81999999951
2026-04-07 02:15:00,0,1.0,1.0,68580.01,68624.4,-44.38999999999942,49526.42999999951
2026-04-07 02:30:00,0,1.0,1.0,68624.4,68674.0,-49.60000000000582,49476.82999999951
2026-04-07 02:45:00,0,1.0,0.0,68674.0,68683.13,-9.130000000004657,49467.6999999995
2026-04-07 03:00:00,0,1.0,1.0,68683.13,68787.45,-104.31999999999243,49363.37999999951
2026-04-07 03:15:00,0,1.0,0.0,68787.45,68793.85,-6.400000000008731,49356.9799999995
2026-04-07 03:30:00,0,0.0,0.0,68793.85,68779.21,14.639999999999418,49371.6199999995
2026-04-07 03:45:00,0,0.0,1.0,68779.21,68674.44,104.77000000000407,49476.389999999505
2026-04-07 04:00:00,1,0.0,1.0,68674.44,68601.73,-72.7100000000064,49403.6799999995
2026-04-07 04:15:00,1,1.0,1.0,68601.73,68856.27,254.54000000000815,49658.21999999951
2026-04-07 04:30:00,0,0.0,0.0,68856.27,68854.65,1.6200000000098953,49659.839999999516
2026-04-07 04:45:00,0,0.0,1.0,68854.65,68809.21,45.439999999987776,49705.279999999504
2026-04-07 05:00:00,1,0.0,1.0,68809.21,68705.16,-104.05000000000291,49601.2299999995
2026-04-07 05:15:00,1,0.0,1.0,68705.16,68650.01,-55.15000000000873,49546.07999999949
2026-04-07 05:30:00,1,1.0,0.0,68650.01,68669.0,18.99000000000524,49565.0699999995
2026-04-07 05:45:00,0,0.0,1.0,68669.0,68523.78,145.22000000000116,49710.2899999995
2026-04-07 06:00:00,1,1.0,1.0,68523.78,68568.99,45.2100000000064,49755.499999999505
2026-04-07 06:15:00,0,0.0,0.0,68568.99,68554.85,14.139999999999418,49769.639999999505
2026-04-07 06:30:00,0,1.0,0.0,68554.85,68568.35,-13.5,49756.139999999505
2026-04-07 06:45:00,0,0.0,0.0,68568.35,68551.98,16.370000000009895,49772.509999999515
2026-04-07 07:00:00,0,1.0,0.0,68551.98,68580.59,-28.610000000000582,49743.899999999514
2026-04-07 07:15:00,0,1.0,1.0,68580.59,68675.9,-95.30999999999767,49648.589999999516
2026-04-07 07:30:00,0,0.0,1.0,68675.9,68624.61,51.2899999999936,49699.87999999951
2026-04-07 07:45:00,0,1.0,1.0,68624.61,68734.97,-110.36000000000058,49589.51999999951
2026-04-07 08:00:00,0,1.0,0.0,68734.97,68756.14,-21.169999999998254,49568.34999999951
2026-04-07 08:15:00,0,1.0,1.0,68756.14,68919.01,-162.86999999999534,49405.479999999516
2026-04-07 08:30:00,0,1.0,0.0,68919.01,68936.71,-17.70000000001164,49387.779999999504
2026-04-07 08:45:00,0,1.0,1.0,68936.71,69107.64,-170.92999999999302,49216.84999999951
2026-04-07 09:00:00,0,0.0,1.0,69107.64,69055.08,52.55999999999767,49269.40999999951
2026-04-07 09:15:00,0,1.0,1.0,69055.08,69185.89,-130.80999999999767,49138.59999999951
2026-04-07 09:30:00,0,0.0,1.0,69185.89,69150.05,35.83999999999651,49174.43999999951
2026-04-07 09:45:00,0,0.0,1.0,69150.05,68915.52,234.52999999999884,49408.96999999951
2026-04-07 10:00:00,1,0.0,1.0,68915.52,68736.99,-178.52999999999884,49230.43999999951
2026-04-07 10:15:00,1,0.0,1.0,68736.99,68474.2,-262.79000000000815,48967.6499999995
2026-04-07 10:30:00,1,0.0,1.0,68474.2,68237.93,-236.27000000000407,48731.379999999495
2026-04-07 10:45:00,1,1.0,1.0,68237.93,68342.85,104.9200000000128,48836.29999999951
2026-04-07 11:00:00,0,1.0,1.0,68342.85,68378.29,-35.439999999987776,48800.85999999952
2026-04-07 11:15:00,0,1.0,0.0,68378.29,68408.1,-29.810000000012224,48771.04999999951
2026-04-07 11:30:00,0,0.0,1.0,68408.1,68345.75,62.35000000000582,48833.399999999514
2026-04-07 11:45:00,0,0.0,1.0,68345.75,68270.19,75.55999999999767,48908.95999999951
2026-04-07 12:00:00,1,1.0,1.0,68270.19,68423.34,153.14999999999418,49062.109999999506
2026-04-07 12:15:00,0,0.0,1.0,68423.34,68320.62,102.72000000000116,49164.82999999951
2026-04-07 12:30:00,0,1.0,1.0,68320.62,68392.18,-71.55999999999767,49093.26999999951
2026-04-07 12:45:00,0,1.0,1.0,68392.18,68616.77,-224.59000000001106,48868.6799999995
2026-04-07 13:00:00,0,0.0,1.0,68616.77,68481.92,134.85000000000582,49003.529999999504
2026-04-07 13:15:00,0,0.0,1.0,68481.92,68338.42,143.5,49147.029999999504
2026-04-07 13:30:00,1,0.0,1.0,68338.42,68231.99,-106.42999999999302,49040.59999999951
2026-04-07 13:45:00,1,0.0,1.0,68231.99,67891.76,-340.2300000000105,48700.3699999995
2026-04-07 14:00:00,1,1.0,1.0,67891.76,68151.26,259.5,48959.8699999995
2026-04-07 14:15:00,0,0.0,1.0,68151.26,67999.61,151.64999999999418,49111.519999999495
2026-04-07 14:30:00,1,0.0,1.0,67999.61,67860.48,-139.13000000000466,48972.38999999949
2026-04-07 14:45:00,1,1.0,0.0,67860.48,67888.63,28.15000000000873,49000.5399999995
2026-04-07 15:00:00,0,1.0,1.0,67888.63,68189.16,-300.52999999999884,48700.0099999995
2026-04-07 15:15:00,0,0.0,1.0,68189.16,68091.12,98.04000000000815,48798.04999999951
2026-04-07 15:30:00,0,1.0,1.0,68091.12,68168.1,-76.98000000001048,48721.0699999995
2026-04-07 15:45:00,0,0.0,0.0,68168.1,68154.12,13.980000000010477,48735.04999999951
2026-04-07 16:00:00,0,1.0,1.0,68154.12,68391.95,-237.83000000000175,48497.21999999951
2026-04-07 16:15:00,0,0.0,1.0,68391.95,68320.29,71.66000000000349,48568.87999999951
2026-04-07 16:30:00,0,0.0,1.0,68320.29,68229.99,90.29999999998836,48659.1799999995
2026-04-07 16:45:00,1,1.0,1.0,68229.99,68304.62,74.6299999999901,48733.80999999949
2026-04-07 17:00:00,0,1.0,1.0,68304.62,68414.39,-109.77000000000407,48624.039999999484
2026-04-07 17:15:00,0,1.0,1.0,68414.39,68694.16,-279.7700000000041,48344.26999999948
2026-04-07 17:30:00,0,1.0,0.0,68694.16,68705.81,-11.64999999999418,48332.619999999486
2026-04-07 17:45:00,0,0.0,1.0,68705.81,68647.55,58.25999999999476,48390.87999999948
2026-04-07 18:00:00,0,0.0,0.0,68647.55,68644.66,2.889999999999418,48393.76999999948
2026-04-07 18:15:00,0,0.0,1.0,68644.66,68522.78,121.88000000000466,48515.649999999485
2026-04-07 18:30:00,1,0.0,1.0,68522.78,68442.53,-80.25,48435.399999999485
2026-04-07 18:45:00,1,1.0,0.0,68442.53,68457.31,14.779999999998836,48450.179999999484
2026-04-07 19:00:00,0,1.0,1.0,68457.31,68582.48,-125.16999999999825,48325.009999999485
2026-04-07 19:15:00,0,0.0,1.0,68582.48,68510.09,72.38999999999942,48397.399999999485
2026-04-07 19:30:00,0,1.0,1.0,68510.09,69011.29,-501.1999999999971,47896.19999999949
2026-04-07 19:45:00,0,1.0,1.0,69011.29,69438.16,-426.8700000000099,47469.32999999948
2026-04-07 20:00:00,0,0.0,1.0,69438.16,69364.14,74.02000000000407,47543.34999999948
2026-04-07 20:15:00,0,0.0,1.0,69364.14,69301.82,62.31999999999243,47605.669999999474
2026-04-07 20:30:00,1,1.0,0.0,69301.82,69319.39,17.569999999992433,47623.23999999947
2026-04-07 20:45:00,0,1.0,1.0,69319.39,69981.17,-661.7799999999988,46961.45999999947
2026-04-07 21:00:00,0,0.0,1.0,69981.17,69591.76,389.4100000000035,47350.86999999947
2026-04-07 21:15:00,0,1.0,1.0,69591.76,69912.11,-320.3500000000058,47030.519999999466
2026-04-07 21:30:00,0,1.0,0.0,69912.11,69927.64,-15.529999999998836,47014.98999999947
2026-04-07 21:45:00,0,1.0,1.0,69927.64,70289.99,-362.3500000000058,46652.63999999946
2026-04-07 22:00:00,0,1.0,1.0,70289.99,70419.11,-129.11999999999534,46523.519999999466
2026-04-07 22:15:00,0,1.0,1.0,70419.11,70761.78,-342.66999999999825,46180.84999999947
2026-04-07 22:30:00,0,1.0,1.0,70761.78,71514.09,-752.3099999999977,45428.53999999947
2026-04-07 22:45:00,0,0.0,0.0,71514.09,71487.34,26.75,45455.28999999947
2026-04-07 23:00:00,0,1.0,1.0,71487.34,72753.27,-1265.9300000000076,44189.35999999946
2026-04-07 23:15:00,0,0.0,1.0,72753.27,72011.99,741.2799999999988,44930.63999999946
2026-04-07 23:30:00,0,0.0,1.0,72011.99,71924.22,87.77000000000407,45018.409999999465
2026-04-07 23:45:00,1,1.0,0.0,71924.22,71966.18,41.95999999999185,45060.36999999946
2026-04-08 00:00:00,0,0.0,0.0,71966.18,71924.83,41.34999999999127,45101.71999999945
2026-04-08 00:15:00,0,0.0,1.0,71924.83,71836.22,88.61000000000058,45190.32999999945
2026-04-08 00:30:00,1,0.0,1.0,71836.22,71710.19,-126.02999999999884,45064.29999999945
2026-04-08 00:45:00,1,0.0,0.0,71710.19,71685.21,-24.979999999995925,45039.319999999454
2026-04-08 01:00:00,1,0.0,1.0,71685.21,71481.68,-203.5300000000134,44835.78999999944
2026-04-08 01:15:00,1,0.0,0.0,71481.68,71477.7,-3.9799999999959255,44831.809999999445
2026-04-08 01:30:00,1,0.0,0.0,71477.7,71476.97,-0.7299999999959255,44831.07999999945
2026-04-08 01:45:00,1,1.0,1.0,71476.97,71718.78,241.80999999999767,45072.88999999945
2026-04-08 02:00:00,0,0.0,1.0,71718.78,71465.14,253.63999999999942,45326.529999999446
2026-04-08 02:15:00,0,0.0,1.0,71465.14,71316.04,149.10000000000582,45475.62999999945
2026-04-08 02:30:00,1,1.0,1.0,71316.04,71364.94,48.90000000000873,45524.52999999946
2026-04-08 02:45:00,0,0.0,1.0,71364.94,71293.22,71.72000000000116,45596.24999999946
2026-04-08 03:00:00,0,1.0,1.0,71293.22,71479.96,-186.74000000000524,45409.509999999456
2026-04-08 03:15:00,0,0.0,1.0,71479.96,71374.4,105.56000000001222,45515.06999999947
2026-04-08 03:30:00,0,0.0,1.0,71374.4,71287.39,87.00999999999476,45602.07999999946
2026-04-08 03:45:00,1,1.0,1.0,71287.39,71521.27,233.88000000000466,45835.95999999947
2026-04-08 04:00:00,0,1.0,1.0,71521.27,71570.06,-48.7899999999936,45787.169999999474
2026-04-08 04:15:00,0,1.0,0.0,71570.06,71611.06,-41.0,45746.169999999474
2026-04-08 04:30:00,0,0.0,0.0,71611.06,71566.18,44.88000000000466,45791.04999999948
2026-04-08 04:45:00,0,1.0,1.0,71566.18,71666.79,-100.61000000000058,45690.43999999948
2026-04-08 05:00:00,0,1.0,1.0,71666.79,71720.97,-54.18000000000757,45636.25999999947
2026-04-08 05:15:00,0,0.0,0.0,71720.97,71709.0,11.970000000001164,45648.22999999947
2026-04-08 05:30:00,0,1.0,0.0,71709.0,71731.1,-22.10000000000582,45626.129999999466
2026-04-08 05:45:00,0,1.0,1.0,71731.1,71799.8,-68.69999999999709,45557.42999999947
2026-04-08 06:00:00,0,1.0,1.0,71799.8,71855.74,-55.94000000000233,45501.48999999947
2026-04-08 06:15:00,0,0.0,0.0,71855.74,71810.0,45.74000000000524,45547.22999999947
2026-04-08 06:30:00,0,0.0,1.0,71810.0,71732.69,77.30999999999767,45624.53999999947
2026-04-08 06:45:00,1,1.0,0.0,71732.69,71751.41,18.720000000001164,45643.25999999947
2026-04-08 07:00:00,0,1.0,1.0,71751.41,71811.91,-60.5,45582.75999999947
2026-04-08 07:15:00,0,0.0,1.0,71811.91,71645.75,166.1600000000035,45748.919999999474
2026-04-08 07:30:00,0,0.0,0.0,71645.75,71627.59,18.160000000003492,45767.07999999948
2026-04-08 07:45:00,1,1.0,1.0,71627.59,71712.49,84.90000000000873,45851.97999999949
2026-04-08 08:00:00,0,1.0,0.0,71712.49,71751.41,-38.919999999998254,45813.05999999949
2026-04-08 08:15:00,0,0.0,0.0,71751.41,71729.89,21.520000000004075,45834.57999999949
2026-04-08 08:30:00,0,1.0,1.0,71729.89,71800.0,-70.11000000000058,45764.46999999949
2026-04-08 08:45:00,0,1.0,0.0,71800.0,71822.0,-22.0,45742.46999999949
2026-04-08 09:00:00,0,0.0,1.0,71822.0,71680.24,141.75999999999476,45884.22999999949
2026-04-08 09:15:00,0,0.0,1.0,71680.24,71593.29,86.95000000001164,45971.1799999995
2026-04-08 09:30:00,1,1.0,1.0,71593.29,71678.87,85.58000000000175,46056.7599999995
2026-04-08 09:45:00,0,0.0,1.0,71678.87,71611.51,67.36000000000058,46124.1199999995
2026-04-08 10:00:00,0,1.0,0.0,71611.51,71645.51,-34.0,46090.1199999995
2026-04-08 10:15:00,0,0.0,1.0,71645.51,71554.72,90.7899999999936,46180.909999999494
2026-04-08 10:30:00,0,0.0,1.0,71554.72,71476.98,77.74000000000524,46258.6499999995
2026-04-08 10:45:00,1,1.0,1.0,71476.98,71636.84,159.86000000000058,46418.5099999995
2026-04-08 11:00:00,0,1.0,0.0,71636.84,71659.79,-22.94999999999709,46395.5599999995
2026-04-08 11:15:00,0,0.0,1.0,71659.79,71521.02,138.76999999998952,46534.32999999949
2026-04-08 11:30:00,0,1.0,1.0,71521.02,71675.12,-154.09999999999127,46380.2299999995
2026-04-08 11:45:00,0,1.0,1.0,71675.12,71837.75,-162.63000000000466,46217.5999999995
2026-04-08 12:00:00,0,0.0,1.0,71837.75,71767.25,70.5,46288.0999999995
2026-04-08 12:15:00,0,1.0,1.0,71767.25,71937.54,-170.2899999999936,46117.8099999995
2026-04-08 12:30:00,0,1.0,1.0,71937.54,72071.95,-134.4100000000035,45983.3999999995
2026-04-08 12:45:00,0,1.0,1.0,72071.95,72626.37,-554.4199999999983,45428.9799999995
2026-04-08 13:00:00,0,0.0,1.0,72626.37,72487.85,138.51999999998952,45567.49999999949
2026-04-08 13:15:00,0,0.0,1.0,72487.85,71676.19,811.6600000000035,46379.159999999494
2026-04-08 13:30:00,1,0.0,1.0,71676.19,71600.01,-76.18000000000757,46302.97999999949
2026-04-08 13:45:00,1,0.0,1.0,71600.01,71507.89,-92.11999999999534,46210.85999999949
2026-04-08 14:00:00,1,0.0,1.0,71507.89,71454.76,-53.13000000000466,46157.72999999949
2026-04-08 14:15:00,1,0.0,1.0,71454.76,71091.78,-362.9799999999959,45794.74999999949
2026-04-08 14:30:00,1,0.0,1.0,71091.78,70912.88,-178.89999999999418,45615.8499999995
2026-04-08 14:45:00,1,1.0,1.0,70912.88,71106.03,193.14999999999418,45808.99999999949
2026-04-08 15:00:00,0,1.0,1.0,71106.03,71184.2,-78.16999999999825,45730.82999999949
2026-04-08 15:15:00,0,1.0,0.0,71184.2,71193.85,-9.650000000008731,45721.179999999484
2026-04-08 15:30:00,0,1.0,1.0,71193.85,71310.0,-116.14999999999418,45605.02999999949
2026-04-08 15:45:00,0,1.0,0.0,71310.0,71338.0,-28.0,45577.02999999949
2026-04-08 16:00:00,0,1.0,1.0,71338.0,71394.28,-56.279999999998836,45520.74999999949
2026-04-08 16:15:00,0,1.0,1.0,71394.28,71454.1,-59.820000000006985,45460.929999999484
2026-04-08 16:30:00,0,1.0,1.0,71454.1,71602.1,-148.0,45312.929999999484
2026-04-08 16:45:00,0,1.0,1.0,71602.1,71783.97,-181.86999999999534,45131.05999999949
2026-04-08 17:00:00,0,0.0,1.0,71783.97,71636.74,147.22999999999593,45278.289999999484
2026-04-08 17:15:00,0,1.0,1.0,71636.74,71848.97,-212.22999999999593,45066.05999999949
2026-04-08 17:30:00,0,1.0,0.0,71848.97,71888.19,-39.220000000001164,45026.83999999949
2026-04-08 17:45:00,0,0.0,1.0,71888.19,71707.15,181.04000000000815,45207.879999999495
2026-04-08 18:00:00,0,0.0,1.0,71707.15,71389.94,317.20999999999185,45525.08999999949
2026-04-08 18:15:00,1,0.0,1.0,71389.94,71299.99,-89.94999999999709,45435.13999999949
2026-04-08 18:30:00,1,0.0,1.0,71299.99,71099.63,-200.36000000000058,45234.77999999949
2026-04-08 18:45:00,1,1.0,1.0,71099.63,71270.13,170.5,45405.27999999949
2026-04-08 19:00:00,0,0.0,1.0,71270.13,71127.04,143.09000000001106,45548.3699999995
2026-04-08 19:15:00,1,1.0,1.0,71127.04,71304.93,177.88999999999942,45726.2599999995
2026-04-08 19:30:00,0,1.0,0.0,71304.93,71318.48,-13.55000000000291,45712.7099999995
2026-04-08 19:45:00,0,1.0,1.0,71318.48,71432.08,-113.60000000000582,45599.10999999949
2026-04-08 20:00:00,0,1.0,0.0,71432.08,71438.66,-6.580000000001746,45592.52999999949
2026-04-08 20:15:00,0,0.0,1.0,71438.66,71303.81,134.85000000000582,45727.379999999495
2026-04-08 20:30:00,0,1.0,1.0,71303.81,71372.93,-69.11999999999534,45658.2599999995
2026-04-08 20:45:00,0,1.0,1.0,71372.93,71518.04,-145.11000000000058,45513.1499999995
2026-04-08 21:00:00,0,1.0,1.0,71518.04,71668.01,-149.97000000000116,45363.1799999995
2026-04-08 21:15:00,0,0.0,1.0,71668.01,71548.26,119.75,45482.9299999995
2026-04-08 21:30:00,0,1.0,0.0,71548.26,71551.39,-3.1300000000046566,45479.79999999949
2026-04-08 21:45:00,0,0.0,1.0,71551.39,71450.64,100.75,45580.54999999949
2026-04-08 22:00:00,0,0.0,1.0,71450.64,71165.36,285.27999999999884,45865.82999999949
2026-04-08 22:15:00,1,1.0,1.0,71165.36,71239.86,74.5,45940.32999999949
2026-04-08 22:30:00,0,0.0,1.0,71239.86,71064.84,175.02000000000407,46115.3499999995
2026-04-08 22:45:00,1,1.0,1.0,71064.84,71165.36,100.52000000000407,46215.8699999995
2026-04-08 23:00:00,0,0.0,1.0,71165.36,71031.78,133.58000000000175,46349.4499999995
2026-04-08 23:15:00,0,1.0,1.0,71031.78,71083.29,-51.50999999999476,46297.93999999951
2026-04-08 23:30:00,0,0.0,0.0,71083.29,71069.93,13.360000000000582,46311.29999999951
2026-04-08 23:45:00,1,0.0,1.0,71069.93,70997.74,-72.18999999998778,46239.10999999952
